player,league,market_value_in_eur
Harvey Elliott,ENG-Premier League,30000000.0
Bukayo Saka,ENG-Premier League,130000000.0
Mason Greenwood,ENG-Premier League,50000000.0
Callum Hudson-Odoi,ENG-Premier League,30000000.0
Aaron Rowe,ENG-Premier League,150000.0
Matty Daly,ENG-Premier League,250000.0
Angel Gomes,ENG-Premier League,18000000.0
James Garner,ENG-Premier League,25000000.0
Kayne Ramsey,ENG-Premier League,
Oliver Skipp,ENG-Premier League,7000000.0
Joe Willock,ENG-Premier League,16000000.0
Dwight McNeil,ENG-Premier League,20000000.0
Ryan Sessegnon,ENG-Premier League,20000000.0
Rafael Camacho,ENG-Premier League,1000000.0
Phil Foden,ENG-Premier League,150000000.0
Tahith Chong,ENG-Premier League,6000000.0
Michael Obafemi,ENG-Premier League,2200000.0
Ben Wilmot,ENG-Premier League,6000000.0
Domingos Quina,ENG-Premier League,1500000.0
Ben Johnson,ENG-Premier League,7000000.0
Morgan Gibbs-White,ENG-Premier League,65000000.0
Eddie Nketiah,ENG-Premier League,16000000.0
Mattéo Guendouzi,ENG-Premier League,25000000.0
Mark Travers,ENG-Premier League,4000000.0
Luke Dreher,ENG-Premier League,
Demeaco Duhaney,ENG-Premier League,300000.0
Trent Alexander-Arnold,ENG-Premier League,70000000.0
Diogo Dalot,ENG-Premier League,28000000.0
Callum Slattery,ENG-Premier League,450000.0
Tyreke Johnson,ENG-Premier League,
Yan Valery,ENG-Premier League,2000000.0
Declan Rice,ENG-Premier League,120000000.0
Rúben Vinagre,ENG-Premier League,2400000.0
Ainsley Maitland-Niles,ENG-Premier League,9000000.0
Konstantinos Mavropanos,ENG-Premier League,15000000.0
Chris Mepham,ENG-Premier League,3500000.0
Dominic Solanke,ENG-Premier League,40000000.0
Sam Surridge,ENG-Premier League,5500000.0
Aaron Wan-Bissaka,ENG-Premier League,22000000.0
Ademola Lookman,ENG-Premier League,35000000.0
Tom Davies,ENG-Premier League,5000000.0
Timothy Fosu-Mensah,ENG-Premier League,800000.0
Juninho Bacuna,ENG-Premier League,4500000.0
Karlan Grant,ENG-Premier League,4500000.0
Hamza Choudhury,ENG-Premier League,5000000.0
Harvey Barnes,ENG-Premier League,32000000.0
Marcus Rashford,ENG-Premier League,40000000.0
Sean Longstaff,ENG-Premier League,18000000.0
Juan Foyth,ENG-Premier League,15000000.0
Grady Diangana,ENG-Premier League,4500000.0
David Brooks,ENG-Premier League,12000000.0
Jack Simpson,ENG-Premier League,600000.0
Lewis Cook,ENG-Premier League,13000000.0
Yves Bissouma,ENG-Premier League,15000000.0
Dominic Calvert-Lewin,ENG-Premier League,15000000.0
Jonjoe Kenny,ENG-Premier League,2000000.0
Mason Holgate,ENG-Premier League,3000000.0
Richarlison,ENG-Premier League,28000000.0
Abdelhamid Sabiri,ENG-Premier League,2200000.0
Ramadan Sobhi,ENG-Premier League,3000000.0
Ben Chilwell,ENG-Premier League,12000000.0
James Maddison,ENG-Premier League,30000000.0
Kelechi Iheanacho,ENG-Premier League,18000000.0
Wilfred Ndidi,ENG-Premier League,10000000.0
Youri Tielemans,ENG-Premier League,35000000.0
Joe Gomez,ENG-Premier League,15000000.0
Gabriel Jesus,ENG-Premier League,20000000.0
Oleksandr Zinchenko,ENG-Premier League,15000000.0
Scott McTominay,ENG-Premier League,45000000.0
Josh Sims,ENG-Premier League,375000.0
Kyle Walker-Peters,ENG-Premier League,13000000.0
Luke Amos,ENG-Premier League,350000.0
Issa Diop,ENG-Premier League,10000000.0
Xande Silva,ENG-Premier League,700000.0
Diogo Jota,ENG-Premier League,40000000.0
Max Kilman,ENG-Premier League,
Rúben Neves,ENG-Premier League,40000000.0
Alex Iwobi,ENG-Premier League,25000000.0
Lucas Torreira,ENG-Premier League,15000000.0
Rob Holding,ENG-Premier League,3000000.0
Emerson Hyndman,ENG-Premier League,500000.0
Jordon Ibe,ENG-Premier League,300000.0
Lys Mousset,ENG-Premier League,350000.0
Andreas Christensen,ENG-Premier League,40000000.0
Ruben Loftus-Cheek,ENG-Premier League,25000000.0
Alexander Sørloth,ENG-Premier League,20000000.0
Max Meyer,ENG-Premier League,3000000.0
Andre-Frank Zambo Anguissa,ENG-Premier League,
Adama Diakhaby,ENG-Premier League,600000.0
Isaac Mbenza,ENG-Premier League,1200000.0
Joel Coleman,ENG-Premier League,250000.0
Jon Gorenc Stanković,ENG-Premier League,
Philip Billing,ENG-Premier League,7000000.0
Demarai Gray,ENG-Premier League,12000000.0
Fousseni Diabaté,ENG-Premier League,3600000.0
Çağlar Söyüncü,ENG-Premier League,6000000.0
Leroy Sané,ENG-Premier League,23000000.0
Andreas Pereira,ENG-Premier League,15000000.0
Anthony Martial,ENG-Premier League,6000000.0
Kenedy,ENG-Premier League,700000.0
Angus Gunn,ENG-Premier League,2500000.0
Jan Bednarek,ENG-Premier League,11000000.0
Matt Targett,ENG-Premier League,3500000.0
Pierre Højbjerg,ENG-Premier League,
Sam Gallagher,ENG-Premier League,2800000.0
Davinson Sánchez,ENG-Premier League,18000000.0
Dele Alli,ENG-Premier League,1500000.0
Harry Winks,ENG-Premier League,7000000.0
Isaac Success,ENG-Premier League,2500000.0
Adama Traoré,ENG-Premier League,8000000.0
Héctor Bellerín,ENG-Premier League,4000000.0
Jefferson Lerma,ENG-Premier League,8000000.0
Nathan Aké,ENG-Premier League,18000000.0
Bernardo,ENG-Premier League,5000000.0
Callum Paterson,ENG-Premier League,900000.0
Josh Murphy,ENG-Premier League,700000.0
Rhys Healey,ENG-Premier League,2000000.0
Emerson Palmieri,ENG-Premier League,
Kepa Arrizabalaga,ENG-Premier League,7000000.0
Kurt Zouma,ENG-Premier League,25000000.0
Yerry Mina,ENG-Premier League,3000000.0
Aboubakar Kamara,ENG-Premier League,2500000.0
Aleksandar Mitrović,ENG-Premier League,28000000.0
Calum Chambers,ENG-Premier League,4000000.0
Steve Mounié,ENG-Premier League,1800000.0
Daniel Amartey,ENG-Premier League,5000000.0
Divock Origi,ENG-Premier League,5000000.0
Naby Keïta,ENG-Premier League,2000000.0
Bernardo Silva,ENG-Premier League,27000000.0
Raheem Sterling,ENG-Premier League,5000000.0
Luke Shaw,ENG-Premier League,10000000.0
Antonio Barreca,ENG-Premier League,800000.0
Isaac Hayden,ENG-Premier League,600000.0
Jacob Murphy,ENG-Premier League,15000000.0
James Ward-Prowse,ENG-Premier League,6000000.0
Mohamed Elyounoussi,ENG-Premier League,4500000.0
Georges-Kévin N'Koudou,ENG-Premier League,
Marc Navarro,ENG-Premier League,250000.0
Nathaniel Chalobah,ENG-Premier League,1800000.0
Will Hughes,ENG-Premier League,6000000.0
Leander Dendoncker,ENG-Premier League,4000000.0
Denis Suárez,ENG-Premier League,1500000.0
Ryan Fraser,ENG-Premier League,1800000.0
Alireza Jahanbakhsh,ENG-Premier League,3000000.0
Jürgen Locadia,ENG-Premier League,1800000.0
Solly March,ENG-Premier League,3000000.0
Charlie Taylor,ENG-Premier League,2000000.0
Joe Ralls,ENG-Premier League,1800000.0
Kenneth Zohore,ENG-Premier League,400000.0
Víctor Camarasa,ENG-Premier League,800000.0
Mateo Kovačić,ENG-Premier League,
Ross Barkley,ENG-Premier League,5000000.0
Michy Batshuayi,ENG-Premier League,3000000.0
Jordan Pickford,ENG-Premier League,15000000.0
Alfie Mawson,ENG-Premier League,2500000.0
Ibrahima Cissé,ENG-Premier League,600000.0
Joe Bryan,ENG-Premier League,2200000.0
Lazar Marković,ENG-Premier League,
Luciano Vietto,ENG-Premier League,2300000.0
Sergio Rico,ENG-Premier League,1500000.0
Florent Hadergjonaj,ENG-Premier League,1500000.0
Terence Kongolo,ENG-Premier League,900000.0
Ricardo Pereira,ENG-Premier League,3000000.0
Alex Oxlade-Chamberlain,ENG-Premier League,1500000.0
Andrew Robertson,ENG-Premier League,30000000.0
Fabinho,ENG-Premier League,38000000.0
Aymeric Laporte,ENG-Premier League,20000000.0
Benjamin Mendy,ENG-Premier League,2000000.0
Ederson,ENG-Premier League,15000000.0
John Stones,ENG-Premier League,18000000.0
Eric Bailly,ENG-Premier League,1500000.0
Victor Lindelöf,ENG-Premier League,15000000.0
Jamaal Lascelles,ENG-Premier League,2000000.0
Javier Manquillo,ENG-Premier League,1800000.0
Miguel Almirón,ENG-Premier League,9000000.0
Jack Stephens,ENG-Premier League,1200000.0
Mario Lemina,ENG-Premier League,6000000.0
Nathan Redmond,ENG-Premier League,5000000.0
Wesley Hoedt,ENG-Premier League,2000000.0
Eric Dier,ENG-Premier League,7000000.0
Vincent Janssen,ENG-Premier League,5000000.0
Adam Masina,ENG-Premier League,1400000.0
Gerard Deulofeu,ENG-Premier League,1000000.0
Ken Sema,ENG-Premier League,2500000.0
Arthur Masuaku,ENG-Premier League,2500000.0
Hélder Costa,ENG-Premier League,350000.0
Ivan Cavaleiro,ENG-Premier League,2000000.0
Jonny Castro,ENG-Premier League,
Léo Bonatini,ENG-Premier League,1200000.0
Will Norris,ENG-Premier League,350000.0
Granit Xhaka,ENG-Premier League,10000000.0
Sead Kolašinac,ENG-Premier League,
Diego Rico,ENG-Premier League,1200000.0
Tyrone Mings,ENG-Premier League,4000000.0
Florin Andone,ENG-Premier League,800000.0
Ben Gibson,ENG-Premier League,2000000.0
James Tarkowski,ENG-Premier League,7000000.0
Bobby De Cordova-Reid,ENG-Premier League,5000000.0
Kadeem Harris,ENG-Premier League,400000.0
Antonio Rüdiger,ENG-Premier League,25000000.0
Álvaro Morata,ENG-Premier League,16000000.0
Connor Wickham,ENG-Premier League,400000.0
Jeffrey Schlupp,ENG-Premier League,2000000.0
Wilfried Zaha,ENG-Premier League,4000000.0
André Gomes,ENG-Premier League,4500000.0
Bernard,ENG-Premier League,2500000.0
Lucas Digne,ENG-Premier League,8000000.0
Michael Keane,ENG-Premier League,4000000.0
Cyrus Christie,ENG-Premier League,1000000.0
Alex Pritchard,ENG-Premier League,300000.0
Harry Maguire,ENG-Premier League,18000000.0
Alisson,ENG-Premier League,17000000.0
Fred,ENG-Premier League,7000000.0
Jesse Lingard,ENG-Premier League,6000000.0
Paul Pogba,ENG-Premier League,15000000.0
Romelu Lukaku,ENG-Premier League,15000000.0
Ayoze Pérez,ENG-Premier League,6000000.0
DeAndre Yedlin,ENG-Premier League,2000000.0
Jannik Vestergaard,ENG-Premier League,4000000.0
Ben Davies,ENG-Premier League,10000000.0
Harry Kane,ENG-Premier League,65000000.0
Lucas Moura,ENG-Premier League,6000000.0
Serge Aurier,ENG-Premier League,3700000.0
Abdoulaye Doucouré,ENG-Premier League,6000000.0
Felipe Anderson,ENG-Premier League,8000000.0
Manuel Lanzini,ENG-Premier League,5000000.0
Ryan Fredericks,ENG-Premier League,1000000.0
Conor Coady,ENG-Premier League,1500000.0
Bernd Leno,ENG-Premier League,8000000.0
Carl Jenkinson,ENG-Premier League,450000.0
Mohamed Elneny,ENG-Premier League,3500000.0
Shkodran Mustafi,ENG-Premier League,800000.0
Callum Wilson,ENG-Premier League,5000000.0
Joshua King,ENG-Premier League,1500000.0
Anthony Knockaert,ENG-Premier League,900000.0
Davy Pröpper,ENG-Premier League,300000.0
José Izquierdo,ENG-Premier League,350000.0
Lewis Dunk,ENG-Premier League,4000000.0
Mathew Ryan,ENG-Premier League,2000000.0
Shane Duffy,ENG-Premier League,2000000.0
Chris Wood,ENG-Premier League,8000000.0
Jeff Hendrick,ENG-Premier League,500000.0
Matěj Vydra,ENG-Premier League,
Robbie Brady,ENG-Premier League,600000.0
Danny Ward,ENG-Premier League,
Leandro Bacuna,ENG-Premier League,900000.0
Nathaniel Mendez-Laing,ENG-Premier League,
Davide Zappacosta,ENG-Premier League,3500000.0
Jorginho,ENG-Premier League,5000000.0
Jordan Ayew,ENG-Premier League,1800000.0
Marcus Bettinelli,ENG-Premier League,500000.0
Neeskens Kebano,ENG-Premier League,2000000.0
Elias Kachunga,ENG-Premier League,300000.0
Erik Durm,ENG-Premier League,600000.0
Tommy Smith,ENG-Premier League,700000.0
Nampalys Mendy,ENG-Premier League,3000000.0
Rachid Ghezzal,ENG-Premier League,700000.0
Alberto Moreno,ENG-Premier League,1000000.0
Joël Matip,ENG-Premier League,
Mohamed Salah,ENG-Premier League,30000000.0
Roberto Firmino,ENG-Premier League,15000000.0
Sadio Mané,ENG-Premier League,25000000.0
Xherdan Shaqiri,ENG-Premier League,3500000.0
Phil Jones,ENG-Premier League,1000000.0
Christian Atsu,ENG-Premier League,400000.0
Fabian Schär,ENG-Premier League,6000000.0
Jonjo Shelvey,ENG-Premier League,800000.0
Paul Dummett,ENG-Premier League,900000.0
Yoshinori Mutō,ENG-Premier League,
Cédric Soares,ENG-Premier League,2000000.0
Danny Ings,ENG-Premier League,3500000.0
Manolo Gabbiadini,ENG-Premier League,2000000.0
Oriol Romeu,ENG-Premier League,700000.0
Stuart Armstrong,ENG-Premier League,3000000.0
Christian Eriksen,ENG-Premier League,3000000.0
Paulo Gazzaniga,ENG-Premier League,2000000.0
Son Heung-min,ENG-Premier League,
Érik Lamela,ENG-Premier League,
Fabián Balbuena,ENG-Premier League,1500000.0
Jack Wilshere,ENG-Premier League,500000.0
Pedro Obiang,ENG-Premier League,500000.0
Matt Doherty,ENG-Premier League,1500000.0
Aaron Ramsey,ENG-Premier League,2500000.0
Alexandre Lacazette,ENG-Premier League,5000000.0
Danny Welbeck,ENG-Premier League,4000000.0
Adam Smith,ENG-Premier League,500000.0
Nathaniel Clyne,ENG-Premier League,1500000.0
Steve Cook,ENG-Premier League,1800000.0
Martín Montoya,ENG-Premier League,350000.0
Pascal Groß,ENG-Premier League,3500000.0
Jóhann Berg Guðmundsson,ENG-Premier League,
Kevin Long,ENG-Premier League,500000.0
Gary Madine,ENG-Premier League,250000.0
Greg Cunningham,ENG-Premier League,300000.0
Jazz Richards,ENG-Premier League,50000.0
Loïc Damour,ENG-Premier League,200000.0
Sean Morrison,ENG-Premier League,900000.0
Eden Hazard,ENG-Premier League,5000000.0
Marcos Alonso,ENG-Premier League,2000000.0
N'Golo Kanté,ENG-Premier League,12000000.0
Victor Moses,ENG-Premier League,1000000.0
Andros Townsend,ENG-Premier League,500000.0
Christian Benteke,ENG-Premier League,2500000.0
Luka Milivojević,ENG-Premier League,
Patrick van Aanholt,ENG-Premier League,400000.0
Cenk Tosun,ENG-Premier League,2000000.0
James McCarthy,ENG-Premier League,200000.0
André Schürrle,ENG-Premier League,4500000.0
Jean Seri,ENG-Premier League,
Stefan Johansen,ENG-Premier League,600000.0
Tom Cairney,ENG-Premier League,750000.0
Aaron Mooy,ENG-Premier League,3500000.0
Collin Quaner,ENG-Premier League,200000.0
Rajiv van La Parra,ENG-Premier League,250000.0
Georginio Wijnaldum,ENG-Premier League,6000000.0
Nathaniel Clyne,ENG-Premier League,1500000.0
Virgil van Dijk,ENG-Premier League,18000000.0
Danilo,ENG-Premier League,2500000.0
Kevin De Bruyne,ENG-Premier League,15000000.0
Riyad Mahrez,ENG-Premier League,18000000.0
İlkay Gündoğan,ENG-Premier League,3500000.0
David de Gea,ENG-Premier League,3500000.0
Florian Lejeune,ENG-Premier League,3000000.0
Kieran Trippier,ENG-Premier League,2500000.0
Victor Wanyama,ENG-Premier League,2500000.0
Andre Gray,ENG-Premier League,1300000.0
Christian Kabasele,ENG-Premier League,800000.0
Kiko Femenía,ENG-Premier League,1400000.0
Roberto Pereyra,ENG-Premier League,800000.0
Raúl Jiménez,ENG-Premier League,4000000.0
Willy Boly,ENG-Premier League,800000.0
Dan Gosling,ENG-Premier League,250000.0
Junior Stanislas,ENG-Premier League,500000.0
Ashley Barnes,ENG-Premier League,1000000.0
Ashley Westwood,ENG-Premier League,850000.0
Ben Mee,ENG-Premier League,1000000.0
Sam Vokes,ENG-Premier League,275000.0
Harry Arter,ENG-Premier League,400000.0
Joe Bennett,ENG-Premier League,300000.0
Junior Hoilett,ENG-Premier League,50000.0
Neil Etheridge,ENG-Premier League,500000.0
Oumar Niasse,ENG-Premier League,200000.0
César Azpilicueta,ENG-Premier League,1200000.0
Cheikhou Kouyaté,ENG-Premier League,1000000.0
Joel Ward,ENG-Premier League,300000.0
Mamadou Sakho,ENG-Premier League,800000.0
Martin Kelly,ENG-Premier League,300000.0
Pape Souaré,ENG-Premier League,150000.0
Gylfi Sigurðsson,ENG-Premier League,
Idrissa Gana Gueye,ENG-Premier League,
Morgan Schneiderlin,ENG-Premier League,300000.0
Oumar Niasse,ENG-Premier League,200000.0
Håvard Nordtveit,ENG-Premier League,
Maxime Le Marchand,ENG-Premier League,1000000.0
Christopher Schindler,ENG-Premier League,500000.0
Mathias Jørgensen,ENG-Premier League,
Marc Albrighton,ENG-Premier League,1000000.0
Daniel Sturridge,ENG-Premier League,200000.0
Jordan Henderson,ENG-Premier League,2000000.0
Fabian Delph,ENG-Premier League,1800000.0
Kyle Walker,ENG-Premier League,2500000.0
Ander Herrera,ENG-Premier League,2000000.0
Chris Smalling,ENG-Premier League,1200000.0
Marcos Rojo,ENG-Premier League,2200000.0
Matteo Darmian,ENG-Premier League,1500000.0
Ciaran Clark,ENG-Premier League,600000.0
Joselu,ENG-Premier League,5000000.0
Matt Ritchie,ENG-Premier League,1000000.0
Salomón Rondón,ENG-Premier League,1000000.0
Alex McCarthy,ENG-Premier League,300000.0
Ryan Bertrand,ENG-Premier League,500000.0
Danny Rose,ENG-Premier League,500000.0
Moussa Sissoko,ENG-Premier League,1200000.0
Stefano Okaka,ENG-Premier League,1000000.0
Tom Cleverley,ENG-Premier League,400000.0
Aaron Cresswell,ENG-Premier League,450000.0
Andriy Yarmolenko,ENG-Premier League,1200000.0
Michail Antonio,ENG-Premier League,700000.0
Romain Saïss,ENG-Premier League,4000000.0
Ryan Bennett,ENG-Premier League,250000.0
Henrikh Mkhitaryan,ENG-Premier League,3500000.0
Mesut Özil,ENG-Premier League,700000.0
Pierre-Emerick Aubameyang,ENG-Premier League,5000000.0
Dale Stephens,ENG-Premier League,600000.0
David Button,ENG-Premier League,250000.0
Jack Cork,ENG-Premier League,800000.0
Matthew Lowton,ENG-Premier League,250000.0
Aron Gunnarsson,ENG-Premier League,400000.0
Willian,ENG-Premier League,500000.0
James Tomkins,ENG-Premier League,700000.0
Séamus Coleman,ENG-Premier League,300000.0
Theo Walcott,ENG-Premier League,1000000.0
Floyd Ayité,ENG-Premier League,250000.0
Kevin McDonald,ENG-Premier League,100000.0
Chris Löwe,ENG-Premier League,150000.0
Danny Williams,ENG-Premier League,475000.0
Jonas Lössl,ENG-Premier League,100000.0
Jonathan Hogg,ENG-Premier League,250000.0
Laurent Depoitre,ENG-Premier League,150000.0
Adrien Silva,ENG-Premier League,400000.0
Dejan Lovren,ENG-Premier League,500000.0
Alexis Sánchez,ENG-Premier League,1400000.0
Nemanja Matić,ENG-Premier League,3000000.0
Federico Fernández,ENG-Premier League,500000.0
Ki Sung-yueng,ENG-Premier League,
Martin Dúbravka,ENG-Premier League,750000.0
Charlie Austin,ENG-Premier League,275000.0
Maya Yoshida,ENG-Premier League,500000.0
Toby Alderweireld,ENG-Premier League,2000000.0
Craig Cathcart,ENG-Premier League,600000.0
Daryl Janmaat,ENG-Premier League,300000.0
Andy Carroll,ENG-Premier League,300000.0
Lucas Pérez,ENG-Premier League,300000.0
Marko Arnautović,ENG-Premier League,
Sokratis Papastathopoulos,ENG-Premier League,700000.0
Beram Kayal,ENG-Premier League,300000.0
Gaëtan Bong,ENG-Premier League,150000.0
Leon Balogun,ENG-Premier League,150000.0
Steven Defour,ENG-Premier League,900000.0
Bruno Ecuele Manga,ENG-Premier League,250000.0
Gonzalo Higuaín,ENG-Premier League,1000000.0
Bakary Sako,ENG-Premier League,75000.0
James McArthur,ENG-Premier League,400000.0
Denis Odoi,ENG-Premier League,200000.0
Fabricio,ENG-Premier League,
Tim Ream,ENG-Premier League,800000.0
Ben Hamer,ENG-Premier League,200000.0
Jonny Evans,ENG-Premier League,2000000.0
Vicente Iborra,ENG-Premier League,300000.0
Adam Lallana,ENG-Premier League,750000.0
Nicolás Otamendi,ENG-Premier League,1000000.0
Sergio Agüero,ENG-Premier League,15000000.0
Juan Mata,ENG-Premier League,1000000.0
Marouane Fellaini,ENG-Premier League,1000000.0
Fraser Forster,ENG-Premier League,600000.0
Troy Deeney,ENG-Premier League,400000.0
Étienne Capoue,ENG-Premier League,1500000.0
Angelo Ogbonna,ENG-Premier League,700000.0
Javier Hernández,ENG-Premier League,
Robert Snodgrass,ENG-Premier League,300000.0
Rui Patrício,ENG-Premier League,600000.0
Andrew Surman,ENG-Premier League,1000000.0
Asmir Begović,ENG-Premier League,
Charlie Daniels,ENG-Premier League,1600000.0
Aaron Lennon,ENG-Premier League,600000.0
Joe Hart,ENG-Premier League,500000.0
Lee Peltier,ENG-Premier League,200000.0
Cesc Fàbregas,ENG-Premier League,1000000.0
David Luiz,ENG-Premier League,500000.0
Olivier Giroud,ENG-Premier League,3000000.0
Pedro,ENG-Premier League,1000000.0
Scott Dann,ENG-Premier League,200000.0
Vicente Guaita,ENG-Premier League,400000.0
Wayne Hennessey,ENG-Premier League,150000.0
Ryan Babel,ENG-Premier League,150000.0
Danny Simpson,ENG-Premier League,300000.0
Jamie Vardy,ENG-Premier League,2000000.0
Kasper Schmeichel,ENG-Premier League,300000.0
Mohamed Diamé,ENG-Premier League,200000.0
Shane Long,ENG-Premier League,250000.0
Hugo Lloris,ENG-Premier League,1200000.0
Jan Vertonghen,ENG-Premier League,1000000.0
Mousa Dembélé,ENG-Premier League,400000.0
Adrian Mariappa,ENG-Premier League,100000.0
Sebastian Prödl,ENG-Premier League,200000.0
Mark Noble,ENG-Premier League,1000000.0
Samir Nasri,ENG-Premier League,1600000.0
John Ruddy,ENG-Premier League,100000.0
João Moutinho,ENG-Premier League,500000.0
Laurent Koscielny,ENG-Premier League,3000000.0
Nacho Monreal,ENG-Premier League,1000000.0
Stephen Ward,ENG-Premier League,725000.0
Tom Heaton,ENG-Premier League,150000.0
Gary Cahill,ENG-Premier League,400000.0
Jason Puncheon,ENG-Premier League,300000.0
Jason Puncheon,ENG-Premier League,300000.0
Christian Fuchs,ENG-Premier League,400000.0
Shinji Okazaki,ENG-Premier League,
James Milner,ENG-Premier League,750000.0
David Silva,ENG-Premier League,4000000.0
David Silva,ENG-Premier League,
David Silva,ENG-Premier League,50000.0
Vincent Kompany,ENG-Premier League,4000000.0
Antonio Valencia,ENG-Premier League,1800000.0
Carlos Sánchez,ENG-Premier League,250000.0
Simon Francis,ENG-Premier League,800000.0
Phil Bardsley,ENG-Premier League,75000.0
Sol Bamba,ENG-Premier League,250000.0
Leighton Baines,ENG-Premier League,1600000.0
Fernandinho,ENG-Premier League,600000.0
Fernandinho,ENG-Premier League,150000.0
Ashley Young,ENG-Premier League,400000.0
Steven Davis,ENG-Premier League,200000.0
Fernando Llorente,ENG-Premier League,300000.0
Miguel Britos,ENG-Premier League,2000000.0
Pablo Zabaleta,ENG-Premier League,800000.0
Łukasz Fabiański,ENG-Premier League,
Stephan Lichtsteiner,ENG-Premier League,800000.0
Glenn Murray,ENG-Premier League,300000.0
Wes Morgan,ENG-Premier League,400000.0
Michel Vorm,ENG-Premier League,800000.0
José Holebas,ENG-Premier League,
Jermain Defoe,ENG-Premier League,400000.0
Phil Jagielka,ENG-Premier League,200000.0
Ben Foster,ENG-Premier League,300000.0
Petr Čech,ENG-Premier League,
Willy Caballero,ENG-Premier League,150000.0
Bruno,ENG-Premier League,
Peter Crouch,ENG-Premier League,1000000.0
Artur Boruc,ENG-Premier League,50000.0
Julián Speroni,ENG-Premier League,250000.0
Ander Barrenetxea,ESP-La Liga,20000000.0
Sergio Camello,ESP-La Liga,3000000.0
Victor Mollejo,ESP-La Liga,
Bryan Gil,ESP-La Liga,12000000.0
Lee Kang-in,ESP-La Liga,
Borja Garcés,ESP-La Liga,2000000.0
Abel Ruiz,ESP-La Liga,3000000.0
Jean-Clair Todibo,ESP-La Liga,23000000.0
Riqui Puig,ESP-La Liga,12000000.0
Hugo Duro,ESP-La Liga,16000000.0
Pedro Porro,ESP-La Liga,40000000.0
Valery Fernández,ESP-La Liga,1000000.0
Diego Lainez,ESP-La Liga,2500000.0
Brahim Díaz,ESP-La Liga,40000000.0
Vinicius Júnior,ESP-La Liga,
Roberto López,ESP-La Liga,1000000.0
Ferrán Torres,ESP-La Liga,
Miguel,ESP-La Liga,
Alejandro Blanco,ESP-La Liga,
Peru Nolaskoain,ESP-La Liga,1000000.0
Javi Montero,ESP-La Liga,1500000.0
Joaquín Muñoz,ESP-La Liga,1000000.0
Moussa Wagué,ESP-La Liga,400000.0
Álex Collado,ESP-La Liga,3000000.0
Fran Beltrán,ESP-La Liga,6000000.0
Cucho,ESP-La Liga,
Andriy Lunin,ESP-La Liga,25000000.0
Sergio Moreno,ESP-La Liga,300000.0
Emerson,ESP-La Liga,
Alex Sola,ESP-La Liga,
Martín Zubimendi,ESP-La Liga,50000000.0
Stiven Plaza,ESP-La Liga,150000.0
Manu Morlanes,ESP-La Liga,2400000.0
Samuel Chukwueze,ESP-La Liga,20000000.0
Andrés Solano,ESP-La Liga,250000.0
Carlos Isaac,ESP-La Liga,400000.0
Toni Moya,ESP-La Liga,1500000.0
Carles Aleñá,ESP-La Liga,3000000.0
Carles Pérez,ESP-La Liga,1800000.0
Marc Cucurella,ESP-La Liga,50000000.0
Adrià Pedrosa,ESP-La Liga,4000000.0
Alfa Semedo,ESP-La Liga,2000000.0
Javi Puado,ESP-La Liga,10000000.0
Óscar Melendo,ESP-La Liga,2000000.0
Mathías Olivera,ESP-La Liga,18000000.0
Douglas Luiz,ESP-La Liga,25000000.0
Kévin Soni,ESP-La Liga,600000.0
Yangel Herrera,ESP-La Liga,9000000.0
Vasyl Kravets,ESP-La Liga,1000000.0
Óscar Rodríguez Arnaiz,ESP-La Liga,
Sergio Akieme,ESP-La Liga,7000000.0
Cristo González,ESP-La Liga,
Federico Valverde,ESP-La Liga,120000000.0
Luca Zidane,ESP-La Liga,2000000.0
Aihen Muñoz,ESP-La Liga,8000000.0
Theo Hernández,ESP-La Liga,60000000.0
Juan Soriano,ESP-La Liga,1000000.0
Maximilian Wöber,ESP-La Liga,10000000.0
Toni Lato,ESP-La Liga,1500000.0
Hacen,ESP-La Liga,
Adrián Marín,ESP-La Liga,1500000.0
Antonio Sivera,ESP-La Liga,6000000.0
Gorka Guruzeta,ESP-La Liga,18000000.0
Iñigo Córdoba,ESP-La Liga,1500000.0
Unai Núñez,ESP-La Liga,7000000.0
Unai Simón,ESP-La Liga,30000000.0
Arthur Melo,ESP-La Liga,4000000.0
Malcom,ESP-La Liga,28000000.0
Ousmane Dembélé,ESP-La Liga,100000000.0
Brais Méndez,ESP-La Liga,40000000.0
Dennis Eckert,ESP-La Liga,
Emmanuel Apeh,ESP-La Liga,450000.0
Emre Mor,ESP-La Liga,800000.0
Maxi Gómez,ESP-La Liga,2000000.0
Miguel Marí,ESP-La Liga,200000.0
Lluis López,ESP-La Liga,
Marc Roca,ESP-La Liga,9000000.0
Álex López,ESP-La Liga,400000.0
Aleix García,ESP-La Liga,20000000.0
Paik Seung-ho,ESP-La Liga,
Patrick Roberts,ESP-La Liga,3200000.0
Cristian Rivera,ESP-La Liga,
Youssef En-Nesyri,ESP-La Liga,20000000.0
Borja Mayoral,ESP-La Liga,7500000.0
Fran Manzanara,ESP-La Liga,400000.0
Santi Comesaña,ESP-La Liga,6000000.0
Junior Firpo,ESP-La Liga,7000000.0
Dani Ceballos,ESP-La Liga,6000000.0
Javi Sánchez,ESP-La Liga,2500000.0
Jesús Vallejo,ESP-La Liga,1000000.0
Sergio Reguilón,ESP-La Liga,12000000.0
Ander Guevara,ESP-La Liga,5000000.0
Andoni Gorosabel,ESP-La Liga,5000000.0
Igor Zubeldia,ESP-La Liga,9000000.0
Mikel Oyarzabal,ESP-La Liga,25000000.0
Robin Le Normand,ESP-La Liga,40000000.0
Guilherme Arana,ESP-La Liga,10000000.0
Javier Díaz,ESP-La Liga,
Joris Gnagnon,ESP-La Liga,300000.0
Carlos Soler,ESP-La Liga,8000000.0
Gonçalo Guedes,ESP-La Liga,6000000.0
Mouctar Diakhaby,ESP-La Liga,2800000.0
Chris Ramos,ESP-La Liga,4000000.0
Enes Ünal,ESP-La Liga,8000000.0
Santiago Cáseres,ESP-La Liga,2000000.0
Xavi Quintillà,ESP-La Liga,600000.0
Martin Agirregabiria,ESP-La Liga,
Rubén Duarte,ESP-La Liga,3000000.0
Unai López,ESP-La Liga,2500000.0
Lucas Hernández,ESP-La Liga,20000000.0
Rodri,ESP-La Liga,75000000.0
Thomas Lemar,ESP-La Liga,2000000.0
Munir El Haddadi,ESP-La Liga,2500000.0
Mathias Jensen,ESP-La Liga,28000000.0
Jordi Calavera,ESP-La Liga,300000.0
Amath,ESP-La Liga,
Mauro Arambarri,ESP-La Liga,10000000.0
Adrián Diéguez,ESP-La Liga,600000.0
Axel Werner,ESP-La Liga,800000.0
Rodrigo Tarín,ESP-La Liga,
Emmanuel Boateng,ESP-La Liga,1200000.0
Koke Vegas,ESP-La Liga,300000.0
Raphael Dwamena,ESP-La Liga,700000.0
José Pozo,ESP-La Liga,1000000.0
Uche Henry Agbo,ESP-La Liga,
Antonio Sanabria,ESP-La Liga,7000000.0
Francis Guerrero,ESP-La Liga,50000.0
Giovani Lo Celso,ESP-La Liga,16000000.0
Wilfrid Kaptoum,ESP-La Liga,200000.0
Marco Asensio,ESP-La Liga,15000000.0
Álvaro Odriozola,ESP-La Liga,800000.0
Mikel Merino,ESP-La Liga,30000000.0
André Silva,ESP-La Liga,6000000.0
Munir El Haddadi,ESP-La Liga,2500000.0
Santi Mina,ESP-La Liga,2000000.0
Daniele Verde,ESP-La Liga,2200000.0
Fernando Calero,ESP-La Liga,2500000.0
Joaquín Fernández,ESP-La Liga,1500000.0
Leonardo Suárez,ESP-La Liga,
Waldo Rubio,ESP-La Liga,800000.0
Alfonso Pedraza,ESP-La Liga,2500000.0
Dani Raba,ESP-La Liga,2400000.0
Miguel Juan Llambrich,ESP-La Liga,
Pablo Fornals,ESP-La Liga,14000000.0
Carlos Vigaray,ESP-La Liga,200000.0
Yeray Álvarez,ESP-La Liga,8000000.0
Gelson Martins,ESP-La Liga,2500000.0
José María Giménez,ESP-La Liga,22000000.0
Saúl Ñíguez,ESP-La Liga,2500000.0
Ángel Correa,ESP-La Liga,9000000.0
Clément Lenglet,ESP-La Liga,10000000.0
Andrew Hjulsager,ESP-La Liga,500000.0
David Costas,ESP-La Liga,1500000.0
Pione Sisto,ESP-La Liga,800000.0
Rubén Blanco,ESP-La Liga,800000.0
Stanislav Lobotka,ESP-La Liga,18000000.0
Marc Cardona,ESP-La Liga,1400000.0
Mario Hermoso,ESP-La Liga,7000000.0
Iván Alejo,ESP-La Liga,1500000.0
Nemanja Maksimović,ESP-La Liga,
Javi Galán,ESP-La Liga,3500000.0
Dani Ojeda,ESP-La Liga,900000.0
Gerard Gumbau,ESP-La Liga,1400000.0
José Arnaiz,ESP-La Liga,
Enis Bardhi,ESP-La Liga,3000000.0
Erick Cabaco,ESP-La Liga,1000000.0
Moses Simon,ESP-La Liga,7000000.0
Rober,ESP-La Liga,
Catena,ESP-La Liga,
Raúl de Tomás,ESP-La Liga,500000.0
Pau López,ESP-La Liga,2500000.0
Marcos Llorente,ESP-La Liga,22000000.0
Adnan Januzaj,ESP-La Liga,1200000.0
Jon Bautista,ESP-La Liga,800000.0
Luca Sangalli,ESP-La Liga,600000.0
Martín Merquelanz,ESP-La Liga,600000.0
Sandro Ramírez,ESP-La Liga,1500000.0
Marko Rog,ESP-La Liga,1300000.0
José Luis Gayà,ESP-La Liga,
Anuar,ESP-La Liga,800000.0
Toni Villa,ESP-La Liga,400000.0
Burgui,ESP-La Liga,50000.0
Guillermo Maripán,ESP-La Liga,4000000.0
Jonathan Calleri,ESP-La Liga,4000000.0
Patrick Twumasi,ESP-La Liga,800000.0
Rodrigo Ely,ESP-La Liga,3000000.0
Iñaki Williams,ESP-La Liga,25000000.0
Kenan Kodro,ESP-La Liga,500000.0
Denis Suárez,ESP-La Liga,1500000.0
Nélson Semedo,ESP-La Liga,7500000.0
Samuel Umtiti,ESP-La Liga,2500000.0
David Juncà,ESP-La Liga,300000.0
Lucas Olaza,ESP-La Liga,4000000.0
Okay Yokuşlu,ESP-La Liga,2000000.0
Róbert Mazáň,ESP-La Liga,
Sofiane Boufal,ESP-La Liga,2000000.0
Wesley Hoedt,ESP-La Liga,2000000.0
Joan Jordán,ESP-La Liga,3500000.0
Sergi Darder,ESP-La Liga,3500000.0
Sebastián Cristóforo,ESP-La Liga,800000.0
Ezequiel Ávila,ESP-La Liga,
Gonzalo Melero,ESP-La Liga,1800000.0
Juanpi,ESP-La Liga,450000.0
Moi Gómez,ESP-La Liga,1800000.0
Pablo Insua,ESP-La Liga,800000.0
Rúben Semedo,ESP-La Liga,3000000.0
Jonathan Silva,ESP-La Liga,800000.0
Kenneth Omeruo,ESP-La Liga,2000000.0
Jason,ESP-La Liga,
Rúben Vezo,ESP-La Liga,800000.0
Sanjin Prcić,ESP-La Liga,
Emiliano Velázquez,ESP-La Liga,1000000.0
Stole Dimitrievski,ESP-La Liga,2000000.0
Álvaro Medrán,ESP-La Liga,4000000.0
Loren Morón,ESP-La Liga,2500000.0
Mariano,ESP-La Liga,
Aritz Elustondo,ESP-La Liga,1800000.0
Diego Llorente,ESP-La Liga,7000000.0
Kévin Rodrigues,ESP-La Liga,1200000.0
Michy Batshuayi,ESP-La Liga,3000000.0
Rúben Vezo,ESP-La Liga,800000.0
Ivi,ESP-La Liga,
Moisés Delgado,ESP-La Liga,
Borja Bastón,ESP-La Liga,3500000.0
Diego Rolán,ESP-La Liga,700000.0
Iker Muniain,ESP-La Liga,5000000.0
Iñigo Lekue,ESP-La Liga,3000000.0
Jan Oblak,ESP-La Liga,17000000.0
Thomas Partey,ESP-La Liga,5000000.0
Álvaro Morata,ESP-La Liga,16000000.0
Rafinha,ESP-La Liga,4000000.0
Júnior Alonso,ESP-La Liga,8000000.0
Kevin Vázquez,ESP-La Liga,800000.0
Gonzalo Escalante,ESP-La Liga,1500000.0
Pablo Hervías,ESP-La Liga,500000.0
Pere Milla,ESP-La Liga,1200000.0
Borja Iglesias,ESP-La Liga,5000000.0
Léo Baptistão,ESP-La Liga,1500000.0
David Soria,ESP-La Liga,3000000.0
Dimitri Foulquier,ESP-La Liga,1200000.0
Ignasi Miquel,ESP-La Liga,1200000.0
Robert Ibáñez,ESP-La Liga,
Anthony Lozano,ESP-La Liga,
Johan Mojica,ESP-La Liga,1800000.0
Jonás Ramalho,ESP-La Liga,500000.0
Pere Pons,ESP-La Liga,1200000.0
Aleksandar Jovanović,ESP-La Liga,
Carlos Akapo,ESP-La Liga,1000000.0
Diego Reyes,ESP-La Liga,2000000.0
Diego Rolán,ESP-La Liga,700000.0
Michael Santos,ESP-La Liga,2700000.0
Mikel Vesga,ESP-La Liga,4000000.0
Cheick Doukouré,ESP-La Liga,400000.0
José Campaña,ESP-La Liga,750000.0
Giannelli Imbula,ESP-La Liga,125000.0
Álex Alegría,ESP-La Liga,150000.0
Álex Moreno,ESP-La Liga,3500000.0
Álvaro García,ESP-La Liga,3000000.0
Jesé,ESP-La Liga,1000000.0
Raphaël Varane,ESP-La Liga,20000000.0
Juanmi,ESP-La Liga,1200000.0
Rubén Pardo,ESP-La Liga,350000.0
Ibrahim Amadou,ESP-La Liga,1500000.0
Cristiano Piccini,ESP-La Liga,700000.0
Geoffrey Kondogbia,ESP-La Liga,5000000.0
Pablo Hervías,ESP-La Liga,500000.0
Karl Toko Ekambi,ESP-La Liga,5000000.0
Darko Brašanac,ESP-La Liga,
Fernando Pacheco,ESP-La Liga,2500000.0
John Guidetti,ESP-La Liga,600000.0
Rubén Sobrino,ESP-La Liga,1400000.0
Ander Capa,ESP-La Liga,1800000.0
Cristian Ganea,ESP-La Liga,600000.0
Koke,ESP-La Liga,7000000.0
Santiago Arias,ESP-La Liga,2500000.0
Jeison Murillo,ESP-La Liga,900000.0
Marc-André ter Stegen,ESP-La Liga,28000000.0
Philippe Coutinho,ESP-La Liga,7500000.0
Sergi Roberto,ESP-La Liga,1500000.0
Néstor Araujo,ESP-La Liga,
Marko Dmitrović,ESP-La Liga,
Paulo Oliveira,ESP-La Liga,1500000.0
Sergio Álvarez,ESP-La Liga,1200000.0
Wu Lei,ESP-La Liga,
Djené,ESP-La Liga,
Gaku Shibasaki,ESP-La Liga,1000000.0
Marc Muniesa,ESP-La Liga,700000.0
Portu,ESP-La Liga,1500000.0
Samuele Longo,ESP-La Liga,250000.0
Serdar Gürler,ESP-La Liga,150000.0
Álex Gallar,ESP-La Liga,700000.0
Sabin Merino,ESP-La Liga,500000.0
Unai Bustinza,ESP-La Liga,300000.0
Chema,ESP-La Liga,
Nikola Vukčević,ESP-La Liga,
Adri Embarba,ESP-La Liga,
Jordi Amat,ESP-La Liga,900000.0
Aïssa Mandi,ESP-La Liga,1800000.0
Cristian Tello,ESP-La Liga,2700000.0
William Carvalho,ESP-La Liga,3000000.0
Casemiro,ESP-La Liga,8000000.0
Dani Carvajal,ESP-La Liga,
Isco,ESP-La Liga,8000000.0
Thibaut Courtois,ESP-La Liga,28000000.0
Gerónimo Rulli,ESP-La Liga,9000000.0
Joseba Zaldúa,ESP-La Liga,
Willian José,ESP-La Liga,1400000.0
Pablo Sarabia,ESP-La Liga,4000000.0
Quincy Promes,ESP-La Liga,6000000.0
Sergi Gómez,ESP-La Liga,2000000.0
Jeison Murillo,ESP-La Liga,900000.0
Rubén Sobrino,ESP-La Liga,1400000.0
Keko,ESP-La Liga,
Gerard Moreno,ESP-La Liga,10000000.0
Manu Trigueros,ESP-La Liga,1500000.0
Nicola Sansone,ESP-La Liga,400000.0
Jony,ESP-La Liga,300000.0
Iñigo Martínez,ESP-La Liga,5000000.0
Antoine Griezmann,ESP-La Liga,11000000.0
Stefan Savić,ESP-La Liga,
Hugo Mallo,ESP-La Liga,500000.0
Jozabed,ESP-La Liga,
Pedro Bigas,ESP-La Liga,1000000.0
Rubén Peña,ESP-La Liga,600000.0
Facundo Ferreyra,ESP-La Liga,250000.0
Leandro Cabrera,ESP-La Liga,2500000.0
Samuel Sáiz,ESP-La Liga,
Sergi Guardiola,ESP-La Liga,800000.0
Borja García,ESP-La Liga,800000.0
Carles Planas,ESP-La Liga,200000.0
Juanpe,ESP-La Liga,500000.0
Yassine Bounou,ESP-La Liga,9000000.0
Jorge Pulido,ESP-La Liga,1200000.0
Ezequiel Muñoz,ESP-La Liga,100000.0
Guido Carrillo,ESP-La Liga,500000.0
Martin Braithwaite,ESP-La Liga,5000000.0
Recio,ESP-La Liga,300000.0
Aitor Fernández,ESP-La Liga,600000.0
Antonio Luna,ESP-La Liga,300000.0
Roger Martí,ESP-La Liga,1200000.0
Rubén Rochina,ESP-La Liga,700000.0
Abdoulaye Ba,ESP-La Liga,300000.0
Gaël Kakuta,ESP-La Liga,1800000.0
Marc Bartra,ESP-La Liga,1000000.0
Sergio Canales,ESP-La Liga,13000000.0
Lucas Vázquez,ESP-La Liga,2500000.0
Luis Muriel,ESP-La Liga,2000000.0
Wissam Ben Yedder,ESP-La Liga,8000000.0
Denis Cheryshev,ESP-La Liga,1000000.0
Francis Coquelin,ESP-La Liga,800000.0
Gabriel Paulista,ESP-La Liga,700000.0
Jaume Doménech,ESP-La Liga,400000.0
Rodrigo,ESP-La Liga,5000000.0
Rubén Alcaraz,ESP-La Liga,1500000.0
Sergi Guardiola,ESP-La Liga,800000.0
Óscar Plano,ESP-La Liga,2500000.0
Mario Gaspar,ESP-La Liga,1000000.0
Ramiro Funes Mori,ESP-La Liga,1000000.0
Daniel Torres,ESP-La Liga,
Ibai Gómez,ESP-La Liga,400000.0
Víctor Laguardia,ESP-La Liga,800000.0
Wakaso,ESP-La Liga,
Ximo Navarro,ESP-La Liga,600000.0
Dani García,ESP-La Liga,800000.0
Ibai Gómez,ESP-La Liga,400000.0
Yuri Berchiche,ESP-La Liga,1800000.0
Vitolo,ESP-La Liga,100000.0
Ryad Boudebouz,ESP-La Liga,1200000.0
Bebé,ESP-La Liga,600000.0
José Ángel,ESP-La Liga,200000.0
Kiké,ESP-La Liga,
Sergi Enrich,ESP-La Liga,1200000.0
David López,ESP-La Liga,2500000.0
Bruno González,ESP-La Liga,300000.0
Francisco Portillo,ESP-La Liga,1000000.0
Leandro Chichizola,ESP-La Liga,400000.0
David Timor,ESP-La Liga,600000.0
Rajko Brežančić,ESP-La Liga,
Javier Eraso,ESP-La Liga,
Oier Olazábal,ESP-La Liga,200000.0
Toño,ESP-La Liga,
Bebé,ESP-La Liga,600000.0
Luis Advíncula,ESP-La Liga,1200000.0
Joel Robles,ESP-La Liga,400000.0
Ryad Boudebouz,ESP-La Liga,1200000.0
Sidnei,ESP-La Liga,250000.0
Nacho,ESP-La Liga,
Toni Kroos,ESP-La Liga,10000000.0
Asier Illarramendi,ESP-La Liga,2000000.0
Aleix Vidal,ESP-La Liga,1000000.0
Sergio Escudero,ESP-La Liga,1500000.0
Duje Čop,ESP-La Liga,
Álvaro González,ESP-La Liga,2200000.0
Ander Iturraspe,ESP-La Liga,2000000.0
Mikel San José,ESP-La Liga,700000.0
Óscar de Marcos,ESP-La Liga,1500000.0
Diego Costa,ESP-La Liga,2000000.0
Jasper Cillessen,ESP-La Liga,1300000.0
Jordi Alba,ESP-La Liga,4000000.0
Dídac Vilà,ESP-La Liga,600000.0
Hernán Pérez,ESP-La Liga,100000.0
Naldo,ESP-La Liga,125000.0
Pablo Piatti,ESP-La Liga,400000.0
Roberto Rosales,ESP-La Liga,350000.0
Óscar Duarte,ESP-La Liga,500000.0
Jaime Mata,ESP-La Liga,900000.0
Bernardo Espinosa,ESP-La Liga,550000.0
Pedro Alcalá,ESP-La Liga,400000.0
Raúl García,ESP-La Liga,
Álex Granell,ESP-La Liga,250000.0
Jorge Miramón,ESP-La Liga,1500000.0
Alexander,ESP-La Liga,
Dimitris Siovas,ESP-La Liga,
Juanfran,ESP-La Liga,
Raúl García,ESP-La Liga,
Rubén Pérez,ESP-La Liga,175000.0
Sergio Postigo,ESP-La Liga,500000.0
Franco Di Santo,ESP-La Liga,350000.0
Álex Gálvez,ESP-La Liga,
Sergio León,ESP-La Liga,2000000.0
Zouhair Feddal,ESP-La Liga,800000.0
Gareth Bale,ESP-La Liga,2000000.0
Daniel Carriço,ESP-La Liga,150000.0
Franco Vázquez,ESP-La Liga,1500000.0
Maxime Gonalons,ESP-La Liga,700000.0
Roque Mesa,ESP-La Liga,1800000.0
Simon Kjær,ESP-La Liga,1500000.0
Tomáš Vaclík,ESP-La Liga,300000.0
Daniel Parejo,ESP-La Liga,
Daniel Wass,ESP-La Liga,500000.0
Neto,ESP-La Liga,1200000.0
Jordi Masip,ESP-La Liga,1000000.0
Kiko Olivas,ESP-La Liga,800000.0
Nacho,ESP-La Liga,
Yoel,ESP-La Liga,
Sergio Asenjo,ESP-La Liga,700000.0
Víctor Ruiz,ESP-La Liga,1000000.0
Takashi Inui,ESP-La Liga,350000.0
Tomás Pina Isla,ESP-La Liga,
Iago Herrerín,ESP-La Liga,400000.0
Markel Susaeta,ESP-La Liga,1500000.0
Mikel Balenziaga,ESP-La Liga,400000.0
Nikola Kalinić,ESP-La Liga,
Ivan Rakitić,ESP-La Liga,
Sergio Busquets,ESP-La Liga,3500000.0
Iago Aspas,ESP-La Liga,1800000.0
Pablo de Blasis,ESP-La Liga,350000.0
Víctor Sánchez,ESP-La Liga,400000.0
Damián Suárez,ESP-La Liga,650000.0
Aday,ESP-La Liga,
Seydou Doumbia,ESP-La Liga,200000.0
David Ferreiro,ESP-La Liga,300000.0
Xabier Etxeita,ESP-La Liga,
Allan Nyom,ESP-La Liga,200000.0
Óscar Trejo,ESP-La Liga,1000000.0
Takashi Inui,ESP-La Liga,350000.0
Karim Benzema,ESP-La Liga,15000000.0
Marcelo,ESP-La Liga,1800000.0
Héctor Moreno,ESP-La Liga,1000000.0
Raúl Navas,ESP-La Liga,200000.0
Éver Banega,ESP-La Liga,1800000.0
Antoñito,ESP-La Liga,200000.0
Míchel,ESP-La Liga,
Jaume Costa,ESP-La Liga,900000.0
Miguel Layún,ESP-La Liga,700000.0
Vicente Iborra,ESP-La Liga,300000.0
Beñat Etxebarria,ESP-La Liga,1500000.0
Antonio Adán,ESP-La Liga,500000.0
Arturo Vidal,ESP-La Liga,700000.0
Gerard Piqué,ESP-La Liga,3000000.0
Kevin-Prince Boateng,ESP-La Liga,700000.0
Lionel Messi,ESP-La Liga,35000000.0
Luis Suárez,ESP-La Liga,4000000.0
Facundo Roncaglia,ESP-La Liga,200000.0
Sergio Álvarez,ESP-La Liga,700000.0
Anaitz Arbilla,ESP-La Liga,400000.0
Pedro León,ESP-La Liga,800000.0
Esteban Granero,ESP-La Liga,900000.0
Vitorino Antunes,ESP-La Liga,
Ángel Rodríguez,ESP-La Liga,600000.0
Cristhian Stuani,ESP-La Liga,900000.0
Damián Musto,ESP-La Liga,200000.0
Enric Gallego,ESP-La Liga,600000.0
Nabil El Zhar,ESP-La Liga,500000.0
Coke,ESP-La Liga,300000.0
José Luis Morales,ESP-La Liga,1500000.0
Gorka Elustondo,ESP-La Liga,400000.0
Mario Suárez,ESP-La Liga,300000.0
Andrés Guardado,ESP-La Liga,1000000.0
Antonio Barragán,ESP-La Liga,600000.0
Javi García,ESP-La Liga,300000.0
Keylor Navas,ESP-La Liga,1500000.0
Gabriel Mercado,ESP-La Liga,250000.0
Nolito,ESP-La Liga,300000.0
Ezequiel Garay,ESP-La Liga,1000000.0
Facundo Roncaglia,ESP-La Liga,200000.0
Kévin Gameiro,ESP-La Liga,700000.0
Andrés Fernández,ESP-La Liga,600000.0
Carlos Bacca,ESP-La Liga,450000.0
Manu García,ESP-La Liga,200000.0
Raúl García,ESP-La Liga,1500000.0
Diego Godín,ESP-La Liga,300000.0
Filipe Luís,ESP-La Liga,300000.0
Thomas Vermaelen,ESP-La Liga,700000.0
Gustavo Cabral,ESP-La Liga,1000000.0
Fabián Orellana,ESP-La Liga,200000.0
Papakouli Diop,ESP-La Liga,
Javi López,ESP-La Liga,200000.0
Markel Bergara,ESP-La Liga,500000.0
Juan Aguilera,ESP-La Liga,100000.0
Lluís Sastre,ESP-La Liga,
Luka Modrić,ESP-La Liga,4000000.0
Sergio Ramos,ESP-La Liga,2500000.0
David Zurutuza,ESP-La Liga,1600000.0
Jesús Navas,ESP-La Liga,2500000.0
Javi Moyano,ESP-La Liga,50000.0
Mikel Rico,ESP-La Liga,200000.0
Juanfran,ESP-La Liga,
Iván Ramis,ESP-La Liga,650000.0
Luisinho,ESP-La Liga,
Roberto Santamaría,ESP-La Liga,50000.0
Alberto García,ESP-La Liga,100000.0
Tito,ESP-La Liga,325000.0
Santi Cazorla,ESP-La Liga,500000.0
Asier Riesgo,ESP-La Liga,100000.0
Charles,ESP-La Liga,200000.0
Mathieu Flamini,ESP-La Liga,600000.0
Martín Mantovani,ESP-La Liga,50000.0
Iván Cuéllar,ESP-La Liga,100000.0
Pedro López Muñoz,ESP-La Liga,
Miguel Ángel Moyá,ESP-La Liga,800000.0
Javi Fuego,ESP-La Liga,200000.0
Manuel Iturra,ESP-La Liga,300000.0
Sergio García,ESP-La Liga,1000000.0
Diego López,ESP-La Liga,300000.0
Jorge Molina,ESP-La Liga,600000.0
Chechu,ESP-La Liga,
Javi Guerra,ESP-La Liga,200000.0
Aritz Aduriz,ESP-La Liga,800000.0
Gorka Iraizoz,ESP-La Liga,200000.0
Juanjo Camacho,ESP-La Liga,100000.0
Joaquín,ESP-La Liga,1500000.0
Borja Fernández,ESP-La Liga,100000.0
Daniele Bonera,ESP-La Liga,200000.0
Pedro Brazão,FRA-Ligue 1,1200000.0
Eduardo Camavinga,FRA-Ligue 1,50000000.0
Albert Lottin,FRA-Ligue 1,300000.0
Willem Geubbels,FRA-Ligue 1,1500000.0
Rayan Aït-Nouri,FRA-Ligue 1,40000000.0
Enzo Loiodice,FRA-Ligue 1,1200000.0
Louis Carnot,FRA-Ligue 1,200000.0
Lenny Pintor,FRA-Ligue 1,600000.0
Benoît Badiashile,FRA-Ligue 1,18000000.0
Han-Noah Massengo,FRA-Ligue 1,4000000.0
Pietro Pellegri,FRA-Ligue 1,3000000.0
Wilson Isidor,FRA-Ligue 1,18000000.0
Abdoulaye Dabo,FRA-Ligue 1,400000.0
Mohamed Lamine Diaby,FRA-Ligue 1,
Loïc Mbe Soh,FRA-Ligue 1,1500000.0
Sacha Boey,FRA-Ligue 1,15000000.0
Wesley Fofana,FRA-Ligue 1,28000000.0
William Saliba,FRA-Ligue 1,90000000.0
Bafodé Diakité,FRA-Ligue 1,35000000.0
Manu Koné,FRA-Ligue 1,50000000.0
Gaoussou Traoré,FRA-Ligue 1,500000.0
Aurélien Tchouaméni,FRA-Ligue 1,100000000.0
Till Cissokho,FRA-Ligue 1,600000.0
Yacine Adli,FRA-Ligue 1,9000000.0
Djégui Koita,FRA-Ligue 1,
Matthias Phaeton,FRA-Ligue 1,
Arton Zekaj,FRA-Ligue 1,250000.0
Oumar Solet,FRA-Ligue 1,17000000.0
Boubacar Kamara,FRA-Ligue 1,40000000.0
Giulian Biancone,FRA-Ligue 1,2500000.0
Moussa Sylla,FRA-Ligue 1,1200000.0
Sofiane Diop,FRA-Ligue 1,10000000.0
Andy Pelmard,FRA-Ligue 1,3500000.0
Assil Jaziri,FRA-Ligue 1,600000.0
Eddy Sylvestre,FRA-Ligue 1,600000.0
Paul Wade,FRA-Ligue 1,100000.0
Timothy Weah,FRA-Ligue 1,20000000.0
Charles Abi,FRA-Ligue 1,600000.0
Kenny Rocha Santos,FRA-Ligue 1,600000.0
Mootaz Zemzemi,FRA-Ligue 1,
Jean-Clair Todibo,FRA-Ligue 1,23000000.0
Nathan N'Goumou,FRA-Ligue 1,
Sanasi Sy,FRA-Ligue 1,300000.0
Gaëtan Poussin,FRA-Ligue 1,1500000.0
Josh Maja,FRA-Ligue 1,5000000.0
Jules Koundé,FRA-Ligue 1,45000000.0
Yassine Benrahou,FRA-Ligue 1,3000000.0
Zaydou Youssouf,FRA-Ligue 1,5500000.0
Evens Joseph,FRA-Ligue 1,200000.0
Herman Moussaki,FRA-Ligue 1,75000.0
Timo Stavitski,FRA-Ligue 1,200000.0
Younn Zahary,FRA-Ligue 1,225000.0
Boubakary Soumaré,FRA-Ligue 1,14000000.0
Rafael Leão,FRA-Ligue 1,90000000.0
Jordi Mboula,FRA-Ligue 1,500000.0
Bilal Boutobba,FRA-Ligue 1,1800000.0
Nicolas Cozza,FRA-Ligue 1,3000000.0
Yanis Ammour,FRA-Ligue 1,175000.0
Elie Youan,FRA-Ligue 1,
Imran Louza,FRA-Ligue 1,
Randal Kolo Muani,FRA-Ligue 1,25000000.0
Thomas Basila,FRA-Ligue 1,300000.0
Ignatius Ganago,FRA-Ligue 1,3000000.0
Malang Sarr,FRA-Ligue 1,10000000.0
Myziane Maolida,FRA-Ligue 1,900000.0
Théo Sainte-Luce,FRA-Ligue 1,1000000.0
Antoine Bernede,FRA-Ligue 1,3500000.0
Colin Dagba,FRA-Ligue 1,2500000.0
Kylian Mbappé,FRA-Ligue 1,180000000.0
Metehan Güçlü,FRA-Ligue 1,300000.0
Moussa Diaby,FRA-Ligue 1,55000000.0
Stanley N'Soki,FRA-Ligue 1,
Armand Lauriente,FRA-Ligue 1,
Nicolas Janvier,FRA-Ligue 1,500000.0
Lamine Ghezali,FRA-Ligue 1,350000.0
Ismael Aaneba,FRA-Ligue 1,
Youssouf Fofana,FRA-Ligue 1,30000000.0
Hakim El Mokeddem,FRA-Ligue 1,250000.0
Kalidou Sidibé,FRA-Ligue 1,1000000.0
Cheick Timite,FRA-Ligue 1,300000.0
Jeff Reine-Adélaïde,FRA-Ligue 1,2000000.0
Wilfried Kanga,FRA-Ligue 1,4000000.0
Samuel Kalu,FRA-Ligue 1,2500000.0
Yann Karamoh,FRA-Ligue 1,2500000.0
Jessy Deminguet,FRA-Ligue 1,1200000.0
Yoël Armougom,FRA-Ligue 1,300000.0
Jules Keita,FRA-Ligue 1,300000.0
Ludovic Blas,FRA-Ligue 1,15000000.0
Marcus Thuram,FRA-Ligue 1,60000000.0
Gabriel Magalhães,FRA-Ligue 1,
Jonathan Ikone,FRA-Ligue 1,
Houssem Aouar,FRA-Ligue 1,10000000.0
Pape Cheikh Diop,FRA-Ligue 1,
Christopher Rocchia,FRA-Ligue 1,500000.0
Maxime Lopez,FRA-Ligue 1,7500000.0
Julien Serrano,FRA-Ligue 1,250000.0
Romain Faivre,FRA-Ligue 1,15000000.0
Ronaël Pierre-Gabriel,FRA-Ligue 1,3500000.0
Dimitry Bertaud,FRA-Ligue 1,1200000.0
Jean-Victor Makengo,FRA-Ligue 1,6000000.0
Maxime Pélican,FRA-Ligue 1,
Olivier Boscagli,FRA-Ligue 1,18000000.0
Faitout Maouassa,FRA-Ligue 1,4000000.0
Sofiane Alakouch,FRA-Ligue 1,500000.0
Christopher Nkunku,FRA-Ligue 1,65000000.0
Axel Disasi,FRA-Ligue 1,15000000.0
Moreto Cassamã,FRA-Ligue 1,
Ismaila Sarr,FRA-Ligue 1,
Arnaud Nordin,FRA-Ligue 1,4000000.0
Assane Dioussé,FRA-Ligue 1,900000.0
Mahdi Camara,FRA-Ligue 1,10000000.0
Makhtar Gueye,FRA-Ligue 1,2000000.0
Ibrahima Sissoko,FRA-Ligue 1,3000000.0
Aaron Leya Iseka,FRA-Ligue 1,350000.0
Ibrahim Sangaré,FRA-Ligue 1,22000000.0
Kelvin Amian,FRA-Ligue 1,2500000.0
Manu García,FRA-Ligue 1,3500000.0
Alexis Blin,FRA-Ligue 1,3000000.0
Angelo Fulgini,FRA-Ligue 1,5000000.0
Farid El Melali,FRA-Ligue 1,800000.0
Alexandre Lauray,FRA-Ligue 1,250000.0
Toma Bašić,FRA-Ligue 1,2500000.0
Valentin Rosier,FRA-Ligue 1,3000000.0
Félix Eboa Eboa,FRA-Ligue 1,400000.0
Mehdi Merghem,FRA-Ligue 1,450000.0
Fodé Ballo-Touré,FRA-Ligue 1,1000000.0
Kouadio-Yves Dabila,FRA-Ligue 1,500000.0
Thiago Maia,FRA-Ligue 1,6000000.0
Zeki Çelik,FRA-Ligue 1,12000000.0
Lucas Tousart,FRA-Ligue 1,2000000.0
Martin Terrier,FRA-Ligue 1,12000000.0
Maxwel Cornet,FRA-Ligue 1,5000000.0
Tanguy Ndombele,FRA-Ligue 1,
Yassin Fekir,FRA-Ligue 1,250000.0
Duje Ćaleta-Car,FRA-Ligue 1,
Benjamin Henrichs,FRA-Ligue 1,20000000.0
Fodé Ballo-Touré,FRA-Ligue 1,1000000.0
Samuel Grandsir,FRA-Ligue 1,1500000.0
Youri Tielemans,FRA-Ligue 1,35000000.0
Junior Sambia,FRA-Ligue 1,2000000.0
Morgan Poaty,FRA-Ligue 1,300000.0
Alexis Alegue,FRA-Ligue 1,
Enock Kwateng,FRA-Ligue 1,800000.0
Samuel Moutoussamy,FRA-Ligue 1,1200000.0
Allan Saint-Maximin,FRA-Ligue 1,24000000.0
Bassem Srarfi,FRA-Ligue 1,300000.0
Ihsan Sacko,FRA-Ligue 1,500000.0
Florian Miguel,FRA-Ligue 1,1000000.0
Paul Bernardoni,FRA-Ligue 1,2200000.0
Umut Bozok,FRA-Ligue 1,1200000.0
Thilo Kehrer,FRA-Ligue 1,18000000.0
Boulaye Dia,FRA-Ligue 1,10000000.0
Mathieu Cafaro,FRA-Ligue 1,3000000.0
Remi Oudin,FRA-Ligue 1,
Sheyi Ojo,FRA-Ligue 1,800000.0
Denis-Will Poha,FRA-Ligue 1,900000.0
Gerzino Nyamsi,FRA-Ligue 1,4000000.0
Jérémy Gélin,FRA-Ligue 1,800000.0
Souleyman Doumbia,FRA-Ligue 1,2000000.0
Mickaël Panos,FRA-Ligue 1,150000.0
Anthony Caci,FRA-Ligue 1,10000000.0
Kévin Zohi,FRA-Ligue 1,600000.0
Samuel Grandsir,FRA-Ligue 1,1500000.0
Clément Michelin,FRA-Ligue 1,1200000.0
Serhou Guirassy,FRA-Ligue 1,40000000.0
François Kamano,FRA-Ligue 1,4000000.0
Milan Gajić,FRA-Ligue 1,
Sergi Palencia,FRA-Ligue 1,2000000.0
Valentín Vada,FRA-Ligue 1,2000000.0
Vukašin Jovanović,FRA-Ligue 1,
Aly Ndom,FRA-Ligue 1,200000.0
Nayef Aguerd,FRA-Ligue 1,22000000.0
Marcus Coco,FRA-Ligue 1,850000.0
Nathaël Julan,FRA-Ligue 1,1750000.0
Jonathan Bamba,FRA-Ligue 1,9000000.0
Lebo Mothiba,FRA-Ligue 1,1500000.0
Luiz Araújo,FRA-Ligue 1,6000000.0
Bertrand Traoré,FRA-Ligue 1,5000000.0
Kenny Tete,FRA-Ligue 1,11000000.0
Moussa Dembélé,FRA-Ligue 1,12000000.0
Nemanja Radonjić,FRA-Ligue 1,
Aleksandr Golovin,FRA-Ligue 1,18000000.0
Almamy Touré,FRA-Ligue 1,2000000.0
Kévin N'Doram,FRA-Ligue 1,1500000.0
Rony Lopes,FRA-Ligue 1,1200000.0
Seydou Sy,FRA-Ligue 1,200000.0
Youssef Aït Bennasser,FRA-Ligue 1,1000000.0
Mathías Suárez,FRA-Ligue 1,275000.0
Mihailo Ristić,FRA-Ligue 1,
Alexandre Olliero,FRA-Ligue 1,150000.0
Antonio Mance,FRA-Ligue 1,450000.0
Gabriel Boschilia,FRA-Ligue 1,
Danilo Barbosa,FRA-Ligue 1,2000000.0
Patrick Burner,FRA-Ligue 1,700000.0
Racine Coly,FRA-Ligue 1,175000.0
Youcef Atal,FRA-Ligue 1,4300000.0
Antonin Bobichon,FRA-Ligue 1,700000.0
Theo Valls,FRA-Ligue 1,
Giovani Lo Celso,FRA-Ligue 1,16000000.0
Presnel Kimpembe,FRA-Ligue 1,4000000.0
Aly Ndom,FRA-Ligue 1,200000.0
Ghislain Konan,FRA-Ligue 1,6500000.0
Grejohn Kyei,FRA-Ligue 1,400000.0
Virgile Pinson,FRA-Ligue 1,300000.0
James Lea Siliki,FRA-Ligue 1,
Jordan Pefok,FRA-Ligue 1,
Romain Del Castillo,FRA-Ligue 1,10000000.0
Valentín Vada,FRA-Ligue 1,2000000.0
Youssef Aït Bennasser,FRA-Ligue 1,1000000.0
Lebo Mothiba,FRA-Ligue 1,1500000.0
Emil Krafth,FRA-Ligue 1,1500000.0
Juan Ferney Otero,FRA-Ligue 1,
Baptiste Santamaria,FRA-Ligue 1,4500000.0
Elhadji Pape Diaw,FRA-Ligue 1,
Driss Trichard,FRA-Ligue 1,400000.0
Alexander Djiku,FRA-Ligue 1,9000000.0
Enzo Crivelli,FRA-Ligue 1,900000.0
Frederic Guilbert,FRA-Ligue 1,
Saîf-Eddine Khaoui,FRA-Ligue 1,2000000.0
Rúnar Alex Rúnarsson,FRA-Ligue 1,700000.0
Senou Coulibaly,FRA-Ligue 1,600000.0
Sory Kaba,FRA-Ligue 1,1500000.0
Wesley Saïd,FRA-Ligue 1,4000000.0
Cheick Traoré,FRA-Ligue 1,700000.0
Lebogang Phiri,FRA-Ligue 1,150000.0
Pedro Rebocho,FRA-Ligue 1,700000.0
Mike Maignan,FRA-Ligue 1,38000000.0
Nicolas Pépé,FRA-Ligue 1,8500000.0
Xeka,FRA-Ligue 1,1000000.0
Yassine Benzia,FRA-Ligue 1,1000000.0
Youssouf Koné,FRA-Ligue 1,800000.0
Ferland Mendy,FRA-Ligue 1,22000000.0
Jason Denayer,FRA-Ligue 1,4000000.0
Leo Dubois,FRA-Ligue 1,
Morgan Sanson,FRA-Ligue 1,4000000.0
Adama Traoré,FRA-Ligue 1,3000000.0
Adama Traoré,FRA-Ligue 1,4500000.0
Antonio Barreca,FRA-Ligue 1,800000.0
Carlos Vinícius,FRA-Ligue 1,5000000.0
Gelson Martins,FRA-Ligue 1,2500000.0
Georges-Kévin N'Koudou,FRA-Ligue 1,
Ellyes Skhiri,FRA-Ligue 1,6000000.0
Lucas Evangelista,FRA-Ligue 1,3500000.0
Matt Miazga,FRA-Ligue 1,1800000.0
Valentin Rongier,FRA-Ligue 1,9000000.0
Rémi Walter,FRA-Ligue 1,1800000.0
Wylan Cyprien,FRA-Ligue 1,1100000.0
Anthony Briançon,FRA-Ligue 1,400000.0
Baptiste Guillaume,FRA-Ligue 1,300000.0
Clément Depres,FRA-Ligue 1,400000.0
Denis Bouanga,FRA-Ligue 1,8000000.0
Sada Thioub,FRA-Ligue 1,1000000.0
Adrien Rabiot,FRA-Ligue 1,20000000.0
Arber Zeneli,FRA-Ligue 1,
Björn Engels,FRA-Ligue 1,100000.0
Moussa Doumbia,FRA-Ligue 1,1800000.0
Nolan Mbemba,FRA-Ligue 1,350000.0
Thomas Foket,FRA-Ligue 1,600000.0
M'Baye Niang,FRA-Ligue 1,2500000.0
Ramy Bensebaini,FRA-Ligue 1,7000000.0
Corentin Jean,FRA-Ligue 1,1000000.0
Steven Moreira,FRA-Ligue 1,1500000.0
Yann Bodiger,FRA-Ligue 1,1400000.0
Eddy Gnahoré,FRA-Ligue 1,500000.0
Jordan Lefort,FRA-Ligue 1,900000.0
Prince-Désir Gouano,FRA-Ligue 1,
Quentin Cornette,FRA-Ligue 1,600000.0
Saman Ghoddos,FRA-Ligue 1,2000000.0
Stanley Segarel,FRA-Ligue 1,
Harrison Manzala,FRA-Ligue 1,200000.0
Théo Pellenard,FRA-Ligue 1,500000.0
Gaëtan Laborde,FRA-Ligue 1,10000000.0
Otávio,FRA-Ligue 1,4500000.0
Adama Mbengue,FRA-Ligue 1,300000.0
Brice Samba,FRA-Ligue 1,10000000.0
Kwon Chang-hoon,FRA-Ligue 1,
Alexandre Mendy,FRA-Ligue 1,3500000.0
Didier Ibrahim Ndong,FRA-Ligue 1,
Jordan Ikoko,FRA-Ligue 1,700000.0
Marc-Aurèle Caillard,FRA-Ligue 1,100000.0
Edgar Ié,FRA-Ligue 1,850000.0
Reinildo Mandava,FRA-Ligue 1,5000000.0
Mariano,FRA-Ligue 1,
Memphis,FRA-Ligue 1,
Clinton N'Jie,FRA-Ligue 1,950000.0
Jordan Amavi,FRA-Ligue 1,1200000.0
Lucas Ocampos,FRA-Ligue 1,9000000.0
Jean-Eudes Aholou,FRA-Ligue 1,800000.0
Gaëtan Laborde,FRA-Ligue 1,10000000.0
Abdoulaye Touré,FRA-Ligue 1,3000000.0
Anthony Limbombe,FRA-Ligue 1,700000.0
Anthony Walongwa,FRA-Ligue 1,325000.0
Edgar Ié,FRA-Ligue 1,850000.0
Adrien Tameze,FRA-Ligue 1,
Yoan Cardinale,FRA-Ligue 1,300000.0
Gaëtan Paquiez,FRA-Ligue 1,500000.0
Julian Draxler,FRA-Ligue 1,5000000.0
Leandro Paredes,FRA-Ligue 1,5000000.0
Marquinhos,FRA-Ligue 1,30000000.0
Baba Rahman,FRA-Ligue 1,
Hassane Kamara,FRA-Ligue 1,3000000.0
Adrien Hunou,FRA-Ligue 1,300000.0
Benjamin Bourigeaud,FRA-Ligue 1,5000000.0
Ole Selnæs,FRA-Ligue 1,1200000.0
Pierre-Yves Polomat,FRA-Ligue 1,250000.0
Abdallah N'dour,FRA-Ligue 1,
Adrien Thomasson,FRA-Ligue 1,4500000.0
Ludovic Ajorque,FRA-Ligue 1,3000000.0
Sanjin Prcić,FRA-Ligue 1,
Issiaga Sylla,FRA-Ligue 1,2500000.0
Ndombe Mubele,FRA-Ligue 1,
Bongani Zungu,FRA-Ligue 1,650000.0
Guessouma Fofana,FRA-Ligue 1,200000.0
Moussa Konaté,FRA-Ligue 1,500000.0
Rafał Kurzawa,FRA-Ligue 1,200000.0
Flavien Tait,FRA-Ligue 1,300000.0
Andreas Cornelius,FRA-Ligue 1,400000.0
Lukas Lerager,FRA-Ligue 1,3000000.0
Maxime Poundjé,FRA-Ligue 1,200000.0
Youssouf Sabaly,FRA-Ligue 1,2500000.0
Casimir Ninga,FRA-Ligue 1,600000.0
Ismaël Diomandé,FRA-Ligue 1,
Jonathan Gradit,FRA-Ligue 1,4500000.0
Mehdi Abeid,FRA-Ligue 1,1000000.0
Guessouma Fofana,FRA-Ligue 1,200000.0
Nabil Fekir,FRA-Ligue 1,10000000.0
Florian Thauvin,FRA-Ligue 1,5000000.0
Jemerson,FRA-Ligue 1,1700000.0
Keagan Dolly,FRA-Ligue 1,1400000.0
Ruben Aguilar,FRA-Ligue 1,3000000.0
Diego Carlos,FRA-Ligue 1,8500000.0
Koffi Djidji,FRA-Ligue 1,2500000.0
Maxime Dupé,FRA-Ligue 1,800000.0
Christophe Hérelle,FRA-Ligue 1,1500000.0
Pierre Lees-Melou,FRA-Ligue 1,10000000.0
Walter Benítez,FRA-Ligue 1,5000000.0
Renaud Ripart,FRA-Ligue 1,2000000.0
Alphonse Areola,FRA-Ligue 1,7000000.0
Juan Bernat,FRA-Ligue 1,1500000.0
Layvin Kurzawa,FRA-Ligue 1,750000.0
Marco Verratti,FRA-Ligue 1,25000000.0
Tomáš Koubek,FRA-Ligue 1,
Lois Diony,FRA-Ligue 1,
Christopher Jullien,FRA-Ligue 1,2500000.0
Gen Shoji,FRA-Ligue 1,700000.0
Yaya Sanogo,FRA-Ligue 1,250000.0
Stiven Mendoza,FRA-Ligue 1,1000000.0
Stéphane Bahoken,FRA-Ligue 1,950000.0
Zacharie Boucher,FRA-Ligue 1,250000.0
Baissama Sankoh,FRA-Ligue 1,300000.0
Stef Peeters,FRA-Ligue 1,700000.0
Yacine Bammou,FRA-Ligue 1,450000.0
Benjamin Jeannot,FRA-Ligue 1,300000.0
Bobby Allain,FRA-Ligue 1,300000.0
Jordan Marié,FRA-Ligue 1,450000.0
Naïm Sliti,FRA-Ligue 1,4500000.0
Oussama Haddadi,FRA-Ligue 1,700000.0
Yeni Ngbakoto,FRA-Ligue 1,200000.0
Adama Soumaoro,FRA-Ligue 1,2000000.0
Thiago Mendes,FRA-Ligue 1,4500000.0
Jordan Ferri,FRA-Ligue 1,500000.0
Bouna Sarr,FRA-Ligue 1,1500000.0
Djibril Sidibé,FRA-Ligue 1,1500000.0
Pelé,FRA-Ligue 1,400000.0
Andy Delort,FRA-Ligue 1,1500000.0
Florent Mollet,FRA-Ligue 1,600000.0
Abdul Majeed Waris,FRA-Ligue 1,
Andrei Girotto,FRA-Ligue 1,4000000.0
Charles Traore,FRA-Ligue 1,
Kalifa Coulibaly,FRA-Ligue 1,600000.0
Lucas Lima,FRA-Ligue 1,300000.0
Valentin Eysseric,FRA-Ligue 1,1000000.0
Jordan Ferri,FRA-Ligue 1,500000.0
Loïck Landre,FRA-Ligue 1,325000.0
Rachid Alioui,FRA-Ligue 1,250000.0
Téji Savanier,FRA-Ligue 1,9000000.0
Neymar,FRA-Ligue 1,50000000.0
Thomas Meunier,FRA-Ligue 1,1800000.0
Edouard Mendy,FRA-Ligue 1,10000000.0
Abdoulaye Diallo,FRA-Ligue 1,100000.0
Hamari Traoré,FRA-Ligue 1,6000000.0
Mehdi Zeffane,FRA-Ligue 1,500000.0
Timothée Kolodziejczak,FRA-Ligue 1,400000.0
Idriss Saadi,FRA-Ligue 1,400000.0
Kenny Lala,FRA-Ligue 1,1800000.0
Matz Sels,FRA-Ligue 1,6000000.0
John Bostock,FRA-Ligue 1,400000.0
Steven Fortes,FRA-Ligue 1,400000.0
Oualid El Hajjam,FRA-Ligue 1,800000.0
Thomas Monconduit,FRA-Ligue 1,600000.0
Vincent Pajot,FRA-Ligue 1,400000.0
Nicolas de Préville,FRA-Ligue 1,400000.0
Pablo,FRA-Ligue 1,2000000.0
Cédric Yamberé,FRA-Ligue 1,
Nicolas Benezet,FRA-Ligue 1,350000.0
Yannis Salibur,FRA-Ligue 1,225000.0
Anthony Lopes,FRA-Ligue 1,4000000.0
Mathieu Gorgelin,FRA-Ligue 1,200000.0
Mario Balotelli,FRA-Ligue 1,650000.0
Ambroise Oyongo,FRA-Ligue 1,500000.0
Benjamin Lecomte,FRA-Ligue 1,3500000.0
Pedro Mendes,FRA-Ligue 1,400000.0
Emiliano Sala,FRA-Ligue 1,16000000.0
Mario Balotelli,FRA-Ligue 1,650000.0
Kévin Rimane,FRA-Ligue 1,150000.0
Suk Hyun-jun,FRA-Ligue 1,
Thomas Fontaine,FRA-Ligue 1,250000.0
Tristan Dingomé,FRA-Ligue 1,300000.0
Xavier Chavalerin,FRA-Ligue 1,1500000.0
Benjamin André,FRA-Ligue 1,4000000.0
Clément Grenier,FRA-Ligue 1,800000.0
Gabriel Silva,FRA-Ligue 1,700000.0
Robert Berić,FRA-Ligue 1,
Wahbi Khazri,FRA-Ligue 1,600000.0
Yannis Salibur,FRA-Ligue 1,225000.0
Lionel Carole,FRA-Ligue 1,550000.0
Nuno da Costa,FRA-Ligue 1,800000.0
Baptiste Reynet,FRA-Ligue 1,450000.0
Bakaye Dibassy,FRA-Ligue 1,400000.0
Ganso,FRA-Ligue 1,700000.0
Abdoulaye Bamba,FRA-Ligue 1,400000.0
Mateo Pavlović,FRA-Ligue 1,
Younousse Sankharé,FRA-Ligue 1,200000.0
Romain Amalfitano,FRA-Ligue 1,300000.0
Johan Larsson,FRA-Ligue 1,500000.0
Karl-Johan Johnsson,FRA-Ligue 1,250000.0
Ronny Rodelin,FRA-Ligue 1,100000.0
Rui Fonte,FRA-Ligue 1,300000.0
Rafael,FRA-Ligue 1,800000.0
Grégory Sertic,FRA-Ligue 1,650000.0
Hiroki Sakai,FRA-Ligue 1,1400000.0
Kevin Strootman,FRA-Ligue 1,800000.0
Valère Germain,FRA-Ligue 1,1500000.0
Nacer Chadli,FRA-Ligue 1,400000.0
Stevan Jovetić,FRA-Ligue 1,700000.0
Damien Le Tallec,FRA-Ligue 1,500000.0
Facundo Píriz,FRA-Ligue 1,300000.0
Petar Škuletić,FRA-Ligue 1,
Fábio,FRA-Ligue 1,1000000.0
Kara Mbodji,FRA-Ligue 1,
Rene Krhin,FRA-Ligue 1,250000.0
Mickaël Le Bihan,FRA-Ligue 1,500000.0
Romain Métanire,FRA-Ligue 1,350000.0
Diafra Sakho,FRA-Ligue 1,250000.0
Jakob Johansson,FRA-Ligue 1,700000.0
Rémy Cabella,FRA-Ligue 1,1500000.0
Yann M'Vila,FRA-Ligue 1,1500000.0
Jonas Martin,FRA-Ligue 1,300000.0
Stefan Mitrović,FRA-Ligue 1,
François Moubandje,FRA-Ligue 1,200000.0
Erik Pieters,FRA-Ligue 1,350000.0
Cristian López,FRA-Ligue 1,150000.0
Vincent Manceau,FRA-Ligue 1,300000.0
Yoann Andreu,FRA-Ligue 1,1500000.0
Emmanuel Imorou,FRA-Ligue 1,650000.0
Fayçal Fajr,FRA-Ligue 1,1300000.0
Malik Tchokounté,FRA-Ligue 1,350000.0
Prince Oniangué,FRA-Ligue 1,250000.0
Arnold Bouka Moutou,FRA-Ligue 1,150000.0
Júlio Tavares,FRA-Ligue 1,
Mickaël Alphonse,FRA-Ligue 1,250000.0
Franck Tabanou,FRA-Ligue 1,1000000.0
Lucas Deaux,FRA-Ligue 1,250000.0
Papy Djilobodji,FRA-Ligue 1,500000.0
Jérémy Pied,FRA-Ligue 1,200000.0
Fernando Marçal,FRA-Ligue 1,
Adrien Silva,FRA-Ligue 1,400000.0
William Vainqueur,FRA-Ligue 1,400000.0
Giovanni Sio,FRA-Ligue 1,250000.0
Paul Lasne,FRA-Ligue 1,250000.0
Eric Maxim Choupo-Moting,FRA-Ligue 1,
Mexer,FRA-Ligue 1,200000.0
Kévin Monnet-Paquet,FRA-Ligue 1,200000.0
Neven Subotić,FRA-Ligue 1,
Lamine Koné,FRA-Ligue 1,150000.0
Pablo Martinez,FRA-Ligue 1,
Jimmy Durmaz,FRA-Ligue 1,200000.0
Romain Thomas,FRA-Ligue 1,400000.0
Paul Baysse,FRA-Ligue 1,800000.0
Claudio Beauvue,FRA-Ligue 1,150000.0
Paul Baysse,FRA-Ligue 1,800000.0
Romain Genevois,FRA-Ligue 1,1000000.0
Wesley Lautoa,FRA-Ligue 1,500000.0
Nolan Roux,FRA-Ligue 1,150000.0
Kostas Mitroglou,FRA-Ligue 1,
Kamil Glik,FRA-Ligue 1,500000.0
Nicolas Pallois,FRA-Ligue 1,300000.0
Pierrick Valdivia,FRA-Ligue 1,250000.0
Ángel Di María,FRA-Ligue 1,2000000.0
Marvin Martin,FRA-Ligue 1,300000.0
Pablo Chavarría,FRA-Ligue 1,300000.0
Yunis Abdelhamid,FRA-Ligue 1,350000.0
Damien Da Silva,FRA-Ligue 1,500000.0
Dimitri Liénard,FRA-Ligue 1,400000.0
Mathieu Dossevi,FRA-Ligue 1,100000.0
Mauro Goicoechea,FRA-Ligue 1,100000.0
Max Gradel,FRA-Ligue 1,750000.0
Régis Gurtner,FRA-Ligue 1,250000.0
Ismaël Traoré,FRA-Ligue 1,250000.0
Pierrick Capelle,FRA-Ligue 1,250000.0
Thomas Mangani,FRA-Ligue 1,300000.0
Benoît Costil,FRA-Ligue 1,600000.0
Fouad Chafik,FRA-Ligue 1,50000.0
Christophe Kerbrat,FRA-Ligue 1,100000.0
Loïc Rémy,FRA-Ligue 1,150000.0
Marcelo,FRA-Ligue 1,800000.0
Dimitri Payet,FRA-Ligue 1,1800000.0
Luiz Gustavo,FRA-Ligue 1,500000.0
Cesc Fàbregas,FRA-Ligue 1,1000000.0
Edinson Cavani,FRA-Ligue 1,2500000.0
Hatem Ben Arfa,FRA-Ligue 1,200000.0
Romain Hamouma,FRA-Ligue 1,400000.0
Stéphane Ruffier,FRA-Ligue 1,2000000.0
Benjamin Corgnet,FRA-Ligue 1,200000.0
Jérémy Grimm,FRA-Ligue 1,250000.0
Cheikh N'Doye,FRA-Ligue 1,150000.0
Jimmy Briand,FRA-Ligue 1,600000.0
Frédéric Sammaritano,FRA-Ligue 1,200000.0
Laurent Ciman,FRA-Ligue 1,200000.0
Yoann Gourcuff,FRA-Ligue 1,2000000.0
Adil Rami,FRA-Ligue 1,250000.0
Rolando,FRA-Ligue 1,200000.0
Tomáš Hubočan,FRA-Ligue 1,
Radamel Falcao,FRA-Ligue 1,800000.0
Ciprian Tătărușanu,FRA-Ligue 1,
Mustapha Diallo,FRA-Ligue 1,1500000.0
Ludovic Baal,FRA-Ligue 1,150000.0
Jessy Moulin,FRA-Ligue 1,200000.0
Loïc Perrin,FRA-Ligue 1,1200000.0
Anthony Gonçalves,FRA-Ligue 1,200000.0
Stéphane Mbia,FRA-Ligue 1,100000.0
Khaled Adénon,FRA-Ligue 1,200000.0
Igor Lewczuk,FRA-Ligue 1,200000.0
Steve Mandanda,FRA-Ligue 1,500000.0
Danijel Subašić,FRA-Ligue 1,
Daniel Congré,FRA-Ligue 1,200000.0
Lassana Diarra,FRA-Ligue 1,2500000.0
Thiago Silva,FRA-Ligue 1,1000000.0
Mathieu Debuchy,FRA-Ligue 1,300000.0
Yannick Cahuzac,FRA-Ligue 1,300000.0
Jérémy Sorbon,FRA-Ligue 1,200000.0
José Fonte,FRA-Ligue 1,100000.0
Jérémy Morel,FRA-Ligue 1,300000.0
Andrea Raggi,FRA-Ligue 1,250000.0
Diego Benaglio,FRA-Ligue 1,250000.0
Christophe Jallet,FRA-Ligue 1,250000.0
Dante,FRA-Ligue 1,500000.0
Alaixys Romao,FRA-Ligue 1,10000.0
Mathieu Bodmer,FRA-Ligue 1,250000.0
Ludovic Butelle,FRA-Ligue 1,100000.0
Étienne Didot,FRA-Ligue 1,250000.0
Yohann Pelé,FRA-Ligue 1,250000.0
Naldo,FRA-Ligue 1,250000.0
Souleymane Camara,FRA-Ligue 1,200000.0
Féthi Harek,FRA-Ligue 1,250000.0
Hervé Lybohy,FRA-Ligue 1,100000.0
Dani Alves,FRA-Ligue 1,1000000.0
Eiji Kawashima,FRA-Ligue 1,150000.0
Jaroslav Plašil,FRA-Ligue 1,
Florent Balmont,FRA-Ligue 1,250000.0
Vitorino Hilton,FRA-Ligue 1,
Gianluigi Buffon,FRA-Ligue 1,1000000.0
Angelo Ndrecka,ITA-Serie A,275000.0
Musa Juwara,ITA-Serie A,1200000.0
Roberto Piccoli,ITA-Serie A,18000000.0
Emanuel Vignato,ITA-Serie A,1100000.0
Ibrahim Karamoko,ITA-Serie A,150000.0
Paolo Gozzi Iweru,ITA-Serie A,
Nicolò Armini,ITA-Serie A,250000.0
Vincenzo Millico,ITA-Serie A,800000.0
Dejan Kulusevski,ITA-Serie A,45000000.0
Gabriele Corbo,ITA-Serie A,600000.0
Sergej Grubac,ITA-Serie A,50000.0
Hamed Junior Traorè,ITA-Serie A,
Cristóbal Montiel,ITA-Serie A,
Dušan Vlahović,ITA-Serie A,35000000.0
Nicky Beloko,ITA-Serie A,2600000.0
Hans Nicolussi Caviglia,ITA-Serie A,3000000.0
Manolo Portanova,ITA-Serie A,400000.0
Moise Kean,ITA-Serie A,45000000.0
Luan Capanni,ITA-Serie A,100000.0
Pedro Neto,ITA-Serie A,60000000.0
Gianluca Gaetano,ITA-Serie A,4000000.0
Giacomo Raspadori,ITA-Serie A,22000000.0
Ben Wilmot,ITA-Serie A,6000000.0
Marco Tumminello,ITA-Serie A,250000.0
Musa Barrow,ITA-Serie A,9000000.0
Roger Ibanez,ITA-Serie A,
Mattias Svanberg,ITA-Serie A,12000000.0
Francesco Verde,ITA-Serie A,125000.0
Luca Pellegrini,ITA-Serie A,3500000.0
Riccardo Doratiotto,ITA-Serie A,50000.0
Dimitris Nikolaou,ITA-Serie A,
Alban Lafont,ITA-Serie A,3000000.0
Riccardo Sottil,ITA-Serie A,3500000.0
Andrea Pinamonti,ITA-Serie A,15000000.0
Joaquín Ardaiz,ITA-Serie A,700000.0
Bruno Jordão,ITA-Serie A,700000.0
Gianluigi Donnarumma,ITA-Serie A,45000000.0
Abdou Lahat Diakhate,ITA-Serie A,
Alessandro Bastoni,ITA-Serie A,80000000.0
Nicolás Schiappacasse,ITA-Serie A,750000.0
Justin Kluivert,ITA-Serie A,32000000.0
Luca Pellegrini,ITA-Serie A,3500000.0
Nicolò Zaniolo,ITA-Serie A,13000000.0
Žan Celar,ITA-Serie A,
Enrico Brignola,ITA-Serie A,550000.0
Jens Odgaard,ITA-Serie A,15000000.0
Vitalie Damașcan,ITA-Serie A,
Petar Mićin,ITA-Serie A,
Juan Manuel Valencia,ITA-Serie A,
Orji Okwonkwo,ITA-Serie A,1300000.0
Adrian Šemper,ITA-Serie A,
Assane Dioussé,ITA-Serie A,900000.0
Mauro Antonio Burruchaga,ITA-Serie A,
Mehdi Léris,ITA-Serie A,2500000.0
Sofian Kiyine,ITA-Serie A,450000.0
Bartłomiej Drągowski,ITA-Serie A,2500000.0
Dimitri Oberlin,ITA-Serie A,175000.0
Ismaël Bennacer,ITA-Serie A,9000000.0
Bartłomiej Drągowski,ITA-Serie A,2500000.0
Dávid Hancko,ITA-Serie A,30000000.0
Federico Chiesa,ITA-Serie A,18000000.0
Nikola Milenković,ITA-Serie A,30000000.0
Luca Matarese,ITA-Serie A,75000.0
Christian Kouamé,ITA-Serie A,2500000.0
Cristian Romero,ITA-Serie A,60000000.0
Giuseppe Pezzella,ITA-Serie A,2200000.0
Nicola Dalmonte,ITA-Serie A,550000.0
Pedro Pereira,ITA-Serie A,1200000.0
Lautaro Martínez,ITA-Serie A,85000000.0
Yann Karamoh,ITA-Serie A,2500000.0
Grigoris Kastanos,ITA-Serie A,1800000.0
Matheus Pereira da Silva,ITA-Serie A,
Stephy Mavididi,ITA-Serie A,8000000.0
Lucas Paquetá,ITA-Serie A,35000000.0
Patrick Cutrone,ITA-Serie A,5000000.0
Federico Dimarco,ITA-Serie A,50000000.0
Ronaldo Vieira,ITA-Serie A,1500000.0
Claud Adjapong,ITA-Serie A,900000.0
Manuel Locatelli,ITA-Serie A,25000000.0
Merih Demiral,ITA-Serie A,20000000.0
Pol Lirola,ITA-Serie A,1800000.0
Rogério,ITA-Serie A,2000000.0
Andrija Balić,ITA-Serie A,
Giuseppe Pezzella,ITA-Serie A,2200000.0
Nicholas Opoku,ITA-Serie A,1500000.0
Svante Ingelsson,ITA-Serie A,900000.0
Matteo Pessina,ITA-Serie A,5000000.0
Lyanco,ITA-Serie A,3200000.0
Riccardo Orsolini,ITA-Serie A,25000000.0
Simone Edera,ITA-Serie A,300000.0
Filippo Romagna,ITA-Serie A,400000.0
Kiril Despodov,ITA-Serie A,7000000.0
Nicolò Barella,ITA-Serie A,60000000.0
Fabio Depaoli,ITA-Serie A,3000000.0
Strahinja Tanasijević,ITA-Serie A,500000.0
Jacob Rasmussen,ITA-Serie A,1800000.0
Samuel Mráz,ITA-Serie A,450000.0
Gerson,ITA-Serie A,18000000.0
Francesco Cassata,ITA-Serie A,700000.0
Paolo Ghiglione,ITA-Serie A,1300000.0
Andrea Favilli,ITA-Serie A,1000000.0
Ionuț Radu,ITA-Serie A,5000000.0
Rodrigo Bentancur,ITA-Serie A,27000000.0
Alessandro Murgia,ITA-Serie A,450000.0
Luiz Felipe,ITA-Serie A,3000000.0
Luiz Felipe,ITA-Serie A,200000.0
Davide Calabria,ITA-Serie A,13000000.0
Franck Kessié,ITA-Serie A,20000000.0
Adam Ounas,ITA-Serie A,4000000.0
Alex Meret,ITA-Serie A,14000000.0
Amadou Diawara,ITA-Serie A,1500000.0
Sebastiano Luperto,ITA-Serie A,4000000.0
Alessio da Cruz,ITA-Serie A,
Francisco Sierralta,ITA-Serie A,1200000.0
Pepín,ITA-Serie A,
Ante Ćorić,ITA-Serie A,
Cengiz Ünder,ITA-Serie A,14000000.0
Alessandro Murgia,ITA-Serie A,450000.0
Lorenzo Dickmann,ITA-Serie A,1000000.0
Vanja Milinković-Savić,ITA-Serie A,5000000.0
Dawid Kownacki,ITA-Serie A,2000000.0
Emil Audero,ITA-Serie A,3200000.0
Júnior Tavares,ITA-Serie A,400000.0
Jeremie Boga,ITA-Serie A,
Leonardo Sernicola,ITA-Serie A,2000000.0
Gleison Bremer,ITA-Serie A,
Lyanco,ITA-Serie A,3200000.0
Ola Aina,ITA-Serie A,20000000.0
Saša Lukić,ITA-Serie A,12000000.0
Simone Edera,ITA-Serie A,300000.0
Felipe Vizeu,ITA-Serie A,500000.0
Hidde ter Avest,ITA-Serie A,1500000.0
Rolando Mandragora,ITA-Serie A,8500000.0
Gianluca Mancini,ITA-Serie A,15000000.0
Luca Valzania,ITA-Serie A,500000.0
Timothy Castagne,ITA-Serie A,10000000.0
Arturo Calabresi,ITA-Serie A,1100000.0
Godfred Donsah,ITA-Serie A,400000.0
Alberto Cerri,ITA-Serie A,600000.0
Alessandro Deiola,ITA-Serie A,1600000.0
Antonino La Gumina,ITA-Serie A,1100000.0
Edimilson Fernandes,ITA-Serie A,2500000.0
Luca Valzania,ITA-Serie A,500000.0
Antonio Sanabria,ITA-Serie A,7000000.0
Luca Mazzitelli,ITA-Serie A,1400000.0
Stephane Omeonga,ITA-Serie A,400000.0
Guido Guerrieri,ITA-Serie A,50000.0
José Mauri,ITA-Serie A,375000.0
Fabián Ruiz Peña,ITA-Serie A,
Alessandro Deiola,ITA-Serie A,1600000.0
Lorenzo Pellegrini,ITA-Serie A,9000000.0
Patrik Schick,ITA-Serie A,25000000.0
Gabriele Moncini,ITA-Serie A,900000.0
Kevin Bonifazi,ITA-Serie A,300000.0
Lorenco Šimić,ITA-Serie A,
Mohamed Fares,ITA-Serie A,1300000.0
Jakub Jankto,ITA-Serie A,800000.0
Joachim Andersen,ITA-Serie A,25000000.0
Giangiacomo Magnani,ITA-Serie A,3000000.0
Marlon,ITA-Serie A,3000000.0
Mauricio Lemos,ITA-Serie A,1500000.0
Stefano Sensi,ITA-Serie A,1200000.0
Vittorio Parigini,ITA-Serie A,600000.0
Ignacio Pussetto,ITA-Serie A,2500000.0
Simone Scuffet,ITA-Serie A,1000000.0
Arkadiusz Reca,ITA-Serie A,2300000.0
Mario Pašalić,ITA-Serie A,7000000.0
Pierluigi Gollini,ITA-Serie A,800000.0
Federico Mattiello,ITA-Serie A,300000.0
Ibrahima Mbaye,ITA-Serie A,300000.0
Ádám Nagy,ITA-Serie A,1200000.0
Mariusz Stępiński,ITA-Serie A,1500000.0
Paweł Jaroszyński,ITA-Serie A,550000.0
Leonardo Capezzi,ITA-Serie A,350000.0
Giovanni Simeone,ITA-Serie A,5000000.0
Marco Benassi,ITA-Serie A,1200000.0
Marko Pjaca,ITA-Serie A,1700000.0
Andrea Beghetto,ITA-Serie A,300000.0
Luka Krajnc,ITA-Serie A,500000.0
Rai Vloet,ITA-Serie A,350000.0
Stipe Perica,ITA-Serie A,450000.0
Esteban Rolón,ITA-Serie A,300000.0
Koray Günter,ITA-Serie A,700000.0
Krzysztof Piątek,ITA-Serie A,
Keita Baldé,ITA-Serie A,900000.0
Milan Škriniar,ITA-Serie A,11000000.0
Danilo Cataldi,ITA-Serie A,3500000.0
Joaquín Correa,ITA-Serie A,3000000.0
Sergej Milinković-Savić,ITA-Serie A,40000000.0
Thomas Strakosha,ITA-Serie A,2500000.0
Wallace,ITA-Serie A,1500000.0
Alessio Romagnoli,ITA-Serie A,7000000.0
Krzysztof Piątek,ITA-Serie A,
Samu Castillejo,ITA-Serie A,600000.0
Tiemoué Bakayoko,ITA-Serie A,800000.0
Marko Rog,ITA-Serie A,1300000.0
Alberto Grassi,ITA-Serie A,1800000.0
Leo Štulac,ITA-Serie A,
Bryan Cristante,ITA-Serie A,7000000.0
Rick Karsdorp,ITA-Serie A,2500000.0
Andrea Petagna,ITA-Serie A,500000.0
Filippo Costa,ITA-Serie A,350000.0
Francesco Vicari,ITA-Serie A,2500000.0
Marko Janković,ITA-Serie A,
Karol Linetty,ITA-Serie A,1500000.0
Nicola Murru,ITA-Serie A,1000000.0
Domenico Berardi,ITA-Serie A,10000000.0
Álex Berenguer,ITA-Serie A,12000000.0
Antonín Barák,ITA-Serie A,4500000.0
Samir Santos,ITA-Serie A,
Seko Fofana,ITA-Serie A,8000000.0
Ali Adnan Kadhim,ITA-Serie A,
Hans Hateboer,ITA-Serie A,2000000.0
Robin Gosens,ITA-Serie A,6000000.0
Erick Pulgar,ITA-Serie A,6000000.0
Alessio Cragno,ITA-Serie A,1500000.0
Babis Lykogiannis,ITA-Serie A,
Federico Barba,ITA-Serie A,500000.0
Lucas Piazon,ITA-Serie A,
Mattia Bani,ITA-Serie A,2500000.0
Cristian Dell'Orco,ITA-Serie A,500000.0
Giovanni Di Lorenzo,ITA-Serie A,10000000.0
Ivan Provedel,ITA-Serie A,3000000.0
Joel Untersee,ITA-Serie A,500000.0
Miha Zajc,ITA-Serie A,1300000.0
Rade Krunić,ITA-Serie A,
Salih Uçan,ITA-Serie A,1200000.0
Christian Nørgaard,ITA-Serie A,18000000.0
Edoardo Goldaniga,ITA-Serie A,1200000.0
Francesco Zampano,ITA-Serie A,800000.0
Davide Biraschi,ITA-Serie A,900000.0
Iuri Medeiros,ITA-Serie A,6000000.0
Dalbert Henrique,ITA-Serie A,
Matteo Politano,ITA-Serie A,8000000.0
Roberto Gagliardini,ITA-Serie A,1400000.0
Daniele Rugani,ITA-Serie A,2000000.0
Emre Can,ITA-Serie A,6000000.0
Federico Bernardeschi,ITA-Serie A,6000000.0
João Cancelo,ITA-Serie A,25000000.0
Paulo Dybala,ITA-Serie A,5000000.0
Jordan Lukaku,ITA-Serie A,275000.0
Riza Durmisi,ITA-Serie A,300000.0
Andrea Conti,ITA-Serie A,500000.0
Hakan Çalhanoğlu,ITA-Serie A,22000000.0
Suso,ITA-Serie A,4000000.0
Amin Younes,ITA-Serie A,800000.0
Arkadiusz Milik,ITA-Serie A,6000000.0
Elseid Hysaj,ITA-Serie A,2500000.0
Piotr Zieliński,ITA-Serie A,
Amato Ciciretti,ITA-Serie A,400000.0
Alfred Gomis,ITA-Serie A,1000000.0
Manuel Lazzari,ITA-Serie A,2500000.0
Mattia Valoti,ITA-Serie A,600000.0
Alex Ferrari,ITA-Serie A,1000000.0
Dennis Praet,ITA-Serie A,2000000.0
Cristian Dell'Orco,ITA-Serie A,500000.0
Federico Di Francesco,ITA-Serie A,1400000.0
Andrea Belotti,ITA-Serie A,1500000.0
Soualiho Meïté,ITA-Serie A,1800000.0
Juan Musso,ITA-Serie A,5000000.0
Rodrigo De Paul,ITA-Serie A,15000000.0
William Troost-Ekong,ITA-Serie A,1200000.0
Berat Djimsiti,ITA-Serie A,10000000.0
Emiliano Rigoni,ITA-Serie A,3000000.0
Filip Helander,ITA-Serie A,1000000.0
Mitchell Dijks,ITA-Serie A,850000.0
Nehuén Paz,ITA-Serie A,200000.0
Marko Pajač,ITA-Serie A,
Paolo Faragò,ITA-Serie A,700000.0
Freddie Veseli,ITA-Serie A,
Marko Pajač,ITA-Serie A,
Cristiano Biraghi,ITA-Serie A,1400000.0
Jordan Veretout,ITA-Serie A,3500000.0
Lorenzo Crisetig,ITA-Serie A,500000.0
Luca Paganini,ITA-Serie A,225000.0
Marcello Trotta,ITA-Serie A,300000.0
Mirko Gori,ITA-Serie A,175000.0
Raman Chibsah,ITA-Serie A,175000.0
Daniel Bessa,ITA-Serie A,3000000.0
Jandrei,ITA-Serie A,700000.0
Lukas Lerager,ITA-Serie A,3000000.0
Stefano Sturaro,ITA-Serie A,500000.0
João Mário,ITA-Serie A,4000000.0
João Mário,ITA-Serie A,100000.0
Marcelo Brozović,ITA-Serie A,20000000.0
Mauro Icardi,ITA-Serie A,6000000.0
Leonardo Spinazzola,ITA-Serie A,3500000.0
Mattia De Sciglio,ITA-Serie A,1000000.0
Mattia Perin,ITA-Serie A,2000000.0
Adam Marušić,ITA-Serie A,
Luis Alberto,ITA-Serie A,11000000.0
Patric,ITA-Serie A,1500000.0
Valon Berisha,ITA-Serie A,1500000.0
Diego Laxalt,ITA-Serie A,3000000.0
Ricardo Rodríguez,ITA-Serie A,3500000.0
Mattia Sprocati,ITA-Serie A,150000.0
Stephan El Shaarawy,ITA-Serie A,2500000.0
Gianluca Caprari,ITA-Serie A,4000000.0
Omar Colley,ITA-Serie A,1500000.0
Alfred Duncan,ITA-Serie A,4000000.0
Khouma Babacar,ITA-Serie A,200000.0
Marcello Trotta,ITA-Serie A,300000.0
Koffi Djidji,ITA-Serie A,2500000.0
Darwin Machís,ITA-Serie A,450000.0
Kevin Lasagna,ITA-Serie A,950000.0
Remo Freuler,ITA-Serie A,4000000.0
Ladislav Krejčí,ITA-Serie A,
Nicola Sansone,ITA-Serie A,400000.0
Filip Bradarić,ITA-Serie A,
João Pedro,ITA-Serie A,6000000.0
Afriyie Acquah,ITA-Serie A,300000.0
Bryan Dabo,ITA-Serie A,500000.0
Federico Ceccherini,ITA-Serie A,400000.0
Valentin Eysseric,ITA-Serie A,1000000.0
Federico Viviani,ITA-Serie A,250000.0
Francesco Bardi,ITA-Serie A,400000.0
Joel Campbell,ITA-Serie A,1500000.0
Marco Capuano,ITA-Serie A,250000.0
Marco Sportiello,ITA-Serie A,1500000.0
Oscar Hiljemark,ITA-Serie A,1000000.0
Cédric Soares,ITA-Serie A,2000000.0
Matías Vecino,ITA-Serie A,1500000.0
Stefan de Vrij,ITA-Serie A,3500000.0
Šime Vrsaljko,ITA-Serie A,
Nikola Maksimović,ITA-Serie A,450000.0
Simone Verdi,ITA-Serie A,500000.0
Jacopo Dezi,ITA-Serie A,350000.0
Roberto Inglese,ITA-Serie A,750000.0
Bartosz Bereszyński,ITA-Serie A,1300000.0
Jacopo Sala,ITA-Serie A,250000.0
Manolo Gabbiadini,ITA-Serie A,2000000.0
Riccardo Saponara,ITA-Serie A,700000.0
Filip Đuričić,ITA-Serie A,
Gian Marco Ferrari,ITA-Serie A,1400000.0
Mehdi Bourabia,ITA-Serie A,1000000.0
Adem Ljajić,ITA-Serie A,
Armando Izzo,ITA-Serie A,1300000.0
Daniele Baselli,ITA-Serie A,250000.0
Salvador Ichazo,ITA-Serie A,400000.0
Duván Zapata,ITA-Serie A,8000000.0
Francesco Rossi,ITA-Serie A,100000.0
Marten de Roon,ITA-Serie A,7000000.0
Rafael Tolói,ITA-Serie A,2500000.0
Diego Falcinelli,ITA-Serie A,800000.0
Federico Santander,ITA-Serie A,500000.0
Mattia Destro,ITA-Serie A,500000.0
Roberto Soriano,ITA-Serie A,1800000.0
Łukasz Skorupski,ITA-Serie A,
Artur Ioniță,ITA-Serie A,700000.0
Joel Obi,ITA-Serie A,200000.0
Manuel Pucciarelli,ITA-Serie A,150000.0
Nicola Rigoni,ITA-Serie A,200000.0
Alejandro Rodríguez,ITA-Serie A,50000.0
Germán Pezzella,ITA-Serie A,3000000.0
Luis Muriel,ITA-Serie A,2000000.0
Vitor Hugo,ITA-Serie A,1500000.0
Bartosz Salamon,ITA-Serie A,400000.0
Raffaele Maiello,ITA-Serie A,1000000.0
Darko Lazović,ITA-Serie A,1500000.0
Alex Sandro,ITA-Serie A,2000000.0
Douglas Costa,ITA-Serie A,1500000.0
Bastos,ITA-Serie A,1200000.0
Fabio Borini,ITA-Serie A,2200000.0
Mateo Musacchio,ITA-Serie A,400000.0
Allan,ITA-Serie A,5500000.0
Faouzi Ghoulam,ITA-Serie A,300000.0
Kalidou Koulibaly,ITA-Serie A,12000000.0
Kévin Malcuit,ITA-Serie A,400000.0
Lorenzo Insigne,ITA-Serie A,8000000.0
Mário Rui,ITA-Serie A,3500000.0
Luigi Sepe,ITA-Serie A,500000.0
Alessandro Florenzi,ITA-Serie A,2000000.0
Davide Santon,ITA-Serie A,500000.0
Juan Jesus,ITA-Serie A,1500000.0
Kostas Manolas,ITA-Serie A,
Vasco Regini,ITA-Serie A,150000.0
Gastón Ramírez,ITA-Serie A,200000.0
Grégoire Defrel,ITA-Serie A,1000000.0
Roberto Soriano,ITA-Serie A,1800000.0
Simone Zaza,ITA-Serie A,250000.0
Emmanuel Agyemang-Badu,ITA-Serie A,
Jens Stryger Larsen,ITA-Serie A,
Marco D'Alessandro,ITA-Serie A,175000.0
Marvin Zeegelaar,ITA-Serie A,250000.0
Molla Wagué,ITA-Serie A,250000.0
Łukasz Teodorczyk,ITA-Serie A,
José Luis Palomino,ITA-Serie A,550000.0
Andrea Poli,ITA-Serie A,200000.0
Diego Farias,ITA-Serie A,350000.0
Luca Ceppitelli,ITA-Serie A,600000.0
Andrea Seculin,ITA-Serie A,200000.0
Diego Farias,ITA-Serie A,350000.0
Levan Mchedlidze,ITA-Serie A,150000.0
Pietro Terracciano,ITA-Serie A,1000000.0
Pietro Terracciano,ITA-Serie A,1000000.0
Camillo Ciano,ITA-Serie A,350000.0
Nicolò Brighenti,ITA-Serie A,350000.0
Gianluca Lapadula,ITA-Serie A,600000.0
Carlo Pinsoglio,ITA-Serie A,200000.0
Miralem Pjanić,ITA-Serie A,1500000.0
Wojciech Szczęsny,ITA-Serie A,
Ciro Immobile,ITA-Serie A,2000000.0
Giacomo Bonaventura,ITA-Serie A,3000000.0
Vlad Chiricheș,ITA-Serie A,900000.0
Antonio Di Gaudio,ITA-Serie A,175000.0
Riccardo Gagliolo,ITA-Serie A,500000.0
Kevin Strootman,ITA-Serie A,800000.0
Robin Olsen,ITA-Serie A,700000.0
Alberto Paloschi,ITA-Serie A,500000.0
Lorenzo Tonelli,ITA-Serie A,200000.0
Rafael Cabral,ITA-Serie A,550000.0
Iago Falque,ITA-Serie A,250000.0
Nicolas Nkoulou,ITA-Serie A,
Bram Nuytinck,ITA-Serie A,250000.0
Stefano Okaka,ITA-Serie A,1000000.0
Etrit Berisha,ITA-Serie A,500000.0
Leonardo Pavoletti,ITA-Serie A,700000.0
Lucas Castro,ITA-Serie A,350000.0
Ezequiel Schelotto,ITA-Serie A,50000.0
Ivan Radovanović,ITA-Serie A,
Vincent Laurini,ITA-Serie A,150000.0
Lorenzo Ariaudo,ITA-Serie A,200000.0
Ivan Radovanović,ITA-Serie A,
Sandro,ITA-Serie A,200000.0
Danilo D'Ambrosio,ITA-Serie A,700000.0
Ivan Perišić,ITA-Serie A,1300000.0
Kwadwo Asamoah,ITA-Serie A,350000.0
Felipe Caicedo,ITA-Serie A,400000.0
Milan Badelj,ITA-Serie A,800000.0
David Ospina,ITA-Serie A,3000000.0
Javier Pastore,ITA-Serie A,400000.0
Steven Nzonzi,ITA-Serie A,900000.0
Jasmin Kurtić,ITA-Serie A,
Albin Ekdal,ITA-Serie A,800000.0
Sandro,ITA-Serie A,200000.0
Josip Iličić,ITA-Serie A,
Papu Gómez,ITA-Serie A,2000000.0
Giancarlo González,ITA-Serie A,175000.0
Marco Sau,ITA-Serie A,150000.0
Filip Đorđević,ITA-Serie A,
Nenad Tomović,ITA-Serie A,
Francesco Caputo,ITA-Serie A,1000000.0
Kevin Mirallas,ITA-Serie A,350000.0
Danilo Soddimo,ITA-Serie A,75000.0
Andrea Ranocchia,ITA-Serie A,800000.0
Radja Nainggolan,ITA-Serie A,500000.0
Juan Cuadrado,ITA-Serie A,1000000.0
Francesco Acerbi,ITA-Serie A,2500000.0
Gonzalo Higuaín,ITA-Serie A,1000000.0
Antonino Barillà,ITA-Serie A,275000.0
Jonathan Biabiany,ITA-Serie A,400000.0
Luca Siligardi,ITA-Serie A,225000.0
Matteo Scozzarella,ITA-Serie A,200000.0
Diego Perotti,ITA-Serie A,500000.0
Everton Luiz,ITA-Serie A,250000.0
Giacomo Poluzzi,ITA-Serie A,400000.0
Marco Sau,ITA-Serie A,150000.0
Lorenzo De Silvestri,ITA-Serie A,400000.0
Tomás Rincón,ITA-Serie A,800000.0
Sebastien De Maio,ITA-Serie A,200000.0
Daniele Dessena,ITA-Serie A,300000.0
Fabrizio Cacciatore,ITA-Serie A,100000.0
Valter Birsa,ITA-Serie A,400000.0
Fabrizio Cacciatore,ITA-Serie A,100000.0
Përparim Hetemaj,ITA-Serie A,
Valter Birsa,ITA-Serie A,400000.0
Luca Antonelli,ITA-Serie A,100000.0
Federico Dionisi,ITA-Serie A,300000.0
Domenico Criscito,ITA-Serie A,250000.0
Ervin Zukanović,ITA-Serie A,
Rômulo,ITA-Serie A,300000.0
Antonio Candreva,ITA-Serie A,1000000.0
Blaise Matuidi,ITA-Serie A,500000.0
Leonardo Bonucci,ITA-Serie A,1000000.0
Martín Cáceres,ITA-Serie A,250000.0
Medhi Benatia,ITA-Serie A,2500000.0
Sami Khedira,ITA-Serie A,2000000.0
Lucas Leiva,ITA-Serie A,800000.0
Martín Cáceres,ITA-Serie A,250000.0
Rômulo,ITA-Serie A,300000.0
Ștefan Radu,ITA-Serie A,
Cristián Zapata,ITA-Serie A,
Ignazio Abate,ITA-Serie A,400000.0
Dries Mertens,ITA-Serie A,1800000.0
José Callejón,ITA-Serie A,800000.0
Marek Hamšík,ITA-Serie A,
Fabio Ceravolo,ITA-Serie A,150000.0
Gervinho,ITA-Serie A,300000.0
Juraj Kucka,ITA-Serie A,1200000.0
Simone Iacoponi,ITA-Serie A,75000.0
Federico Fazio,ITA-Serie A,400000.0
Iván Marcano,ITA-Serie A,200000.0
Johan Djourou,ITA-Serie A,200000.0
Pasquale Schiattarella,ITA-Serie A,350000.0
Andrea Consigli,ITA-Serie A,800000.0
Kevin-Prince Boateng,ITA-Serie A,700000.0
Cristian Ansaldi,ITA-Serie A,400000.0
Salvatore Sirigu,ITA-Serie A,275000.0
Sebastien De Maio,ITA-Serie A,200000.0
Andrea Masiello,ITA-Serie A,400000.0
Blerim Džemaili,ITA-Serie A,
Fabio Pisacane,ITA-Serie A,300000.0
Luca Cigarini,ITA-Serie A,300000.0
Marco Andreolli,ITA-Serie A,500000.0
Ragnar Klavan,ITA-Serie A,50000.0
Marco Andreolli,ITA-Serie A,500000.0
Riccardo Meggiorini,ITA-Serie A,250000.0
Miguel Veloso,ITA-Serie A,500000.0
Mario Mandžukić,ITA-Serie A,
Senad Lulić,ITA-Serie A,
Lucas Biglia,ITA-Serie A,250000.0
Raúl Albiol,ITA-Serie A,800000.0
Pierluigi Frattali,ITA-Serie A,100000.0
Aleksandar Kolarov,ITA-Serie A,500000.0
Edin Džeko,ITA-Serie A,
Emiliano Viviano,ITA-Serie A,300000.0
Mirko Valdifiori,ITA-Serie A,100000.0
Simone Missiroli,ITA-Serie A,300000.0
Thiago Cionek,ITA-Serie A,200000.0
Emanuele Giaccherini,ITA-Serie A,75000.0
Luca Rossettini,ITA-Serie A,400000.0
Matías Silvestre,ITA-Serie A,100000.0
Daniel Ciofani,ITA-Serie A,200000.0
Borja Valero,ITA-Serie A,900000.0
Miranda,ITA-Serie A,250000.0
Cristiano Ronaldo,ITA-Serie A,15000000.0
Giorgio Chiellini,ITA-Serie A,1000000.0
Marco Parolo,ITA-Serie A,1000000.0
Orestis Karnezis,ITA-Serie A,500000.0
Luca Rigoni,ITA-Serie A,150000.0
Marcello Gazzola,ITA-Serie A,150000.0
Mirco Antenucci,ITA-Serie A,300000.0
Alessandro Matri,ITA-Serie A,300000.0
Francesco Magnanelli,ITA-Serie A,400000.0
Valon Behrami,ITA-Serie A,300000.0
Danilo Larangeira,ITA-Serie A,
Simone Padoin,ITA-Serie A,325000.0
Nicolas Frey,ITA-Serie A,100000.0
Emil Hallfreðsson,ITA-Serie A,
Samir Handanović,ITA-Serie A,
Felipe dal Belo,ITA-Serie A,
Édgar Barreto,ITA-Serie A,250000.0
Federico Peluso,ITA-Serie A,300000.0
Emil Hallfreðsson,ITA-Serie A,
Cyril Théréau,ITA-Serie A,200000.0
Domenico Maietta,ITA-Serie A,300000.0
Cyril Théréau,ITA-Serie A,200000.0
Cristian Molinaro,ITA-Serie A,250000.0
Paolo Sammarco,ITA-Serie A,75000.0
Federico Marchetti,ITA-Serie A,50000.0
Goran Pandev,ITA-Serie A,400000.0
Nicolás Spolli,ITA-Serie A,200000.0
Silvio Proto,ITA-Serie A,100000.0
Pepe Reina,ITA-Serie A,600000.0
Gianni Munari,ITA-Serie A,100000.0
Antonio Mirante,ITA-Serie A,100000.0
Daniele De Rossi,ITA-Serie A,1000000.0
Fabio Quagliarella,ITA-Serie A,500000.0
Rodrigo Palacio,ITA-Serie A,300000.0
Darijo Srna,ITA-Serie A,800000.0
Boštjan Cesar,ITA-Serie A,
Manuel Pasqual,ITA-Serie A,300000.0
Bruno Alves,ITA-Serie A,100000.0
Sergio Floccari,ITA-Serie A,100000.0
Matteo Brighi,ITA-Serie A,200000.0
Andrea Barzagli,ITA-Serie A,1000000.0
Massimo Gobbi,ITA-Serie A,300000.0
Gianluca Pegolo,ITA-Serie A,100000.0
Emiliano Moretti,ITA-Serie A,500000.0
Sergio Pellissier,ITA-Serie A,200000.0
Stefano Sorrentino,ITA-Serie A,500000.0
Simon Asta,,1500000.0
Alphonso Davies,,50000000.0
Rabbi Matondo,,3000000.0
Antonis Aidonis,,300000.0
Leon Dajaku,,800000.0
Jeong Woo-yeong,,
Jadon Sancho,,20000000.0
Obite N'Dicka,,
Nico Schlotterbeck,,55000000.0
Jordan Beyer,,13000000.0
Mickaël Cuisance,,
Sebastian Soto,,350000.0
Dennis Jastrzembski,,500000.0
Alfonso,,
Christoph Baumgartner,,18000000.0
Reiss Nelson,,15000000.0
Paulinho,,10000000.0
Jonathan Burkardt,,35000000.0
Leandro Barreiro Martins,,
Emile Smith Rowe,,22000000.0
Ahmed Kutucu,,4000000.0
Ozan Kabak,,5000000.0
Josh Sargent,,12000000.0
Luca Plogmann,,400000.0
John Yeboah,,1500000.0
Jozo Stanić,,
Kevin Danso,,22000000.0
Reece Oxford,,450000.0
Meritan Shabani,,300000.0
Achraf Hakimi,,80000000.0
Christian Pulisic,,60000000.0
Dan-Axel Zagadou,,2000000.0
Jacob Bruun Larsen,,5000000.0
Davor Lovren,,25000.0
Benjamin Hadžić,,
Linton Maina,,3000000.0
Arne Maier,,2000000.0
Florian Baak,,100000.0
Palkó Dárdai,,800000.0
David Otto,,500000.0
Kai Havertz,,55000000.0
Abass Issah,,
Ahmet Gürleyen,,500000.0
Kevin Goden,,125000.0
Timothy Tillman,,1500000.0
Dayot Upamecano,,70000000.0
Ibrahima Konaté,,45000000.0
Matheus Cunha,,45000000.0
Tyler Adams,,25000000.0
Nassim Boujellab,,400000.0
Weston McKennie,,22000000.0
Hans Nunoo Sarpei,,
Gian-Luca Itter,,
Felix Götze,,400000.0
Fredrik Jensen,,3000000.0
Gregor Kobel,,40000000.0
Marco Richter,,1500000.0
Sergio Córdova,,1500000.0
Renato Sanches,,2500000.0
Aymen Barkok,,450000.0
Dodi Lukebakio,,
Luka Jović,,6000000.0
Christoph Daferner,,800000.0
László Bénes,,3000000.0
Florent Muslija,,1800000.0
Javairô Dilrosun,,4000000.0
Jordan Torunarigha,,4000000.0
Dennis Geiger,,1500000.0
Gregor Kobel,,40000000.0
Justin Hoogma,,500000.0
Leon Bailey,,18000000.0
Florian Müller,,1200000.0
Ridle Baku,,7000000.0
Simon Rhein,,600000.0
Törles Knöll,,450000.0
Amadou Haidara,,20000000.0
Marcelo Saracchi,,1500000.0
Nordi Mukiele,,15000000.0
Haji Wright,,7000000.0
Hamza Mendyl,,900000.0
Berkay Özcan,,1800000.0
Borna Sosa,,4000000.0
Nicolás González,,
Johannes Eggestein,,800000.0
Marco Friedl,,12000000.0
Elvis Rexhbeçaj,,
Josip Brekalo,,2500000.0
Ohis Felix Uduokhai,,
Dawid Kownacki,,2000000.0
Allan,,7000000.0
Chima Okoroji,,1000000.0
Keven Schlotterbeck,,6000000.0
Patrick Kammerbauer,,200000.0
Roland Sallai,,10000000.0
Denis Zakaria,,25000000.0
Florian Neuhaus,,3500000.0
Nico Elvedi,,8000000.0
Noah Joel Sarenren Bazee,,500000.0
Maximilian Mittelstädt,,18000000.0
Joelinton,,30000000.0
Nadiem Amiri,,17000000.0
Stefan Posch,,14000000.0
Benjamin Henrichs,,20000000.0
Aarón Martín,,5000000.0
Jean-Philippe Mateta,,40000000.0
Alexander Fuchs,,150000.0
Eduard Löwen,,4500000.0
Lukas Mühl,,1500000.0
Jean-Kévin Augustin,,1000000.0
Konrad Laimer,,32000000.0
Alexander Nübel,,12000000.0
Amine Harit,,15000000.0
Breel Embolo,,12000000.0
Cedric Teuchert,,2000000.0
George Timotheou,,250000.0
Jonas Carls,,275000.0
Suat Serdar,,4500000.0
Anastasios Donis,,700000.0
Pablo Maffeo,,5000000.0
Santiago Ascacíbar,,5500000.0
Maximilian Eggestein,,10000000.0
Raphael Framberger,,600000.0
Kingsley Coman,,22000000.0
Niklas Süle,,5000000.0
Abdou Diallo,,9000000.0
Julian Weigl,,5000000.0
Mahmoud Dahoud,,2000000.0
Robin Bormuth,,800000.0
Almamy Touré,,2000000.0
Marc Stendera,,225000.0
Luca Waldschmidt,,2500000.0
Pascal Stenzel,,1200000.0
Philipp Lienhart,,12000000.0
Robin Koch,,15000000.0
Tim Kleindienst,,12000000.0
Iver Fossum,,450000.0
Tim Dierßen,,25000.0
Waldemar Anton,,18000000.0
Lukas Klünter,,500000.0
Marko Grujić,,3000000.0
Pascal Köpke,,350000.0
Valentino Lazaro,,3500000.0
Florian Grillitsch,,2000000.0
Jonathan Tah,,30000000.0
Julian Brandt,,20000000.0
Tin Jedvaj,,2500000.0
Jean-Philippe Gbamin,,4000000.0
Levin Öztunalı,,
Moussa Niakhate,,
Matheus Pereira,,7000000.0
Lukas Klostermann,,3500000.0
Timo Werner,,17000000.0
Benjamin Pavard,,20000000.0
Timo Baumgartl,,1800000.0
Milot Rashica,,4000000.0
Miloš Veljković,,
Corentin Tolisso,,5000000.0
Joshua Kimmich,,40000000.0
Leon Goretzka,,15000000.0
Serge Gnabry,,20000000.0
Manuel Akanji,,22000000.0
Marius Wolf,,2500000.0
Benito Raman,,1300000.0
Kaan Ayhan,,4700000.0
Gonçalo Paciência,,1500000.0
Mijat Gaćinović,,
Hendrik Weydandt,,450000.0
Kevin Akpoguma,,2000000.0
Takuma Asano,,1800000.0
Walace,,6000000.0
Davie Selke,,2800000.0
Derrick Luckassen,,1200000.0
Karim Rekik,,4000000.0
Niklas Stark,,3500000.0
Ondrej Duda,,3200000.0
Kasim Nuhu,,
Kevin Akpoguma,,2000000.0
Gerrit Holtmann,,700000.0
Pierre Kunde,,1500000.0
Robin Zentner,,3000000.0
Fabian Bredlow,,800000.0
Federico Palacios Martínez,,
Patrick Erras,,300000.0
Robert Bauer,,800000.0
Bruma,,5000000.0
Nabil Bentaleb,,5000000.0
Chadrac Akolo,,500000.0
Erik Thommy,,2000000.0
Marc-Oliver Kempf,,
William,,2000000.0
Kostas Stafylidis,,
Michael Gregoritsch,,1500000.0
Philipp Max,,700000.0
Rani Khedira,,2000000.0
Maximilian Philipp,,600000.0
Paco Alcácer,,7000000.0
Raphaël Guerreiro,,12000000.0
Jean Zimmer,,600000.0
Kenan Karaman,,1400000.0
Kevin Stöger,,3000000.0
Marcel Sobottka,,1200000.0
Marvin Ducksch,,2000000.0
Ante Rebić,,2200000.0
Carlos Salcedo,,4000000.0
Jetro Willems,,400000.0
Lucas Torró,,2800000.0
Sébastien Haller,,2000000.0
Dominique Heintz,,800000.0
Janik Haberer,,2500000.0
Lucas Höler,,4000000.0
Matthias Ginter,,6000000.0
Ihlas Bebou,,800000.0
Josip Elez,,850000.0
Joshua Brenet,,3500000.0
Leonardo Bittencourt,,1200000.0
Dominik Kohr,,2000000.0
Mitchell Weiser,,3500000.0
Alexander Hack,,2200000.0
Jean-Paul Boëtius,,1200000.0
Phillipp Mwene,,1500000.0
Robin Quaison,,800000.0
Adam Zreľák,,
Lukas Jäger,,450000.0
Sebastian Kerk,,700000.0
Tim Leibold,,1000000.0
Yuya Kubo,,400000.0
Marcel Sabitzer,,7000000.0
Yussuf Poulsen,,6000000.0
Yvon Mvogo,,3000000.0
Alessandro Schöpf,,1800000.0
Baba Rahman,,
Ludwig Augustinsson,,2000000.0
Stefanos Kapino,,400000.0
Maximilian Arnold,,4500000.0
Yannick Gerhardt,,2000000.0
Martin Hinteregger,,9000000.0
André Hoffmann,,
Branimir Hrgota,,1300000.0
Danny da Costa,,1200000.0
Filip Kostić,,6500000.0
Frederik Rønnow,,
Martin Hinteregger,,9000000.0
Christian Günter,,2000000.0
Lukas Kübler,,1500000.0
Mark Flekken,,8000000.0
Vincenzo Grifo,,5000000.0
Alassane Pléa,,3000000.0
Josip Drmić,,
Thorgan Hazard,,2500000.0
Bobby Wood,,800000.0
Kevin Wimmer,,500000.0
Niclas Füllkrug,,8000000.0
Samuel Şahin-Radlinger,,
Uffe Bech,,100000.0
Kerem Demirbay,,1500000.0
Nico Schulz,,800000.0
Vincenzo Grifo,,5000000.0
Lucas Alario,,1500000.0
Wendell,,2500000.0
Edgar Salli,,250000.0
Mikael Ishak,,1800000.0
Virgil Misidjan,,3000000.0
Willi Orban,,
Matija Nastasić,,1500000.0
Omar Mascarell,,800000.0
Steven Skrzybski,,1300000.0
Davy Klaassen,,2500000.0
Florian Kainz,,2500000.0
Kevin Möhwald,,400000.0
Felix Klaus,,800000.0
John Brooks,,2000000.0
Jérôme Roussillon,,600000.0
Marcel Tisserand,,2800000.0
Wout Weghorst,,3500000.0
David Alaba,,20000000.0
Mario Götze,,3500000.0
Thomas Delaney,,800000.0
Marcin Kamiński,,700000.0
Matthias Zimmermann,,800000.0
Niko Gießelmann,,1000000.0
Takashi Usami,,700000.0
Simon Falette,,100000.0
Taleb Tawatha,,250000.0
Alexander Schwolow,,450000.0
Jonas Hofmann,,2000000.0
Julian Korb,,200000.0
Marvin Plattenhardt,,800000.0
Ishak Belfodil,,1700000.0
Kevin Vogt,,400000.0
Pavel Kadeřábek,,
Steven Zuber,,800000.0
Isaac Kiese Thelin,,2200000.0
Kevin Volland,,500000.0
Karim Onisiwo,,500000.0
Stefan Bell,,600000.0
Christian Mathenia,,600000.0
Ondřej Petrák,,
Diego Demme,,800000.0
Emil Forsberg,,5000000.0
Marcel Halstenberg,,2500000.0
Jeffrey Bruma,,250000.0
Mark Uth,,1000000.0
Steven Zuber,,800000.0
Jiří Pavlenka,,
Koen Casteels,,6000000.0
Renato Steffen,,1000000.0
Robin Knoche,,2500000.0
Yunus Mallı,,100000.0
André Hahn,,800000.0
Georg Teigl,,150000.0
Jeffrey Gouweleeuw,,1000000.0
Ji Dong-won,,
James Rodríguez,,6000000.0
Thiago Alcántara,,10000000.0
Roman Bürki,,2500000.0
Danny Blum,,250000.0
Sebastian Rode,,1000000.0
Florian Niederlechner,,600000.0
Manuel Gulde,,400000.0
Marco Terrazzino,,150000.0
Christoph Kramer,,1700000.0
Michael Lang,,200000.0
Patrick Herrmann,,1000000.0
Genki Haraguchi,,500000.0
Miiko Albornoz,,50000.0
Mathew Leckie,,700000.0
Vladimír Darida,,400000.0
Andrej Kramarić,,
Lukas Rupp,,350000.0
Aleksandar Dragović,,
Anthony Ujah,,750000.0
Gaëtan Bussmann,,250000.0
Kevin Kampl,,3500000.0
Benjamin Stambouli,,700000.0
Salif Sané,,300000.0
Aron Jóhannsson,,400000.0
Admir Mehmedi,,225000.0
Daniel Ginczek,,500000.0
Josuha Guilavogui,,700000.0
Fabian Giefer,,100000.0
Jan Morávek,,
Jonathan Schmid,,600000.0
Thomas Müller,,5000000.0
Alfredo Morales,,500000.0
Kevin Trapp,,2000000.0
Timothy Chandler,,350000.0
Amir Abrashi,,200000.0
Nicolas Höfler,,500000.0
Yoric Ravet,,600000.0
Tobias Strobl,,500000.0
Tony Jantschke,,400000.0
Edgar Prib,,150000.0
Marvin Bakalorz,,200000.0
Matthias Ostrzolek,,150000.0
Oliver Sorg,,175000.0
Ermin Bičakčić,,
Håvard Nordtveit,,
Oliver Baumann,,3000000.0
Karim Bellarabi,,1000000.0
Lukáš Hrádecký,,
Alexandru Maxim,,500000.0
Danny Latza,,500000.0
Giulio Donati,,300000.0
Hanno Behrens,,250000.0
Péter Gulácsi,,2000000.0
Sebastian Rudy,,1000000.0
Yevhen Konoplyanka,,
Alexander Esswein,,300000.0
Daniel Didavi,,200000.0
Yuya Osako,,900000.0
Ignacio Camacho,,1000000.0
Sebastian Jung,,300000.0
Alfreð Finnbogason,,
Julian Schieber,,
Koo Ja-cheol,,
Javi Martínez,,1500000.0
Jérôme Boateng,,400000.0
Mats Hummels,,2000000.0
Robert Lewandowski,,15000000.0
Sven Ulreich,,700000.0
Axel Witsel,,1400000.0
Marco Reus,,5000000.0
Shinji Kagawa,,700000.0
Ömer Toprak,,300000.0
Marco Fabián,,400000.0
Nils Petersen,,1500000.0
Lars Stindl,,1000000.0
Yann Sommer,,2500000.0
Jonathas,,300000.0
Benjamin Hübner,,700000.0
Charles Aránguiz,,3000000.0
Lars Bender,,5500000.0
Sven Bender,,5500000.0
Enrico Valentini,,300000.0
Ewerton,,250000.0
Georg Margreitter,,100000.0
Stefan Ilsanker,,300000.0
Bastian Oczipka,,300000.0
Franco Di Santo,,350000.0
Guido Burgstaller,,1000000.0
Ralf Fährmann,,400000.0
Emiliano Insúa,,300000.0
Holger Badstuber,,150000.0
Ron-Robert Zieler,,700000.0
Nuri Şahin,,
Philipp Bargfrede,,150000.0
Caiuby,,75000.0
Sandro Wagner,,1600000.0
Marcel Schmelzer,,500000.0
Marwin Hitz,,200000.0
Rouwen Hennings,,300000.0
Jonathan de Guzmán,,50000.0
Nicolai Müller,,200000.0
Jérôme Gondorf,,400000.0
Fabian Johnson,,250000.0
Ibrahima Traoré,,600000.0
Michael Esser,,300000.0
Nicolai Müller,,200000.0
Fabian Lustenberger,,100000.0
Thomas Kraft,,600000.0
Ádám Szalai,,200000.0
Julian Baumgartlinger,,400000.0
Daniel Brosinski,,300000.0
Pablo de Blasis,,350000.0
Daniel Caligiuri,,400000.0
Max Kruse,,500000.0
Sebastian Langkamp,,500000.0
Pavao Pervan,,300000.0
Andreas Luthe,,300000.0
Markus Suttner,,400000.0
Gelson Fernandes,,1200000.0
Mike Frantz,,150000.0
Felipe,,
Pirmin Schwegler,,800000.0
Per Ciljan Skjelbred,,150000.0
Peter Pekarík,,500000.0
Niko Bungert,,200000.0
Ivo Iličević,,
Andreas Beck,,200000.0
Dennis Aogo,,475000.0
Gonzalo Castro,,500000.0
Fin Bartels,,300000.0
Martin Harnik,,800000.0
Theodor Gebre Selassie,,300000.0
Manuel Neuer,,4000000.0
Rafinha,,200000.0
Adam Bodzek,,175000.0
David Abraham,,1000000.0
Marco Russ,,400000.0
Oscar Wendt,,400000.0
Philipp Tschauner,,300000.0
Salomon Kalou,,150000.0
Christian Gentner,,100000.0
Niklas Moisander,,300000.0
Jakub Błaszczykowski,,
Christoph Janker,,100000.0
Jan-Ingwer Callsen-Bracker,,100000.0
Łukasz Piszczek,,
Raffael,,75000.0
Rune Jarstein,,300000.0
Vedad Ibišević,,
Mario Gómez,,800000.0
Daniel Baier,,400000.0
Arjen Robben,,200000.0
Michael Rensing,,300000.0
Makoto Hasebe,,500000.0
Ramazan Özcan,,300000.0
Paul Verhaegh,,250000.0
Franck Ribéry,,1000000.0
Naldo,,250000.0
Sascha Riether,,300000.0
Oliver Fink,,100000.0
Jaroslav Drobný,,
Claudio Pizarro,,400000.0
Harvey Elliott,ENG-Premier League,30000000.0
Bukayo Saka,ENG-Premier League,130000000.0
Max Thompson,ENG-Premier League,
Armando Broja,ENG-Premier League,22000000.0
Faustino Anjorin,ENG-Premier League,
Brandon Pierrick,ENG-Premier League,200000.0
Jarrad Branthwaite,ENG-Premier League,45000000.0
Tommy Doyle,ENG-Premier League,8000000.0
Mason Greenwood,ENG-Premier League,50000000.0
Josh Martin,ENG-Premier League,500000.0
Troy Parrott,ENG-Premier League,4500000.0
João Pedro,ENG-Premier League,65000000.0
Gabriel Martinelli,ENG-Premier League,45000000.0
Indiana Vassilev,ENG-Premier League,1500000.0
Tariq Lamptey,ENG-Premier League,8000000.0
Billy Gilmour,ENG-Premier League,20000000.0
Callum Hudson-Odoi,ENG-Premier League,30000000.0
Tariq Lamptey,ENG-Premier League,8000000.0
Anthony Gordon,ENG-Premier League,60000000.0
Luke Thomas,ENG-Premier League,6000000.0
Curtis Jones,ENG-Premier League,40000000.0
Neco Williams,ENG-Premier League,17000000.0
Eric García,ENG-Premier League,20000000.0
Angel Gomes,ENG-Premier League,18000000.0
Brandon Williams,ENG-Premier League,2500000.0
James Garner,ENG-Premier League,25000000.0
Adam Idah,ENG-Premier League,7000000.0
Jordan Thomas,ENG-Premier League,
Oliver Skipp,ENG-Premier League,7000000.0
Jeremy Ngakia,ENG-Premier League,2200000.0
Emile Smith Rowe,ENG-Premier League,22000000.0
Joe Willock,ENG-Premier League,16000000.0
Reiss Nelson,ENG-Premier League,15000000.0
Aaron Connolly,ENG-Premier League,3500000.0
Dwight McNeil,ENG-Premier League,20000000.0
Reece James,ENG-Premier League,50000000.0
Tyrick Mitchell,ENG-Premier League,25000000.0
Moise Kean,ENG-Premier League,45000000.0
Phil Foden,ENG-Premier League,150000000.0
Tahith Chong,ENG-Premier League,6000000.0
Kelland Watts,ENG-Premier League,
Matthew Longstaff,ENG-Premier League,
Max Aarons,ENG-Premier League,4000000.0
Jake Vokins,ENG-Premier League,300000.0
Michael Obafemi,ENG-Premier League,2200000.0
William Smallbone,ENG-Premier League,
Ryan Sessegnon,ENG-Premier League,20000000.0
Domingos Quina,ENG-Premier League,1500000.0
Ben Johnson,ENG-Premier League,7000000.0
Morgan Gibbs-White,ENG-Premier League,65000000.0
Pedro Neto,ENG-Premier League,60000000.0
Eddie Nketiah,ENG-Premier League,16000000.0
Mattéo Guendouzi,ENG-Premier League,25000000.0
Lloyd Kelly,ENG-Premier League,20000000.0
Mark Travers,ENG-Premier League,4000000.0
Alexis Mac Allister,ENG-Premier League,85000000.0
Steven Alzate,ENG-Premier League,4000000.0
Christian Pulisic,ENG-Premier League,60000000.0
Mason Mount,ENG-Premier League,32000000.0
George Hirst,ENG-Premier League,8000000.0
Trent Alexander-Arnold,ENG-Premier League,70000000.0
Diogo Dalot,ENG-Premier League,28000000.0
Akin Famewo,ENG-Premier League,300000.0
Kevin Danso,ENG-Premier League,22000000.0
Nathan Tella,ENG-Premier League,15000000.0
Yan Valery,ENG-Premier League,2000000.0
Gedson Fernandes,ENG-Premier League,18000000.0
Japhet Tanganga,ENG-Premier League,1800000.0
Declan Rice,ENG-Premier League,120000000.0
Bruno Jordão,ENG-Premier League,700000.0
Rúben Vinagre,ENG-Premier League,2400000.0
Ainsley Maitland-Niles,ENG-Premier League,9000000.0
Douglas Luiz,ENG-Premier League,25000000.0
Ezri Konsa,ENG-Premier League,35000000.0
Keinan Davis,ENG-Premier League,4000000.0
Aaron Ramsdale,ENG-Premier League,12000000.0
Chris Mepham,ENG-Premier League,3500000.0
Dominic Solanke,ENG-Premier League,40000000.0
Sam Surridge,ENG-Premier League,5500000.0
Fikayo Tomori,ENG-Premier League,40000000.0
Tammy Abraham,ENG-Premier League,14000000.0
Tom Davies,ENG-Premier League,5000000.0
Hamza Choudhury,ENG-Premier League,5000000.0
Harvey Barnes,ENG-Premier League,32000000.0
James Justin,ENG-Premier League,12000000.0
Aaron Wan-Bissaka,ENG-Premier League,22000000.0
Axel Tuanzebe,ENG-Premier League,5000000.0
Daniel James,ENG-Premier League,12000000.0
Marcus Rashford,ENG-Premier League,40000000.0
Timothy Fosu-Mensah,ENG-Premier League,800000.0
Sean Longstaff,ENG-Premier League,18000000.0
Ben Godfrey,ENG-Premier League,10000000.0
Jamal Lewis,ENG-Premier League,2000000.0
Todd Cantwell,ENG-Premier League,8500000.0
Sander Berge,ENG-Premier League,25000000.0
Moussa Djenepo,ENG-Premier League,1200000.0
Juan Foyth,ENG-Premier League,15000000.0
Steven Bergwijn,ENG-Premier League,12000000.0
Ismaila Sarr,ENG-Premier League,
Nathan Holland,ENG-Premier League,300000.0
Patrick Cutrone,ENG-Premier League,5000000.0
Dani Ceballos,ENG-Premier League,6000000.0
Kieran Tierney,ENG-Premier League,8000000.0
Wesley Moraes,ENG-Premier League,2500000.0
Arnaut Danjuma,ENG-Premier League,13000000.0
David Brooks,ENG-Premier League,12000000.0
Harry Wilson,ENG-Premier League,20000000.0
Jack Simpson,ENG-Premier League,600000.0
Lewis Cook,ENG-Premier League,13000000.0
Neal Maupay,ENG-Premier League,12000000.0
Yves Bissouma,ENG-Premier League,15000000.0
Jaïro Riedewald,ENG-Premier League,1200000.0
Dominic Calvert-Lewin,ENG-Premier League,15000000.0
Mason Holgate,ENG-Premier League,3000000.0
Richarlison,ENG-Premier League,28000000.0
Ben Chilwell,ENG-Premier League,12000000.0
James Maddison,ENG-Premier League,30000000.0
Kelechi Iheanacho,ENG-Premier League,18000000.0
Wilfred Ndidi,ENG-Premier League,10000000.0
Youri Tielemans,ENG-Premier League,35000000.0
Joe Gomez,ENG-Premier League,15000000.0
Angeliño,ENG-Premier League,17000000.0
Gabriel Jesus,ENG-Premier League,20000000.0
Oleksandr Zinchenko,ENG-Premier League,15000000.0
Scott McTominay,ENG-Premier League,45000000.0
Allan Saint-Maximin,ENG-Premier League,24000000.0
Joelinton,ENG-Premier League,30000000.0
Emi Buendía,ENG-Premier League,
Patrick Roberts,ENG-Premier League,3200000.0
Dean Henderson,ENG-Premier League,28000000.0
Richairo Živković,ENG-Premier League,
Kyle Walker-Peters,ENG-Premier League,13000000.0
Kyle Walker-Peters,ENG-Premier League,13000000.0
Tanguy Ndombele,ENG-Premier League,
Albian Ajeti,ENG-Premier League,300000.0
Issa Diop,ENG-Premier League,10000000.0
Jarrod Bowen,ENG-Premier League,35000000.0
Diogo Jota,ENG-Premier League,40000000.0
Jesús Vallejo,ENG-Premier League,1000000.0
Max Kilman,ENG-Premier League,
Rúben Neves,ENG-Premier League,40000000.0
Lucas Torreira,ENG-Premier League,15000000.0
Rob Holding,ENG-Premier League,3000000.0
Jack Grealish,ENG-Premier League,25000000.0
Matt Targett,ENG-Premier League,3500000.0
Jack Stacey,ENG-Premier League,2200000.0
Jordon Ibe,ENG-Premier League,300000.0
Philip Billing,ENG-Premier League,7000000.0
Josh Brownhill,ENG-Premier League,15000000.0
Andreas Christensen,ENG-Premier League,40000000.0
Ruben Loftus-Cheek,ENG-Premier League,25000000.0
Max Meyer,ENG-Premier League,3000000.0
Alex Iwobi,ENG-Premier League,25000000.0
Jean-Philippe Gbamin,ENG-Premier League,4000000.0
Demarai Gray,ENG-Premier League,12000000.0
Çağlar Söyüncü,ENG-Premier League,6000000.0
Leroy Sané,ENG-Premier League,23000000.0
Rodri,ENG-Premier League,75000000.0
Andreas Pereira,ENG-Premier League,15000000.0
Anthony Martial,ENG-Premier League,6000000.0
Valentino Lazaro,ENG-Premier League,3500000.0
Lys Mousset,ENG-Premier League,350000.0
Oliver McBurnie,ENG-Premier League,
Angus Gunn,ENG-Premier League,2500000.0
Che Adams,ENG-Premier League,
Jan Bednarek,ENG-Premier League,11000000.0
Pierre Højbjerg,ENG-Premier League,
Davinson Sánchez,ENG-Premier League,18000000.0
Dele Alli,ENG-Premier League,1500000.0
Giovani Lo Celso,ENG-Premier League,16000000.0
Harry Winks,ENG-Premier League,7000000.0
Ignacio Pussetto,ENG-Premier League,2500000.0
Isaac Success,ENG-Premier League,2500000.0
Pablo Fornals,ENG-Premier League,14000000.0
Adama Traoré,ENG-Premier League,8000000.0
Daniel Podence,ENG-Premier League,5000000.0
Calum Chambers,ENG-Premier League,4000000.0
Héctor Bellerín,ENG-Premier League,4000000.0
Nicolas Pépé,ENG-Premier League,8500000.0
Anwar El Ghazi,ENG-Premier League,2500000.0
Björn Engels,ENG-Premier League,100000.0
Frederic Guilbert,ENG-Premier League,
John McGinn,ENG-Premier League,15000000.0
Kortney Hause,ENG-Premier League,800000.0
Trézéguet,ENG-Premier League,
Jefferson Lerma,ENG-Premier League,8000000.0
Nathan Aké,ENG-Premier League,18000000.0
Adam Webster,ENG-Premier League,7000000.0
Bernardo,ENG-Premier League,5000000.0
Leandro Trossard,ENG-Premier League,20000000.0
Emerson Palmieri,ENG-Premier League,
Kepa Arrizabalaga,ENG-Premier League,7000000.0
Kurt Zouma,ENG-Premier League,25000000.0
Yerry Mina,ENG-Premier League,3000000.0
Divock Origi,ENG-Premier League,5000000.0
Naby Keïta,ENG-Premier League,2000000.0
Takumi Minamino,ENG-Premier League,12000000.0
Bernardo Silva,ENG-Premier League,27000000.0
Raheem Sterling,ENG-Premier League,5000000.0
Bruno Fernandes,ENG-Premier League,40000000.0
Luke Shaw,ENG-Premier League,10000000.0
Emil Krafth,ENG-Premier League,1500000.0
Isaac Hayden,ENG-Premier League,600000.0
Nabil Bentaleb,ENG-Premier League,5000000.0
Ondrej Duda,ENG-Premier League,3200000.0
Ben Osborn,ENG-Premier League,1000000.0
Callum Robinson,ENG-Premier League,3000000.0
James Ward-Prowse,ENG-Premier League,6000000.0
Georges-Kévin N'Koudou,ENG-Premier League,
Nathaniel Chalobah,ENG-Premier League,1800000.0
Will Hughes,ENG-Premier League,6000000.0
Tomáš Souček,ENG-Premier League,12000000.0
Leander Dendoncker,ENG-Premier League,4000000.0
Pablo Marí,ENG-Premier League,2500000.0
Marvelous Nakamba,ENG-Premier League,5000000.0
Ryan Fraser,ENG-Premier League,1800000.0
Alireza Jahanbakhsh,ENG-Premier League,3000000.0
Jürgen Locadia,ENG-Premier League,1800000.0
Solly March,ENG-Premier League,3000000.0
Charlie Taylor,ENG-Premier League,2000000.0
Mateo Kovačić,ENG-Premier League,
Michy Batshuayi,ENG-Premier League,3000000.0
Ross Barkley,ENG-Premier League,5000000.0
Víctor Camarasa,ENG-Premier League,800000.0
Jordan Pickford,ENG-Premier League,15000000.0
Dennis Praet,ENG-Premier League,2000000.0
Ricardo Pereira,ENG-Premier League,3000000.0
Alex Oxlade-Chamberlain,ENG-Premier League,1500000.0
Andrew Robertson,ENG-Premier League,30000000.0
Fabinho,ENG-Premier League,38000000.0
Aymeric Laporte,ENG-Premier League,20000000.0
Benjamin Mendy,ENG-Premier League,2000000.0
Ederson,ENG-Premier League,15000000.0
John Stones,ENG-Premier League,18000000.0
João Cancelo,ENG-Premier League,25000000.0
Eric Bailly,ENG-Premier League,1500000.0
Victor Lindelöf,ENG-Premier League,15000000.0
Jamaal Lascelles,ENG-Premier League,2000000.0
Javier Manquillo,ENG-Premier League,1800000.0
Jetro Willems,ENG-Premier League,400000.0
Miguel Almirón,ENG-Premier League,9000000.0
Dennis Srbeny,ENG-Premier League,800000.0
Sam Byram,ENG-Premier League,1000000.0
Jack O'Connell,ENG-Premier League,1200000.0
Jack Robinson,ENG-Premier League,1000000.0
John Lundstram,ENG-Premier League,2000000.0
Jack Stephens,ENG-Premier League,1200000.0
Nathan Redmond,ENG-Premier League,5000000.0
Sofiane Boufal,ENG-Premier League,2000000.0
Eric Dier,ENG-Premier League,7000000.0
Adam Masina,ENG-Premier League,1400000.0
Gerard Deulofeu,ENG-Premier League,1000000.0
Arthur Masuaku,ENG-Premier League,2500000.0
Sébastien Haller,ENG-Premier League,2000000.0
Jonny Castro,ENG-Premier League,
Emiliano Martínez,ENG-Premier League,15000000.0
Granit Xhaka,ENG-Premier League,10000000.0
Sead Kolašinac,ENG-Premier League,
Borja Bastón,ENG-Premier League,3500000.0
Jed Steer,ENG-Premier League,400000.0
Mbwana Samatta,ENG-Premier League,
Tyrone Mings,ENG-Premier League,4000000.0
Diego Rico,ENG-Premier League,1200000.0
Florin Andone,ENG-Premier League,800000.0
James Tarkowski,ENG-Premier League,7000000.0
Antonio Rüdiger,ENG-Premier League,25000000.0
Connor Wickham,ENG-Premier League,400000.0
Jeffrey Schlupp,ENG-Premier League,2000000.0
Wilfried Zaha,ENG-Premier League,4000000.0
André Gomes,ENG-Premier League,4500000.0
Bernard,ENG-Premier League,2500000.0
Lucas Digne,ENG-Premier League,8000000.0
Michael Keane,ENG-Premier League,4000000.0
Ayoze Pérez,ENG-Premier League,6000000.0
Alisson,ENG-Premier League,17000000.0
Fred,ENG-Premier League,7000000.0
Harry Maguire,ENG-Premier League,18000000.0
Jesse Lingard,ENG-Premier League,6000000.0
Paul Pogba,ENG-Premier League,15000000.0
DeAndre Yedlin,ENG-Premier League,2000000.0
Christoph Zimmermann,ENG-Premier League,1000000.0
Ibrahim Amadou,ENG-Premier League,1500000.0
Josip Drmić,ENG-Premier League,
Moritz Leitner,ENG-Premier League,200000.0
Onel Hernández,ENG-Premier League,1000000.0
Tom Trybull,ENG-Premier League,350000.0
George Baldock,ENG-Premier League,2000000.0
John Egan,ENG-Premier League,4000000.0
Muhamed Bešić,ENG-Premier League,
Ravel Morrison,ENG-Premier League,400000.0
Jannik Vestergaard,ENG-Premier League,4000000.0
Ben Davies,ENG-Premier League,10000000.0
Harry Kane,ENG-Premier League,65000000.0
Lucas Moura,ENG-Premier League,6000000.0
Serge Aurier,ENG-Premier League,3700000.0
Abdoulaye Doucouré,ENG-Premier League,6000000.0
Dimitri Foulquier,ENG-Premier League,1200000.0
Felipe Anderson,ENG-Premier League,8000000.0
Manuel Lanzini,ENG-Premier League,5000000.0
Ryan Fredericks,ENG-Premier League,1000000.0
Conor Coady,ENG-Premier League,1500000.0
Bernd Leno,ENG-Premier League,8000000.0
Cédric Soares,ENG-Premier League,2000000.0
Shkodran Mustafi,ENG-Premier League,800000.0
Callum Wilson,ENG-Premier League,5000000.0
Joshua King,ENG-Premier League,1500000.0
Dan Burn,ENG-Premier League,5000000.0
Davy Pröpper,ENG-Premier League,300000.0
Lewis Dunk,ENG-Premier League,4000000.0
Mathew Ryan,ENG-Premier League,2000000.0
Shane Duffy,ENG-Premier League,2000000.0
Chris Wood,ENG-Premier League,8000000.0
Jeff Hendrick,ENG-Premier League,500000.0
Matěj Vydra,ENG-Premier League,
Nick Pope,ENG-Premier League,7000000.0
Robbie Brady,ENG-Premier League,600000.0
Jorginho,ENG-Premier League,5000000.0
Jordan Ayew,ENG-Premier League,1800000.0
Djibril Sidibé,ENG-Premier League,1500000.0
Nampalys Mendy,ENG-Premier League,3000000.0
Joël Matip,ENG-Premier League,
Mohamed Salah,ENG-Premier League,30000000.0
Roberto Firmino,ENG-Premier League,15000000.0
Sadio Mané,ENG-Premier League,25000000.0
Xherdan Shaqiri,ENG-Premier League,3500000.0
Phil Jones,ENG-Premier League,1000000.0
Christian Atsu,ENG-Premier League,400000.0
Fabian Schär,ENG-Premier League,6000000.0
Jonjo Shelvey,ENG-Premier League,800000.0
Paul Dummett,ENG-Premier League,900000.0
Yoshinori Mutō,ENG-Premier League,
Grant Hanley,ENG-Premier League,1500000.0
Kenny McLean,ENG-Premier League,1200000.0
John Fleck,ENG-Premier League,900000.0
Kieron Freeman,ENG-Premier League,150000.0
Luke Freeman,ENG-Premier League,500000.0
Cédric Soares,ENG-Premier League,2000000.0
Danny Ings,ENG-Premier League,3500000.0
Oriol Romeu,ENG-Premier League,700000.0
Stuart Armstrong,ENG-Premier League,3000000.0
Christian Eriksen,ENG-Premier League,3000000.0
Paulo Gazzaniga,ENG-Premier League,2000000.0
Son Heung-min,ENG-Premier League,
Érik Lamela,ENG-Premier League,
Fabián Balbuena,ENG-Premier League,1500000.0
Jack Wilshere,ENG-Premier League,500000.0
Matt Doherty,ENG-Premier League,1500000.0
Alexandre Lacazette,ENG-Premier League,5000000.0
Conor Hourihane,ENG-Premier League,450000.0
Henri Lansbury,ENG-Premier League,300000.0
Jota,ENG-Premier League,
Ørjan Nyland,ENG-Premier League,900000.0
Adam Smith,ENG-Premier League,500000.0
Steve Cook,ENG-Premier League,1800000.0
Aaron Mooy,ENG-Premier League,3500000.0
Martín Montoya,ENG-Premier League,350000.0
Pascal Groß,ENG-Premier League,3500000.0
Jóhann Berg Guðmundsson,ENG-Premier League,
Kevin Long,ENG-Premier League,500000.0
Marcos Alonso,ENG-Premier League,2000000.0
N'Golo Kanté,ENG-Premier League,12000000.0
Andros Townsend,ENG-Premier League,500000.0
Cenk Tosun,ENG-Premier League,2000000.0
Christian Benteke,ENG-Premier League,2500000.0
James McCarthy,ENG-Premier League,200000.0
Luka Milivojević,ENG-Premier League,
Patrick van Aanholt,ENG-Premier League,400000.0
Cenk Tosun,ENG-Premier League,2000000.0
Matty James,ENG-Premier League,800000.0
Georginio Wijnaldum,ENG-Premier League,6000000.0
Virgil van Dijk,ENG-Premier League,18000000.0
Kevin De Bruyne,ENG-Premier League,15000000.0
Riyad Mahrez,ENG-Premier League,18000000.0
İlkay Gündoğan,ENG-Premier League,3500000.0
David de Gea,ENG-Premier League,3500000.0
Dwight Gayle,ENG-Premier League,
Florian Lejeune,ENG-Premier League,3000000.0
Lukas Rupp,ENG-Premier League,350000.0
Marco Stiepermann,ENG-Premier League,250000.0
Jack Rodwell,ENG-Premier League,350000.0
Oliver Norwood,ENG-Premier League,1000000.0
Victor Wanyama,ENG-Premier League,2500000.0
Andre Gray,ENG-Premier League,1300000.0
Christian Kabasele,ENG-Premier League,800000.0
Danny Welbeck,ENG-Premier League,4000000.0
Kiko Femenía,ENG-Premier League,1400000.0
Roberto Pereyra,ENG-Premier League,800000.0
Raúl Jiménez,ENG-Premier League,4000000.0
Willy Boly,ENG-Premier League,800000.0
Danny Drinkwater,ENG-Premier League,400000.0
Jonathan Kodjia,ENG-Premier League,400000.0
Dan Gosling,ENG-Premier League,250000.0
Junior Stanislas,ENG-Premier League,500000.0
Ashley Barnes,ENG-Premier League,1000000.0
Ashley Westwood,ENG-Premier League,850000.0
Ben Mee,ENG-Premier League,1000000.0
Danny Drinkwater,ENG-Premier League,400000.0
César Azpilicueta,ENG-Premier League,1200000.0
Cheikhou Kouyaté,ENG-Premier League,1000000.0
Joel Ward,ENG-Premier League,300000.0
Mamadou Sakho,ENG-Premier League,800000.0
Martin Kelly,ENG-Premier League,300000.0
Fabian Delph,ENG-Premier League,1800000.0
Gylfi Sigurðsson,ENG-Premier League,
Morgan Schneiderlin,ENG-Premier League,300000.0
Oumar Niasse,ENG-Premier League,200000.0
Marc Albrighton,ENG-Premier League,1000000.0
Ryan Bennett,ENG-Premier League,250000.0
Jordan Henderson,ENG-Premier League,2000000.0
Kyle Walker,ENG-Premier League,2500000.0
Marcos Rojo,ENG-Premier League,2200000.0
Ciaran Clark,ENG-Premier League,600000.0
Danny Rose,ENG-Premier League,500000.0
Matt Ritchie,ENG-Premier League,1000000.0
Teemu Pukki,ENG-Premier League,1500000.0
Enda Stevens,ENG-Premier League,600000.0
Simon Moore,ENG-Premier League,300000.0
Alex McCarthy,ENG-Premier League,300000.0
Ryan Bertrand,ENG-Premier League,500000.0
Danny Rose,ENG-Premier League,500000.0
Moussa Sissoko,ENG-Premier League,1200000.0
Craig Dawson,ENG-Premier League,900000.0
Tom Cleverley,ENG-Premier League,400000.0
Aaron Cresswell,ENG-Premier League,450000.0
Andriy Yarmolenko,ENG-Premier League,1200000.0
Michail Antonio,ENG-Premier League,700000.0
Romain Saïss,ENG-Premier League,4000000.0
Ryan Bennett,ENG-Premier League,250000.0
Henrikh Mkhitaryan,ENG-Premier League,3500000.0
Mesut Özil,ENG-Premier League,700000.0
Pierre-Emerick Aubameyang,ENG-Premier League,5000000.0
Neil Taylor,ENG-Premier League,500000.0
Dale Stephens,ENG-Premier League,600000.0
Ezequiel Schelotto,ENG-Premier League,50000.0
Erik Pieters,ENG-Premier League,350000.0
Jack Cork,ENG-Premier League,800000.0
Jay Rodriguez,ENG-Premier League,
Matthew Lowton,ENG-Premier League,250000.0
Willian,ENG-Premier League,500000.0
James Tomkins,ENG-Premier League,700000.0
Séamus Coleman,ENG-Premier League,300000.0
Theo Walcott,ENG-Premier League,1000000.0
Dejan Lovren,ENG-Premier League,500000.0
Nemanja Matić,ENG-Premier League,3000000.0
Odion Ighalo,ENG-Premier League,1800000.0
Andy Carroll,ENG-Premier League,300000.0
Federico Fernández,ENG-Premier League,500000.0
Ki Sung-yueng,ENG-Premier League,
Martin Dúbravka,ENG-Premier League,750000.0
Mario Vrančić,ENG-Premier League,
Ralf Fährmann,ENG-Premier League,400000.0
Maya Yoshida,ENG-Premier League,500000.0
Toby Alderweireld,ENG-Premier League,2000000.0
Craig Cathcart,ENG-Premier League,600000.0
Daryl Janmaat,ENG-Premier League,300000.0
Sokratis Papastathopoulos,ENG-Premier League,700000.0
Ahmed Elmohamady,ENG-Premier League,1500000.0
Gaëtan Bong,ENG-Premier League,150000.0
James McArthur,ENG-Premier League,400000.0
Jonny Evans,ENG-Premier League,2000000.0
Adam Lallana,ENG-Premier League,750000.0
Nicolás Otamendi,ENG-Premier League,1000000.0
Sergio Agüero,ENG-Premier League,15000000.0
Juan Mata,ENG-Premier League,1000000.0
Tim Krul,ENG-Premier League,500000.0
Timm Klose,ENG-Premier League,300000.0
Chris Basham,ENG-Premier League,300000.0
David McGoldrick,ENG-Premier League,200000.0
Troy Deeney,ENG-Premier League,400000.0
Étienne Capoue,ENG-Premier League,1500000.0
Angelo Ogbonna,ENG-Premier League,700000.0
Javier Hernández,ENG-Premier League,
Robert Snodgrass,ENG-Premier League,300000.0
Rui Patrício,ENG-Premier League,600000.0
David Luiz,ENG-Premier League,500000.0
Andrew Surman,ENG-Premier League,1000000.0
Charlie Daniels,ENG-Premier League,1600000.0
Aaron Lennon,ENG-Premier League,600000.0
Olivier Giroud,ENG-Premier League,3000000.0
Pedro,ENG-Premier League,1000000.0
Scott Dann,ENG-Premier League,200000.0
Vicente Guaita,ENG-Premier League,400000.0
Wayne Hennessey,ENG-Premier League,150000.0
Jamie Vardy,ENG-Premier League,2000000.0
Kasper Schmeichel,ENG-Premier League,300000.0
Adrián,ENG-Premier League,
Shane Long,ENG-Premier League,250000.0
Hugo Lloris,ENG-Premier League,1200000.0
Jan Vertonghen,ENG-Premier League,1000000.0
Adrian Mariappa,ENG-Premier League,100000.0
Sebastian Prödl,ENG-Premier League,200000.0
Darren Randolph,ENG-Premier League,300000.0
Mark Noble,ENG-Premier League,1000000.0
João Moutinho,ENG-Premier League,500000.0
Nacho Monreal,ENG-Premier League,1000000.0
Tom Heaton,ENG-Premier League,150000.0
Gary Cahill,ENG-Premier League,400000.0
Christian Fuchs,ENG-Premier League,400000.0
James Milner,ENG-Premier League,750000.0
David Silva,ENG-Premier League,4000000.0
David Silva,ENG-Premier League,
David Silva,ENG-Premier League,50000.0
Alexander Tettey,ENG-Premier League,500000.0
Billy Sharp,ENG-Premier League,200000.0
Carlos Sánchez,ENG-Premier League,250000.0
David Martin,ENG-Premier League,75000.0
Roberto,ENG-Premier League,500000.0
Simon Francis,ENG-Premier League,800000.0
Phil Bardsley,ENG-Premier League,75000.0
Leighton Baines,ENG-Premier League,1600000.0
Fernandinho,ENG-Premier League,600000.0
Fernandinho,ENG-Premier League,150000.0
Ashley Young,ENG-Premier League,400000.0
Leon Clarke,ENG-Premier League,50000.0
Pablo Zabaleta,ENG-Premier League,800000.0
Łukasz Fabiański,ENG-Premier League,
Glenn Murray,ENG-Premier League,300000.0
Wes Morgan,ENG-Premier League,400000.0
Michael McGovern,ENG-Premier League,50000.0
José Holebas,ENG-Premier League,
Pepe Reina,ENG-Premier League,600000.0
Claudio Bravo,ENG-Premier League,800000.0
Phil Jagielka,ENG-Premier League,200000.0
Ben Foster,ENG-Premier League,300000.0
Willy Caballero,ENG-Premier League,150000.0
Luka Romero,ESP-La Liga,5000000.0
Rafel Obrador,ESP-La Liga,
Ansu Fati,ESP-La Liga,25000000.0
Javi López,ESP-La Liga,5000000.0
Germán Valera,ESP-La Liga,5000000.0
Iker Losada,ESP-La Liga,500000.0
Alejandro Blesa,ESP-La Liga,
Aimar Oroz,ESP-La Liga,9000000.0
Ander Barrenetxea,ESP-La Liga,20000000.0
Borja Sainz,ESP-La Liga,2200000.0
Unai Vencedor Paris,ESP-La Liga,
Manu Sánchez,ESP-La Liga,8000000.0
Sergio Camello,ESP-La Liga,3000000.0
Nico Ribaudo,ESP-La Liga,
Bryan Gil,ESP-La Liga,12000000.0
Manuel Garrido,ESP-La Liga,
Takefusa Kubo,ESP-La Liga,30000000.0
Ismael,ESP-La Liga,
Raúl,ESP-La Liga,
Rodrygo,ESP-La Liga,110000000.0
Jon Pacheco,ESP-La Liga,5000000.0
Bryan Gil,ESP-La Liga,12000000.0
Lee Kang-in,ESP-La Liga,
Alex Baena,ESP-La Liga,
Fernando Niño,ESP-La Liga,
Abdallahi Mahmoud,ESP-La Liga,500000.0
Oihan Sancet,ESP-La Liga,40000000.0
João Félix,ESP-La Liga,25000000.0
Rodrigo Riquelme,ESP-La Liga,8000000.0
Jean-Clair Todibo,ESP-La Liga,23000000.0
Riqui Puig,ESP-La Liga,12000000.0
Pol Lozano,ESP-La Liga,2000000.0
Victor Gomez,ESP-La Liga,
Hugo Duro,ESP-La Liga,16000000.0
Antonio Cortés,ESP-La Liga,
Javi Martínez,ESP-La Liga,800000.0
Diego Lainez,ESP-La Liga,2500000.0
Brahim Díaz,ESP-La Liga,40000000.0
Vinicius Júnior,ESP-La Liga,
Alexander Isak,ESP-La Liga,120000000.0
Naïs Djouahra,ESP-La Liga,900000.0
Roberto López,ESP-La Liga,1000000.0
Ferrán Torres,ESP-La Liga,
Hugo Guillamón,ESP-La Liga,2000000.0
Miguel,ESP-La Liga,
Pedro Porro,ESP-La Liga,40000000.0
Óscar Clemente,ESP-La Liga,600000.0
Moussa Wagué,ESP-La Liga,400000.0
Ronald Araújo,ESP-La Liga,
Álex Collado,ESP-La Liga,3000000.0
Fran Beltrán,ESP-La Liga,6000000.0
Miguel Atienza,ESP-La Liga,800000.0
Giorgi Kochorashvili,ESP-La Liga,600000.0
Alejandro Pozo Pozo,ESP-La Liga,
Cucho,ESP-La Liga,
Emerson,ESP-La Liga,
Martin Ødegaard,ESP-La Liga,75000000.0
Martín Zubimendi,ESP-La Liga,50000000.0
Alejandro Pozo Pozo,ESP-La Liga,
Jules Koundé,ESP-La Liga,45000000.0
Thierry Correia,ESP-La Liga,3000000.0
Vicente Esquerdo,ESP-La Liga,200000.0
Mohammed Salisu,ESP-La Liga,10000000.0
Manu Morlanes,ESP-La Liga,2400000.0
Samuel Chukwueze,ESP-La Liga,20000000.0
José Luis Rodríguez,ESP-La Liga,2000000.0
Tachi,ESP-La Liga,400000.0
Asier Villalibre,ESP-La Liga,2500000.0
Larra,ESP-La Liga,
Ivan Šaponjić,ESP-La Liga,
Renan Lodi,ESP-La Liga,18000000.0
Toni Moya,ESP-La Liga,1500000.0
Carles Aleñá,ESP-La Liga,3000000.0
Carles Pérez,ESP-La Liga,1800000.0
Pape Cheikh Diop,ESP-La Liga,
Sergio Bermejo,ESP-La Liga,800000.0
Adrià Pedrosa,ESP-La Liga,4000000.0
Kévin Soni,ESP-La Liga,600000.0
Pipa,ESP-La Liga,2200000.0
Óscar Melendo,ESP-La Liga,2000000.0
Marc Cucurella,ESP-La Liga,50000000.0
Mathías Olivera,ESP-La Liga,18000000.0
Yan Brice Eteki,ESP-La Liga,
Yangel Herrera,ESP-La Liga,9000000.0
Javier Avilés,ESP-La Liga,300000.0
Juan Soriano,ESP-La Liga,1000000.0
Óscar Rodríguez Arnaiz,ESP-La Liga,
Joan Monterde,ESP-La Liga,200000.0
Pablo Martínez,ESP-La Liga,1200000.0
Jon Moncayola,ESP-La Liga,7000000.0
Luis Perea,ESP-La Liga,600000.0
Pervis Estupiñán,ESP-La Liga,14000000.0
Toni Lato,ESP-La Liga,1500000.0
Carles Aleñá,ESP-La Liga,3000000.0
Daniel Martín,ESP-La Liga,
Federico Valverde,ESP-La Liga,120000000.0
Luka Jović,ESP-La Liga,6000000.0
Éder Militão,ESP-La Liga,60000000.0
Aihen Muñoz,ESP-La Liga,8000000.0
Adrián Guerrero,ESP-La Liga,2000000.0
Matheus Fernandes,ESP-La Liga,1500000.0
Víctor García,ESP-La Liga,400000.0
Javier Ontiveros,ESP-La Liga,
Adrián Marín,ESP-La Liga,1500000.0
Antonio Sivera,ESP-La Liga,6000000.0
Oliver Burke,ESP-La Liga,4000000.0
Paulino,ESP-La Liga,
Iñigo Córdoba,ESP-La Liga,1500000.0
Unai Núñez,ESP-La Liga,7000000.0
Unai Simón,ESP-La Liga,30000000.0
Darío Poveda,ESP-La Liga,350000.0
Arthur Melo,ESP-La Liga,4000000.0
Frenkie de Jong,ESP-La Liga,70000000.0
Junior Firpo,ESP-La Liga,7000000.0
Ousmane Dembélé,ESP-La Liga,100000000.0
Brais Méndez,ESP-La Liga,40000000.0
Iván Villar,ESP-La Liga,1200000.0
Jacobo,ESP-La Liga,
Jorge Sáenz,ESP-La Liga,1000000.0
Edu Expósito,ESP-La Liga,4000000.0
Miguel Marí,ESP-La Liga,200000.0
Lluis López,ESP-La Liga,
Marc Roca,ESP-La Liga,9000000.0
Matías Vargas,ESP-La Liga,5000000.0
Víctor Campuzano,ESP-La Liga,500000.0
Florent Poulolo,ESP-La Liga,200000.0
Gil Bastião Dias,ESP-La Liga,
Jesús Vallejo,ESP-La Liga,1000000.0
Mario Rodriguez,ESP-La Liga,
Chidozie Awaziem,ESP-La Liga,3000000.0
Cristian Rivera,ESP-La Liga,
Youssef En-Nesyri,ESP-La Liga,20000000.0
Borja Mayoral,ESP-La Liga,7500000.0
Eliseo Falcon,ESP-La Liga,
Gonzalo,ESP-La Liga,
Joan Sastre Vanrell,ESP-La Liga,
Lumor Agbenyenu,ESP-La Liga,175000.0
Kike Barja,ESP-La Liga,1500000.0
Édgar González,ESP-La Liga,
Ander Guevara,ESP-La Liga,5000000.0
Andoni Gorosabel,ESP-La Liga,5000000.0
Igor Zubeldia,ESP-La Liga,9000000.0
Mikel Oyarzabal,ESP-La Liga,25000000.0
Robin Le Normand,ESP-La Liga,40000000.0
Sergio Reguilón,ESP-La Liga,12000000.0
Youssef En-Nesyri,ESP-La Liga,20000000.0
Carlos Soler,ESP-La Liga,8000000.0
Gonçalo Guedes,ESP-La Liga,6000000.0
Manu Vallejo,ESP-La Liga,1500000.0
Maxi Gómez,ESP-La Liga,2000000.0
Mouctar Diakhaby,ESP-La Liga,2800000.0
Enes Ünal,ESP-La Liga,8000000.0
Fede San Emeterio,ESP-La Liga,1500000.0
Javi Sánchez,ESP-La Liga,2500000.0
Jorge de Frutos,ESP-La Liga,4000000.0
Kike Pérez,ESP-La Liga,2200000.0
Samu Pérez,ESP-La Liga,
Pau Torres,ESP-La Liga,25000000.0
Xavi Quintillà,ESP-La Liga,600000.0
Martin Agirregabiria,ESP-La Liga,
Rubén Duarte,ESP-La Liga,3000000.0
Unai López,ESP-La Liga,2500000.0
Thomas Lemar,ESP-La Liga,2000000.0
Joseph Aidoo,ESP-La Liga,4000000.0
Santi Mina,ESP-La Liga,2000000.0
Álvaro Tejero,ESP-La Liga,2000000.0
Fernando Calero,ESP-La Liga,2500000.0
Amath,ESP-La Liga,
Kenedy,ESP-La Liga,700000.0
Mauro Arambarri,ESP-La Liga,10000000.0
Oghenekaro Etebo,ESP-La Liga,
Aarón Escandell,ESP-La Liga,1000000.0
Carlos Fernández,ESP-La Liga,1500000.0
Carlos Neva,ESP-La Liga,2500000.0
Aitor Ruibal,ESP-La Liga,3500000.0
Rodrigo Tarín,ESP-La Liga,
Koke Vegas,ESP-La Liga,300000.0
Aleix Febas,ESP-La Liga,1500000.0
Iddrisu Baba,ESP-La Liga,2200000.0
Martin Valjent,ESP-La Liga,4500000.0
Miquel Parera,ESP-La Liga,700000.0
Juan Pérez,ESP-La Liga,600000.0
Alfonso Pedraza,ESP-La Liga,2500000.0
Wilfrid Kaptoum,ESP-La Liga,200000.0
Marco Asensio,ESP-La Liga,15000000.0
Álvaro Odriozola,ESP-La Liga,800000.0
Mikel Merino,ESP-La Liga,30000000.0
Munir El Haddadi,ESP-La Liga,2500000.0
Rony Lopes,ESP-La Liga,1200000.0
Joaquín Fernández,ESP-La Liga,1500000.0
Waldo Rubio,ESP-La Liga,800000.0
Andre-Frank Zambo Anguissa,ESP-La Liga,
Javier Muñoz,ESP-La Liga,
Yeray Álvarez,ESP-La Liga,8000000.0
José María Giménez,ESP-La Liga,22000000.0
Marcos Llorente,ESP-La Liga,22000000.0
Mario Hermoso,ESP-La Liga,7000000.0
Saúl Ñíguez,ESP-La Liga,2500000.0
Ángel Correa,ESP-La Liga,9000000.0
Clément Lenglet,ESP-La Liga,10000000.0
David Costas,ESP-La Liga,1500000.0
Juan Hernández,ESP-La Liga,400000.0
Pione Sisto,ESP-La Liga,800000.0
Rubén Blanco,ESP-La Liga,800000.0
Stanislav Lobotka,ESP-La Liga,18000000.0
Rafa Soares,ESP-La Liga,1200000.0
Raúl de Tomás,ESP-La Liga,500000.0
Erick Cabaco,ESP-La Liga,1000000.0
Nemanja Maksimović,ESP-La Liga,
Domingos Duarte,ESP-La Liga,800000.0
Álvaro Vadillo,ESP-La Liga,400000.0
José Arnaiz,ESP-La Liga,
Marc Navarro,ESP-La Liga,250000.0
Enis Bardhi,ESP-La Liga,3000000.0
Erick Cabaco,ESP-La Liga,1000000.0
Rober,ESP-La Liga,
Leonardo Koutris,ESP-La Liga,800000.0
Brandon,ESP-La Liga,
José Arnaiz,ESP-La Liga,
Marc Cardona,ESP-La Liga,1400000.0
Nacho Vidal,ESP-La Liga,1600000.0
Ferland Mendy,ESP-La Liga,22000000.0
Adnan Januzaj,ESP-La Liga,1200000.0
Luca Sangalli,ESP-La Liga,600000.0
Álex Remiro,ESP-La Liga,14000000.0
Óliver Torres,ESP-La Liga,6000000.0
José Luis Gayà,ESP-La Liga,
Anuar,ESP-La Liga,800000.0
Sandro Ramírez,ESP-La Liga,1500000.0
Toni Villa,ESP-La Liga,400000.0
Burgui,ESP-La Liga,50000.0
Guillermo Maripán,ESP-La Liga,4000000.0
Lisandro Magallán,ESP-La Liga,1800000.0
Luis Rioja,ESP-La Liga,2000000.0
Rodrigo Ely,ESP-La Liga,3000000.0
Víctor Camarasa,ESP-La Liga,800000.0
Iñaki Williams,ESP-La Liga,25000000.0
Kenan Kodro,ESP-La Liga,500000.0
Yannick Carrasco,ESP-La Liga,14000000.0
Nélson Semedo,ESP-La Liga,7500000.0
Samuel Umtiti,ESP-La Liga,2500000.0
David Juncà,ESP-La Liga,300000.0
Denis Suárez,ESP-La Liga,1500000.0
Gabriel Fernández,ESP-La Liga,2000000.0
Lucas Olaza,ESP-La Liga,4000000.0
Okay Yokuşlu,ESP-La Liga,2000000.0
Sebastián Cristóforo,ESP-La Liga,800000.0
Jonathan Calleri,ESP-La Liga,4000000.0
Sergi Darder,ESP-La Liga,3500000.0
Jason,ESP-La Liga,
Fede Vico,ESP-La Liga,600000.0
Rui Silva,ESP-La Liga,8000000.0
Jonathan Silva,ESP-La Liga,800000.0
Kenneth Omeruo,ESP-La Liga,2000000.0
Kévin Rodrigues,ESP-La Liga,1200000.0
Roger Assalé,ESP-La Liga,400000.0
Gonzalo Melero,ESP-La Liga,1800000.0
Rúben Vezo,ESP-La Liga,800000.0
Baba Rahman,ESP-La Liga,
David García,ESP-La Liga,10000000.0
Ezequiel Ávila,ESP-La Liga,
Guido Rodríguez,ESP-La Liga,6000000.0
Loren Morón,ESP-La Liga,2500000.0
Mariano,ESP-La Liga,
Aritz Elustondo,ESP-La Liga,1800000.0
Diego Llorente,ESP-La Liga,7000000.0
Kévin Rodrigues,ESP-La Liga,1200000.0
Joan Jordán,ESP-La Liga,3500000.0
Lucas Ocampos,ESP-La Liga,9000000.0
Suso,ESP-La Liga,4000000.0
Churripi,ESP-La Liga,
Federico Barba,ESP-La Liga,500000.0
Moi Gómez,ESP-La Liga,1800000.0
Paco Alcácer,ESP-La Liga,7000000.0
Sofian Chakla,ESP-La Liga,
Pere Pons,ESP-La Liga,1200000.0
Iker Muniain,ESP-La Liga,5000000.0
Iñigo Lekue,ESP-La Liga,3000000.0
Mikel Vesga,ESP-La Liga,4000000.0
Jan Oblak,ESP-La Liga,17000000.0
Thomas Partey,ESP-La Liga,5000000.0
Álvaro Morata,ESP-La Liga,16000000.0
Rafinha,ESP-La Liga,4000000.0
Kevin Vázquez,ESP-La Liga,800000.0
Rafinha,ESP-La Liga,4000000.0
Gonzalo Escalante,ESP-La Liga,1500000.0
Rober Correa,ESP-La Liga,500000.0
David Soria,ESP-La Liga,3000000.0
Darwin Machís,ESP-La Liga,450000.0
Dimitri Foulquier,ESP-La Liga,1200000.0
José Martínez,ESP-La Liga,
Ramon Azeez,ESP-La Liga,400000.0
Ibrahim Amadou,ESP-La Liga,1500000.0
José Campaña,ESP-La Liga,750000.0
Nemanja Radoja,ESP-La Liga,1500000.0
Abdón Prats,ESP-La Liga,900000.0
Aleksandar Trajkovski,ESP-La Liga,450000.0
Álex Alegría,ESP-La Liga,150000.0
Robert Ibáñez,ESP-La Liga,
Rubén García,ESP-La Liga,1800000.0
Sergio Herrera,ESP-La Liga,3000000.0
Borja Iglesias,ESP-La Liga,5000000.0
Juanmi,ESP-La Liga,1200000.0
Nabil Fekir,ESP-La Liga,10000000.0
Álex Moreno,ESP-La Liga,3500000.0
Alphonse Areola,ESP-La Liga,7000000.0
Raphaël Varane,ESP-La Liga,20000000.0
Diego Carlos,ESP-La Liga,8500000.0
Cristiano Piccini,ESP-La Liga,700000.0
Geoffrey Kondogbia,ESP-La Liga,5000000.0
Pablo Hervías,ESP-La Liga,500000.0
Karl Toko Ekambi,ESP-La Liga,5000000.0
Fernando Pacheco,ESP-La Liga,2500000.0
John Guidetti,ESP-La Liga,600000.0
Ander Capa,ESP-La Liga,1800000.0
Koke,ESP-La Liga,7000000.0
Santiago Arias,ESP-La Liga,2500000.0
Šime Vrsaljko,ESP-La Liga,
Marc-André ter Stegen,ESP-La Liga,28000000.0
Sergi Roberto,ESP-La Liga,1500000.0
Filip Bradarić,ESP-La Liga,
Jeison Murillo,ESP-La Liga,900000.0
Néstor Araujo,ESP-La Liga,
Esteban Burgos,ESP-La Liga,700000.0
Marko Dmitrović,ESP-La Liga,
Paulo Oliveira,ESP-La Liga,1500000.0
Sergio Álvarez,ESP-La Liga,1200000.0
Adri Embarba,ESP-La Liga,
Wu Lei,ESP-La Liga,
Chema,ESP-La Liga,
Djené,ESP-La Liga,
Antonio Puertas,ESP-La Liga,2000000.0
Sabin Merino,ESP-La Liga,500000.0
Unai Bustinza,ESP-La Liga,300000.0
Carlos Clerc,ESP-La Liga,1500000.0
Hernâni Fortes,ESP-La Liga,
Nikola Vukčević,ESP-La Liga,
Aleksandar Sedlar,ESP-La Liga,275000.0
Antonio Raillo,ESP-La Liga,
Josep Señé,ESP-La Liga,400000.0
Darko Brašanac,ESP-La Liga,
Unai García,ESP-La Liga,600000.0
Aïssa Mandi,ESP-La Liga,1800000.0
Cristian Tello,ESP-La Liga,2700000.0
William Carvalho,ESP-La Liga,3000000.0
Casemiro,ESP-La Liga,8000000.0
Dani Carvajal,ESP-La Liga,
Isco,ESP-La Liga,8000000.0
Thibaut Courtois,ESP-La Liga,28000000.0
Joseba Zaldúa,ESP-La Liga,
Portu,ESP-La Liga,1500000.0
Willian José,ESP-La Liga,1400000.0
Moanes Dabbur,ESP-La Liga,
Nemanja Gudelj,ESP-La Liga,2500000.0
Sergi Gómez,ESP-La Liga,2000000.0
Rubén Sobrino,ESP-La Liga,1400000.0
Alberto Moreno,ESP-La Liga,1000000.0
Gerard Moreno,ESP-La Liga,10000000.0
Manu Trigueros,ESP-La Liga,1500000.0
Iñigo Martínez,ESP-La Liga,5000000.0
Kieran Trippier,ESP-La Liga,2500000.0
Stefan Savić,ESP-La Liga,
Antoine Griezmann,ESP-La Liga,11000000.0
Martin Braithwaite,ESP-La Liga,5000000.0
Hugo Mallo,ESP-La Liga,500000.0
Pedro Bigas,ESP-La Liga,1000000.0
Facundo Ferreyra,ESP-La Liga,250000.0
Leandro Cabrera,ESP-La Liga,2500000.0
Sébastien Corchia,ESP-La Liga,1000000.0
Deyverson,ESP-La Liga,1000000.0
Leandro Cabrera,ESP-La Liga,2500000.0
Álex Martínez,ESP-La Liga,200000.0
Guido Carrillo,ESP-La Liga,500000.0
Martin Braithwaite,ESP-La Liga,5000000.0
Recio,ESP-La Liga,300000.0
Aitor Fernández,ESP-La Liga,600000.0
Roger Martí,ESP-La Liga,1200000.0
Rubén Rochina,ESP-La Liga,700000.0
Ante Budimir,ESP-La Liga,3000000.0
Fran Gámez,ESP-La Liga,500000.0
Lago Junior,ESP-La Liga,
Yannis Salibur,ESP-La Liga,225000.0
Marc Bartra,ESP-La Liga,1000000.0
Sergio Canales,ESP-La Liga,13000000.0
Eden Hazard,ESP-La Liga,5000000.0
James Rodríguez,ESP-La Liga,6000000.0
Lucas Vázquez,ESP-La Liga,2500000.0
Luuk de Jong,ESP-La Liga,1500000.0
Yassine Bounou,ESP-La Liga,9000000.0
Alessandro Florenzi,ESP-La Liga,2000000.0
Denis Cheryshev,ESP-La Liga,1000000.0
Eliaquim Mangala,ESP-La Liga,150000.0
Francis Coquelin,ESP-La Liga,800000.0
Gabriel Paulista,ESP-La Liga,700000.0
Jaume Doménech,ESP-La Liga,400000.0
Rodrigo,ESP-La Liga,5000000.0
Rubén Alcaraz,ESP-La Liga,1500000.0
Sergi Guardiola,ESP-La Liga,800000.0
Óscar Plano,ESP-La Liga,2500000.0
Mario Gaspar,ESP-La Liga,1000000.0
Ramiro Funes Mori,ESP-La Liga,1000000.0
Rubén Peña,ESP-La Liga,600000.0
Aleix Vidal,ESP-La Liga,1000000.0
Joselu,ESP-La Liga,5000000.0
Víctor Laguardia,ESP-La Liga,800000.0
Wakaso,ESP-La Liga,
Ximo Navarro,ESP-La Liga,600000.0
Édgar Méndez,ESP-La Liga,
Dani García,ESP-La Liga,800000.0
Ibai Gómez,ESP-La Liga,400000.0
Yuri Berchiche,ESP-La Liga,1800000.0
Héctor Herrera,ESP-La Liga,2500000.0
Vitolo,ESP-La Liga,100000.0
Fyodor Smolov,ESP-La Liga,
José Ángel,ESP-La Liga,200000.0
Kiké,ESP-La Liga,
Quique,ESP-La Liga,
Sergi Enrich,ESP-La Liga,1200000.0
David López,ESP-La Liga,2500000.0
Oier Olazábal,ESP-La Liga,200000.0
Bruno González,ESP-La Liga,300000.0
David Timor,ESP-La Liga,600000.0
Francisco Portillo,ESP-La Liga,1000000.0
Quini,ESP-La Liga,350000.0
Javier Eraso,ESP-La Liga,
Miguel Ángel Guerrero,ESP-La Liga,500000.0
Bruno González,ESP-La Liga,300000.0
Toño,ESP-La Liga,
Fran Mérida,ESP-La Liga,700000.0
Joel Robles,ESP-La Liga,400000.0
Sidnei,ESP-La Liga,250000.0
Nacho,ESP-La Liga,
Toni Kroos,ESP-La Liga,10000000.0
Asier Illarramendi,ESP-La Liga,2000000.0
Sergio Escudero,ESP-La Liga,1500000.0
Ljubomir Fejsa,ESP-La Liga,250000.0
Lucas Pérez,ESP-La Liga,300000.0
Mikel San José,ESP-La Liga,700000.0
Óscar de Marcos,ESP-La Liga,1500000.0
Diego Costa,ESP-La Liga,2000000.0
Felipe,ESP-La Liga,1500000.0
Jordi Alba,ESP-La Liga,4000000.0
Neto,ESP-La Liga,1200000.0
Yoel,ESP-La Liga,
Ander Iturraspe,ESP-La Liga,2000000.0
Bernardo Espinosa,ESP-La Liga,550000.0
Dídac Vilà,ESP-La Liga,600000.0
Naldo,ESP-La Liga,125000.0
Pablo Piatti,ESP-La Liga,400000.0
Fayçal Fajr,ESP-La Liga,1300000.0
Jaime Mata,ESP-La Liga,900000.0
Raúl García,ESP-La Liga,
Maxime Gonalons,ESP-La Liga,700000.0
İsmail Köybaşı,ESP-La Liga,50000.0
Dimitris Siovas,ESP-La Liga,
Roberto Rosales,ESP-La Liga,350000.0
Roque Mesa,ESP-La Liga,1800000.0
Rubén Pérez,ESP-La Liga,175000.0
Jorge Miramón,ESP-La Liga,1500000.0
Sergio León,ESP-La Liga,2000000.0
Sergio Postigo,ESP-La Liga,500000.0
Óscar Duarte,ESP-La Liga,500000.0
Ariday Cabrera,ESP-La Liga,
Ki Sung-yueng,ESP-La Liga,
Aridane Hernández,ESP-La Liga,800000.0
Lillo,ESP-La Liga,
Roberto Torres,ESP-La Liga,1000000.0
Zouhair Feddal,ESP-La Liga,800000.0
Gareth Bale,ESP-La Liga,2000000.0
Daniel Carriço,ESP-La Liga,150000.0
Franco Vázquez,ESP-La Liga,1500000.0
Tomáš Vaclík,ESP-La Liga,300000.0
Daniel Parejo,ESP-La Liga,
Daniel Wass,ESP-La Liga,500000.0
Jasper Cillessen,ESP-La Liga,1300000.0
Jordi Masip,ESP-La Liga,1000000.0
Kiko Olivas,ESP-La Liga,800000.0
Nacho,ESP-La Liga,
Raúl García,ESP-La Liga,
Sergio Asenjo,ESP-La Liga,700000.0
Tomás Pina Isla,ESP-La Liga,
Iago Herrerín,ESP-La Liga,400000.0
Mikel Balenziaga,ESP-La Liga,400000.0
Ivan Rakitić,ESP-La Liga,
Sergio Busquets,ESP-La Liga,3500000.0
Iago Aspas,ESP-La Liga,1800000.0
Pablo de Blasis,ESP-La Liga,350000.0
Takashi Inui,ESP-La Liga,350000.0
Víctor Sánchez,ESP-La Liga,400000.0
Allan Nyom,ESP-La Liga,200000.0
Damián Suárez,ESP-La Liga,650000.0
Xabier Etxeita,ESP-La Liga,
Víctor Díaz,ESP-La Liga,400000.0
Ángel Montoro,ESP-La Liga,500000.0
Dani Rodríguez,ESP-La Liga,100000.0
Fabricio,ESP-La Liga,
Pablo Chavarría,ESP-La Liga,300000.0
Adrián López,ESP-La Liga,200000.0
Iñigo Pérez,ESP-La Liga,600000.0
Juan Villar,ESP-La Liga,100000.0
Raúl Navas,ESP-La Liga,200000.0
Karim Benzema,ESP-La Liga,15000000.0
Marcelo,ESP-La Liga,1800000.0
Javier Hernández,ESP-La Liga,
Éver Banega,ESP-La Liga,1800000.0
Jaume Costa,ESP-La Liga,900000.0
Antoñito,ESP-La Liga,200000.0
Míchel,ESP-La Liga,
Vicente Iborra,ESP-La Liga,300000.0
Beñat Etxebarria,ESP-La Liga,1500000.0
Antonio Adán,ESP-La Liga,500000.0
Arturo Vidal,ESP-La Liga,700000.0
Gerard Piqué,ESP-La Liga,3000000.0
Lionel Messi,ESP-La Liga,35000000.0
Luis Suárez,ESP-La Liga,4000000.0
Nolito,ESP-La Liga,300000.0
Sergio Álvarez,ESP-La Liga,700000.0
Anaitz Arbilla,ESP-La Liga,400000.0
Pedro León,ESP-La Liga,800000.0
Esteban Granero,ESP-La Liga,900000.0
Enric Gallego,ESP-La Liga,600000.0
Vitorino Antunes,ESP-La Liga,
Ángel Rodríguez,ESP-La Liga,600000.0
Germán Sánchez,ESP-La Liga,200000.0
Coke,ESP-La Liga,300000.0
José Luis Morales,ESP-La Liga,1500000.0
Marc Pedraza,ESP-La Liga,100000.0
Enric Gallego,ESP-La Liga,600000.0
Facundo Roncaglia,ESP-La Liga,200000.0
Andrés Guardado,ESP-La Liga,1000000.0
Antonio Barragán,ESP-La Liga,600000.0
Javi García,ESP-La Liga,300000.0
Fernando,ESP-La Liga,2000000.0
Nolito,ESP-La Liga,300000.0
Ezequiel Garay,ESP-La Liga,1000000.0
Kévin Gameiro,ESP-La Liga,700000.0
Hatem Ben Arfa,ESP-La Liga,200000.0
Andrés Fernández,ESP-La Liga,600000.0
Carlos Bacca,ESP-La Liga,450000.0
Manu García,ESP-La Liga,200000.0
Roberto,ESP-La Liga,500000.0
Raúl García,ESP-La Liga,1500000.0
Fabián Orellana,ESP-La Liga,200000.0
Papakouli Diop,ESP-La Liga,
Javi López,ESP-La Liga,200000.0
Markel Bergara,ESP-La Liga,500000.0
Adrián Ramos,ESP-La Liga,300000.0
Oier Sanjurjo,ESP-La Liga,300000.0
Luka Modrić,ESP-La Liga,4000000.0
Sergio Ramos,ESP-La Liga,2500000.0
David Zurutuza,ESP-La Liga,1600000.0
Nacho Monreal,ESP-La Liga,1000000.0
Jesús Navas,ESP-La Liga,2500000.0
Javi Moyano,ESP-La Liga,50000.0
Raúl Albiol,ESP-La Liga,800000.0
Iván Ramis,ESP-La Liga,650000.0
Roberto Soldado,ESP-La Liga,500000.0
Manolo Reina,ESP-La Liga,200000.0
Santi Cazorla,ESP-La Liga,500000.0
Charles,ESP-La Liga,200000.0
Iván Cuéllar,ESP-La Liga,100000.0
Salva Sevilla,ESP-La Liga,200000.0
Rubén,ESP-La Liga,
Miguel Ángel Moyá,ESP-La Liga,800000.0
Bruno Soriano,ESP-La Liga,475000.0
Diego López,ESP-La Liga,300000.0
Jorge Molina,ESP-La Liga,600000.0
Xisco Campos,ESP-La Liga,50000.0
Aritz Aduriz,ESP-La Liga,800000.0
Joaquín,ESP-La Liga,1500000.0
Rayan Cherki,FRA-Ligue 1,50000000.0
Eduardo Camavinga,FRA-Ligue 1,50000000.0
Janis Antiste,FRA-Ligue 1,2300000.0
Jack Lahne,FRA-Ligue 1,300000.0
Albert Lottin,FRA-Ligue 1,300000.0
Isaac Lihadji,FRA-Ligue 1,1000000.0
Joris Chotard,FRA-Ligue 1,10000000.0
Adil Aouchiche,FRA-Ligue 1,2200000.0
Arthur Zagre,FRA-Ligue 1,
Tanguy Nianzou,FRA-Ligue 1,1400000.0
El Bilal Touré,FRA-Ligue 1,15000000.0
Nathanael Mbuku,FRA-Ligue 1,
Maxence Rivera,FRA-Ligue 1,350000.0
Stefan Bajic,FRA-Ligue 1,1200000.0
Adil Taoui,FRA-Ligue 1,400000.0
Rayan Aït-Nouri,FRA-Ligue 1,40000000.0
Ahmad Ngouyamsa,FRA-Ligue 1,600000.0
Enzo Loiodice,FRA-Ligue 1,1200000.0
Rayan Philippe,FRA-Ligue 1,400000.0
Melvin Bard,FRA-Ligue 1,10000000.0
Marley Aké,FRA-Ligue 1,1600000.0
Georges Mikautadze,FRA-Ligue 1,28000000.0
Benoît Badiashile,FRA-Ligue 1,18000000.0
Jonathan Panzo,FRA-Ligue 1,1500000.0
Lyle Foster,FRA-Ligue 1,13000000.0
Khéphren Thuram,FRA-Ligue 1,40000000.0
Kévin Denkey,FRA-Ligue 1,14000000.0
Loïc Mbe Soh,FRA-Ligue 1,1500000.0
Lucas Da Cunha,FRA-Ligue 1,15000000.0
Sacha Boey,FRA-Ligue 1,15000000.0
Yann Gboho,FRA-Ligue 1,12000000.0
Bilal Benkhedim,FRA-Ligue 1,200000.0
Wesley Fofana,FRA-Ligue 1,28000000.0
William Saliba,FRA-Ligue 1,90000000.0
Bafodé Diakité,FRA-Ligue 1,35000000.0
Manu Koné,FRA-Ligue 1,50000000.0
Mathieu Goncalves,FRA-Ligue 1,
Moussa Diarra,FRA-Ligue 1,2000000.0
Zinédine Ould Khaled,FRA-Ligue 1,400000.0
Aurélien Tchouaméni,FRA-Ligue 1,100000000.0
Raoul Bellanova,FRA-Ligue 1,15000000.0
Yacine Adli,FRA-Ligue 1,9000000.0
Hianga'a Mbock,FRA-Ligue 1,700000.0
Abou Ouattara,FRA-Ligue 1,400000.0
Cheikh Niasse,FRA-Ligue 1,2800000.0
Domagoj Bradarić,FRA-Ligue 1,5000000.0
Jean Onana,FRA-Ligue 1,1300000.0
Tiago Djaló,FRA-Ligue 1,7000000.0
Timothy Weah,FRA-Ligue 1,20000000.0
Amine Gouiri,FRA-Ligue 1,28000000.0
Maxence Caqueret,FRA-Ligue 1,20000000.0
Oumar Solet,FRA-Ligue 1,17000000.0
Boubacar Kamara,FRA-Ligue 1,40000000.0
Papa Ndiaga Yade,FRA-Ligue 1,1000000.0
Aurélien Tchouaméni,FRA-Ligue 1,100000000.0
Moussa Sylla,FRA-Ligue 1,1200000.0
Bastian Badu,FRA-Ligue 1,300000.0
Clément Vidal,FRA-Ligue 1,1500000.0
Thibaut Vargas,FRA-Ligue 1,800000.0
Andy Pelmard,FRA-Ligue 1,3500000.0
Eddy Sylvestre,FRA-Ligue 1,600000.0
Hicham Boudaoui,FRA-Ligue 1,12000000.0
Antoine Valerio,FRA-Ligue 1,
Marcin Bułka,FRA-Ligue 1,
Mitchel Bakker,FRA-Ligue 1,4000000.0
Dario Maresic,FRA-Ligue 1,500000.0
Charles Abi,FRA-Ligue 1,600000.0
Edmilson Correia,FRA-Ligue 1,
Mohamed Simakan,FRA-Ligue 1,20000000.0
Mootaz Zemzemi,FRA-Ligue 1,
Amine Adli,FRA-Ligue 1,20000000.0
Nathan N'Goumou,FRA-Ligue 1,
Josh Maja,FRA-Ligue 1,5000000.0
Yassine Benrahou,FRA-Ligue 1,3000000.0
Ibrahima Diallo,FRA-Ligue 1,6500000.0
Bryan Soumaré,FRA-Ligue 1,900000.0
Mounir Chouiar,FRA-Ligue 1,3200000.0
Boubakary Soumaré,FRA-Ligue 1,14000000.0
Victor Osimhen,FRA-Ligue 1,75000000.0
Lucas Perrin,FRA-Ligue 1,2000000.0
Ibrahima Niane,FRA-Ligue 1,2000000.0
Youssouf Fofana,FRA-Ligue 1,30000000.0
Bilal Boutobba,FRA-Ligue 1,1800000.0
Matis Carvalho,FRA-Ligue 1,300000.0
Nicolas Cozza,FRA-Ligue 1,3000000.0
Alban Lafont,FRA-Ligue 1,3000000.0
Elie Youan,FRA-Ligue 1,
Imran Louza,FRA-Ligue 1,
Thomas Basila,FRA-Ligue 1,300000.0
Wesley Moustache,FRA-Ligue 1,150000.0
Ibrahim Cissé,FRA-Ligue 1,300000.0
Ignatius Ganago,FRA-Ligue 1,3000000.0
Malang Sarr,FRA-Ligue 1,10000000.0
Moussa Wagué,FRA-Ligue 1,400000.0
Myziane Maolida,FRA-Ligue 1,900000.0
Stanley N'Soki,FRA-Ligue 1,
Luca Valls,FRA-Ligue 1,
Lucas Dias,FRA-Ligue 1,250000.0
Théo Sainte-Luce,FRA-Ligue 1,1000000.0
Yassine Benrahou,FRA-Ligue 1,3000000.0
Colin Dagba,FRA-Ligue 1,2500000.0
Kylian Mbappé,FRA-Ligue 1,180000000.0
Sambou Sissoko,FRA-Ligue 1,600000.0
Timothée Nkada,FRA-Ligue 1,
Rafik Guitane,FRA-Ligue 1,3500000.0
Yvann Macon,FRA-Ligue 1,
Zaydou Youssouf,FRA-Ligue 1,5500000.0
Adrien Lebeau,FRA-Ligue 1,300000.0
Youssouf Fofana,FRA-Ligue 1,30000000.0
Kalidou Sidibé,FRA-Ligue 1,1000000.0
Cheick Timite,FRA-Ligue 1,300000.0
Madih Talal,FRA-Ligue 1,400000.0
Nicholas Opoku,FRA-Ligue 1,1500000.0
Jeff Reine-Adélaïde,FRA-Ligue 1,2000000.0
Wilfried Kanga,FRA-Ligue 1,4000000.0
Samuel Kalu,FRA-Ligue 1,2500000.0
Hugo Magnetti,FRA-Ligue 1,7000000.0
Irvin Cardona,FRA-Ligue 1,2500000.0
Romain Perraud,FRA-Ligue 1,5000000.0
Hamza Mendyl,FRA-Ligue 1,900000.0
Jules Keita,FRA-Ligue 1,300000.0
Matheus Pereira da Silva,FRA-Ligue 1,
Stephy Mavididi,FRA-Ligue 1,8000000.0
Gabriel Magalhães,FRA-Ligue 1,
Jonathan Ikone,FRA-Ligue 1,
Renato Sanches,FRA-Ligue 1,2500000.0
Bruno Guimarães,FRA-Ligue 1,75000000.0
Houssem Aouar,FRA-Ligue 1,10000000.0
Jean Lucas,FRA-Ligue 1,5000000.0
Jeff Reine-Adélaïde,FRA-Ligue 1,2000000.0
Florian Chabrolle,FRA-Ligue 1,200000.0
Maxime Lopez,FRA-Ligue 1,7500000.0
Mamadou Fofana,FRA-Ligue 1,1800000.0
Dimitry Bertaud,FRA-Ligue 1,1200000.0
Josué Homawoo,FRA-Ligue 1,200000.0
Ludovic Blas,FRA-Ligue 1,15000000.0
Alexis Claude-Maurice,FRA-Ligue 1,12000000.0
Kasper Dolberg,FRA-Ligue 1,12000000.0
Lamine Fomba,FRA-Ligue 1,1200000.0
Lucas Buadés,FRA-Ligue 1,
Sami Ben Amar,FRA-Ligue 1,150000.0
Sofiane Alakouch,FRA-Ligue 1,500000.0
Axel Disasi,FRA-Ligue 1,15000000.0
Dereck Kutesa,FRA-Ligue 1,1700000.0
Kaj Sierhuis,FRA-Ligue 1,800000.0
Moreto Cassamã,FRA-Ligue 1,
Faitout Maouassa,FRA-Ligue 1,4000000.0
Arnaud Nordin,FRA-Ligue 1,4000000.0
Assane Dioussé,FRA-Ligue 1,900000.0
Harold Moukoudi,FRA-Ligue 1,5000000.0
Mahdi Camara,FRA-Ligue 1,10000000.0
Ibrahima Sissoko,FRA-Ligue 1,3000000.0
Jean-Ricner Bellegarde,FRA-Ligue 1,15000000.0
Aaron Leya Iseka,FRA-Ligue 1,350000.0
Agustín Rogel,FRA-Ligue 1,1500000.0
Ibrahim Sangaré,FRA-Ligue 1,22000000.0
Jean-Victor Makengo,FRA-Ligue 1,6000000.0
Kelvin Amian,FRA-Ligue 1,2500000.0
Alexis Blin,FRA-Ligue 1,3000000.0
Angelo Fulgini,FRA-Ligue 1,5000000.0
Farid El Melali,FRA-Ligue 1,800000.0
Mathias Pereira Lage,FRA-Ligue 1,3500000.0
Souleyman Doumbia,FRA-Ligue 1,2000000.0
Enock Kwateng,FRA-Ligue 1,800000.0
Remi Oudin,FRA-Ligue 1,
Toma Bašić,FRA-Ligue 1,2500000.0
Gautier Larsonneur,FRA-Ligue 1,3000000.0
Jean-Kevin Duverne,FRA-Ligue 1,
Samuel Grandsir,FRA-Ligue 1,1500000.0
Thiago Maia,FRA-Ligue 1,6000000.0
Yusuf Yazıcı,FRA-Ligue 1,10000000.0
Zeki Çelik,FRA-Ligue 1,12000000.0
Lucas Tousart,FRA-Ligue 1,2000000.0
Martin Terrier,FRA-Ligue 1,12000000.0
Maxwel Cornet,FRA-Ligue 1,5000000.0
Duje Ćaleta-Car,FRA-Ligue 1,
Thierry Ambrose,FRA-Ligue 1,1000000.0
Victorien Angban,FRA-Ligue 1,350000.0
Benjamin Henrichs,FRA-Ligue 1,20000000.0
Fodé Ballo-Touré,FRA-Ligue 1,1000000.0
Gil Bastião Dias,FRA-Ligue 1,
Henry Onyekuru,FRA-Ligue 1,4800000.0
Jean-Kévin Augustin,FRA-Ligue 1,1000000.0
Junior Sambia,FRA-Ligue 1,2000000.0
Roli Pereira de Sa,FRA-Ligue 1,400000.0
Samuel Moutoussamy,FRA-Ligue 1,1200000.0
Adam Ounas,FRA-Ligue 1,4000000.0
Arnaud Lusamba,FRA-Ligue 1,800000.0
Bassem Srarfi,FRA-Ligue 1,300000.0
Ihsan Sacko,FRA-Ligue 1,500000.0
Yannis Clementia,FRA-Ligue 1,200000.0
Florian Miguel,FRA-Ligue 1,1000000.0
Moussa Koné,FRA-Ligue 1,500000.0
Paul Bernardoni,FRA-Ligue 1,2200000.0
Vlatko Stojanovski,FRA-Ligue 1,200000.0
Thilo Kehrer,FRA-Ligue 1,18000000.0
Anastasios Donis,FRA-Ligue 1,700000.0
Boulaye Dia,FRA-Ligue 1,10000000.0
Mathieu Cafaro,FRA-Ligue 1,3000000.0
Nicolas Lemaître,FRA-Ligue 1,700000.0
Remi Oudin,FRA-Ligue 1,
Gerzino Nyamsi,FRA-Ligue 1,4000000.0
Joris Gnagnon,FRA-Ligue 1,300000.0
Jérémy Gélin,FRA-Ligue 1,800000.0
Raphinha,FRA-Ligue 1,50000000.0
Souleyman Doumbia,FRA-Ligue 1,2000000.0
Franck Honorat,FRA-Ligue 1,12000000.0
Anthony Caci,FRA-Ligue 1,10000000.0
Kévin Zohi,FRA-Ligue 1,600000.0
Quentin Boisgard,FRA-Ligue 1,700000.0
Arturo Calabresi,FRA-Ligue 1,1100000.0
Fousseni Diabaté,FRA-Ligue 1,3600000.0
Isaac Mbenza,FRA-Ligue 1,1200000.0
Serhou Guirassy,FRA-Ligue 1,40000000.0
Antonin Bobichon,FRA-Ligue 1,700000.0
Ibrahim Cissé,FRA-Ligue 1,1800000.0
François Kamano,FRA-Ligue 1,4000000.0
Vukašin Jovanović,FRA-Ligue 1,
Youssef Aït Bennasser,FRA-Ligue 1,1000000.0
Mama Samba Baldé,FRA-Ligue 1,
Nayef Aguerd,FRA-Ligue 1,22000000.0
Jonathan Bamba,FRA-Ligue 1,9000000.0
Luiz Araújo,FRA-Ligue 1,6000000.0
Bertrand Traoré,FRA-Ligue 1,5000000.0
Joachim Andersen,FRA-Ligue 1,25000000.0
Kenny Tete,FRA-Ligue 1,11000000.0
Moussa Dembélé,FRA-Ligue 1,12000000.0
Nemanja Radonjić,FRA-Ligue 1,
Fabien Centonze,FRA-Ligue 1,1200000.0
Habib Maïga,FRA-Ligue 1,2500000.0
Kévin N'Doram,FRA-Ligue 1,1500000.0
Matthieu Udol,FRA-Ligue 1,2500000.0
Aleksandr Golovin,FRA-Ligue 1,18000000.0
Gabriel Boschilia,FRA-Ligue 1,
Rony Lopes,FRA-Ligue 1,1200000.0
Mathías Suárez,FRA-Ligue 1,275000.0
Mihailo Ristić,FRA-Ligue 1,
Marcus Coco,FRA-Ligue 1,850000.0
Percy Prado,FRA-Ligue 1,50000.0
Danilo Barbosa,FRA-Ligue 1,2000000.0
Patrick Burner,FRA-Ligue 1,700000.0
Racine Coly,FRA-Ligue 1,175000.0
Youcef Atal,FRA-Ligue 1,4300000.0
Antonin Bobichon,FRA-Ligue 1,700000.0
Sidy Sarr,FRA-Ligue 1,300000.0
Theo Valls,FRA-Ligue 1,
Abdou Diallo,FRA-Ligue 1,9000000.0
Presnel Kimpembe,FRA-Ligue 1,4000000.0
Ghislain Konan,FRA-Ligue 1,6500000.0
Marshall Munetsi,FRA-Ligue 1,10000000.0
Predrag Rajković,FRA-Ligue 1,10000000.0
James Lea Siliki,FRA-Ligue 1,
Jordan Pefok,FRA-Ligue 1,
Romain Del Castillo,FRA-Ligue 1,10000000.0
Sergi Palencia,FRA-Ligue 1,2000000.0
Lebo Mothiba,FRA-Ligue 1,1500000.0
Efthimis Koulouris,FRA-Ligue 1,
Chadrac Akolo,FRA-Ligue 1,500000.0
Juan Ferney Otero,FRA-Ligue 1,
Baptiste Santamaria,FRA-Ligue 1,4500000.0
Sada Thioub,FRA-Ligue 1,1000000.0
Brendan Chardonnet,FRA-Ligue 1,8000000.0
Jean-Charles Castelletto,FRA-Ligue 1,3200000.0
Jhonder Cádiz,FRA-Ligue 1,3000000.0
Muzinga Ngonda,FRA-Ligue 1,
Rúnar Alex Rúnarsson,FRA-Ligue 1,700000.0
Senou Coulibaly,FRA-Ligue 1,600000.0
Yassine Benzia,FRA-Ligue 1,1000000.0
Mike Maignan,FRA-Ligue 1,38000000.0
Xeka,FRA-Ligue 1,1000000.0
Jason Denayer,FRA-Ligue 1,4000000.0
Leo Dubois,FRA-Ligue 1,
Youssouf Koné,FRA-Ligue 1,800000.0
Morgan Sanson,FRA-Ligue 1,4000000.0
Saîf-Eddine Khaoui,FRA-Ligue 1,2000000.0
Valentin Rongier,FRA-Ligue 1,9000000.0
Adama Traoré,FRA-Ligue 1,3000000.0
Adama Traoré,FRA-Ligue 1,4500000.0
Dylan Bronn,FRA-Ligue 1,1300000.0
Habib Diallo,FRA-Ligue 1,14000000.0
Adama Traoré,FRA-Ligue 1,3000000.0
Adama Traoré,FRA-Ligue 1,4500000.0
Gelson Martins,FRA-Ligue 1,2500000.0
Keita Baldé,FRA-Ligue 1,900000.0
Tiemoué Bakayoko,FRA-Ligue 1,800000.0
Moses Simon,FRA-Ligue 1,7000000.0
Valentin Rongier,FRA-Ligue 1,9000000.0
Gautier Lloris,FRA-Ligue 1,3000000.0
Rémi Walter,FRA-Ligue 1,1800000.0
Wylan Cyprien,FRA-Ligue 1,1100000.0
Anthony Briançon,FRA-Ligue 1,400000.0
Arber Zeneli,FRA-Ligue 1,
Moussa Doumbia,FRA-Ligue 1,1800000.0
Thomas Foket,FRA-Ligue 1,600000.0
M'Baye Niang,FRA-Ligue 1,2500000.0
Denis Bouanga,FRA-Ligue 1,8000000.0
Alexander Djiku,FRA-Ligue 1,9000000.0
Corentin Jean,FRA-Ligue 1,1000000.0
Steven Moreira,FRA-Ligue 1,1500000.0
Wesley Saïd,FRA-Ligue 1,4000000.0
Eddy Gnahoré,FRA-Ligue 1,500000.0
Jordan Lefort,FRA-Ligue 1,900000.0
Prince-Désir Gouano,FRA-Ligue 1,
Quentin Cornette,FRA-Ligue 1,600000.0
Saman Ghoddos,FRA-Ligue 1,2000000.0
Théo Pellenard,FRA-Ligue 1,500000.0
Otávio,FRA-Ligue 1,4500000.0
Alexandre Mendy,FRA-Ligue 1,3500000.0
Haris Belkebla,FRA-Ligue 1,2500000.0
Alfred Gomis,FRA-Ligue 1,1000000.0
Didier Ibrahim Ndong,FRA-Ligue 1,
Reinildo Mandava,FRA-Ligue 1,5000000.0
Memphis,FRA-Ligue 1,
Jordan Amavi,FRA-Ligue 1,1200000.0
Marvin Gakpa,FRA-Ligue 1,450000.0
Opa Nguette,FRA-Ligue 1,1500000.0
Guillermo Maripán,FRA-Ligue 1,4000000.0
Gaëtan Laborde,FRA-Ligue 1,10000000.0
Abdoul Kader Bamba,FRA-Ligue 1,900000.0
Abdoulaye Touré,FRA-Ligue 1,3000000.0
Anthony Limbombe,FRA-Ligue 1,700000.0
Cristian Benavente,FRA-Ligue 1,400000.0
Adrien Tameze,FRA-Ligue 1,
Riza Durmisi,FRA-Ligue 1,300000.0
Gaëtan Paquiez,FRA-Ligue 1,500000.0
Haris Duljević,FRA-Ligue 1,
Julian Draxler,FRA-Ligue 1,5000000.0
Leandro Paredes,FRA-Ligue 1,5000000.0
Marquinhos,FRA-Ligue 1,30000000.0
Sergio Rico,FRA-Ligue 1,1500000.0
Hassane Kamara,FRA-Ligue 1,3000000.0
Adrien Hunou,FRA-Ligue 1,300000.0
Benjamin Bourigeaud,FRA-Ligue 1,5000000.0
Jean-Eudes Aholou,FRA-Ligue 1,800000.0
Abdallah N'dour,FRA-Ligue 1,
Adrien Thomasson,FRA-Ligue 1,4500000.0
Ludovic Ajorque,FRA-Ligue 1,3000000.0
Sanjin Prcić,FRA-Ligue 1,
Issiaga Sylla,FRA-Ligue 1,2500000.0
Bongani Zungu,FRA-Ligue 1,650000.0
Moussa Konaté,FRA-Ligue 1,500000.0
Casimir Ninga,FRA-Ligue 1,600000.0
Danijel Petković,FRA-Ligue 1,
Hwang Ui-jo,FRA-Ligue 1,
Maxime Poundjé,FRA-Ligue 1,200000.0
Rubén Pardo,FRA-Ligue 1,350000.0
Youssouf Sabaly,FRA-Ligue 1,2500000.0
Donovan Léon,FRA-Ligue 1,900000.0
Dénys Bain,FRA-Ligue 1,
Ferris N'Goma,FRA-Ligue 1,200000.0
Kévin Mayi,FRA-Ligue 1,
Karl Toko Ekambi,FRA-Ligue 1,5000000.0
Florian Thauvin,FRA-Ligue 1,5000000.0
Farid Boulaya,FRA-Ligue 1,2000000.0
Manuel Cabit,FRA-Ligue 1,200000.0
Jemerson,FRA-Ligue 1,1700000.0
Ruben Aguilar,FRA-Ligue 1,3000000.0
Keagan Dolly,FRA-Ligue 1,1400000.0
Mehdi Abeid,FRA-Ligue 1,1000000.0
Christophe Hérelle,FRA-Ligue 1,1500000.0
Pierre Lees-Melou,FRA-Ligue 1,10000000.0
Walter Benítez,FRA-Ligue 1,5000000.0
Renaud Ripart,FRA-Ligue 1,2000000.0
Zinedine Ferhat,FRA-Ligue 1,2300000.0
Alphonse Areola,FRA-Ligue 1,7000000.0
Jesé,FRA-Ligue 1,1000000.0
Juan Bernat,FRA-Ligue 1,1500000.0
Layvin Kurzawa,FRA-Ligue 1,750000.0
Marco Verratti,FRA-Ligue 1,25000000.0
Mauro Icardi,FRA-Ligue 1,6000000.0
Flavien Tait,FRA-Ligue 1,300000.0
Lois Diony,FRA-Ligue 1,
Miguel Trauco,FRA-Ligue 1,1800000.0
Gen Shoji,FRA-Ligue 1,700000.0
Yaya Sanogo,FRA-Ligue 1,250000.0
Stiven Mendoza,FRA-Ligue 1,1000000.0
Rachid Alioui,FRA-Ligue 1,250000.0
Stéphane Bahoken,FRA-Ligue 1,950000.0
Loris Benito,FRA-Ligue 1,500000.0
Cristian Battocchio,FRA-Ligue 1,350000.0
Benjamin Jeannot,FRA-Ligue 1,300000.0
Jordan Marié,FRA-Ligue 1,450000.0
Adama Soumaoro,FRA-Ligue 1,2000000.0
Thiago Mendes,FRA-Ligue 1,4500000.0
Bouna Sarr,FRA-Ligue 1,1500000.0
Thomas Delaine,FRA-Ligue 1,500000.0
Andy Delort,FRA-Ligue 1,1500000.0
Arnaud Souquet,FRA-Ligue 1,1500000.0
Florent Mollet,FRA-Ligue 1,600000.0
Gerónimo Rulli,FRA-Ligue 1,9000000.0
Jordan Ferri,FRA-Ligue 1,500000.0
Téji Savanier,FRA-Ligue 1,9000000.0
Yun Il-lok,FRA-Ligue 1,
Andrei Girotto,FRA-Ligue 1,4000000.0
Charles Traore,FRA-Ligue 1,
Dennis Appiah,FRA-Ligue 1,700000.0
Kalifa Coulibaly,FRA-Ligue 1,600000.0
Lucas Lima,FRA-Ligue 1,300000.0
Renaud Emond,FRA-Ligue 1,350000.0
Loïck Landre,FRA-Ligue 1,325000.0
Neymar,FRA-Ligue 1,50000000.0
Pablo Sarabia,FRA-Ligue 1,4000000.0
Thomas Meunier,FRA-Ligue 1,1800000.0
Edouard Mendy,FRA-Ligue 1,10000000.0
Hamari Traoré,FRA-Ligue 1,6000000.0
Timothée Kolodziejczak,FRA-Ligue 1,400000.0
Abdul Majeed Waris,FRA-Ligue 1,
Kenny Lala,FRA-Ligue 1,1800000.0
Matz Sels,FRA-Ligue 1,6000000.0
Nicolas Isimat-Mirin,FRA-Ligue 1,325000.0
Ruben Gabrielsen,FRA-Ligue 1,600000.0
Gaël Kakuta,FRA-Ligue 1,1800000.0
Haitam Aleesami,FRA-Ligue 1,300000.0
Thomas Monconduit,FRA-Ligue 1,600000.0
Vincent Pajot,FRA-Ligue 1,400000.0
Jonathan Cafu,FRA-Ligue 1,450000.0
Nicolas de Préville,FRA-Ligue 1,400000.0
Pablo,FRA-Ligue 1,2000000.0
Mathias Autret,FRA-Ligue 1,700000.0
Benjamin André,FRA-Ligue 1,4000000.0
Anthony Lopes,FRA-Ligue 1,4000000.0
Vincent Pajot,FRA-Ligue 1,400000.0
Benjamin Lecomte,FRA-Ligue 1,3500000.0
Wissam Ben Yedder,FRA-Ligue 1,8000000.0
Ambroise Oyongo,FRA-Ligue 1,500000.0
Pedro Mendes,FRA-Ligue 1,400000.0
Molla Wagué,FRA-Ligue 1,250000.0
Suk Hyun-jun,FRA-Ligue 1,
Tristan Dingomé,FRA-Ligue 1,300000.0
Xavier Chavalerin,FRA-Ligue 1,1500000.0
Clément Grenier,FRA-Ligue 1,800000.0
Gabriel Silva,FRA-Ligue 1,700000.0
Robert Berić,FRA-Ligue 1,
Wahbi Khazri,FRA-Ligue 1,600000.0
Lionel Carole,FRA-Ligue 1,550000.0
Nuno da Costa,FRA-Ligue 1,800000.0
Baptiste Reynet,FRA-Ligue 1,450000.0
Bakaye Dibassy,FRA-Ligue 1,400000.0
Abdoulaye Bamba,FRA-Ligue 1,400000.0
Mateo Pavlović,FRA-Ligue 1,
Yoann Court,FRA-Ligue 1,400000.0
Romain Amalfitano,FRA-Ligue 1,300000.0
Rafael,FRA-Ligue 1,800000.0
Darío Benedetto,FRA-Ligue 1,1200000.0
Hiroki Sakai,FRA-Ligue 1,1400000.0
Kevin Strootman,FRA-Ligue 1,800000.0
Valère Germain,FRA-Ligue 1,1500000.0
Álvaro González,FRA-Ligue 1,2200000.0
Stevan Jovetić,FRA-Ligue 1,700000.0
Damien Le Tallec,FRA-Ligue 1,500000.0
Petar Škuletić,FRA-Ligue 1,
Fábio,FRA-Ligue 1,1000000.0
Rene Krhin,FRA-Ligue 1,250000.0
Mickaël Le Bihan,FRA-Ligue 1,500000.0
Ander Herrera,FRA-Ligue 1,2000000.0
Idrissa Gana Gueye,FRA-Ligue 1,
Jonas Martin,FRA-Ligue 1,300000.0
Ryad Boudebouz,FRA-Ligue 1,1200000.0
Yann M'Vila,FRA-Ligue 1,1500000.0
Jonas Martin,FRA-Ligue 1,300000.0
Stefan Mitrović,FRA-Ligue 1,
Lovre Kalinić,FRA-Ligue 1,
Vincent Manceau,FRA-Ligue 1,300000.0
Mexer,FRA-Ligue 1,200000.0
Gaëtan Charbonnier,FRA-Ligue 1,400000.0
Paul Lasne,FRA-Ligue 1,250000.0
Júlio Tavares,FRA-Ligue 1,
Mickaël Alphonse,FRA-Ligue 1,250000.0
Jérémy Pied,FRA-Ligue 1,200000.0
Fernando Marçal,FRA-Ligue 1,
Paul Delecroix,FRA-Ligue 1,150000.0
Stoppila Sunzu,FRA-Ligue 1,200000.0
Adrien Silva,FRA-Ligue 1,400000.0
Lucas Deaux,FRA-Ligue 1,250000.0
Pablo Martinez,FRA-Ligue 1,
Eric Maxim Choupo-Moting,FRA-Ligue 1,
Steven Nzonzi,FRA-Ligue 1,900000.0
Lamine Koné,FRA-Ligue 1,150000.0
William Vainqueur,FRA-Ligue 1,400000.0
Romain Thomas,FRA-Ligue 1,400000.0
Bruno Ecuele Manga,FRA-Ligue 1,250000.0
Wesley Lautoa,FRA-Ligue 1,500000.0
Nicolás Gaitán,FRA-Ligue 1,
Alexandre Oukidja,FRA-Ligue 1,500000.0
Islam Slimani,FRA-Ligue 1,400000.0
Kamil Glik,FRA-Ligue 1,500000.0
Denis Petrić,FRA-Ligue 1,
Nicolas Pallois,FRA-Ligue 1,300000.0
Nolan Roux,FRA-Ligue 1,150000.0
Pierrick Valdivia,FRA-Ligue 1,250000.0
Romain Philippoteaux,FRA-Ligue 1,300000.0
Ángel Di María,FRA-Ligue 1,2000000.0
Yunis Abdelhamid,FRA-Ligue 1,350000.0
Damien Da Silva,FRA-Ligue 1,500000.0
Dimitri Liénard,FRA-Ligue 1,400000.0
Mathieu Dossevi,FRA-Ligue 1,100000.0
Mauro Goicoechea,FRA-Ligue 1,100000.0
Max Gradel,FRA-Ligue 1,750000.0
Régis Gurtner,FRA-Ligue 1,250000.0
Ismaël Traoré,FRA-Ligue 1,250000.0
Pierrick Capelle,FRA-Ligue 1,250000.0
Thomas Mangani,FRA-Ligue 1,300000.0
Benoît Costil,FRA-Ligue 1,600000.0
Gaëtan Belaud,FRA-Ligue 1,350000.0
Julien Faussurier,FRA-Ligue 1,250000.0
Fouad Chafik,FRA-Ligue 1,50000.0
Loïc Rémy,FRA-Ligue 1,150000.0
Marcelo,FRA-Ligue 1,800000.0
Dimitri Payet,FRA-Ligue 1,1800000.0
Luiz Gustavo,FRA-Ligue 1,500000.0
John Boye,FRA-Ligue 1,100000.0
Cesc Fàbregas,FRA-Ligue 1,1000000.0
Edinson Cavani,FRA-Ligue 1,2500000.0
Keylor Navas,FRA-Ligue 1,1500000.0
Romain Hamouma,FRA-Ligue 1,400000.0
Stéphane Ruffier,FRA-Ligue 1,2000000.0
Benjamin Corgnet,FRA-Ligue 1,200000.0
Jérémy Grimm,FRA-Ligue 1,250000.0
Jimmy Briand,FRA-Ligue 1,600000.0
Laurent Koscielny,FRA-Ligue 1,3000000.0
Ludovic Baal,FRA-Ligue 1,150000.0
Frédéric Sammaritano,FRA-Ligue 1,200000.0
Ciprian Tătărușanu,FRA-Ligue 1,
Jessy Moulin,FRA-Ligue 1,200000.0
Loïc Perrin,FRA-Ligue 1,1200000.0
Yohan Cabaye,FRA-Ligue 1,500000.0
Aurélien Chedjou,FRA-Ligue 1,300000.0
Steve Mandanda,FRA-Ligue 1,500000.0
Renaud Cohade,FRA-Ligue 1,400000.0
Daniel Congré,FRA-Ligue 1,200000.0
Thiago Silva,FRA-Ligue 1,1000000.0
Mathieu Debuchy,FRA-Ligue 1,300000.0
Christophe Jallet,FRA-Ligue 1,250000.0
José Fonte,FRA-Ligue 1,100000.0
Dante,FRA-Ligue 1,500000.0
Alaixys Romao,FRA-Ligue 1,10000.0
Jérémy Morel,FRA-Ligue 1,300000.0
Romain Salin,FRA-Ligue 1,150000.0
Mathieu Bodmer,FRA-Ligue 1,250000.0
Ludovic Butelle,FRA-Ligue 1,100000.0
Yohann Pelé,FRA-Ligue 1,250000.0
Souleymane Camara,FRA-Ligue 1,200000.0
Florent Balmont,FRA-Ligue 1,250000.0
Vitorino Hilton,FRA-Ligue 1,
Raúl Moro,ITA-Serie A,2500000.0
Jakub Iskra,ITA-Serie A,25000.0
Stefano Piccinini,ITA-Serie A,225000.0
Amad Diallo,ITA-Serie A,50000000.0
Andri Fannar Baldursson,ITA-Serie A,1500000.0
Federico Bonini,ITA-Serie A,500000.0
Gianmarco Cangiano,ITA-Serie A,650000.0
Musa Juwara,ITA-Serie A,1200000.0
Andrea Papetti,ITA-Serie A,1800000.0
Christian Dalle Mura,ITA-Serie A,850000.0
Denilho Cleonise,ITA-Serie A,400000.0
Nicolò Rovella,ITA-Serie A,28000000.0
Eddie Salcedo,ITA-Serie A,1000000.0
Lorenzo Pirola,ITA-Serie A,5500000.0
Lucien Agoume,ITA-Serie A,
Sebastiano Esposito,ITA-Serie A,9000000.0
Ilario Monterisi,ITA-Serie A,2800000.0
Daniel Maldini,ITA-Serie A,4500000.0
Lorenzo Colombo,ITA-Serie A,6000000.0
Riccardo Calafiori,ITA-Serie A,50000000.0
Jaume Cuéllar,ITA-Serie A,600000.0
Krisztofer Horváth,ITA-Serie A,600000.0
Stefano Turati,ITA-Serie A,7000000.0
Christian Celesia,ITA-Serie A,125000.0
Martin Palumbo,ITA-Serie A,700000.0
Jacopo Da Riva,ITA-Serie A,1200000.0
Roberto Piccoli,ITA-Serie A,18000000.0
Dion Ruffo Luci,ITA-Serie A,100000.0
Andrea Ghezzi,ITA-Serie A,200000.0
Mattia Viviani,ITA-Serie A,900000.0
Andrea Carboni,ITA-Serie A,2500000.0
Federico Marigosu,ITA-Serie A,75000.0
Riccardo Ladinetti,ITA-Serie A,200000.0
Federico Brancolini,ITA-Serie A,200000.0
Nicolò Armini,ITA-Serie A,250000.0
Georgi Tunjov,ITA-Serie A,200000.0
Felice D'Amico,ITA-Serie A,175000.0
Kristoffer Askildsen,ITA-Serie A,1400000.0
Giacomo Manzari,ITA-Serie A,300000.0
Vincenzo Millico,ITA-Serie A,800000.0
Wilfried Singo,ITA-Serie A,28000000.0
Marco Ballarini,ITA-Serie A,75000.0
Bosko Sutalo,ITA-Serie A,2500000.0
Ebrima Colley,ITA-Serie A,2600000.0
Raoul Bellanova,ITA-Serie A,15000000.0
Andreas Skov Olsen,ITA-Serie A,10000000.0
Gabriele Corbo,ITA-Serie A,600000.0
Kingsley Michael,ITA-Serie A,150000.0
Sandro Tonali,ITA-Serie A,75000000.0
Luca Gagliano,ITA-Serie A,200000.0
Sebastian Walukiewicz,ITA-Serie A,4500000.0
Aleksa Terzić,ITA-Serie A,
Dušan Vlahović,ITA-Serie A,35000000.0
Lucas Felippe,ITA-Serie A,175000.0
Marash Kumbulla,ITA-Serie A,4500000.0
Matteo Lovato,ITA-Serie A,4000000.0
Matthijs de Ligt,ITA-Serie A,65000000.0
Anderson Lima,ITA-Serie A,
Luca Falbo,ITA-Serie A,175000.0
Marco Brescianini,ITA-Serie A,7500000.0
Matteo Gabbia,ITA-Serie A,8000000.0
Elif Elmas,ITA-Serie A,
Dejan Kulusevski,ITA-Serie A,45000000.0
Andrea Ghion,ITA-Serie A,550000.0
Giacomo Raspadori,ITA-Serie A,22000000.0
Hamed Junior Traorè,ITA-Serie A,
Michel Ndary Adopo,ITA-Serie A,
Lennart-Marten Czyborra,ITA-Serie A,
Musa Barrow,ITA-Serie A,9000000.0
Mattias Svanberg,ITA-Serie A,12000000.0
Musa Barrow,ITA-Serie A,9000000.0
Takehiro Tomiyasu,ITA-Serie A,12000000.0
Luca Pellegrini,ITA-Serie A,3500000.0
Kevin Agudelo,ITA-Serie A,4000000.0
Luca Ranieri,ITA-Serie A,7000000.0
Riccardo Sottil,ITA-Serie A,3500000.0
Andrea Pinamonti,ITA-Serie A,15000000.0
Kevin Agudelo,ITA-Serie A,4000000.0
Andrea Danzi,ITA-Serie A,450000.0
Alessandro Bastoni,ITA-Serie A,80000000.0
Daouda Peeters,ITA-Serie A,200000.0
Giacomo Vrioni,ITA-Serie A,3000000.0
Gianluca Frabotta,ITA-Serie A,1400000.0
Marco Olivieri,ITA-Serie A,700000.0
Bobby Adekanye,ITA-Serie A,650000.0
Brayan Vera,ITA-Serie A,1000000.0
Alexis Saelemaekers,ITA-Serie A,12000000.0
Gianluigi Donnarumma,ITA-Serie A,45000000.0
Rafael Leão,ITA-Serie A,90000000.0
Justin Kluivert,ITA-Serie A,32000000.0
Mirko Antonucci,ITA-Serie A,2200000.0
Nicolò Zaniolo,ITA-Serie A,13000000.0
Roger Ibanez,ITA-Serie A,
Gonzalo Maroni,ITA-Serie A,2000000.0
Alessandro Tripaldelli,ITA-Serie A,600000.0
Mert Müldür,ITA-Serie A,5000000.0
Nicolás Domínguez,ITA-Serie A,16000000.0
Alessandro Semprini,ITA-Serie A,125000.0
Massimiliano Mangraviti,ITA-Serie A,900000.0
Simone Pinna,ITA-Serie A,150000.0
Bartłomiej Drągowski,ITA-Serie A,2500000.0
Christian Kouamé,ITA-Serie A,2500000.0
Federico Chiesa,ITA-Serie A,18000000.0
Igor,ITA-Serie A,
Nikola Milenković,ITA-Serie A,30000000.0
Patrick Cutrone,ITA-Serie A,5000000.0
Pol Lirola,ITA-Serie A,1800000.0
Szymon Żurkowski,ITA-Serie A,2500000.0
Christian Kouamé,ITA-Serie A,2500000.0
Cristian Romero,ITA-Serie A,60000000.0
Filip Jagiełło,ITA-Serie A,1100000.0
Claud Adjapong,ITA-Serie A,900000.0
Federico Dimarco,ITA-Serie A,50000000.0
Federico Dimarco,ITA-Serie A,50000000.0
Lautaro Martínez,ITA-Serie A,85000000.0
Luca Zanimacchia,ITA-Serie A,1800000.0
Merih Demiral,ITA-Serie A,20000000.0
Simone Muratore,ITA-Serie A,100000.0
Edgaras Dubickas,ITA-Serie A,250000.0
Ismaël Bennacer,ITA-Serie A,9000000.0
Lucas Paquetá,ITA-Serie A,35000000.0
Theo Hernández,ITA-Serie A,60000000.0
Giuseppe Pezzella,ITA-Serie A,2200000.0
Yann Karamoh,ITA-Serie A,2500000.0
Carles Pérez,ITA-Serie A,1800000.0
Gonzalo Villar,ITA-Serie A,3000000.0
Demba Thiam,ITA-Serie A,350000.0
Igor,ITA-Serie A,
Julian Chabot,ITA-Serie A,
Mehdi Léris,ITA-Serie A,2500000.0
Ronaldo Vieira,ITA-Serie A,1500000.0
Manuel Locatelli,ITA-Serie A,25000000.0
Rogério,ITA-Serie A,2000000.0
Giuseppe Pezzella,ITA-Serie A,2200000.0
Nicholas Opoku,ITA-Serie A,1500000.0
Guilherme Arana,ITA-Serie A,10000000.0
Jerdy Schouten,ITA-Serie A,22000000.0
Riccardo Orsolini,ITA-Serie A,25000000.0
Andrea Cistana,ITA-Serie A,2200000.0
Emanuele Ndoj,ITA-Serie A,600000.0
Florian Ayé,ITA-Serie A,2000000.0
Nikolas Špalek,ITA-Serie A,
Gaetano Castrovilli,ITA-Serie A,750000.0
Pedro,ITA-Serie A,22000000.0
Andrea Favilli,ITA-Serie A,1000000.0
Francesco Cassata,ITA-Serie A,700000.0
Ionuț Radu,ITA-Serie A,5000000.0
Paolo Ghiglione,ITA-Serie A,1300000.0
Gennaro Tutino,ITA-Serie A,2000000.0
Matteo Pessina,ITA-Serie A,5000000.0
Sofyan Amrabat,ITA-Serie A,22000000.0
Nicolò Barella,ITA-Serie A,60000000.0
Rodrigo Bentancur,ITA-Serie A,27000000.0
Luiz Felipe,ITA-Serie A,3000000.0
Luiz Felipe,ITA-Serie A,200000.0
Davide Calabria,ITA-Serie A,13000000.0
Franck Kessié,ITA-Serie A,20000000.0
Alex Meret,ITA-Serie A,14000000.0
Sebastiano Luperto,ITA-Serie A,4000000.0
Amadou Diawara,ITA-Serie A,1500000.0
Cengiz Ünder,ITA-Serie A,14000000.0
Daniel Fuzato,ITA-Serie A,900000.0
Yıldırım Mert Çetin,ITA-Serie A,
Alessandro Murgia,ITA-Serie A,450000.0
Gabriel Strefezza,ITA-Serie A,7000000.0
Karlo Letica,ITA-Serie A,700000.0
Emil Audero,ITA-Serie A,3200000.0
Fabio Depaoli,ITA-Serie A,3000000.0
Federico Bonazzoli,ITA-Serie A,2500000.0
Filippo Romagna,ITA-Serie A,400000.0
Jeremie Boga,ITA-Serie A,
Gleison Bremer,ITA-Serie A,
Lyanco,ITA-Serie A,3200000.0
Ola Aina,ITA-Serie A,20000000.0
Saša Lukić,ITA-Serie A,12000000.0
Simone Edera,ITA-Serie A,300000.0
Hidde ter Avest,ITA-Serie A,1500000.0
Rolando Mandragora,ITA-Serie A,8500000.0
Timothy Castagne,ITA-Serie A,10000000.0
Aleš Matějů,ITA-Serie A,
Giangiacomo Magnani,ITA-Serie A,3000000.0
Leonardo Morosini,ITA-Serie A,200000.0
Alberto Cerri,ITA-Serie A,600000.0
Alessandro Deiola,ITA-Serie A,1600000.0
Christian Oliva,ITA-Serie A,750000.0
Nahitan Nández,ITA-Serie A,5000000.0
Antonio Sanabria,ITA-Serie A,7000000.0
Boris Radunović,ITA-Serie A,1000000.0
Liam Henderson,ITA-Serie A,1400000.0
Liam Henderson,ITA-Serie A,
Stefano Sensi,ITA-Serie A,1200000.0
Valentino Lazaro,ITA-Serie A,3500000.0
Denis Vavro,ITA-Serie A,7000000.0
Alessandro Deiola,ITA-Serie A,1600000.0
Davide Riccardi,ITA-Serie A,200000.0
André Silva,ITA-Serie A,6000000.0
Léo Duarte,ITA-Serie A,2500000.0
Fabián Ruiz Peña,ITA-Serie A,
Gianluca Mancini,ITA-Serie A,15000000.0
Lorenzo Pellegrini,ITA-Serie A,9000000.0
Alberto Cerri,ITA-Serie A,600000.0
Gabriele Moncini,ITA-Serie A,900000.0
Kevin Bonifazi,ITA-Serie A,300000.0
Mohamed Fares,ITA-Serie A,1300000.0
Antonino La Gumina,ITA-Serie A,1100000.0
Jakub Jankto,ITA-Serie A,800000.0
Morten Thorsby,ITA-Serie A,3000000.0
Giangiacomo Magnani,ITA-Serie A,3000000.0
Giorgos Kyriakopoulos,ITA-Serie A,
Luca Mazzitelli,ITA-Serie A,1400000.0
Lukáš Haraslín,ITA-Serie A,
Marlon,ITA-Serie A,3000000.0
Kevin Bonifazi,ITA-Serie A,300000.0
Ignacio Pussetto,ITA-Serie A,2500000.0
Rodrigo Becão,ITA-Serie A,3000000.0
Mario Pašalić,ITA-Serie A,7000000.0
Pierluigi Gollini,ITA-Serie A,800000.0
Ibrahima Mbaye,ITA-Serie A,300000.0
Lorenzo Andrenacci,ITA-Serie A,200000.0
Simon Skrabb,ITA-Serie A,250000.0
Federico Mattiello,ITA-Serie A,300000.0
Gastón Pereiro,ITA-Serie A,250000.0
Giovanni Simeone,ITA-Serie A,5000000.0
Marko Rog,ITA-Serie A,1300000.0
Lorenzo Venuti,ITA-Serie A,1200000.0
Marco Benassi,ITA-Serie A,1200000.0
Antonio Barreca,ITA-Serie A,800000.0
Koray Günter,ITA-Serie A,700000.0
Mariusz Stępiński,ITA-Serie A,1500000.0
Mattia Zaccagni,ITA-Serie A,15000000.0
Paweł Dawidowicz,ITA-Serie A,2000000.0
Milan Škriniar,ITA-Serie A,11000000.0
Adrien Rabiot,ITA-Serie A,20000000.0
Danilo Cataldi,ITA-Serie A,3500000.0
Djavan Anderson,ITA-Serie A,275000.0
Joaquín Correa,ITA-Serie A,3000000.0
Sergej Milinković-Savić,ITA-Serie A,40000000.0
Thomas Strakosha,ITA-Serie A,2500000.0
Antonín Barák,ITA-Serie A,4500000.0
Jacopo Petriccione,ITA-Serie A,650000.0
Alessio Romagnoli,ITA-Serie A,7000000.0
Krzysztof Piątek,ITA-Serie A,
Samu Castillejo,ITA-Serie A,600000.0
Hirving Lozano,ITA-Serie A,8000000.0
Stanislav Lobotka,ITA-Serie A,18000000.0
Alberto Grassi,ITA-Serie A,1800000.0
Bryan Cristante,ITA-Serie A,7000000.0
Pau López,ITA-Serie A,2500000.0
Andrea Petagna,ITA-Serie A,500000.0
Arkadiusz Reca,ITA-Serie A,2300000.0
Francesco Vicari,ITA-Serie A,2500000.0
Marko Janković,ITA-Serie A,
Karol Linetty,ITA-Serie A,1500000.0
Nicola Murru,ITA-Serie A,1000000.0
Tommaso Augello,ITA-Serie A,1200000.0
Wladimiro Falcone,ITA-Serie A,3500000.0
Domenico Berardi,ITA-Serie A,10000000.0
Jeremy Toljan,ITA-Serie A,3500000.0
Álex Berenguer,ITA-Serie A,12000000.0
Antonín Barák,ITA-Serie A,4500000.0
Samir Santos,ITA-Serie A,
Seko Fofana,ITA-Serie A,8000000.0
Walace,ITA-Serie A,6000000.0
Adrien Tameze,ITA-Serie A,
Hans Hateboer,ITA-Serie A,2000000.0
Mattia Caldara,ITA-Serie A,800000.0
Robin Gosens,ITA-Serie A,6000000.0
Mattia Bani,ITA-Serie A,2500000.0
Dimitri Bisoli,ITA-Serie A,1500000.0
Felipe Curcio,ITA-Serie A,250000.0
Jaromír Zmrhal,ITA-Serie A,
Alessio Cragno,ITA-Serie A,1500000.0
Babis Lykogiannis,ITA-Serie A,
Dalbert Henrique,ITA-Serie A,
Erick Pulgar,ITA-Serie A,6000000.0
Sebastián Cristóforo,ITA-Serie A,800000.0
Davide Biraschi,ITA-Serie A,900000.0
Edoardo Goldaniga,ITA-Serie A,1200000.0
Sinan Gümüş,ITA-Serie A,50000.0
Alan Empereur,ITA-Serie A,750000.0
Amir Rrahmani,ITA-Serie A,12000000.0
Valerio Verre,ITA-Serie A,1400000.0
Matteo Politano,ITA-Serie A,8000000.0
Roberto Gagliardini,ITA-Serie A,1400000.0
Daniele Rugani,ITA-Serie A,2000000.0
Emre Can,ITA-Serie A,6000000.0
Federico Bernardeschi,ITA-Serie A,6000000.0
Paulo Dybala,ITA-Serie A,5000000.0
Jordan Lukaku,ITA-Serie A,275000.0
Manuel Lazzari,ITA-Serie A,2500000.0
Cristian Dell'Orco,ITA-Serie A,500000.0
Andrea Conti,ITA-Serie A,500000.0
Ante Rebić,ITA-Serie A,2200000.0
Hakan Çalhanoğlu,ITA-Serie A,22000000.0
Rade Krunić,ITA-Serie A,
Suso,ITA-Serie A,4000000.0
Amin Younes,ITA-Serie A,800000.0
Arkadiusz Milik,ITA-Serie A,6000000.0
Elseid Hysaj,ITA-Serie A,2500000.0
Giovanni Di Lorenzo,ITA-Serie A,10000000.0
Matteo Politano,ITA-Serie A,8000000.0
Piotr Zieliński,ITA-Serie A,
Hernani,ITA-Serie A,1500000.0
Federico Di Francesco,ITA-Serie A,1400000.0
Mattia Valoti,ITA-Serie A,600000.0
Alex Ferrari,ITA-Serie A,1000000.0
Andrea Belotti,ITA-Serie A,1500000.0
Soualiho Meïté,ITA-Serie A,1800000.0
Juan Musso,ITA-Serie A,5000000.0
Ken Sema,ITA-Serie A,2500000.0
Rodrigo De Paul,ITA-Serie A,15000000.0
William Troost-Ekong,ITA-Serie A,1200000.0
Berat Djimsiti,ITA-Serie A,10000000.0
Ruslan Malinovskyi,ITA-Serie A,8000000.0
Mitchell Dijks,ITA-Serie A,850000.0
Nehuén Paz,ITA-Serie A,200000.0
Stefano Denswil,ITA-Serie A,800000.0
Bruno Martella,ITA-Serie A,500000.0
Jesse Joronen,ITA-Serie A,500000.0
Stefano Sabelli,ITA-Serie A,1400000.0
Paolo Faragò,ITA-Serie A,700000.0
Alfred Duncan,ITA-Serie A,4000000.0
Lukas Lerager,ITA-Serie A,3000000.0
Marko Pajač,ITA-Serie A,
Mattia Perin,ITA-Serie A,2000000.0
Stefano Sturaro,ITA-Serie A,500000.0
Cristiano Biraghi,ITA-Serie A,1400000.0
Marcelo Brozović,ITA-Serie A,20000000.0
Romelu Lukaku,ITA-Serie A,15000000.0
Mattia De Sciglio,ITA-Serie A,1000000.0
Adam Marušić,ITA-Serie A,
Luis Alberto,ITA-Serie A,11000000.0
Patric,ITA-Serie A,1500000.0
Valon Berisha,ITA-Serie A,1500000.0
Gabriel,ITA-Serie A,1500000.0
Gabriel,ITA-Serie A,
Giannelli Imbula,ITA-Serie A,125000.0
Khouma Babacar,ITA-Serie A,200000.0
Nehuén Paz,ITA-Serie A,200000.0
Diego Laxalt,ITA-Serie A,3000000.0
Ricardo Rodríguez,ITA-Serie A,3500000.0
Andreas Cornelius,ITA-Serie A,400000.0
Gastón Brugman,ITA-Serie A,2000000.0
Gianluca Caprari,ITA-Serie A,4000000.0
Mattia Sprocati,ITA-Serie A,150000.0
Jordan Veretout,ITA-Serie A,3500000.0
Leonardo Spinazzola,ITA-Serie A,3500000.0
Emiliano Rigoni,ITA-Serie A,3000000.0
Gianluca Caprari,ITA-Serie A,4000000.0
Omar Colley,ITA-Serie A,1500000.0
Alfred Duncan,ITA-Serie A,4000000.0
Diego Laxalt,ITA-Serie A,3000000.0
Koffi Djidji,ITA-Serie A,2500000.0
Kevin Lasagna,ITA-Serie A,950000.0
Marco Sportiello,ITA-Serie A,1500000.0
Remo Freuler,ITA-Serie A,4000000.0
Ladislav Krejčí,ITA-Serie A,
Nicola Sansone,ITA-Serie A,400000.0
Ernesto Torregrossa,ITA-Serie A,1200000.0
Jhon Chancellor,ITA-Serie A,400000.0
Luca Tremolada,ITA-Serie A,1000000.0
Daniele Ragatzu,ITA-Serie A,600000.0
João Pedro,ITA-Serie A,6000000.0
Federico Ceccherini,ITA-Serie A,400000.0
Maximiliano Olivera,ITA-Serie A,1500000.0
Rachid Ghezzal,ITA-Serie A,700000.0
Valentin Eysseric,ITA-Serie A,1000000.0
Adama Soumaoro,ITA-Serie A,2000000.0
Jawad El Yamiq,ITA-Serie A,2000000.0
Riccardo Saponara,ITA-Serie A,700000.0
Davide Faraoni,ITA-Serie A,1500000.0
Valentin Eysseric,ITA-Serie A,1000000.0
Christian Eriksen,ITA-Serie A,3000000.0
Matías Vecino,ITA-Serie A,1500000.0
Stefan de Vrij,ITA-Serie A,3500000.0
Filippo Falco,ITA-Serie A,700000.0
Riccardo Saponara,ITA-Serie A,700000.0
Romario Benzar,ITA-Serie A,200000.0
Žan Majer,ITA-Serie A,
Diego Demme,ITA-Serie A,800000.0
Nikola Maksimović,ITA-Serie A,450000.0
Kastriot Dermaku,ITA-Serie A,250000.0
Roberto Inglese,ITA-Serie A,750000.0
Davide Zappacosta,ITA-Serie A,3500000.0
Bryan Dabo,ITA-Serie A,500000.0
Jacopo Sala,ITA-Serie A,250000.0
Bartosz Bereszyński,ITA-Serie A,1300000.0
Jeison Murillo,ITA-Serie A,900000.0
Manolo Gabbiadini,ITA-Serie A,2000000.0
Filip Đuričić,ITA-Serie A,
Gian Marco Ferrari,ITA-Serie A,1400000.0
Mehdi Bourabia,ITA-Serie A,1000000.0
Pedro Obiang,ITA-Serie A,500000.0
Armando Izzo,ITA-Serie A,1300000.0
Daniele Baselli,ITA-Serie A,250000.0
Simone Verdi,ITA-Serie A,500000.0
Duván Zapata,ITA-Serie A,8000000.0
Francesco Rossi,ITA-Serie A,100000.0
Luis Muriel,ITA-Serie A,2000000.0
Marten de Roon,ITA-Serie A,7000000.0
Rafael Tolói,ITA-Serie A,2500000.0
Federico Santander,ITA-Serie A,500000.0
Mattia Destro,ITA-Serie A,500000.0
Roberto Soriano,ITA-Serie A,1800000.0
Łukasz Skorupski,ITA-Serie A,
Alfredo Donnarumma,ITA-Serie A,800000.0
Mario Balotelli,ITA-Serie A,650000.0
Artur Ioniță,ITA-Serie A,700000.0
Germán Pezzella,ITA-Serie A,3000000.0
Mattia Destro,ITA-Serie A,500000.0
Peter Ankersen,ITA-Serie A,150000.0
Darko Lazović,ITA-Serie A,1500000.0
Emmanuel Agyemang-Badu,ITA-Serie A,
Fabio Borini,ITA-Serie A,2200000.0
Marco Silvestri,ITA-Serie A,500000.0
Victor Moses,ITA-Serie A,1000000.0
Aaron Ramsey,ITA-Serie A,2500000.0
Alex Sandro,ITA-Serie A,2000000.0
Danilo,ITA-Serie A,2500000.0
Douglas Costa,ITA-Serie A,1500000.0
Bastos,ITA-Serie A,1200000.0
Jony,ITA-Serie A,300000.0
Andrea La Mantia,ITA-Serie A,800000.0
Biagio Meccariello,ITA-Serie A,250000.0
Panagiotis Tachtsidis,ITA-Serie A,800000.0
Yevhen Shakhov,ITA-Serie A,
Fabio Borini,ITA-Serie A,2200000.0
Mateo Musacchio,ITA-Serie A,400000.0
Allan,ITA-Serie A,5500000.0
Faouzi Ghoulam,ITA-Serie A,300000.0
Kalidou Koulibaly,ITA-Serie A,12000000.0
Kostas Manolas,ITA-Serie A,
Kévin Malcuit,ITA-Serie A,400000.0
Lorenzo Insigne,ITA-Serie A,8000000.0
Mário Rui,ITA-Serie A,3500000.0
Luigi Sepe,ITA-Serie A,500000.0
Simone Colombi,ITA-Serie A,250000.0
Vasco Regini,ITA-Serie A,150000.0
Alessandro Florenzi,ITA-Serie A,2000000.0
Davide Santon,ITA-Serie A,500000.0
Juan Jesus,ITA-Serie A,1500000.0
Bartosz Salamon,ITA-Serie A,400000.0
Marco D'Alessandro,ITA-Serie A,175000.0
Andrea Bertolacci,ITA-Serie A,400000.0
Gastón Ramírez,ITA-Serie A,200000.0
Vasco Regini,ITA-Serie A,150000.0
Grégoire Defrel,ITA-Serie A,1000000.0
Simone Zaza,ITA-Serie A,250000.0
Jens Stryger Larsen,ITA-Serie A,
Marvin Zeegelaar,ITA-Serie A,250000.0
Łukasz Teodorczyk,ITA-Serie A,
José Luis Palomino,ITA-Serie A,550000.0
Andrea Poli,ITA-Serie A,200000.0
Alberto Paloschi,ITA-Serie A,500000.0
Luca Ceppitelli,ITA-Serie A,600000.0
Robin Olsen,ITA-Serie A,700000.0
Pietro Terracciano,ITA-Serie A,1000000.0
Iago Falque,ITA-Serie A,250000.0
Carlo Pinsoglio,ITA-Serie A,200000.0
Miralem Pjanić,ITA-Serie A,1500000.0
Wojciech Szczęsny,ITA-Serie A,
Ciro Immobile,ITA-Serie A,2000000.0
Andrea Tabanelli,ITA-Serie A,50000.0
Diego Farias,ITA-Serie A,350000.0
Gianluca Lapadula,ITA-Serie A,600000.0
Giulio Donati,ITA-Serie A,300000.0
Mauro Vigorito,ITA-Serie A,150000.0
Giacomo Bonaventura,ITA-Serie A,3000000.0
Matteo Darmian,ITA-Serie A,1500000.0
Riccardo Gagliolo,ITA-Serie A,500000.0
Bruno Peres,ITA-Serie A,1000000.0
Chris Smalling,ITA-Serie A,1200000.0
Alberto Paloschi,ITA-Serie A,500000.0
Lorenzo Tonelli,ITA-Serie A,200000.0
Vlad Chiricheș,ITA-Serie A,900000.0
Iago Falque,ITA-Serie A,250000.0
Nicolas Nkoulou,ITA-Serie A,
Bram Nuytinck,ITA-Serie A,250000.0
Ilija Nestorovski,ITA-Serie A,400000.0
Stefano Okaka,ITA-Serie A,1000000.0
Simon Kjær,ITA-Serie A,1500000.0
Leonardo Pavoletti,ITA-Serie A,700000.0
Lucas Castro,ITA-Serie A,350000.0
Milan Badelj,ITA-Serie A,800000.0
Ivan Radovanović,ITA-Serie A,
Samuel Di Carmine,ITA-Serie A,350000.0
Alexis Sánchez,ITA-Serie A,1400000.0
Danilo D'Ambrosio,ITA-Serie A,700000.0
Kwadwo Asamoah,ITA-Serie A,350000.0
Felipe Caicedo,ITA-Serie A,400000.0
Andrea Rispoli,ITA-Serie A,250000.0
Marco Calderoni,ITA-Serie A,100000.0
Marco Mancosu,ITA-Serie A,400000.0
Simon Kjær,ITA-Serie A,1500000.0
David Ospina,ITA-Serie A,3000000.0
Jasmin Kurtić,ITA-Serie A,
Vincent Laurini,ITA-Serie A,150000.0
Henrikh Mkhitaryan,ITA-Serie A,3500000.0
Javier Pastore,ITA-Serie A,400000.0
Etrit Berisha,ITA-Serie A,500000.0
Jasmin Kurtić,ITA-Serie A,
Lucas Castro,ITA-Serie A,350000.0
Albin Ekdal,ITA-Serie A,800000.0
Maya Yoshida,ITA-Serie A,500000.0
Josip Iličić,ITA-Serie A,
Papu Gómez,ITA-Serie A,2000000.0
Gary Medel,ITA-Serie A,800000.0
Birkir Bjarnason,ITA-Serie A,350000.0
Enrico Alfonso,ITA-Serie A,150000.0
Radja Nainggolan,ITA-Serie A,500000.0
Luigi Vitale,ITA-Serie A,150000.0
Andrea Ranocchia,ITA-Serie A,800000.0
Gonzalo Higuaín,ITA-Serie A,1000000.0
Juan Cuadrado,ITA-Serie A,1000000.0
Francesco Acerbi,ITA-Serie A,2500000.0
Fabio Lucioni,ITA-Serie A,600000.0
Antonino Barillà,ITA-Serie A,275000.0
Luca Siligardi,ITA-Serie A,225000.0
Matteo Scozzarella,ITA-Serie A,200000.0
Diego Perotti,ITA-Serie A,500000.0
Nikola Kalinić,ITA-Serie A,
Nenad Tomović,ITA-Serie A,
Francesco Caputo,ITA-Serie A,1000000.0
Lorenzo De Silvestri,ITA-Serie A,400000.0
Samir Ujkani,ITA-Serie A,100000.0
Tomás Rincón,ITA-Serie A,800000.0
Mato Jajalo,ITA-Serie A,250000.0
Daniele Dessena,ITA-Serie A,300000.0
Rômulo,ITA-Serie A,300000.0
Fabrizio Cacciatore,ITA-Serie A,100000.0
Valter Birsa,ITA-Serie A,400000.0
Kevin-Prince Boateng,ITA-Serie A,700000.0
Martín Cáceres,ITA-Serie A,250000.0
Cristián Zapata,ITA-Serie A,
Domenico Criscito,ITA-Serie A,250000.0
Rômulo,ITA-Serie A,300000.0
Salvatore Bocchetti,ITA-Serie A,200000.0
Antonio Candreva,ITA-Serie A,1000000.0
Blaise Matuidi,ITA-Serie A,500000.0
Leonardo Bonucci,ITA-Serie A,1000000.0
Sami Khedira,ITA-Serie A,2000000.0
Lucas Leiva,ITA-Serie A,800000.0
Ștefan Radu,ITA-Serie A,
Asmir Begović,ITA-Serie A,
Dries Mertens,ITA-Serie A,1800000.0
José Callejón,ITA-Serie A,800000.0
Gervinho,ITA-Serie A,300000.0
Juraj Kucka,ITA-Serie A,1200000.0
Simone Iacoponi,ITA-Serie A,75000.0
Federico Fazio,ITA-Serie A,400000.0
Ervin Zukanović,ITA-Serie A,
Andrea Consigli,ITA-Serie A,800000.0
Cristian Ansaldi,ITA-Serie A,400000.0
Salvatore Sirigu,ITA-Serie A,275000.0
Sebastien De Maio,ITA-Serie A,200000.0
Andrea Masiello,ITA-Serie A,400000.0
Blerim Džemaili,ITA-Serie A,
Fabio Pisacane,ITA-Serie A,300000.0
Luca Cigarini,ITA-Serie A,300000.0
Ragnar Klavan,ITA-Serie A,50000.0
Andrea Masiello,ITA-Serie A,400000.0
Lasse Schöne,ITA-Serie A,75000.0
Miguel Veloso,ITA-Serie A,500000.0
Daniele Padelli,ITA-Serie A,150000.0
Diego Godín,ITA-Serie A,300000.0
Senad Lulić,ITA-Serie A,
Lucas Biglia,ITA-Serie A,250000.0
Aleksandar Kolarov,ITA-Serie A,500000.0
Edin Džeko,ITA-Serie A,
Mirko Valdifiori,ITA-Serie A,100000.0
Simone Missiroli,ITA-Serie A,300000.0
Thiago Cionek,ITA-Serie A,200000.0
Alessandro Matri,ITA-Serie A,300000.0
Valon Behrami,ITA-Serie A,300000.0
Giampaolo Pazzini,ITA-Serie A,350000.0
Ashley Young,ITA-Serie A,400000.0
Borja Valero,ITA-Serie A,900000.0
Cristiano Ronaldo,ITA-Serie A,15000000.0
Giorgio Chiellini,ITA-Serie A,1000000.0
Marco Parolo,ITA-Serie A,1000000.0
Luca Rossettini,ITA-Serie A,400000.0
Fernando Llorente,ITA-Serie A,300000.0
Francesco Magnanelli,ITA-Serie A,400000.0
Angelo da Costa Júnior,ITA-Serie A,
Danilo Larangeira,ITA-Serie A,
Samir Handanović,ITA-Serie A,
Felipe dal Belo,ITA-Serie A,
Édgar Barreto,ITA-Serie A,250000.0
Federico Peluso,ITA-Serie A,300000.0
Daniele Gastaldello,ITA-Serie A,300000.0
Franck Ribéry,ITA-Serie A,1000000.0
Goran Pandev,ITA-Serie A,400000.0
Pepe Reina,ITA-Serie A,600000.0
Antonio Mirante,ITA-Serie A,100000.0
Fabio Quagliarella,ITA-Serie A,500000.0
Antonio Rosati,ITA-Serie A,100000.0
Rodrigo Palacio,ITA-Serie A,300000.0
Rafael,ITA-Serie A,200000.0
Zlatan Ibrahimović,ITA-Serie A,2000000.0
Bruno Alves,ITA-Serie A,100000.0
Sergio Floccari,ITA-Serie A,100000.0
Gianluca Pegolo,ITA-Serie A,100000.0
Gianluigi Buffon,ITA-Serie A,1000000.0
Jamal Musiala,,130000000.0
Gio Reyna,,
Maximilian Beier,,30000000.0
Florian Wirtz,,110000000.0
Lazar Samardzic,,
Melayro Bogarde,,600000.0
Jan Thielmann,,5000000.0
Tim Lemperle,,1500000.0
Dennis Borkowski,,650000.0
Malick Thiaw,,25000000.0
Nick Woltemade,,70000000.0
Alphonso Davies,,50000000.0
Joshua Zirkzee,,25000000.0
Leon Dajaku,,800000.0
Oliver Batista-Meier,,
Kelvin Ofori,,400000.0
Daishawn Redan,,1000000.0
Noah Katterbach,,600000.0
Ethan Ampadu,,12000000.0
Tom Krauß,,3500000.0
Can Bozdogan,,2500000.0
Levent Mercan,,3500000.0
Rabbi Matondo,,3000000.0
Chris Richards,,25000000.0
Mickaël Cuisance,,
Erling Haaland,,200000000.0
Jadon Sancho,,20000000.0
Mateu Morey,,1500000.0
Tobias Raschl,,1500000.0
Dejan Joveljić,,3500000.0
Obite N'Dicka,,
Nico Schlotterbeck,,55000000.0
Yannik Keitel,,2000000.0
Jordan Beyer,,13000000.0
Jessic Ngankam,,1500000.0
Christoph Baumgartner,,18000000.0
Ilay Elmkies,,250000.0
Darko Churlinov,,1500000.0
Ismail Jakobs,,6000000.0
Paulinho,,10000000.0
Jonathan Burkardt,,35000000.0
Leandro Barreiro Martins,,
Dennis Jastrzembski,,500000.0
Luca Kilian,,2000000.0
Ahmed Kutucu,,4000000.0
Jean-Clair Todibo,,23000000.0
Juan Miranda,,15000000.0
Ozan Kabak,,5000000.0
Josh Sargent,,12000000.0
Luc Ihorst,,350000.0
Mamoudou Karamoko,,600000.0
Reece Oxford,,450000.0
Ruben Vargas,,
Sarpreet Singh,,600000.0
Achraf Hakimi,,80000000.0
Dan-Axel Zagadou,,2000000.0
Jacob Bruun Larsen,,5000000.0
Leonardo Balerdi,,20000000.0
Gian-Luca Itter,,
Lino Tempelmann,,2000000.0
Niclas Thiede,,350000.0
Keanan Bennetts,,500000.0
Torben Müsel,,225000.0
Arne Maier,,2000000.0
Dennis Smarsch,,175000.0
Matheus Cunha,,45000000.0
Jacob Bruun Larsen,,5000000.0
Lucas Ribeiro,,1200000.0
Sebastiaan Bornauw,,5000000.0
Edmond Tapsoba,,35000000.0
Exequiel Palacios,,30000000.0
Kai Havertz,,55000000.0
Moussa Diaby,,55000000.0
Panagiotis Retsos,,2500000.0
Antony Evans,,500000.0
Jan Luca Rumpf,,
Dayot Upamecano,,70000000.0
Hannes Wolf,,2000000.0
Ibrahima Konaté,,45000000.0
Matheus Cunha,,45000000.0
Tyler Adams,,25000000.0
Nassim Boujellab,,400000.0
Weston McKennie,,22000000.0
Benjamin Goller,,450000.0
Luca Horn,,125000.0
Lukas Nmecha,,8000000.0
Omar Marmoush,,65000000.0
Fredrik Jensen,,3000000.0
Marco Richter,,1500000.0
Ohis Felix Uduokhai,,
Sergio Córdova,,1500000.0
Renato Sanches,,2500000.0
Aymen Barkok,,450000.0
Bernard Tekpetey,,5500000.0
László Bénes,,3000000.0
Mamadou Doucouré,,100000.0
Marcus Thuram,,60000000.0
Dodi Lukebakio,,
Javairô Dilrosun,,4000000.0
Jordan Torunarigha,,4000000.0
Dennis Geiger,,1500000.0
Elvis Rexhbeçaj,,
Leon Bailey,,18000000.0
Florian Müller,,1200000.0
Ridle Baku,,7000000.0
Ronaël Pierre-Gabriel,,3500000.0
Taiwo Awoniyi,,12000000.0
Sebastian Vasiliadis,,900000.0
Ademola Lookman,,35000000.0
Amadou Haidara,,20000000.0
Christopher Nkunku,,65000000.0
Dani Olmo,,60000000.0
Marcelo Saracchi,,1500000.0
Nordi Mukiele,,15000000.0
Fabian Reese,,2800000.0
Markus Schubert,,300000.0
Julian Ryerson,,20000000.0
Moritz Nicolas,,5000000.0
Johannes Eggestein,,800000.0
Marco Friedl,,12000000.0
Josip Brekalo,,2500000.0
Marin Pongračić,,
Xaver Schlager,,28000000.0
Eduard Löwen,,4500000.0
Iago,,4000000.0
Mads Pedersen,,1000000.0
Noah Joel Sarenren Bazee,,500000.0
Dawid Kownacki,,2000000.0
Florian Kastenmeier,,1000000.0
Daichi Kamada,,12000000.0
Djibril Sow,,9000000.0
Roland Sallai,,10000000.0
Breel Embolo,,12000000.0
Denis Zakaria,,25000000.0
Florian Neuhaus,,3500000.0
Nico Elvedi,,8000000.0
Eduard Löwen,,4500000.0
Maximilian Mittelstädt,,18000000.0
Santiago Ascacíbar,,5500000.0
Stefan Posch,,14000000.0
Jorge Meré,,1000000.0
Matthias Bader,,1800000.0
Nadiem Amiri,,17000000.0
Aarón Martín,,5000000.0
Jean-Philippe Mateta,,40000000.0
Jerry St. Juste,,
Abdelhamid Sabiri,,2200000.0
Angeliño,,17000000.0
Konrad Laimer,,32000000.0
Alexander Nübel,,12000000.0
Amine Harit,,15000000.0
Jonas Hofmann,,150000.0
Jonjoe Kenny,,2000000.0
Suat Serdar,,4500000.0
Timo Becker,,1500000.0
Keven Schlotterbeck,,6000000.0
Suleiman Abdullahi,,300000.0
Maximilian Eggestein,,10000000.0
Raphael Framberger,,600000.0
Tin Jedvaj,,2500000.0
Benjamin Pavard,,20000000.0
Kingsley Coman,,22000000.0
Lucas Hernández,,20000000.0
Niklas Süle,,5000000.0
Álvaro Odriozola,,800000.0
Julian Brandt,,20000000.0
Julian Weigl,,5000000.0
Mahmoud Dahoud,,2000000.0
Opoku Ampomah,,
Robin Bormuth,,800000.0
Almamy Touré,,2000000.0
André Silva,,6000000.0
Luca Waldschmidt,,2500000.0
Philipp Lienhart,,12000000.0
Robin Koch,,15000000.0
Lukas Klünter,,500000.0
Marko Grujić,,3000000.0
Pascal Köpke,,350000.0
Diadie Samassékou,,
Florian Grillitsch,,2000000.0
Robert Skov,,3000000.0
Jonathan Tah,,30000000.0
Edimilson Fernandes,,2500000.0
Levin Öztunalı,,
Moussa Niakhate,,
Cauly Oliveira Souza,,
Mohamed Dräger,,700000.0
Samúel Friðjónsson,,
Lukas Klostermann,,3500000.0
Patrik Schick,,25000000.0
Timo Werner,,17000000.0
Joshua Mees,,450000.0
Marcus Ingvartsen,,6500000.0
Marvin Friedrich,,1800000.0
Milot Rashica,,4000000.0
Miloš Veljković,,
Carlos Gruezo,,3000000.0
Corentin Tolisso,,5000000.0
Joshua Kimmich,,40000000.0
Leon Goretzka,,15000000.0
Serge Gnabry,,20000000.0
Manuel Akanji,,22000000.0
Erik Thommy,,2000000.0
Kaan Ayhan,,4700000.0
Kasim Nuhu,,
Lewis Baker,,2500000.0
Zack Steffen,,2000000.0
Gonçalo Paciência,,1500000.0
Mijat Gaćinović,,
Brandon Borrello,,700000.0
Ramy Bensebaini,,7000000.0
Davie Selke,,2800000.0
Karim Rekik,,4000000.0
Krzysztof Piątek,,
Marius Wolf,,2500000.0
Niklas Stark,,3500000.0
Ondrej Duda,,3200000.0
Kevin Akpoguma,,2000000.0
Benno Schmitz,,1500000.0
Ellyes Skhiri,,6000000.0
Kingsley Ehizibue,,2000000.0
Louis Schaub,,1000000.0
Daley Sinkgraven,,400000.0
Joel Pohjanpalo,,3500000.0
Pierre Kunde,,1500000.0
Robin Zentner,,3000000.0
Babacar Guèye,,
Gerrit Holtmann,,700000.0
Jamilu Collins,,800000.0
Marlon Ritter,,700000.0
Sebastian Schonlau,,2000000.0
Benito Raman,,1300000.0
Christopher Lenz,,400000.0
Grischa Prömel,,3000000.0
Robert Andrich,,7000000.0
Sheraldo Becker,,10000000.0
Davie Selke,,2800000.0
Kevin Mbabu,,3000000.0
Paulo Otávio,,3500000.0
William,,2000000.0
Michael Gregoritsch,,1500000.0
Philipp Max,,700000.0
Rani Khedira,,2000000.0
Kwasi Okyere Wriedt,,
Emre Can,,6000000.0
Paco Alcácer,,7000000.0
Raphaël Guerreiro,,12000000.0
Jean Zimmer,,600000.0
Kenan Karaman,,1400000.0
Kevin Stöger,,3000000.0
Marcel Sobottka,,1200000.0
Thomas Pledl,,300000.0
Ante Rebić,,2200000.0
Dominik Kohr,,2000000.0
Lucas Torró,,2800000.0
Dominique Heintz,,800000.0
Janik Haberer,,2500000.0
Kwon Chang-hoon,,
Lucas Höler,,4000000.0
Matthias Ginter,,6000000.0
Ihlas Bebou,,800000.0
Jürgen Locadia,,1800000.0
Kostas Stafylidis,,
Leonardo Bittencourt,,1200000.0
Birger Verstraete,,1300000.0
Mitchell Weiser,,3500000.0
Alexander Hack,,2200000.0
Jean-Paul Boëtius,,1200000.0
Phillipp Mwene,,1500000.0
Robin Quaison,,800000.0
Christopher Antwi-Adjei,,1200000.0
Dennis Srbeny,,800000.0
Jannik Huth,,400000.0
Leopold Zingerle,,400000.0
Streli Mamba,,250000.0
Marcel Sabitzer,,7000000.0
Yussuf Poulsen,,6000000.0
Yvon Mvogo,,3000000.0
Alessandro Schöpf,,1800000.0
Michael Gregoritsch,,1500000.0
Leonardo Bittencourt,,1200000.0
Ludwig Augustinsson,,2000000.0
Stefanos Kapino,,400000.0
Maximilian Arnold,,4500000.0
Victor Sá,,3000000.0
Yannick Gerhardt,,2000000.0
Tomáš Koubek,,
Nico Schulz,,800000.0
Thorgan Hazard,,2500000.0
André Hoffmann,,
Steven Skrzybski,,1300000.0
Valon Berisha,,1500000.0
Danny da Costa,,1200000.0
Filip Kostić,,6500000.0
Frederik Rønnow,,
Martin Hinteregger,,9000000.0
Christian Günter,,2000000.0
Lukas Kübler,,1500000.0
Mark Flekken,,8000000.0
Vincenzo Grifo,,5000000.0
Alassane Pléa,,3000000.0
Stefan Lainer,,1000000.0
Sargis Adamyan,,600000.0
Vincenzo Grifo,,5000000.0
Florian Kainz,,2500000.0
Jhon Córdoba,,10000000.0
Kingsley Schindler,,500000.0
Timo Horn,,700000.0
Kerem Demirbay,,1500000.0
Lucas Alario,,1500000.0
Wendell,,2500000.0
Khiry Shelton,,700000.0
Laurent Jans,,350000.0
Willi Orban,,
Matija Nastasić,,1500000.0
Omar Mascarell,,800000.0
Marius Bülter,,2000000.0
Davy Klaassen,,2500000.0
Kevin Möhwald,,400000.0
Niclas Füllkrug,,8000000.0
Felix Klaus,,800000.0
John Brooks,,2000000.0
Jérôme Roussillon,,600000.0
Marcel Tisserand,,2800000.0
Wout Weghorst,,3500000.0
David Alaba,,20000000.0
Philippe Coutinho,,7500000.0
Mario Götze,,3500000.0
Thomas Delaney,,800000.0
Matthias Zimmermann,,800000.0
Niko Gießelmann,,1000000.0
Erik Durm,,600000.0
Simon Falette,,100000.0
Alexander Schwolow,,450000.0
Jonas Hofmann,,2000000.0
Marvin Plattenhardt,,800000.0
Ishak Belfodil,,1700000.0
Kevin Vogt,,400000.0
Moanes Dabbur,,
Pavel Kadeřábek,,
Steven Zuber,,800000.0
Christian Clemens,,200000.0
Mark Uth,,1000000.0
Kevin Volland,,500000.0
Jeffrey Bruma,,250000.0
Karim Onisiwo,,500000.0
Ben Zolinski,,350000.0
Kai Pröger,,800000.0
Diego Demme,,800000.0
Emil Forsberg,,5000000.0
Marcel Halstenberg,,2500000.0
Mark Uth,,1000000.0
Akaki Gogia,,250000.0
Yunus Mallı,,100000.0
Jiří Pavlenka,,
Kevin Vogt,,400000.0
Jeffrey Bruma,,250000.0
Koen Casteels,,6000000.0
Renato Steffen,,1000000.0
Robin Knoche,,2500000.0
André Hahn,,800000.0
Florian Niederlechner,,600000.0
Georg Teigl,,150000.0
Jeffrey Gouweleeuw,,1000000.0
Thiago Alcántara,,10000000.0
Roman Bürki,,2500000.0
Sebastian Rode,,1000000.0
Manuel Gulde,,400000.0
Christoph Kramer,,1700000.0
Patrick Herrmann,,1000000.0
Dedryck Boyata,,200000.0
Mathew Leckie,,700000.0
Vladimír Darida,,400000.0
Andrej Kramarić,,
Lukas Rupp,,350000.0
Lasse Sobiech,,350000.0
Toni Leistner,,500000.0
Aleksandar Dragović,,
Ji Dong-won,,
Kevin Kampl,,3500000.0
Benjamin Stambouli,,700000.0
Salif Sané,,300000.0
Anthony Ujah,,750000.0
Felix Kroos,,600000.0
Florian Hübner,,350000.0
Sebastian Andersson,,500000.0
Sebastian Polter,,500000.0
Michael Lang,,200000.0
Admir Mehmedi,,225000.0
Daniel Ginczek,,500000.0
Josuha Guilavogui,,700000.0
Jan Morávek,,
Thomas Müller,,5000000.0
Alfredo Morales,,500000.0
Mathias Jørgensen,,
Felix Wiedwald,,250000.0
Kevin Trapp,,2000000.0
Timothy Chandler,,350000.0
Amir Abrashi,,200000.0
Jonathan Schmid,,600000.0
Nicolas Höfler,,500000.0
Tobias Strobl,,500000.0
Tony Jantschke,,400000.0
Alexander Esswein,,300000.0
Ermin Bičakčić,,
Håvard Nordtveit,,
Oliver Baumann,,3000000.0
Sebastian Rudy,,1000000.0
Dominick Drexler,,750000.0
Jonas Hector,,3500000.0
Marcel Risse,,300000.0
Marco Höger,,250000.0
Rafael Czichos,,800000.0
Karim Bellarabi,,1000000.0
Lukáš Hrádecký,,
Alexandru Maxim,,500000.0
Danny Latza,,500000.0
Klaus Gjasula,,400000.0
Sven Michel,,700000.0
Péter Gulácsi,,2000000.0
Yuya Osako,,900000.0
Alfreð Finnbogason,,
Julian Schieber,,
Ivan Perišić,,1300000.0
Javi Martínez,,1500000.0
Jérôme Boateng,,400000.0
Robert Lewandowski,,15000000.0
Sven Ulreich,,700000.0
Axel Witsel,,1400000.0
Marco Reus,,5000000.0
Mats Hummels,,2000000.0
Bas Dost,,600000.0
Stefan Ilsanker,,300000.0
Nils Petersen,,1500000.0
Lars Stindl,,1000000.0
Yann Sommer,,2500000.0
Benjamin Hübner,,700000.0
Charles Aránguiz,,3000000.0
Lars Bender,,5500000.0
Sven Bender,,5500000.0
Stefan Ilsanker,,300000.0
Bastian Oczipka,,300000.0
Guido Burgstaller,,1000000.0
Manuel Schmiedebach,,300000.0
Neven Subotić,,
Christian Groß,,300000.0
Nuri Şahin,,
Philipp Bargfrede,,150000.0
Ömer Toprak,,300000.0
Marek Suchý,,
Marcel Schmelzer,,500000.0
Marwin Hitz,,200000.0
Rouwen Hennings,,300000.0
Jonathan de Guzmán,,50000.0
Jérôme Gondorf,,400000.0
Fabian Johnson,,250000.0
Ibrahima Traoré,,600000.0
Thomas Kraft,,600000.0
Anthony Modeste,,700000.0
Simon Terodde,,900000.0
Julian Baumgartlinger,,400000.0
Daniel Brosinski,,300000.0
Ádám Szalai,,200000.0
Christian Strohdiek,,150000.0
Daniel Caligiuri,,400000.0
Rafał Gikiewicz,,400000.0
Sebastian Langkamp,,500000.0
Pavao Pervan,,300000.0
Andreas Luthe,,300000.0
Markus Suttner,,400000.0
Gelson Fernandes,,1200000.0
Mike Frantz,,150000.0
Per Ciljan Skjelbred,,150000.0
Peter Pekarík,,500000.0
Christopher Trimmel,,600000.0
Ken Reichel,,225000.0
Fin Bartels,,300000.0
Martin Harnik,,800000.0
Theodor Gebre Selassie,,300000.0
Manuel Neuer,,4000000.0
Adam Bodzek,,175000.0
David Abraham,,1000000.0
Oscar Wendt,,400000.0
Salomon Kalou,,150000.0
Uwe Hünemeier,,200000.0
Christian Gentner,,100000.0
Michael Parensen,,250000.0
Niklas Moisander,,300000.0
Łukasz Piszczek,,
Raffael,,75000.0
Rune Jarstein,,300000.0
Vedad Ibišević,,
Philipp Pentke,,300000.0
Daniel Baier,,400000.0
Stephan Lichtsteiner,,800000.0
Makoto Hasebe,,500000.0
Oliver Fink,,100000.0
Claudio Pizarro,,400000.0
Carney Chukwuemeka,ENG-Premier League,25000000.0
Shola Shoretire,ENG-Premier League,2000000.0
Antwoine Hackford,ENG-Premier League,500000.0
Daniel Jebbison,ENG-Premier League,4000000.0
Dane Scarlett,ENG-Premier League,2000000.0
Lewis Richardson,ENG-Premier League,200000.0
Fabio Carvalho,ENG-Premier League,
Liam Delap,ENG-Premier League,7000000.0
Hannibal Mejbri,ENG-Premier League,
Will Fish,ENG-Premier League,550000.0
Elliot Anderson,ENG-Premier League,60000000.0
Bukayo Saka,ENG-Premier League,130000000.0
Jaden Philogene Bidace,ENG-Premier League,
Sidnei Tavares,ENG-Premier League,2000000.0
Amad Diallo,ENG-Premier League,50000000.0
Anthony Elanga,ENG-Premier League,50000000.0
Mason Greenwood,ENG-Premier League,50000000.0
Femi Seriki,ENG-Premier League,300000.0
Alexandre Jankewitz,ENG-Premier League,800000.0
Allan Tchaptchet,ENG-Premier League,600000.0
Caleb Watts,ENG-Premier League,250000.0
Fábio Silva,ENG-Premier League,28000000.0
Ki-Jana Hoever,ENG-Premier League,5000000.0
Theo Corbeanu,ENG-Premier League,1500000.0
Gabriel Martinelli,ENG-Premier League,45000000.0
Jacob Ramsey,ENG-Premier League,35000000.0
Reda Khadra,ENG-Premier League,3000000.0
Tariq Lamptey,ENG-Premier League,8000000.0
Billy Gilmour,ENG-Premier League,20000000.0
Callum Hudson-Odoi,ENG-Premier League,30000000.0
Anthony Gordon,ENG-Premier League,60000000.0
Niels Nkounkou,ENG-Premier League,3500000.0
Niall Huggins,ENG-Premier League,200000.0
Luke Thomas,ENG-Premier League,6000000.0
Wesley Fofana,ENG-Premier League,28000000.0
Curtis Jones,ENG-Premier League,40000000.0
Neco Williams,ENG-Premier League,17000000.0
Rhys Williams,ENG-Premier League,1800000.0
Eric García,ENG-Premier League,20000000.0
Brandon Williams,ENG-Premier League,2500000.0
Ethan Ampadu,ENG-Premier League,12000000.0
Kayne Ramsey,ENG-Premier League,
Owen Otasowie,ENG-Premier League,100000.0
Rayan Aït-Nouri,ENG-Premier League,40000000.0
Emile Smith Rowe,ENG-Premier League,22000000.0
Joe Willock,ENG-Premier League,16000000.0
Reiss Nelson,ENG-Premier League,15000000.0
Aaron Connolly,ENG-Premier League,3500000.0
Jayson Molumby,ENG-Premier League,3200000.0
Dwight McNeil,ENG-Premier League,20000000.0
Josh Benson,ENG-Premier League,350000.0
Reece James,ENG-Premier League,50000000.0
Tyrick Mitchell,ENG-Premier League,25000000.0
João Virgínia,ENG-Premier League,1000000.0
Moise Kean,ENG-Premier League,45000000.0
Tyrese Francois,ENG-Premier League,600000.0
Ian Poveda,ENG-Premier League,900000.0
Illan Meslier,ENG-Premier League,20000000.0
Jamie Shackleton,ENG-Premier League,2000000.0
Leif Davis,ENG-Premier League,20000000.0
Pascal Struijk,ENG-Premier League,18000000.0
Khanya Leshabela,ENG-Premier League,100000.0
Ozan Kabak,ENG-Premier League,5000000.0
Ferrán Torres,ENG-Premier League,
Phil Foden,ENG-Premier League,150000000.0
Joe Willock,ENG-Premier League,16000000.0
Matthew Longstaff,ENG-Premier League,
Iliman Ndiaye,ENG-Premier League,45000000.0
Jayden Bogle,ENG-Premier League,3800000.0
Rhian Brewster,ENG-Premier League,3000000.0
Jake Vokins,ENG-Premier League,300000.0
Michael Obafemi,ENG-Premier League,2200000.0
William Smallbone,ENG-Premier League,
Conor Gallagher,ENG-Premier League,35000000.0
Rekeem Harper,ENG-Premier League,400000.0
Ben Johnson,ENG-Premier League,7000000.0
Morgan Gibbs-White,ENG-Premier League,65000000.0
Pedro Neto,ENG-Premier League,60000000.0
Vitinha,ENG-Premier League,110000000.0
Vitinha,ENG-Premier League,14000000.0
Eddie Nketiah,ENG-Premier League,16000000.0
Martin Ødegaard,ENG-Premier League,75000000.0
Alexis Mac Allister,ENG-Premier League,85000000.0
Andi Zeqiri,ENG-Premier League,3500000.0
Jakub Moder,ENG-Premier League,10000000.0
Steven Alzate,ENG-Premier League,4000000.0
Joel Mumbongo,ENG-Premier League,150000.0
Christian Pulisic,ENG-Premier League,60000000.0
Kai Havertz,ENG-Premier League,55000000.0
Mason Mount,ENG-Premier League,32000000.0
Josh Maja,ENG-Premier League,5000000.0
Tyler Roberts,ENG-Premier League,3000000.0
Caoimhín Kelleher,ENG-Premier League,22000000.0
Trent Alexander-Arnold,ENG-Premier League,70000000.0
Dan Nlundulu,ENG-Premier League,900000.0
Ibrahima Diallo,ENG-Premier League,6500000.0
Mohammed Salisu,ENG-Premier League,10000000.0
Nathan Tella,ENG-Premier League,15000000.0
Yan Valery,ENG-Premier League,2000000.0
Japhet Tanganga,ENG-Premier League,1800000.0
Dara O'Shea,ENG-Premier League,15000000.0
Declan Rice,ENG-Premier League,120000000.0
Rúben Vinagre,ENG-Premier League,2400000.0
Ainsley Maitland-Niles,ENG-Premier League,9000000.0
Gabriel Magalhães,ENG-Premier League,
Douglas Luiz,ENG-Premier League,25000000.0
Ezri Konsa,ENG-Premier League,35000000.0
Keinan Davis,ENG-Premier League,4000000.0
Matty Cash,ENG-Premier League,22000000.0
Ben White,ENG-Premier League,30000000.0
Robert Sánchez,ENG-Premier League,22000000.0
Jimmy Dunne,ENG-Premier League,4000000.0
Fikayo Tomori,ENG-Premier League,40000000.0
Tammy Abraham,ENG-Premier League,14000000.0
Eberechi Eze,ENG-Premier League,65000000.0
Ben Godfrey,ENG-Premier League,10000000.0
Nathan Broadhead,ENG-Premier League,7000000.0
Tom Davies,ENG-Premier League,5000000.0
Ademola Lookman,ENG-Premier League,35000000.0
Antonee Robinson,ENG-Premier League,30000000.0
Tosin Adarabioyo,ENG-Premier League,20000000.0
Hamza Choudhury,ENG-Premier League,5000000.0
Harvey Barnes,ENG-Premier League,32000000.0
James Justin,ENG-Premier League,12000000.0
Aaron Wan-Bissaka,ENG-Premier League,22000000.0
Axel Tuanzebe,ENG-Premier League,5000000.0
Daniel James,ENG-Premier League,12000000.0
Marcus Rashford,ENG-Premier League,40000000.0
Timothy Fosu-Mensah,ENG-Premier League,800000.0
Jamal Lewis,ENG-Premier League,2000000.0
Sean Longstaff,ENG-Premier League,18000000.0
Aaron Ramsdale,ENG-Premier League,12000000.0
Sander Berge,ENG-Premier League,25000000.0
Moussa Djenepo,ENG-Premier League,1200000.0
Joe Rodon,ENG-Premier League,8000000.0
Steven Bergwijn,ENG-Premier League,12000000.0
Ainsley Maitland-Niles,ENG-Premier League,9000000.0
Grady Diangana,ENG-Premier League,4500000.0
Karlan Grant,ENG-Premier League,4500000.0
Kyle Edwards,ENG-Premier League,350000.0
Sam Field,ENG-Premier League,3500000.0
Oskar Buur,ENG-Premier League,450000.0
Patrick Cutrone,ENG-Premier League,5000000.0
Dani Ceballos,ENG-Premier League,6000000.0
Kieran Tierney,ENG-Premier League,8000000.0
Wesley Moraes,ENG-Premier League,2500000.0
Neal Maupay,ENG-Premier League,12000000.0
Yves Bissouma,ENG-Premier League,15000000.0
Bailey Peacock-Farrell,ENG-Premier League,1200000.0
Ben Chilwell,ENG-Premier League,12000000.0
Jaïro Riedewald,ENG-Premier League,1200000.0
Jean-Philippe Mateta,ENG-Premier League,40000000.0
Dominic Calvert-Lewin,ENG-Premier League,15000000.0
Jonjoe Kenny,ENG-Premier League,2000000.0
Mason Holgate,ENG-Premier League,3000000.0
Richarlison,ENG-Premier League,28000000.0
Josh Onomah,ENG-Premier League,1200000.0
Marek Rodák,ENG-Premier League,3000000.0
Ola Aina,ENG-Premier League,20000000.0
Jack Harrison,ENG-Premier League,10000000.0
Raphinha,ENG-Premier League,50000000.0
Cengiz Ünder,ENG-Premier League,14000000.0
James Maddison,ENG-Premier League,30000000.0
Kelechi Iheanacho,ENG-Premier League,18000000.0
Wilfred Ndidi,ENG-Premier League,10000000.0
Youri Tielemans,ENG-Premier League,35000000.0
Diogo Jota,ENG-Premier League,40000000.0
Joe Gomez,ENG-Premier League,15000000.0
Nathaniel Phillips,ENG-Premier League,3500000.0
Gabriel Jesus,ENG-Premier League,20000000.0
Oleksandr Zinchenko,ENG-Premier League,15000000.0
Rúben Dias,ENG-Premier League,60000000.0
Dean Henderson,ENG-Premier League,28000000.0
Donny van de Beek,ENG-Premier League,2000000.0
Scott McTominay,ENG-Premier League,45000000.0
Allan Saint-Maximin,ENG-Premier League,24000000.0
Joelinton,ENG-Premier League,30000000.0
Kean Bryan,ENG-Premier League,500000.0
Max Lowe,ENG-Premier League,2500000.0
Oliver Burke,ENG-Premier League,4000000.0
Kyle Walker-Peters,ENG-Premier League,13000000.0
Sergio Reguilón,ENG-Premier League,12000000.0
Tanguy Ndombele,ENG-Premier League,
Issa Diop,ENG-Premier League,10000000.0
Jarrod Bowen,ENG-Premier League,35000000.0
Max Kilman,ENG-Premier League,
Rúben Neves,ENG-Premier League,40000000.0
Rob Holding,ENG-Premier League,3000000.0
Bertrand Traoré,ENG-Premier League,5000000.0
Jack Grealish,ENG-Premier League,25000000.0
Matt Targett,ENG-Premier League,3500000.0
Ollie Watkins,ENG-Premier League,30000000.0
Josh Brownhill,ENG-Premier League,15000000.0
Andreas Christensen,ENG-Premier League,40000000.0
Ruben Loftus-Cheek,ENG-Premier League,25000000.0
Timo Werner,ENG-Premier League,17000000.0
Alex Iwobi,ENG-Premier League,25000000.0
Jean-Philippe Gbamin,ENG-Premier League,4000000.0
Andre-Frank Zambo Anguissa,ENG-Premier League,
Joachim Andersen,ENG-Premier League,25000000.0
Kenny Tete,ENG-Premier League,11000000.0
Ruben Loftus-Cheek,ENG-Premier League,25000000.0
Kalvin Phillips,ENG-Premier League,6000000.0
Robin Koch,ENG-Premier League,15000000.0
Demarai Gray,ENG-Premier League,12000000.0
Timothy Castagne,ENG-Premier League,10000000.0
Çağlar Söyüncü,ENG-Premier League,6000000.0
Kostas Tsimikas,ENG-Premier League,
Rodri,ENG-Premier League,75000000.0
Anthony Martial,ENG-Premier League,6000000.0
Lys Mousset,ENG-Premier League,350000.0
Oliver McBurnie,ENG-Premier League,
Che Adams,ENG-Premier League,
Jan Bednarek,ENG-Premier League,11000000.0
Davinson Sánchez,ENG-Premier League,18000000.0
Dele Alli,ENG-Premier League,1500000.0
Giovani Lo Celso,ENG-Premier League,16000000.0
Harry Winks,ENG-Premier League,7000000.0
Pierre Højbjerg,ENG-Premier League,
Darnell Furlong,ENG-Premier League,3500000.0
Filip Krovinović,ENG-Premier League,
Matheus Pereira,ENG-Premier League,7000000.0
Pablo Fornals,ENG-Premier League,14000000.0
Saïd Benrahma,ENG-Premier League,9000000.0
Adama Traoré,ENG-Premier League,8000000.0
Daniel Podence,ENG-Premier League,5000000.0
Calum Chambers,ENG-Premier League,4000000.0
Héctor Bellerín,ENG-Premier League,4000000.0
Nicolas Pépé,ENG-Premier League,8500000.0
Rúnar Alex Rúnarsson,ENG-Premier League,700000.0
Anwar El Ghazi,ENG-Premier League,2500000.0
John McGinn,ENG-Premier League,15000000.0
Kortney Hause,ENG-Premier League,800000.0
Morgan Sanson,ENG-Premier League,4000000.0
Trézéguet,ENG-Premier League,
Adam Webster,ENG-Premier League,7000000.0
Bernardo,ENG-Premier League,5000000.0
Leandro Trossard,ENG-Premier League,20000000.0
Emerson Palmieri,ENG-Premier League,
Kepa Arrizabalaga,ENG-Premier League,7000000.0
Kurt Zouma,ENG-Premier League,25000000.0
Yerry Mina,ENG-Premier League,3000000.0
Aboubakar Kamara,ENG-Premier League,2500000.0
Aleksandar Mitrović,ENG-Premier League,28000000.0
Harrison Reed,ENG-Premier League,3000000.0
Daniel Amartey,ENG-Premier League,5000000.0
Divock Origi,ENG-Premier League,5000000.0
Naby Keïta,ENG-Premier League,2000000.0
Takumi Minamino,ENG-Premier League,12000000.0
Bernardo Silva,ENG-Premier League,27000000.0
Nathan Aké,ENG-Premier League,18000000.0
Raheem Sterling,ENG-Premier League,5000000.0
Zack Steffen,ENG-Premier League,2000000.0
Bruno Fernandes,ENG-Premier League,40000000.0
Luke Shaw,ENG-Premier League,10000000.0
Emil Krafth,ENG-Premier League,1500000.0
Isaac Hayden,ENG-Premier League,600000.0
Jacob Murphy,ENG-Premier League,15000000.0
Ben Osborn,ENG-Premier League,1000000.0
James Ward-Prowse,ENG-Premier League,6000000.0
Takumi Minamino,ENG-Premier League,12000000.0
Carlos Vinícius,ENG-Premier League,5000000.0
Callum Robinson,ENG-Premier League,3000000.0
Tomáš Souček,ENG-Premier League,12000000.0
Leander Dendoncker,ENG-Premier League,4000000.0
Pablo Marí,ENG-Premier League,2500000.0
Marvelous Nakamba,ENG-Premier League,5000000.0
Ross Barkley,ENG-Premier League,5000000.0
Alireza Jahanbakhsh,ENG-Premier League,3000000.0
Percy Tau,ENG-Premier League,1500000.0
Solly March,ENG-Premier League,3000000.0
Charlie Taylor,ENG-Premier League,2000000.0
Will Norris,ENG-Premier League,350000.0
Mateo Kovačić,ENG-Premier League,
Ross Barkley,ENG-Premier League,5000000.0
Michy Batshuayi,ENG-Premier League,3000000.0
Jordan Pickford,ENG-Premier League,15000000.0
Ivan Cavaleiro,ENG-Premier League,2000000.0
Joe Bryan,ENG-Premier League,2200000.0
Mario Lemina,ENG-Premier League,6000000.0
Terence Kongolo,ENG-Premier League,900000.0
Diego Llorente,ENG-Premier League,7000000.0
Hélder Costa,ENG-Premier League,350000.0
Patrick Bamford,ENG-Premier League,7000000.0
Dennis Praet,ENG-Premier League,2000000.0
Ricardo Pereira,ENG-Premier League,3000000.0
Alex Oxlade-Chamberlain,ENG-Premier League,1500000.0
Andrew Robertson,ENG-Premier League,30000000.0
Fabinho,ENG-Premier League,38000000.0
Aymeric Laporte,ENG-Premier League,20000000.0
Benjamin Mendy,ENG-Premier League,2000000.0
Ederson,ENG-Premier League,15000000.0
John Stones,ENG-Premier League,18000000.0
João Cancelo,ENG-Premier League,25000000.0
Eric Bailly,ENG-Premier League,1500000.0
Victor Lindelöf,ENG-Premier League,15000000.0
Jamaal Lascelles,ENG-Premier League,2000000.0
Javier Manquillo,ENG-Premier League,1800000.0
Miguel Almirón,ENG-Premier League,9000000.0
Ryan Fraser,ENG-Premier League,1800000.0
Jack O'Connell,ENG-Premier League,1200000.0
Jack Robinson,ENG-Premier League,1000000.0
John Lundstram,ENG-Premier League,2000000.0
Jack Stephens,ENG-Premier League,1200000.0
Nathan Redmond,ENG-Premier League,5000000.0
Eric Dier,ENG-Premier League,7000000.0
Okay Yokuşlu,ENG-Premier League,2000000.0
Semi Ajayi,ENG-Premier League,2500000.0
Arthur Masuaku,ENG-Premier League,2500000.0
Sébastien Haller,ENG-Premier League,2000000.0
Jonny Castro,ENG-Premier League,
Nélson Semedo,ENG-Premier League,7500000.0
Granit Xhaka,ENG-Premier League,10000000.0
Sead Kolašinac,ENG-Premier League,
Thomas Partey,ENG-Premier League,5000000.0
Emiliano Martínez,ENG-Premier League,15000000.0
Tyrone Mings,ENG-Premier League,4000000.0
James Tarkowski,ENG-Premier League,7000000.0
Antonio Rüdiger,ENG-Premier League,25000000.0
Hakim Ziyech,ENG-Premier League,3000000.0
Jack Butland,ENG-Premier League,1500000.0
Jeffrey Schlupp,ENG-Premier League,2000000.0
Wilfried Zaha,ENG-Premier League,4000000.0
Abdoulaye Doucouré,ENG-Premier League,6000000.0
André Gomes,ENG-Premier League,4500000.0
Bernard,ENG-Premier League,2500000.0
Lucas Digne,ENG-Premier League,8000000.0
Michael Keane,ENG-Premier League,4000000.0
Alphonse Areola,ENG-Premier League,7000000.0
Bobby De Cordova-Reid,ENG-Premier League,5000000.0
Ayoze Pérez,ENG-Premier League,6000000.0
Alisson,ENG-Premier League,17000000.0
Alex Telles,ENG-Premier League,7000000.0
Fred,ENG-Premier League,7000000.0
Harry Maguire,ENG-Premier League,18000000.0
Paul Pogba,ENG-Premier League,15000000.0
DeAndre Yedlin,ENG-Premier League,2000000.0
George Baldock,ENG-Premier League,2000000.0
John Egan,ENG-Premier League,4000000.0
Jannik Vestergaard,ENG-Premier League,4000000.0
Ben Davies,ENG-Premier League,10000000.0
Harry Kane,ENG-Premier League,65000000.0
Lucas Moura,ENG-Premier League,6000000.0
Serge Aurier,ENG-Premier League,3700000.0
Conor Townsend,ENG-Premier League,500000.0
Sam Johnstone,ENG-Premier League,5000000.0
Felipe Anderson,ENG-Premier League,8000000.0
Jesse Lingard,ENG-Premier League,6000000.0
Manuel Lanzini,ENG-Premier League,5000000.0
Ryan Fredericks,ENG-Premier League,1000000.0
Vladimír Coufal,ENG-Premier League,2700000.0
Conor Coady,ENG-Premier League,1500000.0
Bernd Leno,ENG-Premier League,8000000.0
Cédric Soares,ENG-Premier League,2000000.0
Mathew Ryan,ENG-Premier League,2000000.0
Mohamed Elneny,ENG-Premier League,3500000.0
Shkodran Mustafi,ENG-Premier League,800000.0
Dan Burn,ENG-Premier League,5000000.0
Davy Pröpper,ENG-Premier League,300000.0
José Izquierdo,ENG-Premier League,350000.0
Joël Veltman,ENG-Premier League,2500000.0
Lewis Dunk,ENG-Premier League,4000000.0
Mathew Ryan,ENG-Premier League,2000000.0
Chris Wood,ENG-Premier League,8000000.0
Matěj Vydra,ENG-Premier League,
Nick Pope,ENG-Premier League,7000000.0
Robbie Brady,ENG-Premier League,600000.0
Edouard Mendy,ENG-Premier League,10000000.0
Jorginho,ENG-Premier League,5000000.0
Jordan Ayew,ENG-Premier League,1800000.0
Joshua King,ENG-Premier League,1500000.0
Michael Hector,ENG-Premier League,500000.0
Neeskens Kebano,ENG-Premier League,2000000.0
Ezgjan Alioski,ENG-Premier League,4000000.0
Liam Cooper,ENG-Premier League,1800000.0
Luke Ayling,ENG-Premier League,1800000.0
Nampalys Mendy,ENG-Premier League,3000000.0
Joël Matip,ENG-Premier League,
Mohamed Salah,ENG-Premier League,30000000.0
Roberto Firmino,ENG-Premier League,15000000.0
Sadio Mané,ENG-Premier League,25000000.0
Xherdan Shaqiri,ENG-Premier League,3500000.0
Callum Wilson,ENG-Premier League,5000000.0
Fabian Schär,ENG-Premier League,6000000.0
Jeff Hendrick,ENG-Premier League,500000.0
Jonjo Shelvey,ENG-Premier League,800000.0
Paul Dummett,ENG-Premier League,900000.0
John Fleck,ENG-Premier League,900000.0
Danny Ings,ENG-Premier League,3500000.0
Oriol Romeu,ENG-Premier League,700000.0
Stuart Armstrong,ENG-Premier League,3000000.0
Matt Doherty,ENG-Premier League,1500000.0
Son Heung-min,ENG-Premier League,
Érik Lamela,ENG-Premier League,
Mbaye Diagne,ENG-Premier League,2000000.0
Romaine Sawyers,ENG-Premier League,1000000.0
Fabián Balbuena,ENG-Premier League,1500000.0
Willian José,ENG-Premier League,1400000.0
Alexandre Lacazette,ENG-Premier League,5000000.0
Conor Hourihane,ENG-Premier League,450000.0
Danny Welbeck,ENG-Premier League,4000000.0
Pascal Groß,ENG-Premier League,3500000.0
Jóhann Berg Guðmundsson,ENG-Premier League,
Kevin Long,ENG-Premier League,500000.0
Marcos Alonso,ENG-Premier League,2000000.0
N'Golo Kanté,ENG-Premier League,12000000.0
Andros Townsend,ENG-Premier League,500000.0
Christian Benteke,ENG-Premier League,2500000.0
James McCarthy,ENG-Premier League,200000.0
Luka Milivojević,ENG-Premier League,
Nathaniel Clyne,ENG-Premier League,1500000.0
Patrick van Aanholt,ENG-Premier League,400000.0
Allan,ENG-Premier League,5500000.0
Cenk Tosun,ENG-Premier League,2000000.0
James Rodríguez,ENG-Premier League,6000000.0
Tom Cairney,ENG-Premier League,750000.0
Rodrigo,ENG-Premier League,5000000.0
Stuart Dallas,ENG-Premier League,1500000.0
Georginio Wijnaldum,ENG-Premier League,6000000.0
Thiago Alcántara,ENG-Premier League,10000000.0
Virgil van Dijk,ENG-Premier League,18000000.0
Kevin De Bruyne,ENG-Premier League,15000000.0
Riyad Mahrez,ENG-Premier League,18000000.0
İlkay Gündoğan,ENG-Premier League,3500000.0
David de Gea,ENG-Premier League,3500000.0
Dwight Gayle,ENG-Premier League,
Karl Darlow,ENG-Premier League,1000000.0
Oliver Norwood,ENG-Premier League,1000000.0
Ahmed Hegazi,ENG-Premier League,
Kyle Bartley,ENG-Premier League,600000.0
Matt Phillips,ENG-Premier League,800000.0
Raúl Jiménez,ENG-Premier League,4000000.0
Willy Boly,ENG-Premier League,800000.0
Ashley Barnes,ENG-Premier League,1000000.0
Ashley Westwood,ENG-Premier League,850000.0
Ben Mee,ENG-Premier League,1000000.0
César Azpilicueta,ENG-Premier League,1200000.0
Cheikhou Kouyaté,ENG-Premier League,1000000.0
Joel Ward,ENG-Premier League,300000.0
Mamadou Sakho,ENG-Premier League,800000.0
Martin Kelly,ENG-Premier League,300000.0
Fabian Delph,ENG-Premier League,1800000.0
Gylfi Sigurðsson,ENG-Premier League,
Robin Olsen,ENG-Premier League,700000.0
Maxime Le Marchand,ENG-Premier League,1000000.0
Mateusz Klich,ENG-Premier League,2000000.0
Marc Albrighton,ENG-Premier League,1000000.0
Jordan Henderson,ENG-Premier League,2000000.0
Kyle Walker,ENG-Premier League,2500000.0
Ciaran Clark,ENG-Premier League,600000.0
Matt Ritchie,ENG-Premier League,1000000.0
Enda Stevens,ENG-Premier League,600000.0
Alex McCarthy,ENG-Premier League,300000.0
Ryan Bertrand,ENG-Premier League,500000.0
Moussa Sissoko,ENG-Premier League,1200000.0
Jake Livermore,ENG-Premier League,500000.0
Kieran Gibbs,ENG-Premier League,500000.0
Aaron Cresswell,ENG-Premier League,450000.0
Andriy Yarmolenko,ENG-Premier League,1200000.0
Craig Dawson,ENG-Premier League,900000.0
Michail Antonio,ENG-Premier League,700000.0
Romain Saïss,ENG-Premier League,4000000.0
Pierre-Emerick Aubameyang,ENG-Premier League,5000000.0
Willian,ENG-Premier League,500000.0
Neil Taylor,ENG-Premier League,500000.0
Dale Stephens,ENG-Premier League,600000.0
Erik Pieters,ENG-Premier League,350000.0
Jack Cork,ENG-Premier League,800000.0
Jay Rodriguez,ENG-Premier League,
Matthew Lowton,ENG-Premier League,250000.0
James Tomkins,ENG-Premier League,700000.0
Séamus Coleman,ENG-Premier League,300000.0
Theo Walcott,ENG-Premier League,1000000.0
Gaetano Berardi,ENG-Premier League,50000.0
Nemanja Matić,ENG-Premier League,3000000.0
Odion Ighalo,ENG-Premier League,1800000.0
Andy Carroll,ENG-Premier League,300000.0
Federico Fernández,ENG-Premier League,500000.0
Martin Dúbravka,ENG-Premier League,750000.0
Theo Walcott,ENG-Premier League,1000000.0
Gareth Bale,ENG-Premier League,2000000.0
Toby Alderweireld,ENG-Premier League,2000000.0
Charlie Austin,ENG-Premier League,275000.0
David Button,ENG-Premier League,250000.0
Hal Robson-Kanu,ENG-Premier League,1500000.0
Fernando Marçal,ENG-Premier League,
Ahmed Elmohamady,ENG-Premier League,1500000.0
Adam Lallana,ENG-Premier League,750000.0
James McArthur,ENG-Premier League,400000.0
Denis Odoi,ENG-Premier League,200000.0
Tim Ream,ENG-Premier League,800000.0
Islam Slimani,ENG-Premier League,400000.0
Jonny Evans,ENG-Premier League,2000000.0
Sergio Agüero,ENG-Premier League,15000000.0
Juan Mata,ENG-Premier League,1000000.0
Chris Basham,ENG-Premier League,300000.0
David McGoldrick,ENG-Premier League,200000.0
Fraser Forster,ENG-Premier League,600000.0
Kamil Grosicki,ENG-Premier League,500000.0
Robert Snodgrass,ENG-Premier League,300000.0
Angelo Ogbonna,ENG-Premier League,700000.0
Robert Snodgrass,ENG-Premier League,300000.0
Rui Patrício,ENG-Premier League,600000.0
David Luiz,ENG-Premier League,500000.0
Olivier Giroud,ENG-Premier League,3000000.0
Scott Dann,ENG-Premier League,200000.0
Vicente Guaita,ENG-Premier League,400000.0
Kiko Casilla,ENG-Premier League,300000.0
Jamie Vardy,ENG-Premier League,2000000.0
Kasper Schmeichel,ENG-Premier League,300000.0
Adrián,ENG-Premier League,
Edinson Cavani,ENG-Premier League,2500000.0
Shane Long,ENG-Premier League,250000.0
Hugo Lloris,ENG-Premier League,1200000.0
Lee Peltier,ENG-Premier League,200000.0
Darren Randolph,ENG-Premier League,300000.0
Mark Noble,ENG-Premier League,1000000.0
John Ruddy,ENG-Premier League,100000.0
João Moutinho,ENG-Premier League,500000.0
Gary Cahill,ENG-Premier League,400000.0
Christian Fuchs,ENG-Premier League,400000.0
James Milner,ENG-Premier League,750000.0
Scott Carson,ENG-Premier League,100000.0
Billy Sharp,ENG-Premier League,200000.0
Phil Bardsley,ENG-Premier League,75000.0
Thiago Silva,ENG-Premier League,1000000.0
Pablo Hernández,ENG-Premier League,100000.0
Fernandinho,ENG-Premier League,600000.0
Fernandinho,ENG-Premier League,150000.0
Łukasz Fabiański,ENG-Premier League,
Wes Morgan,ENG-Premier League,400000.0
Branislav Ivanović,ENG-Premier League,
Phil Jagielka,ENG-Premier League,200000.0
Willy Caballero,ENG-Premier League,150000.0
Hugo Sotelo,ESP-La Liga,9000000.0
Álvaro Bastida,ESP-La Liga,300000.0
John Joe,ESP-La Liga,
Ansu Fati,ESP-La Liga,25000000.0
Ilaix Moriba,ESP-La Liga,3000000.0
Pedri,ESP-La Liga,80000000.0
Miguel Rodríguez,ESP-La Liga,6500000.0
Miguel Rodríguez,ESP-La Liga,
Yunus Musah,ESP-La Liga,22000000.0
Yeremi Pino,ESP-La Liga,
Facundo Pellistri,ESP-La Liga,7000000.0
Javi López,ESP-La Liga,5000000.0
Stephane Keller,ESP-La Liga,150000.0
Nico Williams,ESP-La Liga,60000000.0
Gabriel Veiga,ESP-La Liga,
Jony Álamo,ESP-La Liga,300000.0
Emmanuel Amankwaa Akurugu,ESP-La Liga,
Mamor Niang,ESP-La Liga,150000.0
Ángel,ESP-La Liga,
Alejandro Blesa,ESP-La Liga,
Edgar Sevikyan,ESP-La Liga,2000000.0
Sergio Arribas,ESP-La Liga,10000000.0
Ander Barrenetxea,ESP-La Liga,20000000.0
Roberto Navarro,ESP-La Liga,
Koba Koindredi,ESP-La Liga,3000000.0
Borja Sainz,ESP-La Liga,2200000.0
Tomás Tavares,ESP-La Liga,500000.0
Unai Vencedor Paris,ESP-La Liga,
Manu Sánchez,ESP-La Liga,8000000.0
Sergiño Dest,ESP-La Liga,18000000.0
Carlos Dominguez,ESP-La Liga,
Lauti,ESP-La Liga,
Sergio Carreira,ESP-La Liga,1500000.0
Bryan Gil,ESP-La Liga,12000000.0
John Donald,ESP-La Liga,1000000.0
Takefusa Kubo,ESP-La Liga,30000000.0
Victor Mollejo,ESP-La Liga,
Barcia,ESP-La Liga,
Isma Ruiz,ESP-La Liga,400000.0
Sergio Gómez,ESP-La Liga,15000000.0
Manu Sánchez,ESP-La Liga,8000000.0
Miguel Gutiérrez,ESP-La Liga,17000000.0
Rodrygo,ESP-La Liga,110000000.0
Jon Pacheco,ESP-La Liga,5000000.0
Urko González,ESP-La Liga,
Bryan Gil,ESP-La Liga,12000000.0
Lee Kang-in,ESP-La Liga,
Alex Baena,ESP-La Liga,
Fernando Niño,ESP-La Liga,
Takefusa Kubo,ESP-La Liga,30000000.0
Abdallahi Mahmoud,ESP-La Liga,500000.0
Oihan Sancet,ESP-La Liga,40000000.0
João Félix,ESP-La Liga,25000000.0
Ricard Sánchez,ESP-La Liga,2500000.0
Francisco Trincão,ESP-La Liga,35000000.0
Riqui Puig,ESP-La Liga,12000000.0
Jordan Holsgrove,ESP-La Liga,3500000.0
José Fontán,ESP-La Liga,1000000.0
Miguel Baeza,ESP-La Liga,700000.0
Marc Baró,ESP-La Liga,200000.0
Sergio Cubero Ezcurra,ESP-La Liga,
Ante Palaversa,ESP-La Liga,550000.0
Domingos Quina,ESP-La Liga,1500000.0
Nehuén Pérez,ESP-La Liga,13000000.0
Pepe Sánchez,ESP-La Liga,200000.0
Álex Cantero,ESP-La Liga,1400000.0
Javi Martínez,ESP-La Liga,800000.0
Diego Lainez,ESP-La Liga,2500000.0
Juan Miranda,ESP-La Liga,15000000.0
Rodri,ESP-La Liga,
Antonio Blanco,ESP-La Liga,10000000.0
Hugo Duro,ESP-La Liga,16000000.0
Marvin,ESP-La Liga,
Vinicius Júnior,ESP-La Liga,
Víctor Chust,ESP-La Liga,2000000.0
Alexander Isak,ESP-La Liga,120000000.0
Roberto López,ESP-La Liga,1000000.0
Guillem Molina,ESP-La Liga,300000.0
Hugo Guillamón,ESP-La Liga,2000000.0
Álex Millán,ESP-La Liga,500000.0
Sergi García,ESP-La Liga,200000.0
Jon Morcillo,ESP-La Liga,1500000.0
Oier Zarraga,ESP-La Liga,1800000.0
Ronald Araújo,ESP-La Liga,
Óscar Mingueza,ESP-La Liga,8000000.0
Alfon,ESP-La Liga,
Fran Beltrán,ESP-La Liga,6000000.0
Bobby Adekanye,ESP-La Liga,650000.0
Alejandro Pozo Pozo,ESP-La Liga,
Eñaut Mendía,ESP-La Liga,
Miguel Atienza,ESP-La Liga,800000.0
Unai Arietaleanizbeaskoa,ESP-La Liga,
Unai Dufur,ESP-La Liga,300000.0
Cucho,ESP-La Liga,
Sabit Abdulai,ESP-La Liga,200000.0
Alberto Soro,ESP-La Liga,700000.0
Dani Plomer,ESP-La Liga,150000.0
Kingsley Fobi,ESP-La Liga,150000.0
Joaquín Muñoz,ESP-La Liga,1000000.0
Giorgi Kochorashvili,ESP-La Liga,600000.0
Emerson,ESP-La Liga,
Martin Ødegaard,ESP-La Liga,75000000.0
Martín Zubimendi,ESP-La Liga,50000000.0
Modibo Sagnan,ESP-La Liga,3000000.0
Jules Koundé,ESP-La Liga,45000000.0
Alejandro Blanco,ESP-La Liga,
Thierry Correia,ESP-La Liga,3000000.0
Vicente Esquerdo,ESP-La Liga,200000.0
Jota,ESP-La Liga,11000000.0
Sergio Benito,ESP-La Liga,150000.0
Samuel Chukwueze,ESP-La Liga,20000000.0
Tachi,ESP-La Liga,400000.0
Asier Villalibre,ESP-La Liga,2500000.0
Iñigo Vicente,ESP-La Liga,1800000.0
Renan Lodi,ESP-La Liga,18000000.0
Carles Aleñá,ESP-La Liga,3000000.0
Ivan Šaponjić,ESP-La Liga,
Nieto,ESP-La Liga,
Álex Martín,ESP-La Liga,800000.0
Carles Aleñá,ESP-La Liga,3000000.0
Iglesias,ESP-La Liga,
José Antonio Miranda,ESP-La Liga,
Marc Cucurella,ESP-La Liga,50000000.0
Mathías Olivera,ESP-La Liga,18000000.0
Juan Brunet,ESP-La Liga,100000.0
Luis Javier Suárez,ESP-La Liga,
Yan Brice Eteki,ESP-La Liga,
Yangel Herrera,ESP-La Liga,9000000.0
Álvaro Bravo,ESP-La Liga,150000.0
Dani Escriche,ESP-La Liga,1000000.0
Idrissa Doumbia,ESP-La Liga,1700000.0
Javier Ontiveros,ESP-La Liga,
Kelechi Nwakali,ESP-La Liga,700000.0
Álvaro Fernández,ESP-La Liga,2500000.0
Dani Gómez,ESP-La Liga,1200000.0
Jon Moncayola,ESP-La Liga,7000000.0
Paul Akouokou,ESP-La Liga,1500000.0
Federico Valverde,ESP-La Liga,120000000.0
Luka Jović,ESP-La Liga,6000000.0
Éder Militão,ESP-La Liga,60000000.0
Aihen Muñoz,ESP-La Liga,8000000.0
Aritz Arambarri,ESP-La Liga,600000.0
Óscar Rodríguez Arnaiz,ESP-La Liga,
Patrick Cutrone,ESP-La Liga,5000000.0
Toni Lato,ESP-La Liga,1500000.0
Uroš Račić,ESP-La Liga,
Kuki,ESP-La Liga,
Miguel Ángel Rubio,ESP-La Liga,
Oriol Rey,ESP-La Liga,1200000.0
Juan Foyth,ESP-La Liga,15000000.0
Pervis Estupiñán,ESP-La Liga,14000000.0
Adrián Marín,ESP-La Liga,1500000.0
Antonio Sivera,ESP-La Liga,6000000.0
Iñigo Córdoba,ESP-La Liga,1500000.0
Iñigo Córdoba,ESP-La Liga,1500000.0
Jokin Ezkieta,ESP-La Liga,800000.0
Unai Núñez,ESP-La Liga,7000000.0
Unai Simón,ESP-La Liga,30000000.0
Frenkie de Jong,ESP-La Liga,70000000.0
Junior Firpo,ESP-La Liga,7000000.0
Ousmane Dembélé,ESP-La Liga,100000000.0
Aarón Martín,ESP-La Liga,5000000.0
Brais Méndez,ESP-La Liga,40000000.0
Emre Mor,ESP-La Liga,800000.0
Iván Villar,ESP-La Liga,1200000.0
Sergio González,ESP-La Liga,700000.0
Aleix García,ESP-La Liga,20000000.0
Edu Expósito,ESP-La Liga,4000000.0
Raúl Guti,ESP-La Liga,2000000.0
Tete Morente,ESP-La Liga,1800000.0
Darío Poveda,ESP-La Liga,350000.0
Enes Ünal,ESP-La Liga,8000000.0
Adrián Marín,ESP-La Liga,1500000.0
Jesús Vallejo,ESP-La Liga,1000000.0
Jaime Seoane,ESP-La Liga,2000000.0
Pablo Maffeo,ESP-La Liga,5000000.0
Rafa Mir,ESP-La Liga,2500000.0
Dani Cárdenas,ESP-La Liga,1800000.0
Jorge de Frutos,ESP-La Liga,4000000.0
Kike Barja,ESP-La Liga,1500000.0
Borja Mayoral,ESP-La Liga,7500000.0
Ander Guevara,ESP-La Liga,5000000.0
Andoni Gorosabel,ESP-La Liga,5000000.0
Igor Zubeldia,ESP-La Liga,9000000.0
Mikel Oyarzabal,ESP-La Liga,25000000.0
Robin Le Normand,ESP-La Liga,40000000.0
Youssef En-Nesyri,ESP-La Liga,20000000.0
Carlos Soler,ESP-La Liga,8000000.0
Francisco Reis Ferreira,ESP-La Liga,
Gonçalo Guedes,ESP-La Liga,6000000.0
Manu Vallejo,ESP-La Liga,1500000.0
Maxi Gómez,ESP-La Liga,2000000.0
Mouctar Diakhaby,ESP-La Liga,2800000.0
Fede San Emeterio,ESP-La Liga,1500000.0
Javi Sánchez,ESP-La Liga,2500000.0
Kike Pérez,ESP-La Liga,2200000.0
Marcos André,ESP-La Liga,800000.0
Pau Torres,ESP-La Liga,25000000.0
Martin Agirregabiria,ESP-La Liga,
Rubén Duarte,ESP-La Liga,3000000.0
Unai López,ESP-La Liga,2500000.0
Lucas Torreira,ESP-La Liga,15000000.0
Moussa Dembélé,ESP-La Liga,12000000.0
Thomas Lemar,ESP-La Liga,2000000.0
Joseph Aidoo,ESP-La Liga,4000000.0
Santi Mina,ESP-La Liga,2000000.0
Álvaro Tejero,ESP-La Liga,2000000.0
Josema,ESP-La Liga,700000.0
Lucas Boyé,ESP-La Liga,7000000.0
Mauro Arambarri,ESP-La Liga,10000000.0
Aarón Escandell,ESP-La Liga,1000000.0
Carlos Neva,ESP-La Liga,2500000.0
Kenedy,ESP-La Liga,700000.0
Denis Vavro,ESP-La Liga,7000000.0
Koke Vegas,ESP-La Liga,300000.0
Mickael Malsa,ESP-La Liga,
Juan Pérez,ESP-La Liga,600000.0
Aitor Ruibal,ESP-La Liga,3500000.0
Antonio Sanabria,ESP-La Liga,7000000.0
Marco Asensio,ESP-La Liga,15000000.0
Álvaro Odriozola,ESP-La Liga,800000.0
Carlos Fernández,ESP-La Liga,1500000.0
Mikel Merino,ESP-La Liga,30000000.0
Carlos Fernández,ESP-La Liga,1500000.0
Munir El Haddadi,ESP-La Liga,2500000.0
Oussama Idrissi,ESP-La Liga,5500000.0
Christian Oliva,ESP-La Liga,750000.0
Joaquín Fernández,ESP-La Liga,1500000.0
Saidy Janko,ESP-La Liga,1000000.0
Shon Weissman,ESP-La Liga,1700000.0
Waldo Rubio,ESP-La Liga,800000.0
Alfonso Pedraza,ESP-La Liga,2500000.0
Dani Raba,ESP-La Liga,2400000.0
Yeray Álvarez,ESP-La Liga,8000000.0
Álex Berenguer,ESP-La Liga,12000000.0
José María Giménez,ESP-La Liga,22000000.0
Marcos Llorente,ESP-La Liga,22000000.0
Mario Hermoso,ESP-La Liga,7000000.0
Saúl Ñíguez,ESP-La Liga,2500000.0
Ángel Correa,ESP-La Liga,9000000.0
Clément Lenglet,ESP-La Liga,10000000.0
Renato Tapia,ESP-La Liga,5000000.0
Rubén Blanco,ESP-La Liga,800000.0
Iván Alejo,ESP-La Liga,1500000.0
Nano,ESP-La Liga,
Yann Bodiger,ESP-La Liga,1400000.0
Rafa Soares,ESP-La Liga,1200000.0
Diego González,ESP-La Liga,1200000.0
Jeison Lucumí,ESP-La Liga,800000.0
Youssouf Koné,ESP-La Liga,800000.0
Erick Cabaco,ESP-La Liga,1000000.0
Nemanja Maksimović,ESP-La Liga,
Domingos Duarte,ESP-La Liga,800000.0
Luis Milla,ESP-La Liga,3500000.0
Javi Galán,ESP-La Liga,3500000.0
Sandro Ramírez,ESP-La Liga,1500000.0
Enis Bardhi,ESP-La Liga,3000000.0
Rober,ESP-La Liga,
Marc Cardona,ESP-La Liga,1400000.0
Nacho Vidal,ESP-La Liga,1600000.0
Ferland Mendy,ESP-La Liga,22000000.0
Adnan Januzaj,ESP-La Liga,1200000.0
Jon Bautista,ESP-La Liga,800000.0
Jon Guridi,ESP-La Liga,4000000.0
Martín Merquelanz,ESP-La Liga,600000.0
Álex Remiro,ESP-La Liga,14000000.0
Karim Rekik,ESP-La Liga,4000000.0
Óliver Torres,ESP-La Liga,6000000.0
José Luis Gayà,ESP-La Liga,
Luis Pérez,ESP-La Liga,1200000.0
Toni Villa,ESP-La Liga,400000.0
Burgui,ESP-La Liga,50000.0
Luis Rioja,ESP-La Liga,2000000.0
Rodrigo Ely,ESP-La Liga,3000000.0
Iñaki Williams,ESP-La Liga,25000000.0
Kenan Kodro,ESP-La Liga,500000.0
Yannick Carrasco,ESP-La Liga,14000000.0
Samuel Umtiti,ESP-La Liga,2500000.0
Denis Suárez,ESP-La Liga,1500000.0
Lucas Olaza,ESP-La Liga,4000000.0
Okay Yokuşlu,ESP-La Liga,2000000.0
David Gil,ESP-La Liga,700000.0
Fali,ESP-La Liga,2000000.0
Jairo Izquierdo,ESP-La Liga,800000.0
Jorge Pombo,ESP-La Liga,500000.0
Kévin Rodrigues,ESP-La Liga,1200000.0
Dani Calvo,ESP-La Liga,1500000.0
Omenuke Mfulu,ESP-La Liga,
Rubén Yáñez,ESP-La Liga,1200000.0
Sofian Chakla,ESP-La Liga,
Fede Vico,ESP-La Liga,600000.0
Rui Silva,ESP-La Liga,8000000.0
Eugeni Valderrama,ESP-La Liga,
Gastón Silva,ESP-La Liga,1800000.0
Pablo Insua,ESP-La Liga,800000.0
Gonzalo Melero,ESP-La Liga,1800000.0
Rúben Vezo,ESP-La Liga,800000.0
Son,ESP-La Liga,1000000.0
David García,ESP-La Liga,10000000.0
Ezequiel Ávila,ESP-La Liga,
Jonathan Calleri,ESP-La Liga,4000000.0
Lucas Torró,ESP-La Liga,2800000.0
Guido Rodríguez,ESP-La Liga,6000000.0
Loren Morón,ESP-La Liga,2500000.0
Mariano,ESP-La Liga,
Aritz Elustondo,ESP-La Liga,1800000.0
Diego Llorente,ESP-La Liga,7000000.0
Joan Jordán,ESP-La Liga,3500000.0
Lucas Ocampos,ESP-La Liga,9000000.0
Suso,ESP-La Liga,4000000.0
Jason,ESP-La Liga,
Kenan Kodro,ESP-La Liga,500000.0
Lucas Olaza,ESP-La Liga,4000000.0
Moi Gómez,ESP-La Liga,1800000.0
Paco Alcácer,ESP-La Liga,7000000.0
Sofian Chakla,ESP-La Liga,
Pere Pons,ESP-La Liga,1200000.0
Iker Muniain,ESP-La Liga,5000000.0
Iñigo Lekue,ESP-La Liga,3000000.0
Mikel Vesga,ESP-La Liga,4000000.0
Geoffrey Kondogbia,ESP-La Liga,5000000.0
Jan Oblak,ESP-La Liga,17000000.0
Thomas Partey,ESP-La Liga,5000000.0
Kevin Vázquez,ESP-La Liga,800000.0
Anthony Lozano,ESP-La Liga,
Carlos Akapo,ESP-La Liga,1000000.0
Filip Malbašić,ESP-La Liga,
Isaac Carcelen,ESP-La Liga,
Jens Jønsson,ESP-La Liga,1200000.0
Jeremías Ledesma,ESP-La Liga,
Álex Fernández,ESP-La Liga,1500000.0
Rober Correa,ESP-La Liga,500000.0
Emiliano Rigoni,ESP-La Liga,3000000.0
Helibelton Palacios,ESP-La Liga,1200000.0
Johan Mojica,ESP-La Liga,1800000.0
Pere Milla,ESP-La Liga,1200000.0
David Soria,ESP-La Liga,3000000.0
Darwin Machís,ESP-La Liga,450000.0
Dimitri Foulquier,ESP-La Liga,1200000.0
Ramon Azeez,ESP-La Liga,400000.0
Cheick Doukouré,ESP-La Liga,400000.0
José Campaña,ESP-La Liga,750000.0
Nemanja Radoja,ESP-La Liga,1500000.0
Jonás Ramalho,ESP-La Liga,500000.0
Rubén García,ESP-La Liga,1800000.0
Sergio Herrera,ESP-La Liga,3000000.0
Borja Iglesias,ESP-La Liga,5000000.0
Juanmi,ESP-La Liga,1200000.0
Nabil Fekir,ESP-La Liga,10000000.0
Álex Moreno,ESP-La Liga,3500000.0
Raphaël Varane,ESP-La Liga,20000000.0
Diego Carlos,ESP-La Liga,8500000.0
Cristiano Piccini,ESP-La Liga,700000.0
Geoffrey Kondogbia,ESP-La Liga,5000000.0
Pablo Hervías,ESP-La Liga,500000.0
Fernando Pacheco,ESP-La Liga,2500000.0
John Guidetti,ESP-La Liga,600000.0
Ander Capa,ESP-La Liga,1800000.0
Koke,ESP-La Liga,7000000.0
Šime Vrsaljko,ESP-La Liga,
Marc-André ter Stegen,ESP-La Liga,28000000.0
Philippe Coutinho,ESP-La Liga,7500000.0
Sergi Roberto,ESP-La Liga,1500000.0
Augusto Solari,ESP-La Liga,1500000.0
Jeison Murillo,ESP-La Liga,900000.0
Néstor Araujo,ESP-La Liga,
Alfonso Espino,ESP-La Liga,1000000.0
Rubén Sobrino,ESP-La Liga,1400000.0
Damian Kądzior,ESP-La Liga,500000.0
Esteban Burgos,ESP-La Liga,700000.0
Marko Dmitrović,ESP-La Liga,
Paulo Oliveira,ESP-La Liga,1500000.0
Sergio Álvarez,ESP-La Liga,1200000.0
Yoshinori Mutō,ESP-La Liga,
Luismi,ESP-La Liga,
Paulo Gazzaniga,ESP-La Liga,2000000.0
Édgar Badía,ESP-La Liga,3000000.0
Chema,ESP-La Liga,
Djené,ESP-La Liga,
Antonio Puertas,ESP-La Liga,2000000.0
Carlos Clerc,ESP-La Liga,1500000.0
Nikola Vukčević,ESP-La Liga,
Darko Brašanac,ESP-La Liga,
Juan Cruz Armada,ESP-La Liga,
Unai García,ESP-La Liga,600000.0
Aïssa Mandi,ESP-La Liga,1800000.0
Cristian Tello,ESP-La Liga,2700000.0
William Carvalho,ESP-La Liga,3000000.0
Casemiro,ESP-La Liga,8000000.0
Dani Carvajal,ESP-La Liga,
Isco,ESP-La Liga,8000000.0
Thibaut Courtois,ESP-La Liga,28000000.0
Joseba Zaldúa,ESP-La Liga,
Portu,ESP-La Liga,1500000.0
Willian José,ESP-La Liga,1400000.0
Marcos Acuña,ESP-La Liga,4000000.0
Nemanja Gudelj,ESP-La Liga,2500000.0
Sergi Gómez,ESP-La Liga,2000000.0
Rubén Sobrino,ESP-La Liga,1400000.0
Jawad El Yamiq,ESP-La Liga,2000000.0
Alberto Moreno,ESP-La Liga,1000000.0
Gerard Moreno,ESP-La Liga,10000000.0
Gerónimo Rulli,ESP-La Liga,9000000.0
Manu Trigueros,ESP-La Liga,1500000.0
Deyverson,ESP-La Liga,1000000.0
Florian Lejeune,ESP-La Liga,3000000.0
Jota,ESP-La Liga,
Rodrigo Battaglia,ESP-La Liga,1500000.0
Iñigo Martínez,ESP-La Liga,5000000.0
Kieran Trippier,ESP-La Liga,2500000.0
Stefan Savić,ESP-La Liga,
Antoine Griezmann,ESP-La Liga,11000000.0
Martin Braithwaite,ESP-La Liga,5000000.0
Facundo Ferreyra,ESP-La Liga,250000.0
Hugo Mallo,ESP-La Liga,500000.0
Alberto Perea,ESP-La Liga,450000.0
Marcos Mauro López Gutiérrez,ESP-La Liga,
Salvi,ESP-La Liga,
Álvaro Giménez,ESP-La Liga,500000.0
Pedro Bigas,ESP-La Liga,1000000.0
Recio,ESP-La Liga,300000.0
Cifu,ESP-La Liga,
Guido Carrillo,ESP-La Liga,500000.0
Abdoulay Diaby,ESP-La Liga,175000.0
Borja García,ESP-La Liga,800000.0
Jorge Pulido,ESP-La Liga,1200000.0
Juan Carlos,ESP-La Liga,
Aitor Fernández,ESP-La Liga,600000.0
Roger Martí,ESP-La Liga,1200000.0
Rubén Rochina,ESP-La Liga,700000.0
Ante Budimir,ESP-La Liga,3000000.0
Jony,ESP-La Liga,300000.0
Marc Bartra,ESP-La Liga,1000000.0
Martín Montoya,ESP-La Liga,350000.0
Sergio Canales,ESP-La Liga,13000000.0
Eden Hazard,ESP-La Liga,5000000.0
Lucas Vázquez,ESP-La Liga,2500000.0
Luuk de Jong,ESP-La Liga,1500000.0
Yassine Bounou,ESP-La Liga,9000000.0
Denis Cheryshev,ESP-La Liga,1000000.0
Eliaquim Mangala,ESP-La Liga,150000.0
Gabriel Paulista,ESP-La Liga,700000.0
Jaume Doménech,ESP-La Liga,400000.0
Rubén Alcaraz,ESP-La Liga,1500000.0
Sergi Guardiola,ESP-La Liga,800000.0
Óscar Plano,ESP-La Liga,2500000.0
Francis Coquelin,ESP-La Liga,800000.0
Mario Gaspar,ESP-La Liga,1000000.0
Ramiro Funes Mori,ESP-La Liga,1000000.0
Rubén Peña,ESP-La Liga,600000.0
Joselu,ESP-La Liga,5000000.0
Víctor Laguardia,ESP-La Liga,800000.0
Ximo Navarro,ESP-La Liga,600000.0
Édgar Méndez,ESP-La Liga,
Dani García,ESP-La Liga,800000.0
Ibai Gómez,ESP-La Liga,400000.0
Yuri Berchiche,ESP-La Liga,1800000.0
Héctor Herrera,ESP-La Liga,2500000.0
Vitolo,ESP-La Liga,100000.0
Miralem Pjanić,ESP-La Liga,1500000.0
Cala,ESP-La Liga,
Jon Ander Garrido,ESP-La Liga,300000.0
José Ángel,ESP-La Liga,200000.0
Kiké,ESP-La Liga,
Quique,ESP-La Liga,
Sergi Enrich,ESP-La Liga,1200000.0
Fidel,ESP-La Liga,1000000.0
Iván Marcone,ESP-La Liga,1200000.0
Josan,ESP-La Liga,1000000.0
Juan Sánchez Miño,ESP-La Liga,275000.0
Ramón Folch,ESP-La Liga,100000.0
David Timor,ESP-La Liga,600000.0
Francisco Portillo,ESP-La Liga,1000000.0
Quini,ESP-La Liga,350000.0
Toño,ESP-La Liga,
Joel Robles,ESP-La Liga,400000.0
Sidnei,ESP-La Liga,250000.0
Nacho,ESP-La Liga,
Toni Kroos,ESP-La Liga,10000000.0
Asier Illarramendi,ESP-La Liga,2000000.0
Aleix Vidal,ESP-La Liga,1000000.0
Sergio Escudero,ESP-La Liga,1500000.0
Bruno González,ESP-La Liga,300000.0
Lucas Pérez,ESP-La Liga,300000.0
Óscar de Marcos,ESP-La Liga,1500000.0
Diego Costa,ESP-La Liga,2000000.0
Felipe,ESP-La Liga,1500000.0
Jordi Alba,ESP-La Liga,4000000.0
Neto,ESP-La Liga,1200000.0
Pedro Alcalá,ESP-La Liga,400000.0
Yoel,ESP-La Liga,
Gonzalo Verdú,ESP-La Liga,700000.0
Pablo Piatti,ESP-La Liga,400000.0
Víctor Rodríguez,ESP-La Liga,225000.0
Jaime Mata,ESP-La Liga,900000.0
Maxime Gonalons,ESP-La Liga,700000.0
Dimitris Siovas,ESP-La Liga,
Jorge Miramón,ESP-La Liga,1500000.0
Sergio León,ESP-La Liga,2000000.0
Sergio Postigo,ESP-La Liga,500000.0
Óscar Duarte,ESP-La Liga,500000.0
Aridane Hernández,ESP-La Liga,800000.0
Roberto Torres,ESP-La Liga,1000000.0
Víctor Ruiz,ESP-La Liga,1000000.0
Franco Vázquez,ESP-La Liga,1500000.0
Tomáš Vaclík,ESP-La Liga,300000.0
Daniel Wass,ESP-La Liga,500000.0
Jasper Cillessen,ESP-La Liga,1300000.0
Jordi Masip,ESP-La Liga,1000000.0
Kiko Olivas,ESP-La Liga,800000.0
Nacho,ESP-La Liga,
Raúl García,ESP-La Liga,
Roque Mesa,ESP-La Liga,1800000.0
Daniel Parejo,ESP-La Liga,
Sergio Asenjo,ESP-La Liga,700000.0
Tomás Pina Isla,ESP-La Liga,
Mikel Balenziaga,ESP-La Liga,400000.0
Sergio Busquets,ESP-La Liga,3500000.0
Iago Aspas,ESP-La Liga,1800000.0
José Mari,ESP-La Liga,200000.0
Takashi Inui,ESP-La Liga,350000.0
Allan Nyom,ESP-La Liga,200000.0
Damián Suárez,ESP-La Liga,650000.0
Xabier Etxeita,ESP-La Liga,
Víctor Díaz,ESP-La Liga,400000.0
Ángel Montoro,ESP-La Liga,500000.0
David Ferreiro,ESP-La Liga,300000.0
Pedro Mosquera,ESP-La Liga,500000.0
Adrián López,ESP-La Liga,200000.0
Iñigo Pérez,ESP-La Liga,600000.0
Raúl Navas,ESP-La Liga,200000.0
Karim Benzema,ESP-La Liga,15000000.0
Marcelo,ESP-La Liga,1800000.0
Ivan Rakitić,ESP-La Liga,
Papu Gómez,ESP-La Liga,2000000.0
Míchel,ESP-La Liga,
Jaume Costa,ESP-La Liga,900000.0
Vicente Iborra,ESP-La Liga,300000.0
Étienne Capoue,ESP-La Liga,1500000.0
Luis Suárez,ESP-La Liga,4000000.0
Gerard Piqué,ESP-La Liga,3000000.0
Lionel Messi,ESP-La Liga,35000000.0
Nolito,ESP-La Liga,300000.0
Anaitz Arbilla,ESP-La Liga,400000.0
Pedro León,ESP-La Liga,800000.0
Antonio Barragán,ESP-La Liga,600000.0
Ángel Rodríguez,ESP-La Liga,600000.0
Germán Sánchez,ESP-La Liga,200000.0
Andrés Fernández,ESP-La Liga,600000.0
Coke,ESP-La Liga,300000.0
José Luis Morales,ESP-La Liga,1500000.0
Enric Gallego,ESP-La Liga,600000.0
Facundo Roncaglia,ESP-La Liga,200000.0
Andrés Guardado,ESP-La Liga,1000000.0
Fernando,ESP-La Liga,2000000.0
Kévin Gameiro,ESP-La Liga,700000.0
Carlos Bacca,ESP-La Liga,450000.0
Manu García,ESP-La Liga,200000.0
Raúl García,ESP-La Liga,1500000.0
Augusto Fernández,ESP-La Liga,300000.0
Álvaro Negredo,ESP-La Liga,300000.0
Papakouli Diop,ESP-La Liga,
Shinji Okazaki,ESP-La Liga,
Oier Sanjurjo,ESP-La Liga,300000.0
Luka Modrić,ESP-La Liga,4000000.0
Sergio Ramos,ESP-La Liga,2500000.0
David Silva,ESP-La Liga,4000000.0
David Silva,ESP-La Liga,
David Silva,ESP-La Liga,50000.0
Nacho Monreal,ESP-La Liga,1000000.0
Jesús Navas,ESP-La Liga,2500000.0
Fabián Orellana,ESP-La Liga,200000.0
Javi Moyano,ESP-La Liga,50000.0
Roberto,ESP-La Liga,500000.0
Raúl Albiol,ESP-La Liga,800000.0
Roberto Soldado,ESP-La Liga,500000.0
Luisinho,ESP-La Liga,
Mikel Rico,ESP-La Liga,200000.0
Pedro López Muñoz,ESP-La Liga,
Rubén,ESP-La Liga,
Claudio Bravo,ESP-La Liga,800000.0
Jorge Molina,ESP-La Liga,600000.0
Joaquín,ESP-La Liga,1500000.0
Nino,ESP-La Liga,100000.0
Alberto Cifuentes,ESP-La Liga,100000.0
Mohamed Ali Cho,FRA-Ligue 1,
Rayan Cherki,FRA-Ligue 1,50000000.0
Lesley Ugochukwu,FRA-Ligue 1,25000000.0
Lucas Gourna-Douath,FRA-Ligue 1,4000000.0
Dilane Bakwa,FRA-Ligue 1,32000000.0
Charles Costes,FRA-Ligue 1,
Florent da Silva,FRA-Ligue 1,
Malo Gusto,FRA-Ligue 1,35000000.0
Cheick Souaré,FRA-Ligue 1,300000.0
Pape Matar Sarr,FRA-Ligue 1,35000000.0
Elye Wahi,FRA-Ligue 1,12000000.0
Salim Ben Seghir,FRA-Ligue 1,350000.0
Edouard Michut,FRA-Ligue 1,2500000.0
Kays Ruiz,FRA-Ligue 1,
Timothee Pembele,FRA-Ligue 1,
Xavi Simons,FRA-Ligue 1,80000000.0
Andy Diouf,FRA-Ligue 1,9000000.0
Eduardo Camavinga,FRA-Ligue 1,50000000.0
Matthis Abline,FRA-Ligue 1,20000000.0
Yanis Lhery,FRA-Ligue 1,
Noah Fatar,FRA-Ligue 1,450000.0
Waniss Taibi,FRA-Ligue 1,
Amadou Traore,FRA-Ligue 1,
Issouf Sissokho,FRA-Ligue 1,800000.0
Sekou Mara,FRA-Ligue 1,
Tom Lacoux,FRA-Ligue 1,1500000.0
Arthur Zagre,FRA-Ligue 1,
Wilitty Younoussa,FRA-Ligue 1,600000.0
Arnaud Kalimuendo,FRA-Ligue 1,25000000.0
Isaac Lihadji,FRA-Ligue 1,1000000.0
Habib Keita,FRA-Ligue 1,
Luis Henrique,FRA-Ligue 1,23000000.0
Boubacar Traoré,FRA-Ligue 1,5000000.0
Chrislain Matsima,FRA-Ligue 1,22000000.0
Eliot Matazo,FRA-Ligue 1,2000000.0
Enzo Millot,FRA-Ligue 1,28000000.0
Willem Geubbels,FRA-Ligue 1,1500000.0
Joris Chotard,FRA-Ligue 1,10000000.0
Sacha Delaye,FRA-Ligue 1,300000.0
Arnaud Kalimuendo,FRA-Ligue 1,25000000.0
Kenny Nagera,FRA-Ligue 1,200000.0
Dion Lopy,FRA-Ligue 1,10000000.0
El Bilal Touré,FRA-Ligue 1,15000000.0
Hugo Ekitike,FRA-Ligue 1,
Nathanael Mbuku,FRA-Ligue 1,
Adrien Truffert,FRA-Ligue 1,20000000.0
Brandon Soppy,FRA-Ligue 1,2000000.0
Georginio Rutter,FRA-Ligue 1,32000000.0
Jeremy Doku,FRA-Ligue 1,
Abdoulaye Sidibé,FRA-Ligue 1,150000.0
Adil Aouchiche,FRA-Ligue 1,2200000.0
Marvin Tshibuabua,FRA-Ligue 1,400000.0
Mathys Saban,FRA-Ligue 1,100000.0
Maxence Rivera,FRA-Ligue 1,350000.0
Saidou Sow,FRA-Ligue 1,
Stefan Bajic,FRA-Ligue 1,1200000.0
Moïse Sahi Dion,FRA-Ligue 1,700000.0
Rayan Aït-Nouri,FRA-Ligue 1,40000000.0
Bandiougou Fadiga,FRA-Ligue 1,400000.0
Ahmad Ngouyamsa,FRA-Ligue 1,600000.0
Erwan Belhadji,FRA-Ligue 1,250000.0
Jacques Siwe,FRA-Ligue 1,150000.0
Jonathan Panzo,FRA-Ligue 1,1500000.0
Junior Dina Ebimbe,FRA-Ligue 1,6000000.0
Rayan Philippe,FRA-Ligue 1,400000.0
Sacha Boey,FRA-Ligue 1,15000000.0
David Costa,FRA-Ligue 1,
Ismaël Boura,FRA-Ligue 1,1000000.0
Loris Mouyokolo,FRA-Ligue 1,300000.0
Melvin Bard,FRA-Ligue 1,10000000.0
Sinaly Diomande,FRA-Ligue 1,
Marley Aké,FRA-Ligue 1,1600000.0
Benoît Badiashile,FRA-Ligue 1,18000000.0
Pietro Pellegri,FRA-Ligue 1,3000000.0
Strahinja Pavlović,FRA-Ligue 1,28000000.0
Alexis Trouillet,FRA-Ligue 1,900000.0
Dan Ndoye,FRA-Ligue 1,40000000.0
Evann Guessand,FRA-Ligue 1,28000000.0
Flavius Daniliuc,FRA-Ligue 1,3000000.0
Khéphren Thuram,FRA-Ligue 1,40000000.0
William Saliba,FRA-Ligue 1,90000000.0
Kévin Denkey,FRA-Ligue 1,14000000.0
Marco Majouga,FRA-Ligue 1,250000.0
Nassim Chadli,FRA-Ligue 1,500000.0
Bandiougou Fadiga,FRA-Ligue 1,400000.0
Fodé Doucouré,FRA-Ligue 1,500000.0
Moïse Sakava,FRA-Ligue 1,50000.0
Sacha Boey,FRA-Ligue 1,15000000.0
Yann Gboho,FRA-Ligue 1,12000000.0
Aimen Moueffek,FRA-Ligue 1,
Bilal Benkhedim,FRA-Ligue 1,200000.0
Tyron Tormin,FRA-Ligue 1,
Wesley Fofana,FRA-Ligue 1,28000000.0
Zinédine Ould Khaled,FRA-Ligue 1,400000.0
Yacine Adli,FRA-Ligue 1,9000000.0
Hianga'a Mbock,FRA-Ligue 1,700000.0
Lilian Brassier,FRA-Ligue 1,10000000.0
Adrien Louveau,FRA-Ligue 1,250000.0
Ansou Sow,FRA-Ligue 1,250000.0
Cheick Doucouré,FRA-Ligue 1,15000000.0
Loïc Bade,FRA-Ligue 1,
Domagoj Bradarić,FRA-Ligue 1,5000000.0
Jonathan David,FRA-Ligue 1,35000000.0
Sven Botman,FRA-Ligue 1,35000000.0
Tiago Djaló,FRA-Ligue 1,7000000.0
Timothy Weah,FRA-Ligue 1,20000000.0
Enzo Le Fée,FRA-Ligue 1,20000000.0
Maxence Caqueret,FRA-Ligue 1,20000000.0
Yaya Soumaré,FRA-Ligue 1,
Bamba Dieng,FRA-Ligue 1,4000000.0
Boubacar Kamara,FRA-Ligue 1,40000000.0
Mickaël Cuisance,FRA-Ligue 1,
Papa Ndiaga Yade,FRA-Ligue 1,1000000.0
Aurélien Tchouaméni,FRA-Ligue 1,100000000.0
Florentino Luís,FRA-Ligue 1,
Giulian Biancone,FRA-Ligue 1,2500000.0
Radosław Majecki,FRA-Ligue 1,
Sofiane Diop,FRA-Ligue 1,10000000.0
Clément Vidal,FRA-Ligue 1,1500000.0
Samy Benchamma,FRA-Ligue 1,500000.0
Abdoulaye Sylla,FRA-Ligue 1,400000.0
Batista Mendy,FRA-Ligue 1,10000000.0
Bridge Ndilu,FRA-Ligue 1,250000.0
Amine Gouiri,FRA-Ligue 1,28000000.0
Andy Pelmard,FRA-Ligue 1,3500000.0
Eddy Sylvestre,FRA-Ligue 1,600000.0
Hicham Boudaoui,FRA-Ligue 1,12000000.0
Jean-Clair Todibo,FRA-Ligue 1,23000000.0
Malik Sellouki,FRA-Ligue 1,250000.0
Antoine Valerio,FRA-Ligue 1,
Mahamadou Doucouré,FRA-Ligue 1,100000.0
Marcin Bułka,FRA-Ligue 1,
Mitchel Bakker,FRA-Ligue 1,4000000.0
Moise Kean,FRA-Ligue 1,45000000.0
Alexis Flips,FRA-Ligue 1,400000.0
Dario Maresic,FRA-Ligue 1,500000.0
Fraser Hornby,FRA-Ligue 1,1200000.0
Yehvann Diouf,FRA-Ligue 1,8000000.0
Baptiste Gabard,FRA-Ligue 1,250000.0
Charles Abi,FRA-Ligue 1,600000.0
Etienne Green,FRA-Ligue 1,1000000.0
Mohamed Simakan,FRA-Ligue 1,20000000.0
Enzo Ebosse,FRA-Ligue 1,2500000.0
Yassin Fortune,FRA-Ligue 1,
Josh Maja,FRA-Ligue 1,5000000.0
Loïc Bessile,FRA-Ligue 1,
Mehdi Zerkane,FRA-Ligue 1,450000.0
Ibrahima Diallo,FRA-Ligue 1,6500000.0
Anthony Racioppi,FRA-Ligue 1,2200000.0
Mihai Dobre,FRA-Ligue 1,
Mounir Chouiar,FRA-Ligue 1,3200000.0
Facundo Medina,FRA-Ligue 1,20000000.0
Ignatius Ganago,FRA-Ligue 1,3000000.0
Boubakary Soumaré,FRA-Ligue 1,14000000.0
Armand Lauriente,FRA-Ligue 1,
Stéphane Diarra,FRA-Ligue 1,2000000.0
Terem Moffi,FRA-Ligue 1,25000000.0
Trevoh Chalobah,FRA-Ligue 1,35000000.0
Leonardo Balerdi,FRA-Ligue 1,20000000.0
Lucas Perrin,FRA-Ligue 1,2000000.0
Pape Gueye,FRA-Ligue 1,6000000.0
Cheikh Tidiane Sabaly,FRA-Ligue 1,
Ibrahima Niane,FRA-Ligue 1,2000000.0
Krépin Diatta,FRA-Ligue 1,6000000.0
Youssouf Fofana,FRA-Ligue 1,30000000.0
Nicolas Cozza,FRA-Ligue 1,3000000.0
Alban Lafont,FRA-Ligue 1,3000000.0
Imran Louza,FRA-Ligue 1,
Randal Kolo Muani,FRA-Ligue 1,25000000.0
Hicham Mahou,FRA-Ligue 1,700000.0
Jordan Lotomba,FRA-Ligue 1,5000000.0
Myziane Maolida,FRA-Ligue 1,900000.0
Stanley N'Soki,FRA-Ligue 1,
Kelyan Guessoum,FRA-Ligue 1,600000.0
Matteo Ahlinvi,FRA-Ligue 1,
Yassine Benrahou,FRA-Ligue 1,3000000.0
Colin Dagba,FRA-Ligue 1,2500000.0
Kylian Mbappé,FRA-Ligue 1,180000000.0
Mouhamadou Drammeh,FRA-Ligue 1,200000.0
Panagiotis Retsos,FRA-Ligue 1,2500000.0
Yvann Macon,FRA-Ligue 1,
Zaydou Youssouf,FRA-Ligue 1,5500000.0
Ismael Aaneba,FRA-Ligue 1,
Wilfried Kanga,FRA-Ligue 1,4000000.0
Samuel Kalu,FRA-Ligue 1,2500000.0
Hugo Magnetti,FRA-Ligue 1,7000000.0
Irvin Cardona,FRA-Ligue 1,2500000.0
Jean Lucas,FRA-Ligue 1,5000000.0
Jérémy Le Douaron,FRA-Ligue 1,5000000.0
Romain Faivre,FRA-Ligue 1,15000000.0
Romain Perraud,FRA-Ligue 1,5000000.0
Ronaël Pierre-Gabriel,FRA-Ligue 1,3500000.0
Sébastien Cibois,FRA-Ligue 1,300000.0
Aurélien Scheidler,FRA-Ligue 1,1800000.0
Pape Cheikh Diop,FRA-Ligue 1,
Wuilker Faríñez,FRA-Ligue 1,
Jonathan Ikone,FRA-Ligue 1,
Renato Sanches,FRA-Ligue 1,2500000.0
Andrew Gravillon,FRA-Ligue 1,
Houboulang Mendes,FRA-Ligue 1,700000.0
Bruno Guimarães,FRA-Ligue 1,75000000.0
Houssem Aouar,FRA-Ligue 1,10000000.0
Jean Lucas,FRA-Ligue 1,5000000.0
Jeff Reine-Adélaïde,FRA-Ligue 1,2000000.0
Lucas Paquetá,FRA-Ligue 1,35000000.0
Christopher Rocchia,FRA-Ligue 1,500000.0
Maxime Lopez,FRA-Ligue 1,7500000.0
Pol Lirola,FRA-Ligue 1,1800000.0
Aaron Leya Iseka,FRA-Ligue 1,350000.0
Lamine Gueye,FRA-Ligue 1,800000.0
Mamadou Fofana,FRA-Ligue 1,1800000.0
Warren Tchimbembé,FRA-Ligue 1,300000.0
Youssef Maziz,FRA-Ligue 1,1000000.0
Axel Disasi,FRA-Ligue 1,15000000.0
Dimitry Bertaud,FRA-Ligue 1,1200000.0
Stephy Mavididi,FRA-Ligue 1,8000000.0
Ludovic Blas,FRA-Ligue 1,15000000.0
Alexis Claude-Maurice,FRA-Ligue 1,12000000.0
Jeff Reine-Adélaïde,FRA-Ligue 1,2000000.0
Kasper Dolberg,FRA-Ligue 1,12000000.0
Robson Bambu,FRA-Ligue 1,2800000.0
Lamine Fomba,FRA-Ligue 1,1200000.0
Lucas Buadés,FRA-Ligue 1,
Sami Ben Amar,FRA-Ligue 1,150000.0
Sofiane Alakouch,FRA-Ligue 1,500000.0
Dereck Kutesa,FRA-Ligue 1,1700000.0
Kaj Sierhuis,FRA-Ligue 1,800000.0
Moreto Cassamã,FRA-Ligue 1,
Thibault De Smet,FRA-Ligue 1,4000000.0
Wout Faes,FRA-Ligue 1,12000000.0
Faitout Maouassa,FRA-Ligue 1,4000000.0
Arnaud Nordin,FRA-Ligue 1,4000000.0
Assane Dioussé,FRA-Ligue 1,900000.0
Harold Moukoudi,FRA-Ligue 1,5000000.0
Mahdi Camara,FRA-Ligue 1,10000000.0
Rayan Souici,FRA-Ligue 1,150000.0
Ibrahima Sissoko,FRA-Ligue 1,3000000.0
Jean-Ricner Bellegarde,FRA-Ligue 1,15000000.0
Angelo Fulgini,FRA-Ligue 1,5000000.0
Farid El Melali,FRA-Ligue 1,800000.0
Mathias Pereira Lage,FRA-Ligue 1,3500000.0
Paul Bernardoni,FRA-Ligue 1,2200000.0
Souleyman Doumbia,FRA-Ligue 1,2000000.0
Enock Kwateng,FRA-Ligue 1,800000.0
Remi Oudin,FRA-Ligue 1,
Toma Bašić,FRA-Ligue 1,2500000.0
Franck Honorat,FRA-Ligue 1,12000000.0
Gautier Larsonneur,FRA-Ligue 1,3000000.0
Heriberto Tavares,FRA-Ligue 1,
Jean-Kevin Duverne,FRA-Ligue 1,
Bersant Celina,FRA-Ligue 1,2500000.0
Clément Michelin,FRA-Ligue 1,1200000.0
Simon Banza,FRA-Ligue 1,11000000.0
Yusuf Yazıcı,FRA-Ligue 1,10000000.0
Zeki Çelik,FRA-Ligue 1,12000000.0
Adrian Grbić,FRA-Ligue 1,
Quentin Boisgard,FRA-Ligue 1,700000.0
Umut Bozok,FRA-Ligue 1,1200000.0
Yoane Wissa,FRA-Ligue 1,28000000.0
Yoann Etienne,FRA-Ligue 1,650000.0
Maxwel Cornet,FRA-Ligue 1,5000000.0
Duje Ćaleta-Car,FRA-Ligue 1,
Boubakar Kouyaté,FRA-Ligue 1,
Thierry Ambrose,FRA-Ligue 1,1000000.0
Victorien Angban,FRA-Ligue 1,350000.0
Caio Henrique Oliveira Silva,FRA-Ligue 1,
Fodé Ballo-Touré,FRA-Ligue 1,1000000.0
Henry Onyekuru,FRA-Ligue 1,4800000.0
Junior Sambia,FRA-Ligue 1,2000000.0
Jean-Kévin Augustin,FRA-Ligue 1,1000000.0
Pedro Chirivella,FRA-Ligue 1,5000000.0
Roli Pereira de Sa,FRA-Ligue 1,400000.0
Samuel Moutoussamy,FRA-Ligue 1,1200000.0
Florian Miguel,FRA-Ligue 1,1000000.0
Moussa Koné,FRA-Ligue 1,500000.0
Thilo Kehrer,FRA-Ligue 1,18000000.0
Anastasios Donis,FRA-Ligue 1,700000.0
Boulaye Dia,FRA-Ligue 1,10000000.0
Mathieu Cafaro,FRA-Ligue 1,3000000.0
Gerzino Nyamsi,FRA-Ligue 1,4000000.0
Martin Terrier,FRA-Ligue 1,12000000.0
Raphinha,FRA-Ligue 1,50000000.0
Jean-Philippe Krasso,FRA-Ligue 1,6000000.0
Nelson Sissoko,FRA-Ligue 1,
Yvan Neyou,FRA-Ligue 1,2500000.0
Anthony Caci,FRA-Ligue 1,10000000.0
Bingourou Kamara,FRA-Ligue 1,800000.0
Kévin Zohi,FRA-Ligue 1,600000.0
Antonin Bobichon,FRA-Ligue 1,700000.0
Lassana Coulibaly,FRA-Ligue 1,3500000.0
Aníbal Chalá,FRA-Ligue 1,1000000.0
Mama Samba Baldé,FRA-Ligue 1,
Jonathan Bamba,FRA-Ligue 1,9000000.0
Luiz Araújo,FRA-Ligue 1,6000000.0
Joachim Andersen,FRA-Ligue 1,25000000.0
Kenny Tete,FRA-Ligue 1,11000000.0
Moussa Dembélé,FRA-Ligue 1,12000000.0
Tino Kadewere,FRA-Ligue 1,1800000.0
Nemanja Radonjić,FRA-Ligue 1,
Olivier Ntcham,FRA-Ligue 1,2800000.0
Fabien Centonze,FRA-Ligue 1,1200000.0
Habib Maïga,FRA-Ligue 1,2500000.0
Kévin N'Doram,FRA-Ligue 1,1500000.0
Matthieu Udol,FRA-Ligue 1,2500000.0
Vagner Gonçalves,FRA-Ligue 1,275000.0
Aleksandr Golovin,FRA-Ligue 1,18000000.0
Mihailo Ristić,FRA-Ligue 1,
Marcus Coco,FRA-Ligue 1,850000.0
Danilo Barbosa,FRA-Ligue 1,2000000.0
Patrick Burner,FRA-Ligue 1,700000.0
Racine Coly,FRA-Ligue 1,175000.0
Rony Lopes,FRA-Ligue 1,1200000.0
Youcef Atal,FRA-Ligue 1,4300000.0
Andrés Cubas,FRA-Ligue 1,4500000.0
Niclas Eliasson,FRA-Ligue 1,3500000.0
Patrick Burner,FRA-Ligue 1,700000.0
Sidy Sarr,FRA-Ligue 1,300000.0
Abdou Diallo,FRA-Ligue 1,9000000.0
Presnel Kimpembe,FRA-Ligue 1,4000000.0
Ghislain Konan,FRA-Ligue 1,6500000.0
Marshall Munetsi,FRA-Ligue 1,10000000.0
Predrag Rajković,FRA-Ligue 1,10000000.0
James Lea Siliki,FRA-Ligue 1,
Nayef Aguerd,FRA-Ligue 1,22000000.0
Romain Del Castillo,FRA-Ligue 1,10000000.0
Serhou Guirassy,FRA-Ligue 1,40000000.0
Pape Abou Cissé,FRA-Ligue 1,1800000.0
Mahame Siby,FRA-Ligue 1,
Mehdi Chahiri,FRA-Ligue 1,700000.0
Baptiste Santamaria,FRA-Ligue 1,4500000.0
Sada Thioub,FRA-Ligue 1,1000000.0
Brendan Chardonnet,FRA-Ligue 1,8000000.0
Steve Mounié,FRA-Ligue 1,1800000.0
Aboubakar Kamara,FRA-Ligue 1,2500000.0
Muzinga Ngonda,FRA-Ligue 1,
Senou Coulibaly,FRA-Ligue 1,600000.0
Yassine Benzia,FRA-Ligue 1,1000000.0
Cheick Traoré,FRA-Ligue 1,700000.0
Corentin Jean,FRA-Ligue 1,1000000.0
Seko Fofana,FRA-Ligue 1,8000000.0
Mike Maignan,FRA-Ligue 1,38000000.0
Xeka,FRA-Ligue 1,1000000.0
Franklin Wadja,FRA-Ligue 1,200000.0
Jason Denayer,FRA-Ligue 1,4000000.0
Leo Dubois,FRA-Ligue 1,
Morgan Sanson,FRA-Ligue 1,4000000.0
Saîf-Eddine Khaoui,FRA-Ligue 1,2000000.0
Valentin Rongier,FRA-Ligue 1,9000000.0
Dylan Bronn,FRA-Ligue 1,1300000.0
Habib Diallo,FRA-Ligue 1,14000000.0
Gelson Martins,FRA-Ligue 1,2500000.0
Jean-Charles Castelletto,FRA-Ligue 1,3200000.0
Moses Simon,FRA-Ligue 1,7000000.0
Anthony Briançon,FRA-Ligue 1,400000.0
Birger Meling,FRA-Ligue 1,1500000.0
Clément Depres,FRA-Ligue 1,400000.0
Naomichi Ueda,FRA-Ligue 1,650000.0
Arber Zeneli,FRA-Ligue 1,
Moussa Doumbia,FRA-Ligue 1,1800000.0
Thomas Foket,FRA-Ligue 1,600000.0
M'Baye Niang,FRA-Ligue 1,2500000.0
Denis Bouanga,FRA-Ligue 1,8000000.0
Alexander Djiku,FRA-Ligue 1,9000000.0
Frederic Guilbert,FRA-Ligue 1,
Habib Diallo,FRA-Ligue 1,14000000.0
Jimmy Cabot,FRA-Ligue 1,2500000.0
Sofiane Boufal,FRA-Ligue 1,2000000.0
Otávio,FRA-Ligue 1,4500000.0
Haris Belkebla,FRA-Ligue 1,2500000.0
Alfred Gomis,FRA-Ligue 1,1000000.0
Didier Ibrahim Ndong,FRA-Ligue 1,
Roger Assalé,FRA-Ligue 1,400000.0
Saturnin Allagbé,FRA-Ligue 1,300000.0
Aleksandar Radovanović,FRA-Ligue 1,
Issiaga Sylla,FRA-Ligue 1,2500000.0
Tony Mauricio,FRA-Ligue 1,1800000.0
Reinildo Mandava,FRA-Ligue 1,5000000.0
Julien Laporte,FRA-Ligue 1,2000000.0
Paul Nardi,FRA-Ligue 1,2500000.0
Pierre-Yves Hamel,FRA-Ligue 1,500000.0
Memphis,FRA-Ligue 1,
Arkadiusz Milik,FRA-Ligue 1,6000000.0
Jordan Amavi,FRA-Ligue 1,1200000.0
Marc-Aurèle Caillard,FRA-Ligue 1,100000.0
Opa Nguette,FRA-Ligue 1,1500000.0
Guillermo Maripán,FRA-Ligue 1,4000000.0
Jean-Eudes Aholou,FRA-Ligue 1,800000.0
Gaëtan Laborde,FRA-Ligue 1,10000000.0
Jonas Omlin,FRA-Ligue 1,1500000.0
Abdoul Kader Bamba,FRA-Ligue 1,900000.0
Abdoulaye Touré,FRA-Ligue 1,3000000.0
Hassane Kamara,FRA-Ligue 1,3000000.0
Gaëtan Paquiez,FRA-Ligue 1,500000.0
Haris Duljević,FRA-Ligue 1,
Karim Aribi,FRA-Ligue 1,475000.0
Julian Draxler,FRA-Ligue 1,5000000.0
Leandro Paredes,FRA-Ligue 1,5000000.0
Marquinhos,FRA-Ligue 1,30000000.0
Sergio Rico,FRA-Ligue 1,1500000.0
Adrien Hunou,FRA-Ligue 1,300000.0
Alfred Gomis,FRA-Ligue 1,1000000.0
Benjamin Bourigeaud,FRA-Ligue 1,5000000.0
Dalbert Henrique,FRA-Ligue 1,
Daniele Rugani,FRA-Ligue 1,2000000.0
Adrien Thomasson,FRA-Ligue 1,4500000.0
Jean-Eudes Aholou,FRA-Ligue 1,800000.0
Ludovic Ajorque,FRA-Ligue 1,3000000.0
Sanjin Prcić,FRA-Ligue 1,
Casimir Ninga,FRA-Ligue 1,600000.0
Ibrahim Amadou,FRA-Ligue 1,1500000.0
Lois Diony,FRA-Ligue 1,
Hwang Ui-jo,FRA-Ligue 1,
Maxime Poundjé,FRA-Ligue 1,200000.0
Rubén Pardo,FRA-Ligue 1,350000.0
Youssouf Sabaly,FRA-Ligue 1,2500000.0
Christophe Hérelle,FRA-Ligue 1,1500000.0
Moussa Konaté,FRA-Ligue 1,500000.0
Jonathan Clauss,FRA-Ligue 1,4500000.0
Jonathan Gradit,FRA-Ligue 1,4500000.0
Massadio Haïdara,FRA-Ligue 1,900000.0
Laurent Abergel,FRA-Ligue 1,3000000.0
Karl Toko Ekambi,FRA-Ligue 1,5000000.0
Mattia De Sciglio,FRA-Ligue 1,1000000.0
Florian Thauvin,FRA-Ligue 1,5000000.0
Farid Boulaya,FRA-Ligue 1,2000000.0
Ruben Aguilar,FRA-Ligue 1,3000000.0
Keagan Dolly,FRA-Ligue 1,1400000.0
Mehdi Abeid,FRA-Ligue 1,1000000.0
Pierre Lees-Melou,FRA-Ligue 1,10000000.0
Walter Benítez,FRA-Ligue 1,5000000.0
Renaud Ripart,FRA-Ligue 1,2000000.0
Zinedine Ferhat,FRA-Ligue 1,2300000.0
Jesé,FRA-Ligue 1,1000000.0
Juan Bernat,FRA-Ligue 1,1500000.0
Layvin Kurzawa,FRA-Ligue 1,750000.0
Marco Verratti,FRA-Ligue 1,25000000.0
Mauro Icardi,FRA-Ligue 1,6000000.0
Rafinha,FRA-Ligue 1,4000000.0
Valon Berisha,FRA-Ligue 1,1500000.0
Flavien Tait,FRA-Ligue 1,300000.0
Miguel Trauco,FRA-Ligue 1,1800000.0
Rachid Alioui,FRA-Ligue 1,250000.0
Stéphane Bahoken,FRA-Ligue 1,950000.0
Loris Benito,FRA-Ligue 1,500000.0
Cristian Battocchio,FRA-Ligue 1,350000.0
Jordan Marié,FRA-Ligue 1,450000.0
Steven Fortes,FRA-Ligue 1,400000.0
Adama Soumaoro,FRA-Ligue 1,2000000.0
Thiago Mendes,FRA-Ligue 1,4500000.0
Bouna Sarr,FRA-Ligue 1,1500000.0
Thomas Delaine,FRA-Ligue 1,500000.0
Djibril Sidibé,FRA-Ligue 1,1500000.0
Kevin Volland,FRA-Ligue 1,500000.0
Andy Delort,FRA-Ligue 1,1500000.0
Arnaud Souquet,FRA-Ligue 1,1500000.0
Florent Mollet,FRA-Ligue 1,600000.0
Jordan Ferri,FRA-Ligue 1,500000.0
Téji Savanier,FRA-Ligue 1,9000000.0
Yun Il-lok,FRA-Ligue 1,
Andrei Girotto,FRA-Ligue 1,4000000.0
Charles Traore,FRA-Ligue 1,
Dennis Appiah,FRA-Ligue 1,700000.0
Kalifa Coulibaly,FRA-Ligue 1,600000.0
Renaud Emond,FRA-Ligue 1,350000.0
Loïck Landre,FRA-Ligue 1,325000.0
Danilo Pereira,FRA-Ligue 1,8000000.0
Neymar,FRA-Ligue 1,50000000.0
Pablo Sarabia,FRA-Ligue 1,4000000.0
Edouard Mendy,FRA-Ligue 1,10000000.0
Hamari Traoré,FRA-Ligue 1,6000000.0
Timothée Kolodziejczak,FRA-Ligue 1,400000.0
Abdul Majeed Waris,FRA-Ligue 1,
Idriss Saadi,FRA-Ligue 1,400000.0
Kenny Lala,FRA-Ligue 1,1800000.0
Matz Sels,FRA-Ligue 1,6000000.0
Jean Seri,FRA-Ligue 1,
Nicolas de Préville,FRA-Ligue 1,400000.0
Pablo,FRA-Ligue 1,2000000.0
Florian Sotoca,FRA-Ligue 1,1500000.0
Gaël Kakuta,FRA-Ligue 1,1800000.0
Manuel Perez,FRA-Ligue 1,250000.0
Benjamin André,FRA-Ligue 1,4000000.0
Thomas Fontaine,FRA-Ligue 1,250000.0
Thomas Monconduit,FRA-Ligue 1,600000.0
Anthony Lopes,FRA-Ligue 1,4000000.0
Vincent Pajot,FRA-Ligue 1,400000.0
Benjamin Lecomte,FRA-Ligue 1,3500000.0
Wissam Ben Yedder,FRA-Ligue 1,8000000.0
Ambroise Oyongo,FRA-Ligue 1,500000.0
Pedro Mendes,FRA-Ligue 1,400000.0
Sébastien Corchia,FRA-Ligue 1,1000000.0
Baptiste Reynet,FRA-Ligue 1,450000.0
Alessandro Florenzi,FRA-Ligue 1,2000000.0
Tristan Dingomé,FRA-Ligue 1,300000.0
Xavier Chavalerin,FRA-Ligue 1,1500000.0
Clément Grenier,FRA-Ligue 1,800000.0
Gabriel Silva,FRA-Ligue 1,700000.0
Wahbi Khazri,FRA-Ligue 1,600000.0
Lionel Carole,FRA-Ligue 1,550000.0
Abdoulaye Bamba,FRA-Ligue 1,400000.0
Mateo Pavlović,FRA-Ligue 1,
Romain Amalfitano,FRA-Ligue 1,300000.0
Vincent Le Goff,FRA-Ligue 1,900000.0
Djamel Benlamri,FRA-Ligue 1,
Darío Benedetto,FRA-Ligue 1,1200000.0
Hiroki Sakai,FRA-Ligue 1,1400000.0
Kevin Strootman,FRA-Ligue 1,800000.0
Valère Germain,FRA-Ligue 1,1500000.0
Álvaro González,FRA-Ligue 1,2200000.0
Stevan Jovetić,FRA-Ligue 1,700000.0
Damien Le Tallec,FRA-Ligue 1,500000.0
Petar Škuletić,FRA-Ligue 1,
Fábio,FRA-Ligue 1,1000000.0
Morgan Schneiderlin,FRA-Ligue 1,300000.0
Ander Herrera,FRA-Ligue 1,2000000.0
Idrissa Gana Gueye,FRA-Ligue 1,
Jonas Martin,FRA-Ligue 1,300000.0
Ryad Boudebouz,FRA-Ligue 1,1200000.0
Yann M'Vila,FRA-Ligue 1,1500000.0
Stefan Mitrović,FRA-Ligue 1,
Vincent Manceau,FRA-Ligue 1,300000.0
Mexer,FRA-Ligue 1,200000.0
Gaëtan Charbonnier,FRA-Ligue 1,400000.0
Paul Lasne,FRA-Ligue 1,250000.0
Jérémy Pied,FRA-Ligue 1,200000.0
Matthieu Dreyer,FRA-Ligue 1,150000.0
Fernando Marçal,FRA-Ligue 1,
Lucas Deaux,FRA-Ligue 1,250000.0
Pablo Martinez,FRA-Ligue 1,
Steven Nzonzi,FRA-Ligue 1,900000.0
Kévin Monnet-Paquet,FRA-Ligue 1,200000.0
Lamine Koné,FRA-Ligue 1,150000.0
Romain Thomas,FRA-Ligue 1,400000.0
Paul Baysse,FRA-Ligue 1,800000.0
Romain Philippoteaux,FRA-Ligue 1,300000.0
Bruno Ecuele Manga,FRA-Ligue 1,250000.0
Wesley Lautoa,FRA-Ligue 1,500000.0
Islam Slimani,FRA-Ligue 1,400000.0
Alexandre Oukidja,FRA-Ligue 1,500000.0
Vito Mannone,FRA-Ligue 1,200000.0
Nicolas Pallois,FRA-Ligue 1,300000.0
Nolan Roux,FRA-Ligue 1,150000.0
Romain Philippoteaux,FRA-Ligue 1,300000.0
Ángel Di María,FRA-Ligue 1,2000000.0
Yunis Abdelhamid,FRA-Ligue 1,350000.0
Damien Da Silva,FRA-Ligue 1,500000.0
Anthony Modeste,FRA-Ligue 1,700000.0
Dimitri Liénard,FRA-Ligue 1,400000.0
Ismaël Traoré,FRA-Ligue 1,250000.0
Pierrick Capelle,FRA-Ligue 1,250000.0
Thomas Mangani,FRA-Ligue 1,300000.0
Benoît Costil,FRA-Ligue 1,600000.0
Hatem Ben Arfa,FRA-Ligue 1,200000.0
Julien Faussurier,FRA-Ligue 1,250000.0
Fouad Chafik,FRA-Ligue 1,50000.0
Fabien Lemoine,FRA-Ligue 1,200000.0
Marcelo,FRA-Ligue 1,800000.0
Dimitri Payet,FRA-Ligue 1,1800000.0
Yuto Nagatomo,FRA-Ligue 1,300000.0
John Boye,FRA-Ligue 1,100000.0
Cesc Fàbregas,FRA-Ligue 1,1000000.0
Keylor Navas,FRA-Ligue 1,1500000.0
Romain Hamouma,FRA-Ligue 1,400000.0
Jimmy Briand,FRA-Ligue 1,600000.0
Laurent Koscielny,FRA-Ligue 1,3000000.0
Ludovic Baal,FRA-Ligue 1,150000.0
Frédéric Sammaritano,FRA-Ligue 1,200000.0
Jean-Louis Leca,FRA-Ligue 1,200000.0
Jonathan Delaplace,FRA-Ligue 1,325000.0
Jérôme Hergault,FRA-Ligue 1,250000.0
Sylvain Marveaux,FRA-Ligue 1,200000.0
Jessy Moulin,FRA-Ligue 1,200000.0
Yannick Cahuzac,FRA-Ligue 1,300000.0
Burak Yılmaz,FRA-Ligue 1,
Steve Mandanda,FRA-Ligue 1,500000.0
Daniel Congré,FRA-Ligue 1,200000.0
Mathieu Debuchy,FRA-Ligue 1,300000.0
José Fonte,FRA-Ligue 1,100000.0
Jérémy Morel,FRA-Ligue 1,300000.0
Dante,FRA-Ligue 1,500000.0
Romain Salin,FRA-Ligue 1,150000.0
Yohann Pelé,FRA-Ligue 1,250000.0
Eiji Kawashima,FRA-Ligue 1,150000.0
Vitorino Hilton,FRA-Ligue 1,
Wisdom Amey,ITA-Serie A,700000.0
Kacper Urbanski,ITA-Serie A,
Chaka Traorè,ITA-Serie A,700000.0
Antonio Raimondo,ITA-Serie A,3000000.0
Destiny Udogie,ITA-Serie A,40000000.0
Philip Ankhrah,ITA-Serie A,
Marco Bertini,ITA-Serie A,100000.0
Raúl Moro,ITA-Serie A,2500000.0
Antonio Cioffi,ITA-Serie A,450000.0
Daan Dierckx,ITA-Serie A,400000.0
Brian Oddei,ITA-Serie A,600000.0
Jayden Braaf,ITA-Serie A,800000.0
Amad Diallo,ITA-Serie A,50000000.0
Manu Gyabuaa,ITA-Serie A,
Matteo Ruggeri,ITA-Serie A,15000000.0
Siriki Sanogo,ITA-Serie A,
Aaron Hickey,ITA-Serie A,28000000.0
Andri Fannar Baldursson,ITA-Serie A,1500000.0
Mattia Pagliuca,ITA-Serie A,100000.0
Musa Juwara,ITA-Serie A,1200000.0
Omar Khailoti,ITA-Serie A,100000.0
Simone Rabbi,ITA-Serie A,300000.0
Luis Rojas,ITA-Serie A,500000.0
Nicolò Rovella,ITA-Serie A,28000000.0
Eddie Salcedo,ITA-Serie A,1000000.0
Radu Drăgușin,ITA-Serie A,25000000.0
Daniel Maldini,ITA-Serie A,4500000.0
Lorenzo Colombo,ITA-Serie A,6000000.0
Botond Balogh,ITA-Serie A,750000.0
Drissa Camara,ITA-Serie A,1200000.0
Márk Kosznovszky,ITA-Serie A,150000.0
Edoardo Bove,ITA-Serie A,5000000.0
Nicola Zalewski,ITA-Serie A,15000000.0
Riccardo Calafiori,ITA-Serie A,50000000.0
Isaac Karamoko,ITA-Serie A,175000.0
Lucien Agoume,ITA-Serie A,
Manuel Gasparini,ITA-Serie A,300000.0
Martin Palumbo,ITA-Serie A,700000.0
Davide Angelo Ghislandi,ITA-Serie A,
Amadou Diambo,ITA-Serie A,50000.0
Christian Pastina,ITA-Serie A,450000.0
Giuseppe Di Serio,ITA-Serie A,1200000.0
Edoardo Vergani,ITA-Serie A,450000.0
Emanuel Vignato,ITA-Serie A,1100000.0
Valentin Antov,ITA-Serie A,800000.0
Andrea Carboni,ITA-Serie A,2500000.0
Gian Crespi,ITA-Serie A,
Steeve-Mike Ebongue,ITA-Serie A,
Yayah Kallon,ITA-Serie A,1000000.0
Ivan Ilić,ITA-Serie A,18000000.0
Félix Correia,ITA-Serie A,10000000.0
Nicolò Fagioli,ITA-Serie A,20000000.0
Nicolò Armini,ITA-Serie A,250000.0
Joshua Zirkzee,ITA-Serie A,25000000.0
Simon Sohm,ITA-Serie A,2500000.0
Vasilios Zagaritis,ITA-Serie A,2000000.0
Bryan Reynolds,ITA-Serie A,3500000.0
Ebrima Darboe,ITA-Serie A,1800000.0
Kristoffer Askildsen,ITA-Serie A,1400000.0
Roberto Piccoli,ITA-Serie A,18000000.0
Vincenzo Millico,ITA-Serie A,800000.0
Wilfried Singo,ITA-Serie A,28000000.0
Bosko Sutalo,ITA-Serie A,2500000.0
Andreas Skov Olsen,ITA-Serie A,10000000.0
Federico Ravaglia,ITA-Serie A,1000000.0
Fabrizio Caligara,ITA-Serie A,1800000.0
Gabriele Zappa,ITA-Serie A,4000000.0
Mattéo Tramoni,ITA-Serie A,
Sebastian Walukiewicz,ITA-Serie A,4500000.0
Augustus Kargbo,ITA-Serie A,550000.0
Cristóbal Montiel,ITA-Serie A,
Dušan Vlahović,ITA-Serie A,35000000.0
Manolo Portanova,ITA-Serie A,400000.0
Ebrima Colley,ITA-Serie A,2600000.0
Ivor Pandur,ITA-Serie A,2000000.0
Matteo Lovato,ITA-Serie A,4000000.0
Dejan Kulusevski,ITA-Serie A,45000000.0
Manolo Portanova,ITA-Serie A,400000.0
Matthijs de Ligt,ITA-Serie A,65000000.0
Brahim Díaz,ITA-Serie A,40000000.0
Jens Petter Hauge,ITA-Serie A,2500000.0
Matteo Gabbia,ITA-Serie A,8000000.0
Pierre Kalulu,ITA-Serie A,28000000.0
Sandro Tonali,ITA-Serie A,75000000.0
Elif Elmas,ITA-Serie A,
Andrea Adorante,ITA-Serie A,200000.0
Maxime Busi,ITA-Serie A,800000.0
Valentin Mihaila,ITA-Serie A,
Marash Kumbulla,ITA-Serie A,4500000.0
Mikkel Damsgaard,ITA-Serie A,10000000.0
Giacomo Raspadori,ITA-Serie A,22000000.0
Hamed Junior Traorè,ITA-Serie A,
Adolfo Gaich,ITA-Serie A,1700000.0
Daam Foulon,ITA-Serie A,1700000.0
Mattias Svanberg,ITA-Serie A,12000000.0
Musa Barrow,ITA-Serie A,9000000.0
Takehiro Tomiyasu,ITA-Serie A,12000000.0
Alessandro Tripaldelli,ITA-Serie A,600000.0
Riccardo Sottil,ITA-Serie A,3500000.0
Denis Drăguș,ITA-Serie A,3000000.0
Filippo Melegoni,ITA-Serie A,1200000.0
Gianluca Scamacca,ITA-Serie A,35000000.0
Giuseppe Caso,ITA-Serie A,1500000.0
Lennart-Marten Czyborra,ITA-Serie A,
Luca Pellegrini,ITA-Serie A,3500000.0
Andrea Danzi,ITA-Serie A,450000.0
Kevin Rüegg,ITA-Serie A,500000.0
Achraf Hakimi,ITA-Serie A,80000000.0
Alessandro Bastoni,ITA-Serie A,80000000.0
Andrea Pinamonti,ITA-Serie A,15000000.0
Alessandro Di Pardo,ITA-Serie A,800000.0
Giacomo Vrioni,ITA-Serie A,3000000.0
Gianluca Frabotta,ITA-Serie A,1400000.0
Weston McKennie,ITA-Serie A,22000000.0
Alexis Saelemaekers,ITA-Serie A,12000000.0
Diogo Dalot,ITA-Serie A,28000000.0
Gianluigi Donnarumma,ITA-Serie A,45000000.0
Rafael Leão,ITA-Serie A,90000000.0
Victor Osimhen,ITA-Serie A,75000000.0
Dennis Man,ITA-Serie A,3500000.0
Lautaro Valenti,ITA-Serie A,1500000.0
Justin Kluivert,ITA-Serie A,32000000.0
Roger Ibanez,ITA-Serie A,
Mert Müldür,ITA-Serie A,5000000.0
Nicolás Schiappacasse,ITA-Serie A,750000.0
Kevin Agudelo,ITA-Serie A,4000000.0
Tommaso Pobega,ITA-Serie A,9000000.0
Alessandro Buongiorno,ITA-Serie A,45000000.0
Mamadou Coulibaly,ITA-Serie A,1300000.0
Petar Mićin,ITA-Serie A,
Cristian Romero,ITA-Serie A,60000000.0
Nicolás Domínguez,ITA-Serie A,16000000.0
Giovanni Crociata,ITA-Serie A,600000.0
Giuseppe Cuomo,ITA-Serie A,500000.0
Niccolò Zanellato,ITA-Serie A,1000000.0
Pedro Pereira,ITA-Serie A,1200000.0
Bartłomiej Drągowski,ITA-Serie A,2500000.0
Christian Kouamé,ITA-Serie A,2500000.0
Federico Chiesa,ITA-Serie A,18000000.0
Igor,ITA-Serie A,
Nikola Milenković,ITA-Serie A,30000000.0
Patrick Cutrone,ITA-Serie A,5000000.0
Pol Lirola,ITA-Serie A,1800000.0
Jérôme Onguéné,ITA-Serie A,1500000.0
Federico Dimarco,ITA-Serie A,50000000.0
Ronaldo Vieira,ITA-Serie A,1500000.0
Ľubomír Tupta,ITA-Serie A,
Lautaro Martínez,ITA-Serie A,85000000.0
Federico Chiesa,ITA-Serie A,18000000.0
Merih Demiral,ITA-Serie A,20000000.0
Fikayo Tomori,ITA-Serie A,40000000.0
Ismaël Bennacer,ITA-Serie A,9000000.0
Theo Hernández,ITA-Serie A,60000000.0
Giuseppe Pezzella,ITA-Serie A,2200000.0
Yann Karamoh,ITA-Serie A,2500000.0
Carles Pérez,ITA-Serie A,1800000.0
Gonzalo Villar,ITA-Serie A,3000000.0
Mehdi Léris,ITA-Serie A,2500000.0
Manuel Locatelli,ITA-Serie A,25000000.0
Maxime Lopez,ITA-Serie A,7500000.0
Rogério,ITA-Serie A,2000000.0
Giulio Maggiore,ITA-Serie A,3500000.0
Julian Chabot,ITA-Serie A,
Martin Erlic,ITA-Serie A,
Riccardo Marchizza,ITA-Serie A,2500000.0
Salvador Ferrer,ITA-Serie A,
Jean-Victor Makengo,ITA-Serie A,6000000.0
Nahuel Molina,ITA-Serie A,15000000.0
Fabio Depaoli,ITA-Serie A,3000000.0
Joakim Mæhle,ITA-Serie A,
Matteo Pessina,ITA-Serie A,5000000.0
Sam Lammers,ITA-Serie A,3000000.0
Andrés Tello,ITA-Serie A,500000.0
Fabio Depaoli,ITA-Serie A,3000000.0
Jerdy Schouten,ITA-Serie A,22000000.0
Riccardo Orsolini,ITA-Serie A,25000000.0
Adam Ounas,ITA-Serie A,4000000.0
Guglielmo Vicario,ITA-Serie A,30000000.0
Kiril Despodov,ITA-Serie A,7000000.0
Adam Ounas,ITA-Serie A,4000000.0
Miloš Vulić,ITA-Serie A,
Sebastiano Luperto,ITA-Serie A,4000000.0
Gaetano Castrovilli,ITA-Serie A,750000.0
Sofyan Amrabat,ITA-Serie A,22000000.0
Francesco Cassata,ITA-Serie A,700000.0
Paolo Ghiglione,ITA-Serie A,1300000.0
Andrea Favilli,ITA-Serie A,1000000.0
Yıldırım Mert Çetin,ITA-Serie A,
Ionuț Radu,ITA-Serie A,5000000.0
Nicolò Barella,ITA-Serie A,60000000.0
Arthur Melo,ITA-Serie A,4000000.0
Rodrigo Bentancur,ITA-Serie A,27000000.0
Luiz Felipe,ITA-Serie A,3000000.0
Luiz Felipe,ITA-Serie A,200000.0
Davide Calabria,ITA-Serie A,13000000.0
Franck Kessié,ITA-Serie A,20000000.0
Alex Meret,ITA-Serie A,14000000.0
Giacomo Ricci,ITA-Serie A,500000.0
Juan Brunetta,ITA-Serie A,7000000.0
Amadou Diawara,ITA-Serie A,1500000.0
Borja Mayoral,ITA-Serie A,7500000.0
Daniel Fuzato,ITA-Serie A,900000.0
Antonio Palumbo,ITA-Serie A,1600000.0
Emil Audero,ITA-Serie A,3200000.0
Fabio Depaoli,ITA-Serie A,3000000.0
Federico Bonazzoli,ITA-Serie A,2500000.0
Karlo Letica,ITA-Serie A,700000.0
Jeremie Boga,ITA-Serie A,
Ardian Ismajli,ITA-Serie A,6000000.0
Juan Manuel Ramos,ITA-Serie A,
M'Bala Nzola,ITA-Serie A,6000000.0
Simone Bastoni,ITA-Serie A,1500000.0
Amer Gojak,ITA-Serie A,1200000.0
Federico Bonazzoli,ITA-Serie A,2500000.0
Gleison Bremer,ITA-Serie A,
Jacopo Segre,ITA-Serie A,1700000.0
Lyanco,ITA-Serie A,3200000.0
Rolando Mandragora,ITA-Serie A,8500000.0
Saša Lukić,ITA-Serie A,12000000.0
Simone Edera,ITA-Serie A,300000.0
Vanja Milinković-Savić,ITA-Serie A,5000000.0
Hidde ter Avest,ITA-Serie A,1500000.0
Rolando Mandragora,ITA-Serie A,8500000.0
Thomas Ouwejan,ITA-Serie A,900000.0
Aleksei Miranchuk,ITA-Serie A,
Viktor Kovalenko,ITA-Serie A,1500000.0
Gabriele Moncini,ITA-Serie A,900000.0
Lorenzo Montipò,ITA-Serie A,2000000.0
Arturo Calabresi,ITA-Serie A,1100000.0
Alberto Cerri,ITA-Serie A,600000.0
Alessandro Deiola,ITA-Serie A,1600000.0
Arturo Calabresi,ITA-Serie A,1100000.0
Christian Oliva,ITA-Serie A,750000.0
Nahitan Nández,ITA-Serie A,5000000.0
Răzvan Marin,ITA-Serie A,3000000.0
Lucas Martínez Quarta,ITA-Serie A,4500000.0
Vittorio Parigini,ITA-Serie A,600000.0
Giangiacomo Magnani,ITA-Serie A,3000000.0
Stefano Sensi,ITA-Serie A,1200000.0
Andreas Pereira,ITA-Serie A,15000000.0
Denis Vavro,ITA-Serie A,7000000.0
Mohamed Fares,ITA-Serie A,1300000.0
Léo Duarte,ITA-Serie A,2500000.0
Fabián Ruiz Peña,ITA-Serie A,
Gianluca Mancini,ITA-Serie A,15000000.0
Lorenzo Pellegrini,ITA-Serie A,9000000.0
Antonino La Gumina,ITA-Serie A,1100000.0
Jakub Jankto,ITA-Serie A,800000.0
Morten Thorsby,ITA-Serie A,3000000.0
Giorgos Kyriakopoulos,ITA-Serie A,
Lukáš Haraslín,ITA-Serie A,
Marlon,ITA-Serie A,3000000.0
Alessandro Deiola,ITA-Serie A,1600000.0
Daniele Verde,ITA-Serie A,2200000.0
Elio Capradossi,ITA-Serie A,300000.0
Luca Vignali,ITA-Serie A,1000000.0
Léo Sena,ITA-Serie A,1000000.0
Nahuel Estévez,ITA-Serie A,1800000.0
Antonio Sanabria,ITA-Serie A,7000000.0
Ignacio Pussetto,ITA-Serie A,2500000.0
Kevin Bonifazi,ITA-Serie A,300000.0
Rodrigo Becão,ITA-Serie A,3000000.0
Simone Scuffet,ITA-Serie A,1000000.0
Mario Pašalić,ITA-Serie A,7000000.0
Pierluigi Gollini,ITA-Serie A,800000.0
Ibrahima Mbaye,ITA-Serie A,300000.0
Gastón Pereiro,ITA-Serie A,250000.0
Giovanni Simeone,ITA-Serie A,5000000.0
Marko Rog,ITA-Serie A,1300000.0
Arkadiusz Reca,ITA-Serie A,2300000.0
Eduardo Henrique,ITA-Serie A,1000000.0
Jacopo Petriccione,ITA-Serie A,650000.0
Tomislav Gomelt,ITA-Serie A,100000.0
Antonio Barreca,ITA-Serie A,800000.0
Lorenzo Venuti,ITA-Serie A,1200000.0
Eldor Shomurodov,ITA-Serie A,5000000.0
Marko Pjaca,ITA-Serie A,1700000.0
Antonín Barák,ITA-Serie A,4500000.0
Koray Günter,ITA-Serie A,700000.0
Mattia Zaccagni,ITA-Serie A,15000000.0
Paweł Dawidowicz,ITA-Serie A,2000000.0
Milan Škriniar,ITA-Serie A,11000000.0
Adrien Rabiot,ITA-Serie A,20000000.0
Danilo Cataldi,ITA-Serie A,3500000.0
Djavan Anderson,ITA-Serie A,275000.0
Joaquín Correa,ITA-Serie A,3000000.0
Sergej Milinković-Savić,ITA-Serie A,40000000.0
Thomas Strakosha,ITA-Serie A,2500000.0
Alessio Romagnoli,ITA-Serie A,7000000.0
Samu Castillejo,ITA-Serie A,600000.0
Andrea Petagna,ITA-Serie A,500000.0
Hirving Lozano,ITA-Serie A,8000000.0
Stanislav Lobotka,ITA-Serie A,18000000.0
Tiemoué Bakayoko,ITA-Serie A,800000.0
Alberto Grassi,ITA-Serie A,1800000.0
Wylan Cyprien,ITA-Serie A,1100000.0
Bryan Cristante,ITA-Serie A,7000000.0
Pau López,ITA-Serie A,2500000.0
Rick Karsdorp,ITA-Serie A,2500000.0
Keita Baldé,ITA-Serie A,900000.0
Tommaso Augello,ITA-Serie A,1200000.0
Domenico Berardi,ITA-Serie A,10000000.0
Jeremy Toljan,ITA-Serie A,3500000.0
Kaan Ayhan,ITA-Serie A,4700000.0
Federico Mattiello,ITA-Serie A,300000.0
Karol Linetty,ITA-Serie A,1500000.0
Mërgim Vojvoda,ITA-Serie A,3000000.0
Nicola Murru,ITA-Serie A,1000000.0
Álex Berenguer,ITA-Serie A,12000000.0
Samir Santos,ITA-Serie A,
Walace,ITA-Serie A,6000000.0
Hans Hateboer,ITA-Serie A,2000000.0
Mattia Caldara,ITA-Serie A,800000.0
Robin Gosens,ITA-Serie A,6000000.0
Federico Barba,ITA-Serie A,500000.0
Riccardo Improta,ITA-Serie A,1000000.0
Roberto Insigne,ITA-Serie A,1500000.0
Alessio Cragno,ITA-Serie A,1500000.0
Babis Lykogiannis,ITA-Serie A,
Daniele Rugani,ITA-Serie A,2000000.0
Lisandro Magallán,ITA-Serie A,1800000.0
Erick Pulgar,ITA-Serie A,6000000.0
Davide Biraschi,ITA-Serie A,900000.0
Edoardo Goldaniga,ITA-Serie A,1200000.0
Mattia Bani,ITA-Serie A,2500000.0
Miha Zajc,ITA-Serie A,1300000.0
Adrien Tameze,ITA-Serie A,
Alan Empereur,ITA-Serie A,750000.0
Roberto Gagliardini,ITA-Serie A,1400000.0
Federico Bernardeschi,ITA-Serie A,6000000.0
Paulo Dybala,ITA-Serie A,5000000.0
Manuel Lazzari,ITA-Serie A,2500000.0
Vedat Muriqi,ITA-Serie A,4500000.0
Wesley Hoedt,ITA-Serie A,2000000.0
Andrea Conti,ITA-Serie A,500000.0
Ante Rebić,ITA-Serie A,2200000.0
Hakan Çalhanoğlu,ITA-Serie A,22000000.0
Rade Krunić,ITA-Serie A,
Soualiho Meïté,ITA-Serie A,1800000.0
Amir Rrahmani,ITA-Serie A,12000000.0
Elseid Hysaj,ITA-Serie A,2500000.0
Giovanni Di Lorenzo,ITA-Serie A,10000000.0
Matteo Politano,ITA-Serie A,8000000.0
Piotr Zieliński,ITA-Serie A,
Andrea Conti,ITA-Serie A,500000.0
Hernani,ITA-Serie A,1500000.0
Mattia Bani,ITA-Serie A,2500000.0
Yordan Osorio,ITA-Serie A,2000000.0
Alex Ferrari,ITA-Serie A,1000000.0
Valerio Verre,ITA-Serie A,1400000.0
Federico Ricci,ITA-Serie A,400000.0
Cristian Dell'Orco,ITA-Serie A,500000.0
Emmanuel Gyasi,ITA-Serie A,1000000.0
Gennaro Acampora,ITA-Serie A,650000.0
Ivan Provedel,ITA-Serie A,3000000.0
Matteo Ricci,ITA-Serie A,1600000.0
Andrea Belotti,ITA-Serie A,1500000.0
Soualiho Meïté,ITA-Serie A,1800000.0
Gerard Deulofeu,ITA-Serie A,1000000.0
Juan Musso,ITA-Serie A,5000000.0
Rodrigo De Paul,ITA-Serie A,15000000.0
Berat Djimsiti,ITA-Serie A,10000000.0
Cristiano Piccini,ITA-Serie A,700000.0
Johan Mojica,ITA-Serie A,1800000.0
Ruslan Malinovskyi,ITA-Serie A,8000000.0
Gianluca Caprari,ITA-Serie A,4000000.0
Mitchell Dijks,ITA-Serie A,850000.0
Nehuén Paz,ITA-Serie A,200000.0
Paolo Faragò,ITA-Serie A,700000.0
Stefano Denswil,ITA-Serie A,800000.0
Alfred Duncan,ITA-Serie A,4000000.0
Paolo Faragò,ITA-Serie A,700000.0
Koffi Djidji,ITA-Serie A,2500000.0
Alfred Duncan,ITA-Serie A,4000000.0
Cristiano Biraghi,ITA-Serie A,1400000.0
Alberto Paleari,ITA-Serie A,1000000.0
Lukas Lerager,ITA-Serie A,3000000.0
Mattia Perin,ITA-Serie A,2000000.0
Stefano Sturaro,ITA-Serie A,500000.0
Daniel Bessa,ITA-Serie A,3000000.0
Kevin Lasagna,ITA-Serie A,950000.0
Stefano Sturaro,ITA-Serie A,500000.0
Marcelo Brozović,ITA-Serie A,20000000.0
Romelu Lukaku,ITA-Serie A,15000000.0
Mattia De Sciglio,ITA-Serie A,1000000.0
Álvaro Morata,ITA-Serie A,16000000.0
Adam Marušić,ITA-Serie A,
Gonzalo Escalante,ITA-Serie A,1500000.0
Jean-Daniel Akpa-Akpro,ITA-Serie A,
Luis Alberto,ITA-Serie A,11000000.0
Patric,ITA-Serie A,1500000.0
Andreas Cornelius,ITA-Serie A,400000.0
Gastón Brugman,ITA-Serie A,2000000.0
Mattia Sprocati,ITA-Serie A,150000.0
Jordan Veretout,ITA-Serie A,3500000.0
Leonardo Spinazzola,ITA-Serie A,3500000.0
Stephan El Shaarawy,ITA-Serie A,2500000.0
Omar Colley,ITA-Serie A,1500000.0
Ricardo Rodríguez,ITA-Serie A,3500000.0
Kevin Lasagna,ITA-Serie A,950000.0
Ryder Matos,ITA-Serie A,250000.0
Marco Sportiello,ITA-Serie A,1500000.0
Remo Freuler,ITA-Serie A,4000000.0
Bryan Dabo,ITA-Serie A,500000.0
Adama Soumaoro,ITA-Serie A,2000000.0
Nicola Sansone,ITA-Serie A,400000.0
João Pedro,ITA-Serie A,6000000.0
Ahmad Benali,ITA-Serie A,900000.0
Marco Festa,ITA-Serie A,400000.0
Salvatore Molina,ITA-Serie A,450000.0
Simeon Nwankwo,ITA-Serie A,
Federico Ceccherini,ITA-Serie A,400000.0
Maximiliano Olivera,ITA-Serie A,1500000.0
Riccardo Saponara,ITA-Serie A,700000.0
Valentin Eysseric,ITA-Serie A,1000000.0
Davide Zappacosta,ITA-Serie A,3500000.0
Davide Faraoni,ITA-Serie A,1500000.0
Federico Ceccherini,ITA-Serie A,400000.0
Christian Eriksen,ITA-Serie A,3000000.0
Matías Vecino,ITA-Serie A,1500000.0
Stefan de Vrij,ITA-Serie A,3500000.0
Diego Demme,ITA-Serie A,800000.0
Nikola Maksimović,ITA-Serie A,450000.0
Jacopo Dezi,ITA-Serie A,350000.0
Kastriot Dermaku,ITA-Serie A,250000.0
Roberto Inglese,ITA-Serie A,750000.0
Bartosz Bereszyński,ITA-Serie A,1300000.0
Ernesto Torregrossa,ITA-Serie A,1200000.0
Manolo Gabbiadini,ITA-Serie A,2000000.0
Filip Đuričić,ITA-Serie A,
Gian Marco Ferrari,ITA-Serie A,1400000.0
Mehdi Bourabia,ITA-Serie A,1000000.0
Pedro Obiang,ITA-Serie A,500000.0
Giuseppe Mastinu,ITA-Serie A,350000.0
Jacopo Sala,ITA-Serie A,250000.0
Riccardo Saponara,ITA-Serie A,700000.0
Armando Izzo,ITA-Serie A,1300000.0
Daniele Baselli,ITA-Serie A,250000.0
Simone Verdi,ITA-Serie A,500000.0
Duván Zapata,ITA-Serie A,8000000.0
Luis Muriel,ITA-Serie A,2000000.0
Marten de Roon,ITA-Serie A,7000000.0
Rafael Tolói,ITA-Serie A,2500000.0
Artur Ioniță,ITA-Serie A,700000.0
Luca Caldirola,ITA-Serie A,400000.0
Federico Santander,ITA-Serie A,500000.0
Roberto Soriano,ITA-Serie A,1800000.0
Łukasz Skorupski,ITA-Serie A,
Junior Messias,ITA-Serie A,2500000.0
Vladimir Golemić,ITA-Serie A,
Aleksandr Kokorin,ITA-Serie A,800000.0
Germán Pezzella,ITA-Serie A,3000000.0
Kévin Malcuit,ITA-Serie A,400000.0
Mattia Destro,ITA-Serie A,500000.0
Alessandro Berardi,ITA-Serie A,50000.0
Darko Lazović,ITA-Serie A,1500000.0
Marco Silvestri,ITA-Serie A,500000.0
Aaron Ramsey,ITA-Serie A,2500000.0
Alex Sandro,ITA-Serie A,2000000.0
Danilo,ITA-Serie A,2500000.0
Douglas Costa,ITA-Serie A,1500000.0
Bastos,ITA-Serie A,1200000.0
Mateo Musacchio,ITA-Serie A,400000.0
Mateo Musacchio,ITA-Serie A,400000.0
Faouzi Ghoulam,ITA-Serie A,300000.0
Kalidou Koulibaly,ITA-Serie A,12000000.0
Kostas Manolas,ITA-Serie A,
Kévin Malcuit,ITA-Serie A,400000.0
Lorenzo Insigne,ITA-Serie A,8000000.0
Mário Rui,ITA-Serie A,3500000.0
Luigi Sepe,ITA-Serie A,500000.0
Simone Colombi,ITA-Serie A,250000.0
Davide Santon,ITA-Serie A,500000.0
Juan Jesus,ITA-Serie A,1500000.0
Gastón Ramírez,ITA-Serie A,200000.0
Vasco Regini,ITA-Serie A,150000.0
Grégoire Defrel,ITA-Serie A,1000000.0
Jeroen Zoet,ITA-Serie A,400000.0
Simone Zaza,ITA-Serie A,250000.0
Jens Stryger Larsen,ITA-Serie A,
Marvin Zeegelaar,ITA-Serie A,250000.0
Roberto Pereyra,ITA-Serie A,800000.0
Tolgay Arslan,ITA-Serie A,1400000.0
José Luis Palomino,ITA-Serie A,550000.0
Alessandro Tuia,ITA-Serie A,400000.0
Gaetano Letizia,ITA-Serie A,900000.0
Gianluca Lapadula,ITA-Serie A,600000.0
Iago Falque,ITA-Serie A,250000.0
Lorenzo Del Pinto,ITA-Serie A,100000.0
Nicolas Viola,ITA-Serie A,500000.0
Andrea Poli,ITA-Serie A,200000.0
Luca Ceppitelli,ITA-Serie A,600000.0
Antonio Mazzotta,ITA-Serie A,150000.0
Emmanuel Rivière,ITA-Serie A,200000.0
Luca Marrone,ITA-Serie A,200000.0
Giacomo Bonaventura,ITA-Serie A,3000000.0
Pietro Terracciano,ITA-Serie A,1000000.0
Kevin Strootman,ITA-Serie A,800000.0
Matteo Darmian,ITA-Serie A,1500000.0
Carlo Pinsoglio,ITA-Serie A,200000.0
Wojciech Szczęsny,ITA-Serie A,
Ciro Immobile,ITA-Serie A,2000000.0
Matteo Darmian,ITA-Serie A,1500000.0
Riccardo Gagliolo,ITA-Serie A,500000.0
Bruno Peres,ITA-Serie A,1000000.0
Chris Smalling,ITA-Serie A,1200000.0
Lorenzo Tonelli,ITA-Serie A,200000.0
Vlad Chiricheș,ITA-Serie A,900000.0
Diego Farias,ITA-Serie A,350000.0
Paolo Bartolomei,ITA-Serie A,250000.0
Nicolas Nkoulou,ITA-Serie A,
Bram Nuytinck,ITA-Serie A,250000.0
Fernando Forestieri,ITA-Serie A,800000.0
Ilija Nestorovski,ITA-Serie A,400000.0
Stefano Okaka,ITA-Serie A,1000000.0
Kwadwo Asamoah,ITA-Serie A,350000.0
Leonardo Pavoletti,ITA-Serie A,700000.0
Andrea Rispoli,ITA-Serie A,250000.0
Samuel Di Carmine,ITA-Serie A,350000.0
Ivan Radovanović,ITA-Serie A,
Milan Badelj,ITA-Serie A,800000.0
Samuel Di Carmine,ITA-Serie A,350000.0
Alexis Sánchez,ITA-Serie A,1400000.0
Danilo D'Ambrosio,ITA-Serie A,700000.0
Ivan Perišić,ITA-Serie A,1300000.0
Felipe Caicedo,ITA-Serie A,400000.0
Simon Kjær,ITA-Serie A,1500000.0
David Ospina,ITA-Serie A,3000000.0
Jasmin Kurtić,ITA-Serie A,
Vincent Laurini,ITA-Serie A,150000.0
Henrikh Mkhitaryan,ITA-Serie A,3500000.0
Javier Pastore,ITA-Serie A,400000.0
Adrien Silva,ITA-Serie A,400000.0
Albin Ekdal,ITA-Serie A,800000.0
Maya Yoshida,ITA-Serie A,500000.0
Andrey Galabinov,ITA-Serie A,300000.0
Josip Iličić,ITA-Serie A,
Papu Gómez,ITA-Serie A,2000000.0
Kamil Glik,ITA-Serie A,500000.0
Marco Sau,ITA-Serie A,150000.0
Niccolò Manfredini,ITA-Serie A,
Gary Medel,ITA-Serie A,800000.0
Lorenzo De Silvestri,ITA-Serie A,400000.0
Radja Nainggolan,ITA-Serie A,500000.0
Luca Siligardi,ITA-Serie A,225000.0
Nikola Kalinić,ITA-Serie A,
Andrea Ranocchia,ITA-Serie A,800000.0
Radja Nainggolan,ITA-Serie A,500000.0
Juan Cuadrado,ITA-Serie A,1000000.0
Francesco Acerbi,ITA-Serie A,2500000.0
Luca Siligardi,ITA-Serie A,225000.0
Matteo Scozzarella,ITA-Serie A,200000.0
Francesco Caputo,ITA-Serie A,1000000.0
Luca Mora,ITA-Serie A,275000.0
Samir Ujkani,ITA-Serie A,100000.0
Tomás Rincón,ITA-Serie A,800000.0
Mato Jajalo,ITA-Serie A,250000.0
Nícolas Andrade,ITA-Serie A,
Pasquale Schiattarella,ITA-Serie A,350000.0
Përparim Hetemaj,ITA-Serie A,
José Callejón,ITA-Serie A,800000.0
Martín Cáceres,ITA-Serie A,250000.0
Cristián Zapata,ITA-Serie A,
Domenico Criscito,ITA-Serie A,250000.0
Arturo Vidal,ITA-Serie A,700000.0
Leonardo Bonucci,ITA-Serie A,1000000.0
Lucas Leiva,ITA-Serie A,800000.0
Ștefan Radu,ITA-Serie A,
Dries Mertens,ITA-Serie A,1800000.0
Gervinho,ITA-Serie A,300000.0
Juraj Kucka,ITA-Serie A,1200000.0
Simone Iacoponi,ITA-Serie A,75000.0
Federico Fazio,ITA-Serie A,400000.0
Pedro,ITA-Serie A,1000000.0
Antonio Candreva,ITA-Serie A,1000000.0
Andrea Consigli,ITA-Serie A,800000.0
Cristian Ansaldi,ITA-Serie A,400000.0
Salvatore Sirigu,ITA-Serie A,275000.0
Sebastien De Maio,ITA-Serie A,200000.0
Diego Godín,ITA-Serie A,300000.0
Fabio Pisacane,ITA-Serie A,300000.0
Ragnar Klavan,ITA-Serie A,50000.0
Luca Cigarini,ITA-Serie A,300000.0
Andrea Masiello,ITA-Serie A,400000.0
Miguel Veloso,ITA-Serie A,500000.0
Aleksandar Kolarov,ITA-Serie A,500000.0
Daniele Padelli,ITA-Serie A,150000.0
Senad Lulić,ITA-Serie A,
Ciprian Tătărușanu,ITA-Serie A,
Mario Mandžukić,ITA-Serie A,
Edin Džeko,ITA-Serie A,
Borja Valero,ITA-Serie A,900000.0
Valon Behrami,ITA-Serie A,300000.0
Ashley Young,ITA-Serie A,400000.0
Cristiano Ronaldo,ITA-Serie A,15000000.0
Giorgio Chiellini,ITA-Serie A,1000000.0
Marco Parolo,ITA-Serie A,1000000.0
Fernando Llorente,ITA-Serie A,300000.0
Graziano Pellè,ITA-Serie A,100000.0
Francesco Magnanelli,ITA-Serie A,400000.0
Fernando Llorente,ITA-Serie A,300000.0
Angelo da Costa Júnior,ITA-Serie A,
Danilo Larangeira,ITA-Serie A,
Samir Handanović,ITA-Serie A,
Federico Peluso,ITA-Serie A,300000.0
Claudio Terzi,ITA-Serie A,200000.0
Alex Cordaz,ITA-Serie A,200000.0
Franck Ribéry,ITA-Serie A,1000000.0
Federico Marchetti,ITA-Serie A,50000.0
Goran Pandev,ITA-Serie A,400000.0
Pepe Reina,ITA-Serie A,600000.0
Antonio Mirante,ITA-Serie A,100000.0
Fabio Quagliarella,ITA-Serie A,500000.0
Christian Maggio,ITA-Serie A,200000.0
Rodrigo Palacio,ITA-Serie A,300000.0
Zlatan Ibrahimović,ITA-Serie A,2000000.0
Bruno Alves,ITA-Serie A,100000.0
Rafael,ITA-Serie A,200000.0
Gianluca Pegolo,ITA-Serie A,100000.0
Gianluigi Buffon,ITA-Serie A,1000000.0
Youssoufa Moukoko,,22000000.0
Mohamed Sankoh,,700000.0
Jamal Musiala,,130000000.0
Gio Reyna,,
Jude Bellingham,,160000000.0
Luca Netz,,6000000.0
Marten Winkler,,1000000.0
Maximilian Beier,,30000000.0
Emrehan Gedikli,,275000.0
Florian Wirtz,,110000000.0
Paul Nebel,,18000000.0
Kerim Calhanoglu,,500000.0
Vasileios Pavlidis,,
Alkhaly Momo Cissé,,
Lilian Egloff,,800000.0
Tim Civeja,,250000.0
Christopher Scott,,600000.0
Tanguy Nianzou,,1400000.0
Ansgar Knauff,,15000000.0
Reinier,,3500000.0
Elias Bördner,,150000.0
Rocco Reitz,,17000000.0
Jonas Dirkner,,150000.0
Márton Dárdai,,2500000.0
Georginio Rutter,,32000000.0
Marco John,,1500000.0
Melayro Bogarde,,600000.0
Jan Thielmann,,5000000.0
Dennis Borkowski,,650000.0
Joscha Wosz,,200000.0
Lazar Samardzic,,
Jimmy Kaparos,,125000.0
Malick Thiaw,,25000000.0
Mehmet Aydin,,
Mikail Maden,,100000.0
Naouirou Ahamada,,3500000.0
Eren Dinkçi,,6000000.0
Nick Woltemade,,70000000.0
Bartosz Białek,,
Sebastian Müller,,200000.0
Lukas Petkov,,800000.0
Alphonso Davies,,50000000.0
Joshua Zirkzee,,25000000.0
Tiago Dantas,,3000000.0
Daishawn Redan,,1000000.0
Jonas Michelbrink,,200000.0
Noah Katterbach,,600000.0
Sava Cestic,,
Tolu Arokodare,,5500000.0
Jeremie Frimpong,,38000000.0
Merveille Papela,,1000000.0
Niklas Tauer,,800000.0
Can Bozdogan,,2500000.0
Levent Mercan,,3500000.0
Matthew Hoppe,,650000.0
Rabbi Matondo,,3000000.0
Roberto Massimo,,800000.0
Tanguy Coulibaly,,2000000.0
Leon Dajaku,,800000.0
Tim Maciejewski,,350000.0
Chris Richards,,25000000.0
Josip Stanišić,,
Mickaël Cuisance,,
Erling Haaland,,200000000.0
Jadon Sancho,,20000000.0
Mateu Morey,,1500000.0
Obite N'Dicka,,
Jeong Woo-yeong,,
Nishan Burkart,,600000.0
Yannik Keitel,,2000000.0
Jordan Beyer,,13000000.0
Jessic Ngankam,,1500000.0
Chris Richards,,25000000.0
Christoph Baumgartner,,18000000.0
Ryan Sessegnon,,20000000.0
Ismail Jakobs,,6000000.0
Paulinho,,10000000.0
Jonathan Burkardt,,35000000.0
Leandro Barreiro Martins,,
Luca Kilian,,2000000.0
Ahmed Kutucu,,4000000.0
Florian Flick,,1500000.0
Henning Matriciani,,900000.0
Kilian Ludewig,,400000.0
Ozan Kabak,,5000000.0
Darko Churlinov,,1500000.0
Luca Mack,,250000.0
Mateo Klimowicz,,1800000.0
Nico Schlotterbeck,,55000000.0
Felix Agu,,8000000.0
Ilia Gruev,,5000000.0
Jean-Manuel Mbom,,
Josh Sargent,,12000000.0
Romano Schmid,,17000000.0
Tahith Chong,,6000000.0
Maxence Lacroix,,35000000.0
Tim Siersleben,,2500000.0
Arne Maier,,2000000.0
Reece Oxford,,450000.0
Ruben Vargas,,
Dan-Axel Zagadou,,2000000.0
Tuta,,12000000.0
Lino Tempelmann,,2000000.0
Hannes Wolf,,2000000.0
Arne Maier,,2000000.0
Matheus Cunha,,45000000.0
Mattéo Guendouzi,,25000000.0
Jacob Bruun Larsen,,5000000.0
Sebastiaan Bornauw,,5000000.0
Edmond Tapsoba,,35000000.0
Exequiel Palacios,,30000000.0
Lennart Grill,,1000000.0
Moussa Diaby,,55000000.0
Abass Issah,,
Dayot Upamecano,,70000000.0
Ibrahima Konaté,,45000000.0
Justin Kluivert,,32000000.0
Tyler Adams,,25000000.0
Jan Luca Schuler,,
Nassim Boujellab,,400000.0
Silas Katompa,,
Omar Marmoush,,65000000.0
Amos Pieper,,4000000.0
Fabian Kunze,,1200000.0
Nathan de Medina,,800000.0
Ritsu Doan,,18000000.0
Sergio Córdova,,1500000.0
Fredrik Jensen,,3000000.0
László Bénes,,3000000.0
Marco Richter,,1500000.0
Ohis Felix Uduokhai,,
Robert Gumny,,1000000.0
Felix Passlack,,1000000.0
Steffen Tigges,,1500000.0
Aymen Barkok,,450000.0
Luka Jović,,6000000.0
Ragnar Ache,,2000000.0
Ermedin Demirović,,
Florian Müller,,1200000.0
Guus Til,,15000000.0
László Bénes,,3000000.0
Marcus Thuram,,60000000.0
Deyovaisio Zeefuik,,1200000.0
Dodi Lukebakio,,
Javairô Dilrosun,,4000000.0
Jordan Torunarigha,,4000000.0
Dennis Geiger,,1500000.0
Dimitris Limnios,,
Elvis Rexhbeçaj,,
Emmanuel Dennis,,2000000.0
Salih Özcan,,3500000.0
Leon Bailey,,18000000.0
Timothy Fosu-Mensah,,800000.0
Finn Dahmen,,12000000.0
Ridle Baku,,7000000.0
Amadou Haidara,,20000000.0
Christopher Nkunku,,65000000.0
Dani Olmo,,60000000.0
Josep Martinez,,
Nordi Mukiele,,15000000.0
Blendi Idrizi,,400000.0
Hamza Mendyl,,900000.0
Borna Sosa,,4000000.0
Gregor Kobel,,40000000.0
Konstantinos Mavropanos,,15000000.0
Nicolás González,,
Orel Mangala,,20000000.0
Julian Ryerson,,20000000.0
Keita Endo,,600000.0
Petar Musa,,8000000.0
Taiwo Awoniyi,,12000000.0
Johannes Eggestein,,800000.0
Marco Friedl,,12000000.0
Josip Brekalo,,2500000.0
Marin Pongračić,,
Ridle Baku,,7000000.0
Xaver Schlager,,28000000.0
Anderson Lucoqui,,600000.0
Michel Vlap,,4000000.0
Nils Seufert,,300000.0
Iago,,4000000.0
Mads Pedersen,,1000000.0
Noah Joel Sarenren Bazee,,500000.0
Alexander Nübel,,12000000.0
Marc Roca,,9000000.0
Daichi Kamada,,12000000.0
Djibril Sow,,9000000.0
Keven Schlotterbeck,,6000000.0
Roland Sallai,,10000000.0
Breel Embolo,,12000000.0
Denis Zakaria,,25000000.0
Florian Neuhaus,,3500000.0
Nico Elvedi,,8000000.0
Eduard Löwen,,4500000.0
Lucas Tousart,,2000000.0
Maximilian Mittelstädt,,18000000.0
Omar Alderete,,12000000.0
Santiago Ascacíbar,,5500000.0
Klauss,,
Stefan Posch,,14000000.0
Jannes Horn,,1200000.0
Jorge Meré,,1000000.0
Nadiem Amiri,,17000000.0
Aarón Martín,,5000000.0
Jean-Philippe Mateta,,40000000.0
Jerry St. Juste,,
Angeliño,,17000000.0
Benjamin Henrichs,,20000000.0
Konrad Laimer,,32000000.0
Amine Harit,,15000000.0
Suat Serdar,,4500000.0
Timo Becker,,1500000.0
Atakan Karazor,,9000000.0
Sasa Kalajdzic,,2000000.0
Cedric Teuchert,,2000000.0
Maximilian Eggestein,,10000000.0
Marcel Hartel,,2800000.0
Masaya Okugawa,,1500000.0
Raphael Framberger,,600000.0
Benjamin Pavard,,20000000.0
Kingsley Coman,,22000000.0
Leroy Sané,,23000000.0
Lucas Hernández,,20000000.0
Niklas Süle,,5000000.0
Julian Brandt,,20000000.0
Mahmoud Dahoud,,2000000.0
Ajdin Hrustic,,600000.0
Almamy Touré,,2000000.0
André Silva,,6000000.0
Philipp Lienhart,,12000000.0
Valentino Lazaro,,3500000.0
Lukas Klünter,,500000.0
Nemanja Radonjić,,
Diadie Samassékou,,
Florian Grillitsch,,2000000.0
Robert Skov,,3000000.0
Max Meyer,,3000000.0
Demarai Gray,,12000000.0
Jonathan Tah,,30000000.0
Patrik Schick,,25000000.0
Tin Jedvaj,,2500000.0
Edimilson Fernandes,,2500000.0
Levin Öztunalı,,
Moussa Niakhate,,
Alexander Sørloth,,20000000.0
Hwang Hee-chan,,
Lukas Klostermann,,3500000.0
Pascal Stenzel,,1200000.0
Waldemar Anton,,18000000.0
Joshua Mees,,450000.0
Marcus Ingvartsen,,6500000.0
Marvin Friedrich,,1800000.0
Milot Rashica,,4000000.0
Miloš Veljković,,
Jacob Barrett Laursen,,700000.0
Carlos Gruezo,,3000000.0
Corentin Tolisso,,5000000.0
Joshua Kimmich,,40000000.0
Leon Goretzka,,15000000.0
Serge Gnabry,,20000000.0
Manuel Akanji,,22000000.0
Baptiste Santamaria,,4500000.0
Ramy Bensebaini,,7000000.0
Krzysztof Piątek,,
Niklas Stark,,3500000.0
Kasim Nuhu,,
Kevin Akpoguma,,2000000.0
Mijat Gaćinović,,
Benno Schmitz,,1500000.0
Ellyes Skhiri,,6000000.0
Kingsley Ehizibue,,2000000.0
Marius Wolf,,2500000.0
Ondrej Duda,,3200000.0
Daley Sinkgraven,,400000.0
Joel Pohjanpalo,,3500000.0
Pierre Kunde,,1500000.0
Robin Zentner,,3000000.0
Benito Raman,,1300000.0
Gonçalo Paciência,,1500000.0
Nabil Bentaleb,,5000000.0
William,,2000000.0
Erik Thommy,,2000000.0
Fabian Bredlow,,800000.0
Marc-Oliver Kempf,,
Philipp Förster,,1800000.0
Christopher Lenz,,400000.0
Grischa Prömel,,3000000.0
Joel Pohjanpalo,,3500000.0
Robert Andrich,,7000000.0
Sheraldo Becker,,10000000.0
Davie Selke,,2800000.0
Patrick Erras,,300000.0
Kevin Mbabu,,3000000.0
Paulo Otávio,,3500000.0
William,,2000000.0
Christian Gebauer,,450000.0
Cédric Brunner,,1000000.0
Joakim Nilsson,,3500000.0
Michael Gregoritsch,,1500000.0
Rani Khedira,,2000000.0
Emre Can,,6000000.0
Raphaël Guerreiro,,12000000.0
Amin Younes,,800000.0
Dominik Kohr,,2000000.0
Dominique Heintz,,800000.0
Janik Haberer,,2500000.0
Kwon Chang-hoon,,
Lucas Höler,,4000000.0
Matthias Ginter,,6000000.0
Ihlas Bebou,,800000.0
Joshua Brenet,,3500000.0
Mitchell Weiser,,3500000.0
Alexander Hack,,2200000.0
Dominik Kohr,,2000000.0
Jean-Paul Boëtius,,1200000.0
Kevin Stöger,,3000000.0
Phillipp Mwene,,1500000.0
Robert Glatzel,,2500000.0
Robin Quaison,,800000.0
Marcel Sabitzer,,7000000.0
Yussuf Poulsen,,6000000.0
Alessandro Schöpf,,1800000.0
Leonardo Bittencourt,,1200000.0
Ludwig Augustinsson,,2000000.0
Maximilian Arnold,,4500000.0
Maximilian Philipp,,600000.0
Victor Sá,,3000000.0
Yannick Gerhardt,,2000000.0
Cebio Soukou,,500000.0
Mike van der Hoorn,,800000.0
Stefan Ortega,,5000000.0
Nico Schulz,,800000.0
Thorgan Hazard,,2500000.0
Danny da Costa,,1200000.0
Filip Kostić,,6500000.0
Martin Hinteregger,,9000000.0
Christian Günter,,2000000.0
Lukas Kübler,,1500000.0
Mark Flekken,,8000000.0
Vincenzo Grifo,,5000000.0
Alassane Pléa,,3000000.0
Stefan Lainer,,1000000.0
Jhon Córdoba,,10000000.0
Sargis Adamyan,,600000.0
Florian Kainz,,2500000.0
Timo Horn,,700000.0
Kerem Demirbay,,1500000.0
Lucas Alario,,1500000.0
Niklas Lomb,,250000.0
Wendell,,2500000.0
Danny da Costa,,1200000.0
Willi Orban,,
Frederik Rønnow,,
Matija Nastasić,,1500000.0
Omar Mascarell,,800000.0
Sead Kolašinac,,
Steven Skrzybski,,1300000.0
Philipp Klement,,600000.0
Wataru Endo,,5000000.0
Loris Karius,,1000000.0
Marius Bülter,,2000000.0
Davy Klaassen,,2500000.0
Kevin Möhwald,,400000.0
Niclas Füllkrug,,8000000.0
Felix Klaus,,800000.0
John Brooks,,2000000.0
Jérôme Roussillon,,600000.0
Wout Weghorst,,3500000.0
Andreas Voglsammer,,800000.0
Brian Behrendt,,450000.0
Manuel Prietl,,450000.0
Reinhold Yabo,,700000.0
Bouna Sarr,,1500000.0
David Alaba,,20000000.0
Thomas Delaney,,800000.0
Thomas Meunier,,1800000.0
Erik Durm,,600000.0
Steven Zuber,,800000.0
Jonas Hofmann,,2000000.0
Alexander Schwolow,,450000.0
Marvin Plattenhardt,,800000.0
Ishak Belfodil,,1700000.0
Kevin Vogt,,400000.0
Moanes Dabbur,,
Pavel Kadeřábek,,
Frederik Sørensen,,
Santiago Arias,,2500000.0
Karim Onisiwo,,500000.0
Stefan Bell,,600000.0
Emil Forsberg,,5000000.0
Marcel Halstenberg,,2500000.0
Mark Uth,,1000000.0
Shkodran Mustafi,,800000.0
Marcin Kamiński,,700000.0
Akaki Gogia,,250000.0
Niko Gießelmann,,1000000.0
Robin Knoche,,2500000.0
Jiří Pavlenka,,
Koen Casteels,,6000000.0
Renato Steffen,,1000000.0
Yunus Mallı,,100000.0
Jóan Símun Edmundsson,,200000.0
André Hahn,,800000.0
Florian Niederlechner,,600000.0
Jeffrey Gouweleeuw,,1000000.0
Douglas Costa,,1500000.0
Roman Bürki,,2500000.0
Sebastian Rode,,1000000.0
Manuel Gulde,,400000.0
Christoph Kramer,,1700000.0
Patrick Herrmann,,1000000.0
Dedryck Boyata,,200000.0
Mathew Leckie,,700000.0
Vladimír Darida,,400000.0
Andrej Kramarić,,
Sebastian Andersson,,500000.0
Aleksandar Dragović,,
Ji Dong-won,,
Kevin Kampl,,3500000.0
Benjamin Stambouli,,700000.0
Salif Sané,,300000.0
Hamadi Al Ghaddioui,,300000.0
Florian Hübner,,350000.0
Sebastian Griesbeck,,600000.0
Admir Mehmedi,,225000.0
Daniel Ginczek,,500000.0
Josuha Guilavogui,,700000.0
Jan Morávek,,
Tobias Strobl,,500000.0
Thomas Müller,,5000000.0
Kevin Trapp,,2000000.0
Timothy Chandler,,350000.0
Amir Abrashi,,200000.0
Jonathan Schmid,,600000.0
Nicolas Höfler,,500000.0
Tony Jantschke,,400000.0
Ermin Bičakčić,,
Håvard Nordtveit,,
Oliver Baumann,,3000000.0
Sebastian Rudy,,1000000.0
Dominick Drexler,,750000.0
Jonas Hector,,3500000.0
Marco Höger,,250000.0
Rafael Czichos,,800000.0
Karim Bellarabi,,1000000.0
Lukáš Hrádecký,,
Danny Latza,,500000.0
Péter Gulácsi,,2000000.0
Sebastian Rudy,,1000000.0
Daniel Didavi,,200000.0
Yuya Osako,,900000.0
Sven Schipplock,,75000.0
Alfreð Finnbogason,,
Eric Maxim Choupo-Moting,,
Javi Martínez,,1500000.0
Jérôme Boateng,,400000.0
Robert Lewandowski,,15000000.0
Axel Witsel,,1400000.0
Marco Reus,,5000000.0
Mats Hummels,,2000000.0
Bas Dost,,600000.0
Stefan Ilsanker,,300000.0
Nils Petersen,,1500000.0
Lars Stindl,,1000000.0
Yann Sommer,,2500000.0
Ron-Robert Zieler,,700000.0
Charles Aránguiz,,3000000.0
Lars Bender,,5500000.0
Sven Bender,,5500000.0
Bastian Oczipka,,300000.0
Ralf Fährmann,,400000.0
Christian Groß,,300000.0
Philipp Bargfrede,,150000.0
Ömer Toprak,,300000.0
Fabian Klos,,300000.0
Daniel Caligiuri,,400000.0
Marek Suchý,,
Rafał Gikiewicz,,400000.0
Marwin Hitz,,200000.0
Ibrahima Traoré,,600000.0
Tobias Sippel,,300000.0
Anthony Modeste,,700000.0
Julian Baumgartlinger,,400000.0
Daniel Brosinski,,300000.0
Ádám Szalai,,200000.0
Max Kruse,,500000.0
Pavao Pervan,,300000.0
Peter Pekarík,,500000.0
Sami Khedira,,2000000.0
Gonzalo Castro,,500000.0
Andreas Luthe,,300000.0
Christopher Trimmel,,600000.0
Theodor Gebre Selassie,,300000.0
Manuel Neuer,,4000000.0
David Abraham,,1000000.0
Oscar Wendt,,400000.0
Christian Gentner,,100000.0
Niklas Moisander,,300000.0
Łukasz Piszczek,,
Rune Jarstein,,300000.0
Philipp Pentke,,300000.0
Michael Langer,,50000.0
Vedad Ibišević,,
Makoto Hasebe,,500000.0
Klaas-Jan Huntelaar,,800000.0
Evan Ferguson,ENG-Premier League,25000000.0
Kaide Gordon,ENG-Premier League,1200000.0
Carney Chukwuemeka,ENG-Premier League,25000000.0
Isaac Price,ENG-Premier League,2000000.0
Leo Fuhr Hjelde,ENG-Premier League,
Alejandro Garnacho,ENG-Premier League,45000000.0
Shola Shoretire,ENG-Premier League,2000000.0
Dane Scarlett,ENG-Premier League,2000000.0
Sonny Perkins,ENG-Premier League,1200000.0
Tim Iroegbunam,ENG-Premier League,12000000.0
Finley Stevens,ENG-Premier League,
Nathan Young-Coombes,ENG-Premier League,
Jesurun Rak Sakyi,ENG-Premier League,
Lewis Dobbin,ENG-Premier League,2500000.0
Tyler Onyango,ENG-Premier League,500000.0
Charlie Cresswell,ENG-Premier League,15000000.0
Lewis Bate,ENG-Premier League,1200000.0
Stuart McKinstry,ENG-Premier League,325000.0
Harvey Elliott,ENG-Premier League,30000000.0
Tyler Morton,ENG-Premier League,7000000.0
CJ Egan-Riley,ENG-Premier League,1500000.0
James Mcatee,ENG-Premier League,
Kayky Chagas,ENG-Premier League,
Liam Delap,ENG-Premier League,7000000.0
Hannibal Mejbri,ENG-Premier League,
Jonathan Rowe,ENG-Premier League,500000.0
Tony Springett,ENG-Premier League,500000.0
Valentino Livramento,ENG-Premier League,
Chem Campbell,ENG-Premier League,1000000.0
Bukayo Saka,ENG-Premier League,130000000.0
Jaden Philogene Bidace,ENG-Premier League,
Jeremy Sarmiento,ENG-Premier League,5000000.0
Moisés Caicedo,ENG-Premier League,110000000.0
Michael Olise,ENG-Premier League,130000000.0
Jarrad Branthwaite,ENG-Premier League,45000000.0
Cody Drameh,ENG-Premier League,3500000.0
Crysencio Summerville,ENG-Premier League,22000000.0
Joe Gelhardt,ENG-Premier League,7000000.0
Sam Greenwood,ENG-Premier League,5000000.0
Kasey McAteer,ENG-Premier League,900000.0
Cole Palmer,ENG-Premier League,120000000.0
Anthony Elanga,ENG-Premier League,50000000.0
Mason Greenwood,ENG-Premier League,50000000.0
Andrew Omobamidele,ENG-Premier League,7000000.0
Bali Mumba,ENG-Premier League,1500000.0
Christos Tzolis,ENG-Premier League,30000000.0
Armando Broja,ENG-Premier League,22000000.0
João Pedro,ENG-Premier League,65000000.0
Daniel Chesters,ENG-Premier League,
Harrison Ashby,ENG-Premier League,1400000.0
Fábio Silva,ENG-Premier League,28000000.0
Ki-Jana Hoever,ENG-Premier League,5000000.0
Luke Cundle,ENG-Premier League,3200000.0
Folarin Balogun,ENG-Premier League,22000000.0
Gabriel Martinelli,ENG-Premier League,45000000.0
Cameron Archer,ENG-Premier League,10000000.0
Jacob Ramsey,ENG-Premier League,35000000.0
Mads Bidstrup,ENG-Premier League,7500000.0
Tariq Lamptey,ENG-Premier League,8000000.0
Taylor Richards,ENG-Premier League,400000.0
Nathan Collins,ENG-Premier League,25000000.0
Callum Hudson-Odoi,ENG-Premier League,30000000.0
Nathan Ferguson,ENG-Premier League,1000000.0
Anthony Gordon,ENG-Premier League,60000000.0
Ellis Simms,ENG-Premier League,6000000.0
Kristoffer Klaesson,ENG-Premier League,1000000.0
Liam McCarron,ENG-Premier League,250000.0
Lewis Brunt,ENG-Premier League,100000.0
Luke Thomas,ENG-Premier League,6000000.0
Wesley Fofana,ENG-Premier League,28000000.0
Curtis Jones,ENG-Premier League,40000000.0
Neco Williams,ENG-Premier League,17000000.0
Adam Idah,ENG-Premier League,7000000.0
Billy Gilmour,ENG-Premier League,20000000.0
Brandon Williams,ENG-Premier League,2500000.0
Bryan Gil,ENG-Premier League,12000000.0
Oliver Skipp,ENG-Premier League,7000000.0
Jeremy Ngakia,ENG-Premier League,2200000.0
Rayan Aït-Nouri,ENG-Premier League,40000000.0
Albert Sambi Lokonga,ENG-Premier League,15000000.0
Emile Smith Rowe,ENG-Premier League,22000000.0
Nuno Tavares,ENG-Premier League,15000000.0
Reiss Nelson,ENG-Premier League,15000000.0
Bryan Mbeumo,ENG-Premier League,40000000.0
Dominic Thompson,ENG-Premier League,400000.0
Aaron Connolly,ENG-Premier League,3500000.0
Dwight McNeil,ENG-Premier League,20000000.0
Reece James,ENG-Premier League,50000000.0
Conor Gallagher,ENG-Premier League,35000000.0
Marc Guéhi,ENG-Premier League,55000000.0
Tyrick Mitchell,ENG-Premier League,25000000.0
Moise Kean,ENG-Premier League,45000000.0
Illan Meslier,ENG-Premier League,20000000.0
Jamie Shackleton,ENG-Premier League,2000000.0
Pascal Struijk,ENG-Premier League,18000000.0
Ferrán Torres,ENG-Premier League,
Phil Foden,ENG-Premier League,150000000.0
Jadon Sancho,ENG-Premier League,20000000.0
Joe Willock,ENG-Premier League,16000000.0
Josh Sargent,ENG-Premier League,12000000.0
Max Aarons,ENG-Premier League,4000000.0
Ozan Kabak,ENG-Premier League,5000000.0
William Smallbone,ENG-Premier League,
Dejan Kulusevski,ENG-Premier League,45000000.0
Ryan Sessegnon,ENG-Premier League,20000000.0
Ben Johnson,ENG-Premier League,7000000.0
Chiquinho,ENG-Premier League,2000000.0
Francisco Trincão,ENG-Premier League,35000000.0
Morgan Gibbs-White,ENG-Premier League,65000000.0
Pedro Neto,ENG-Premier League,60000000.0
Eddie Nketiah,ENG-Premier League,16000000.0
Martin Ødegaard,ENG-Premier League,75000000.0
Takehiro Tomiyasu,ENG-Premier League,12000000.0
Josh Dasilva,ENG-Premier League,10000000.0
Mads Bech Sørensen,ENG-Premier League,6000000.0
Mads Roerslev,ENG-Premier League,6000000.0
Marcus Forss,ENG-Premier League,3500000.0
Alexis Mac Allister,ENG-Premier League,85000000.0
Jakub Moder,ENG-Premier League,10000000.0
Steven Alzate,ENG-Premier League,4000000.0
Christian Pulisic,ENG-Premier League,60000000.0
Kai Havertz,ENG-Premier League,55000000.0
Malang Sarr,ENG-Premier League,10000000.0
Mason Mount,ENG-Premier League,32000000.0
Trevoh Chalobah,ENG-Premier League,35000000.0
Vitaliy Mykolenko,ENG-Premier League,25000000.0
Tyler Roberts,ENG-Premier League,3000000.0
Boubakary Soumaré,ENG-Premier League,14000000.0
Kiernan Dewsbury-Hall,ENG-Premier League,28000000.0
Patson Daka,ENG-Premier League,15000000.0
Caoimhín Kelleher,ENG-Premier League,22000000.0
Ibrahima Konaté,ENG-Premier League,45000000.0
Trent Alexander-Arnold,ENG-Premier League,70000000.0
Diogo Dalot,ENG-Premier League,28000000.0
Ibrahima Diallo,ENG-Premier League,6500000.0
Mohammed Salisu,ENG-Premier League,10000000.0
Nathan Tella,ENG-Premier League,15000000.0
Yan Valery,ENG-Premier League,2000000.0
Emerson,ENG-Premier League,
Japhet Tanganga,ENG-Premier League,1800000.0
Cucho,ENG-Premier League,
Imran Louza,ENG-Premier League,
Declan Rice,ENG-Premier League,120000000.0
Toti Gomes,ENG-Premier League,
Aaron Ramsdale,ENG-Premier League,12000000.0
Ainsley Maitland-Niles,ENG-Premier League,9000000.0
Ben White,ENG-Premier League,30000000.0
Gabriel Magalhães,ENG-Premier League,
Axel Tuanzebe,ENG-Premier League,5000000.0
Douglas Luiz,ENG-Premier League,25000000.0
Ezri Konsa,ENG-Premier League,35000000.0
Keinan Davis,ENG-Premier League,4000000.0
Leon Bailey,ENG-Premier League,18000000.0
Matty Cash,ENG-Premier League,22000000.0
Frank Onyeka,ENG-Premier League,7000000.0
Kristoffer Ajer,ENG-Premier League,16000000.0
Shandon Baptiste,ENG-Premier League,2500000.0
Vitaly Janelt,ENG-Premier League,18000000.0
Álvaro Fernández,ENG-Premier League,2500000.0
Enock Mwepu,ENG-Premier League,18000000.0
Marc Cucurella,ENG-Premier League,50000000.0
Robert Sánchez,ENG-Premier League,22000000.0
Eberechi Eze,ENG-Premier League,65000000.0
Odsonne Édouard,ENG-Premier League,8000000.0
Ben Godfrey,ENG-Premier League,10000000.0
Tom Davies,ENG-Premier League,5000000.0
Daniel James,ENG-Premier League,12000000.0
Ademola Lookman,ENG-Premier League,35000000.0
Hamza Choudhury,ENG-Premier League,5000000.0
Harvey Barnes,ENG-Premier League,32000000.0
James Justin,ENG-Premier League,12000000.0
Aaron Wan-Bissaka,ENG-Premier League,22000000.0
Daniel James,ENG-Premier League,12000000.0
Marcus Rashford,ENG-Premier League,40000000.0
Bruno Guimarães,ENG-Premier League,75000000.0
Jamal Lewis,ENG-Premier League,2000000.0
Sean Longstaff,ENG-Premier League,18000000.0
Jakob Sørensen,ENG-Premier League,
Kieran Dowell,ENG-Premier League,1500000.0
Przemysław Płacheta,ENG-Premier League,
Todd Cantwell,ENG-Premier League,8500000.0
Moussa Djenepo,ENG-Premier League,1200000.0
Romain Perraud,ENG-Premier League,5000000.0
Cristian Romero,ENG-Premier League,60000000.0
Joe Rodon,ENG-Premier League,8000000.0
Steven Bergwijn,ENG-Premier League,12000000.0
Edo Kayembe,ENG-Premier League,4000000.0
Emmanuel Dennis,ENG-Premier League,2000000.0
Ismaila Sarr,ENG-Premier League,
Samuel Kalu,ENG-Premier League,2500000.0
Alex Král,ENG-Premier League,5000000.0
Nikola Vlašić,ENG-Premier League,10000000.0
Kieran Tierney,ENG-Premier League,8000000.0
Emi Buendía,ENG-Premier League,
Wesley Moraes,ENG-Premier League,2500000.0
Rico Henry,ENG-Premier League,15000000.0
Sergi Canós,ENG-Premier League,2500000.0
Yoane Wissa,ENG-Premier League,28000000.0
Neal Maupay,ENG-Premier League,12000000.0
Yves Bissouma,ENG-Premier League,15000000.0
Maxwel Cornet,ENG-Premier League,5000000.0
Ben Chilwell,ENG-Premier League,12000000.0
Jaïro Riedewald,ENG-Premier League,1200000.0
Jean-Philippe Mateta,ENG-Premier League,40000000.0
Dominic Calvert-Lewin,ENG-Premier League,15000000.0
Donny van de Beek,ENG-Premier League,2000000.0
Jonjoe Kenny,ENG-Premier League,2000000.0
Mason Holgate,ENG-Premier League,3000000.0
Richarlison,ENG-Premier League,28000000.0
Jack Harrison,ENG-Premier League,10000000.0
Junior Firpo,ENG-Premier League,7000000.0
Raphinha,ENG-Premier League,50000000.0
James Maddison,ENG-Premier League,30000000.0
Kelechi Iheanacho,ENG-Premier League,18000000.0
Wilfred Ndidi,ENG-Premier League,10000000.0
Youri Tielemans,ENG-Premier League,35000000.0
Diogo Jota,ENG-Premier League,40000000.0
Joe Gomez,ENG-Premier League,15000000.0
Luis Díaz,ENG-Premier League,70000000.0
Gabriel Jesus,ENG-Premier League,20000000.0
Oleksandr Zinchenko,ENG-Premier League,15000000.0
Rúben Dias,ENG-Premier League,60000000.0
Donny van de Beek,ENG-Premier League,2000000.0
Scott McTominay,ENG-Premier League,45000000.0
Allan Saint-Maximin,ENG-Premier League,24000000.0
Freddie Woodman,ENG-Premier League,5000000.0
Joelinton,ENG-Premier League,30000000.0
Adam Armstrong,ENG-Premier League,9000000.0
Kyle Walker-Peters,ENG-Premier League,13000000.0
Lyanco,ENG-Premier League,3200000.0
Rodrigo Bentancur,ENG-Premier League,27000000.0
Sergio Reguilón,ENG-Premier League,12000000.0
Tanguy Ndombele,ENG-Premier League,
Francisco Sierralta,ENG-Premier League,1200000.0
Issa Diop,ENG-Premier League,10000000.0
Jarrod Bowen,ENG-Premier League,35000000.0
Max Kilman,ENG-Premier League,
Rúben Neves,ENG-Premier League,40000000.0
Rob Holding,ENG-Premier League,3000000.0
Bertrand Traoré,ENG-Premier League,5000000.0
Matt Targett,ENG-Premier League,3500000.0
Ollie Watkins,ENG-Premier League,30000000.0
Charlie Goode,ENG-Premier League,500000.0
David Raya,ENG-Premier League,35000000.0
Ivan Toney,ENG-Premier League,50000000.0
Mathias Jensen,ENG-Premier League,28000000.0
Tariqe Fosu,ENG-Premier League,1500000.0
Connor Roberts,ENG-Premier League,7000000.0
Josh Brownhill,ENG-Premier League,15000000.0
Andreas Christensen,ENG-Premier League,40000000.0
Kenedy,ENG-Premier League,700000.0
Ruben Loftus-Cheek,ENG-Premier League,25000000.0
Timo Werner,ENG-Premier League,17000000.0
Joachim Andersen,ENG-Premier League,25000000.0
Alex Iwobi,ENG-Premier League,25000000.0
Dele Alli,ENG-Premier League,1500000.0
Demarai Gray,ENG-Premier League,12000000.0
Jean-Philippe Gbamin,ENG-Premier League,4000000.0
Kalvin Phillips,ENG-Premier League,6000000.0
Robin Koch,ENG-Premier League,15000000.0
Timothy Castagne,ENG-Premier League,10000000.0
Çağlar Söyüncü,ENG-Premier League,6000000.0
Kostas Tsimikas,ENG-Premier League,
Jack Grealish,ENG-Premier League,25000000.0
Rodri,ENG-Premier League,75000000.0
Anthony Martial,ENG-Premier League,6000000.0
Matt Targett,ENG-Premier League,3500000.0
Angus Gunn,ENG-Premier League,2500000.0
Dimitris Giannoulis,ENG-Premier League,
Mathias Normann,ENG-Premier League,3000000.0
Milot Rashica,ENG-Premier League,4000000.0
Che Adams,ENG-Premier League,
Jan Bednarek,ENG-Premier League,11000000.0
Davinson Sánchez,ENG-Premier League,18000000.0
Dele Alli,ENG-Premier League,1500000.0
Giovani Lo Celso,ENG-Premier League,16000000.0
Harry Winks,ENG-Premier League,7000000.0
Pierre Højbjerg,ENG-Premier League,
Ashley Fletcher,ENG-Premier League,800000.0
Oghenekaro Etebo,ENG-Premier League,
Pablo Fornals,ENG-Premier League,14000000.0
Saïd Benrahma,ENG-Premier League,9000000.0
Adama Traoré,ENG-Premier League,8000000.0
Daniel Podence,ENG-Premier League,5000000.0
Hwang Hee-chan,ENG-Premier League,
Calum Chambers,ENG-Premier League,4000000.0
Nicolas Pépé,ENG-Premier League,8500000.0
Anwar El Ghazi,ENG-Premier League,2500000.0
Calum Chambers,ENG-Premier League,4000000.0
John McGinn,ENG-Premier League,15000000.0
Kortney Hause,ENG-Premier League,800000.0
Morgan Sanson,ENG-Premier League,4000000.0
Trézéguet,ENG-Premier League,
Adam Webster,ENG-Premier League,7000000.0
Leandro Trossard,ENG-Premier League,20000000.0
Emerson Palmieri,ENG-Premier League,
Kepa Arrizabalaga,ENG-Premier League,7000000.0
Saúl Ñíguez,ENG-Premier League,2500000.0
Will Hughes,ENG-Premier League,6000000.0
Anwar El Ghazi,ENG-Premier League,2500000.0
Yerry Mina,ENG-Premier League,3000000.0
Daniel Amartey,ENG-Premier League,5000000.0
Divock Origi,ENG-Premier League,5000000.0
Naby Keïta,ENG-Premier League,2000000.0
Takumi Minamino,ENG-Premier League,12000000.0
Bernardo Silva,ENG-Premier League,27000000.0
Nathan Aké,ENG-Premier League,18000000.0
Raheem Sterling,ENG-Premier League,5000000.0
Zack Steffen,ENG-Premier League,2000000.0
Bruno Fernandes,ENG-Premier League,40000000.0
Luke Shaw,ENG-Premier League,10000000.0
Emil Krafth,ENG-Premier League,1500000.0
Isaac Hayden,ENG-Premier League,600000.0
Jacob Murphy,ENG-Premier League,15000000.0
James Ward-Prowse,ENG-Premier League,6000000.0
Mohamed Elyounoussi,ENG-Premier League,4500000.0
Ozan Tufan,ENG-Premier League,1500000.0
Samir Santos,ENG-Premier League,
Kurt Zouma,ENG-Premier League,25000000.0
Tomáš Souček,ENG-Premier League,12000000.0
Leander Dendoncker,ENG-Premier League,4000000.0
Pablo Marí,ENG-Premier League,2500000.0
Marvelous Nakamba,ENG-Premier League,5000000.0
Christian Nørgaard,ENG-Premier League,18000000.0
Saman Ghoddos,ENG-Premier League,2000000.0
Jürgen Locadia,ENG-Premier League,1800000.0
Solly March,ENG-Premier League,3000000.0
Charlie Taylor,ENG-Premier League,2000000.0
Mateo Kovačić,ENG-Premier League,
Ross Barkley,ENG-Premier League,5000000.0
Jordan Pickford,ENG-Premier League,15000000.0
Diego Llorente,ENG-Premier League,7000000.0
Hélder Costa,ENG-Premier League,350000.0
Patrick Bamford,ENG-Premier League,7000000.0
Ricardo Pereira,ENG-Premier League,3000000.0
Alex Oxlade-Chamberlain,ENG-Premier League,1500000.0
Andrew Robertson,ENG-Premier League,30000000.0
Fabinho,ENG-Premier League,38000000.0
Aymeric Laporte,ENG-Premier League,20000000.0
Benjamin Mendy,ENG-Premier League,2000000.0
Ederson,ENG-Premier League,15000000.0
John Stones,ENG-Premier League,18000000.0
João Cancelo,ENG-Premier League,25000000.0
Eric Bailly,ENG-Premier League,1500000.0
Victor Lindelöf,ENG-Premier League,15000000.0
Jamaal Lascelles,ENG-Premier League,2000000.0
Javier Manquillo,ENG-Premier League,1800000.0
Miguel Almirón,ENG-Premier League,9000000.0
Ryan Fraser,ENG-Premier League,1800000.0
Sam Byram,ENG-Premier League,1000000.0
Jack Stephens,ENG-Premier League,1200000.0
Nathan Redmond,ENG-Premier League,5000000.0
Eric Dier,ENG-Premier League,7000000.0
Adam Masina,ENG-Premier League,1400000.0
Daniel Bachmann,ENG-Premier League,3000000.0
Hassane Kamara,ENG-Premier League,3000000.0
Ken Sema,ENG-Premier League,2500000.0
William Troost-Ekong,ENG-Premier League,1200000.0
Arthur Masuaku,ENG-Premier League,2500000.0
Jonny Castro,ENG-Premier League,
Nélson Semedo,ENG-Premier League,7500000.0
Granit Xhaka,ENG-Premier League,10000000.0
Sead Kolašinac,ENG-Premier League,
Thomas Partey,ENG-Premier League,5000000.0
Emiliano Martínez,ENG-Premier League,15000000.0
Jed Steer,ENG-Premier League,400000.0
Lucas Digne,ENG-Premier League,8000000.0
Tyrone Mings,ENG-Premier League,4000000.0
Ethan Pinnock,ENG-Premier League,4000000.0
James Tarkowski,ENG-Premier League,7000000.0
Wout Weghorst,ENG-Premier League,3500000.0
Antonio Rüdiger,ENG-Premier League,25000000.0
Hakim Ziyech,ENG-Premier League,3000000.0
Romelu Lukaku,ENG-Premier League,15000000.0
Jack Butland,ENG-Premier League,1500000.0
Jeffrey Schlupp,ENG-Premier League,2000000.0
Wilfried Zaha,ENG-Premier League,4000000.0
Abdoulaye Doucouré,ENG-Premier League,6000000.0
André Gomes,ENG-Premier League,4500000.0
Lucas Digne,ENG-Premier League,8000000.0
Michael Keane,ENG-Premier League,4000000.0
Ayoze Pérez,ENG-Premier League,6000000.0
Danny Ward,ENG-Premier League,800000.0
Jannik Vestergaard,ENG-Premier League,4000000.0
Alisson,ENG-Premier League,17000000.0
Alex Telles,ENG-Premier League,7000000.0
Fred,ENG-Premier League,7000000.0
Harry Maguire,ENG-Premier League,18000000.0
Jesse Lingard,ENG-Premier League,6000000.0
Paul Pogba,ENG-Premier League,15000000.0
Raphaël Varane,ENG-Premier League,20000000.0
Ben Gibson,ENG-Premier League,2000000.0
Christoph Zimmermann,ENG-Premier League,1000000.0
Pierre Lees-Melou,ENG-Premier League,10000000.0
Ben Davies,ENG-Premier League,10000000.0
Harry Kane,ENG-Premier League,65000000.0
Lucas Moura,ENG-Premier League,6000000.0
Alphonse Areola,ENG-Premier League,7000000.0
Manuel Lanzini,ENG-Premier League,5000000.0
Ryan Fredericks,ENG-Premier League,1000000.0
Vladimír Coufal,ENG-Premier League,2700000.0
Conor Coady,ENG-Premier League,1500000.0
José Sá,ENG-Premier League,5000000.0
Bernd Leno,ENG-Premier League,8000000.0
Cédric Soares,ENG-Premier League,2000000.0
Mohamed Elneny,ENG-Premier League,3500000.0
Danny Ings,ENG-Premier League,3500000.0
Philippe Coutinho,ENG-Premier League,7500000.0
Christian Eriksen,ENG-Premier League,3000000.0
Dan Burn,ENG-Premier League,5000000.0
Joël Veltman,ENG-Premier League,2500000.0
Lewis Dunk,ENG-Premier League,4000000.0
Shane Duffy,ENG-Premier League,2000000.0
Chris Wood,ENG-Premier League,8000000.0
Matěj Vydra,ENG-Premier League,
Nick Pope,ENG-Premier League,7000000.0
Edouard Mendy,ENG-Premier League,10000000.0
Jorginho,ENG-Premier League,5000000.0
Jordan Ayew,ENG-Premier League,1800000.0
Adam Forshaw,ENG-Premier League,1200000.0
Liam Cooper,ENG-Premier League,1800000.0
Luke Ayling,ENG-Premier League,1800000.0
Nampalys Mendy,ENG-Premier League,3000000.0
Joël Matip,ENG-Premier League,
Mohamed Salah,ENG-Premier League,30000000.0
Roberto Firmino,ENG-Premier League,15000000.0
Sadio Mané,ENG-Premier League,25000000.0
Phil Jones,ENG-Premier League,1000000.0
Callum Wilson,ENG-Premier League,5000000.0
Chris Wood,ENG-Premier League,8000000.0
Dan Burn,ENG-Premier League,5000000.0
Fabian Schär,ENG-Premier League,6000000.0
Jeff Hendrick,ENG-Premier League,500000.0
Jonjo Shelvey,ENG-Premier League,800000.0
Paul Dummett,ENG-Premier League,900000.0
Grant Hanley,ENG-Premier League,1500000.0
Kenny McLean,ENG-Premier League,1200000.0
Oriol Romeu,ENG-Premier League,700000.0
Stuart Armstrong,ENG-Premier League,3000000.0
Matt Doherty,ENG-Premier League,1500000.0
Son Heung-min,ENG-Premier League,
Joshua King,ENG-Premier League,1500000.0
Alexandre Lacazette,ENG-Premier League,5000000.0
Pontus Jansson,ENG-Premier League,2000000.0
Danny Welbeck,ENG-Premier League,4000000.0
Jason Steele,ENG-Premier League,750000.0
Pascal Groß,ENG-Premier League,3500000.0
Jóhann Berg Guðmundsson,ENG-Premier League,
Kevin Long,ENG-Premier League,500000.0
Marcos Alonso,ENG-Premier League,2000000.0
N'Golo Kanté,ENG-Premier League,12000000.0
Christian Benteke,ENG-Premier League,2500000.0
Luka Milivojević,ENG-Premier League,
Nathaniel Clyne,ENG-Premier League,1500000.0
Allan,ENG-Premier League,5500000.0
Andros Townsend,ENG-Premier League,500000.0
Cenk Tosun,ENG-Premier League,2000000.0
Rodrigo,ENG-Premier League,5000000.0
Stuart Dallas,ENG-Premier League,1500000.0
Thiago Alcántara,ENG-Premier League,10000000.0
Virgil van Dijk,ENG-Premier League,18000000.0
Kevin De Bruyne,ENG-Premier League,15000000.0
Riyad Mahrez,ENG-Premier League,18000000.0
İlkay Gündoğan,ENG-Premier League,3500000.0
David de Gea,ENG-Premier League,3500000.0
Dwight Gayle,ENG-Premier League,
Karl Darlow,ENG-Premier League,1000000.0
Kieran Trippier,ENG-Premier League,2500000.0
Lukas Rupp,ENG-Premier League,350000.0
Christian Kabasele,ENG-Premier League,800000.0
Kiko Femenía,ENG-Premier League,1400000.0
Raúl Jiménez,ENG-Premier League,4000000.0
Willy Boly,ENG-Premier League,800000.0
Robin Olsen,ENG-Premier League,700000.0
Mathias Jørgensen,ENG-Premier League,
Ashley Barnes,ENG-Premier League,1000000.0
Ashley Westwood,ENG-Premier League,850000.0
Ben Mee,ENG-Premier League,1000000.0
César Azpilicueta,ENG-Premier League,1200000.0
Cheikhou Kouyaté,ENG-Premier League,1000000.0
Joel Ward,ENG-Premier League,300000.0
Fabian Delph,ENG-Premier League,1800000.0
Salomón Rondón,ENG-Premier League,1000000.0
Mateusz Klich,ENG-Premier League,2000000.0
Marc Albrighton,ENG-Premier League,1000000.0
Ryan Bertrand,ENG-Premier League,500000.0
Jordan Henderson,ENG-Premier League,2000000.0
Kyle Walker,ENG-Premier League,2500000.0
Ciaran Clark,ENG-Premier League,600000.0
Matt Ritchie,ENG-Premier League,1000000.0
Teemu Pukki,ENG-Premier League,1500000.0
Alex McCarthy,ENG-Premier League,300000.0
Dan Gosling,ENG-Premier League,250000.0
Danny Rose,ENG-Premier League,500000.0
Moussa Sissoko,ENG-Premier League,1200000.0
Nicolas Nkoulou,ENG-Premier League,
Tom Cleverley,ENG-Premier League,400000.0
Aaron Cresswell,ENG-Premier League,450000.0
Andriy Yarmolenko,ENG-Premier League,1200000.0
Craig Dawson,ENG-Premier League,900000.0
Michail Antonio,ENG-Premier League,700000.0
Romain Saïss,ENG-Premier League,4000000.0
Pierre-Emerick Aubameyang,ENG-Premier League,5000000.0
Jonas Lössl,ENG-Premier League,100000.0
Dale Stephens,ENG-Premier League,600000.0
Erik Pieters,ENG-Premier League,350000.0
Jack Cork,ENG-Premier League,800000.0
Jay Rodriguez,ENG-Premier League,
Matthew Lowton,ENG-Premier League,250000.0
James Tomkins,ENG-Premier League,700000.0
Séamus Coleman,ENG-Premier League,300000.0
Nemanja Matić,ENG-Premier League,3000000.0
Federico Fernández,ENG-Premier League,500000.0
Martin Dúbravka,ENG-Premier League,750000.0
Theo Walcott,ENG-Premier League,1000000.0
Craig Cathcart,ENG-Premier League,600000.0
Fernando Marçal,ENG-Premier League,
Adam Lallana,ENG-Premier League,750000.0
James McArthur,ENG-Premier League,400000.0
Jonny Evans,ENG-Premier League,2000000.0
Juan Mata,ENG-Premier League,1000000.0
Tim Krul,ENG-Premier League,500000.0
Fraser Forster,ENG-Premier League,600000.0
Troy Deeney,ENG-Premier League,400000.0
Angelo Ogbonna,ENG-Premier League,700000.0
Aaron Lennon,ENG-Premier League,600000.0
Wayne Hennessey,ENG-Premier League,150000.0
Vicente Guaita,ENG-Premier League,400000.0
Asmir Begović,ENG-Premier League,
Jamie Vardy,ENG-Premier League,2000000.0
Kasper Schmeichel,ENG-Premier League,300000.0
Edinson Cavani,ENG-Premier League,2500000.0
Shane Long,ENG-Premier League,250000.0
Hugo Lloris,ENG-Premier League,1200000.0
Juraj Kucka,ENG-Premier League,1200000.0
Mark Noble,ENG-Premier League,1000000.0
John Ruddy,ENG-Premier League,100000.0
João Moutinho,ENG-Premier League,500000.0
James Milner,ENG-Premier League,750000.0
Ashley Young,ENG-Premier League,400000.0
Thiago Silva,ENG-Premier League,1000000.0
Fernandinho,ENG-Premier League,600000.0
Fernandinho,ENG-Premier League,150000.0
Cristiano Ronaldo,ENG-Premier League,15000000.0
Łukasz Fabiański,ENG-Premier League,
Ben Foster,ENG-Premier League,300000.0
Willy Caballero,ENG-Premier League,150000.0
Tomás Mendes,ESP-La Liga,200000.0
Gavi,ESP-La Liga,40000000.0
Luca Koleosho,ESP-La Liga,7000000.0
Alejandro Balde,ESP-La Liga,60000000.0
Estanis,ESP-La Liga,
Ilias Akhomach,ESP-La Liga,15000000.0
Hugo Sotelo,ESP-La Liga,9000000.0
Álvaro Bastida,ESP-La Liga,300000.0
Alejandro Primo,ESP-La Liga,
Juanlu Sánchez,ESP-La Liga,15000000.0
Cristhian Mosquera,ESP-La Liga,35000000.0
Mario Dominguez,ESP-La Liga,
Yellu Santiago,ESP-La Liga,900000.0
Nicolás Serrano,ESP-La Liga,
Giuliano Simeone,ESP-La Liga,40000000.0
Javier Serrano,ESP-La Liga,
Ansu Fati,ESP-La Liga,25000000.0
Pedri,ESP-La Liga,80000000.0
Yusuf Demir,ESP-La Liga,2700000.0
Hugo Álvarez,ESP-La Liga,1500000.0
Matias Arezo,ESP-La Liga,
Marc Pubill,ESP-La Liga,4000000.0
Javier Llabrés,ESP-La Liga,
Iker Benito,ESP-La Liga,1500000.0
Eduardo Camavinga,ESP-La Liga,50000000.0
Ilaix Moriba,ESP-La Liga,3000000.0
Jesus Vazquez,ESP-La Liga,
Ruben Lendinez,ESP-La Liga,
Yunus Musah,ESP-La Liga,22000000.0
Yeremi Pino,ESP-La Liga,
Facundo Pellistri,ESP-La Liga,7000000.0
Javi López,ESP-La Liga,5000000.0
Unai Ropero,ESP-La Liga,500000.0
Nico Williams,ESP-La Liga,60000000.0
Carlos Martín,ESP-La Liga,2500000.0
Abde Ezzalzouli,ESP-La Liga,20000000.0
Nicolás González,ESP-La Liga,
Gabriel Veiga,ESP-La Liga,
Gori,ESP-La Liga,50000.0
Lluís Recasens,ESP-La Liga,150000.0
Emmanuel Amankwaa Akurugu,ESP-La Liga,
Raúl Torrente,ESP-La Liga,3000000.0
Omar Faraj,ESP-La Liga,700000.0
Peter González,ESP-La Liga,
Ander Barrenetxea,ESP-La Liga,20000000.0
Beñat Turrientes,ESP-La Liga,8000000.0
Germán Valera,ESP-La Liga,5000000.0
Roberto Navarro,ESP-La Liga,
Carmona,ESP-La Liga,
Valentino Scotta,ESP-La Liga,
Koba Koindredi,ESP-La Liga,3000000.0
Jesús Owono,ESP-La Liga,1000000.0
Marc Tenas,ESP-La Liga,300000.0
Julen Agirrezabala,ESP-La Liga,5000000.0
Unai Vencedor Paris,ESP-La Liga,
Alvaro Sanz,ESP-La Liga,
Eric García,ESP-La Liga,20000000.0
Mika Mármol,ESP-La Liga,15000000.0
Sergiño Dest,ESP-La Liga,18000000.0
Carlos Dominguez,ESP-La Liga,
John Donald,ESP-La Liga,1000000.0
Daniel Villahermosa,ESP-La Liga,
Joan García,ESP-La Liga,30000000.0
Jofre,ESP-La Liga,
Nico Ribaudo,ESP-La Liga,
Rubén,ESP-La Liga,
Barcia,ESP-La Liga,
Isma Ruiz,ESP-La Liga,400000.0
Fernando Niño,ESP-La Liga,
Lee Kang-in,ESP-La Liga,
Matthew Hoppe,ESP-La Liga,650000.0
Takefusa Kubo,ESP-La Liga,30000000.0
Manu Sánchez,ESP-La Liga,8000000.0
Alejandro Asensio,ESP-La Liga,25000.0
Raúl,ESP-La Liga,
Roberto González,ESP-La Liga,
Juanmi Latasa,ESP-La Liga,2000000.0
Mario Gila,ESP-La Liga,30000000.0
Miguel Gutiérrez,ESP-La Liga,17000000.0
Rodrygo,ESP-La Liga,110000000.0
Sergio Santos,ESP-La Liga,300000.0
Ander Martin,ESP-La Liga,
Jon Pacheco,ESP-La Liga,5000000.0
Julen Lobete,ESP-La Liga,1500000.0
Iván Romero,ESP-La Liga,800000.0
Luismi,ESP-La Liga,
Pedro Ortiz,ESP-La Liga,600000.0
Bryan Gil,ESP-La Liga,12000000.0
Giorgi Mamardashvili,ESP-La Liga,28000000.0
Carlo,ESP-La Liga,
Nicolas Jackson,ESP-La Liga,45000000.0
Nikita Iosifov,ESP-La Liga,800000.0
Miguel,ESP-La Liga,
Mircea Ţîrlea,ESP-La Liga,
Oihan Sancet,ESP-La Liga,40000000.0
João Félix,ESP-La Liga,25000000.0
Ferrán Torres,ESP-La Liga,
Riqui Puig,ESP-La Liga,12000000.0
José Fontán,ESP-La Liga,1000000.0
Miguel Baeza,ESP-La Liga,700000.0
Pedro Benito,ESP-La Liga,300000.0
Raúl Parra,ESP-La Liga,300000.0
Víctor Chust,ESP-La Liga,2000000.0
Victor Gomez,ESP-La Liga,
Florentino Luís,ESP-La Liga,
Hugo Duro,ESP-La Liga,16000000.0
Jorge Cuenca,ESP-La Liga,4000000.0
José Juan Macías,ESP-La Liga,3000000.0
Monchu,ESP-La Liga,6000000.0
Álex Cantero,ESP-La Liga,1400000.0
Josep Antoni Gayá,ESP-La Liga,
Leo Román,ESP-La Liga,5000000.0
Javi Martínez,ESP-La Liga,800000.0
Fran Garcia,ESP-La Liga,
Álvaro Aguirre,ESP-La Liga,25000.0
Calderón,ESP-La Liga,
Diego Lainez,ESP-La Liga,2500000.0
Juan Miranda,ESP-La Liga,15000000.0
Kike Hermoso,ESP-La Liga,200000.0
Rodri,ESP-La Liga,
Antonio Blanco,ESP-La Liga,10000000.0
Vinicius Júnior,ESP-La Liga,
Alexander Isak,ESP-La Liga,120000000.0
Cristo,ESP-La Liga,
Naïs Djouahra,ESP-La Liga,900000.0
Hugo Duro,ESP-La Liga,16000000.0
Hugo Guillamón,ESP-La Liga,2000000.0
Iván Martín,ESP-La Liga,6000000.0
Daniel Vivian,ESP-La Liga,
Jon Morcillo,ESP-La Liga,1500000.0
Oier Zarraga,ESP-La Liga,1800000.0
Peru Nolaskoain,ESP-La Liga,1000000.0
Matheus Cunha,ESP-La Liga,45000000.0
Emerson,ESP-La Liga,
Ferran Jutglà,ESP-La Liga,7500000.0
Ronald Araújo,ESP-La Liga,
Óscar Mingueza,ESP-La Liga,8000000.0
Fran Beltrán,ESP-La Liga,6000000.0
Chapela,ESP-La Liga,
Martín,ESP-La Liga,
Milutin Osmajić,ESP-La Liga,
Tomás Alarcón,ESP-La Liga,1000000.0
Manu Morlanes,ESP-La Liga,2400000.0
Diego Conde,ESP-La Liga,500000.0
Adrián Butzke,ESP-La Liga,300000.0
Alberto Soro,ESP-La Liga,700000.0
Luís Maximiano,ESP-La Liga,5000000.0
Njegoš Petrović,ESP-La Liga,
Álex Collado,ESP-La Liga,3000000.0
José Luis García Vayá,ESP-La Liga,
Jordi Mboula,ESP-La Liga,500000.0
Barbero,ESP-La Liga,
Jesús Areso,ESP-La Liga,10000000.0
Unai Dufur,ESP-La Liga,300000.0
Andrés Martín,ESP-La Liga,1000000.0
Mario Hernández,ESP-La Liga,600000.0
Andriy Lunin,ESP-La Liga,25000000.0
Alex Sola,ESP-La Liga,
Martín Zubimendi,ESP-La Liga,50000000.0
Jules Koundé,ESP-La Liga,45000000.0
Thierry Correia,ESP-La Liga,3000000.0
Samuel Chukwueze,ESP-La Liga,20000000.0
Manu García,ESP-La Liga,3500000.0
Tachi,ESP-La Liga,400000.0
Toni Moya,ESP-La Liga,1500000.0
Asier Villalibre,ESP-La Liga,2500000.0
Renan Lodi,ESP-La Liga,18000000.0
Santiago Arzamendia,ESP-La Liga,1200000.0
Adrià Pedrosa,ESP-La Liga,4000000.0
Javi Puado,ESP-La Liga,10000000.0
Keidi Bare,ESP-La Liga,3000000.0
Landry Dimata,ESP-La Liga,1800000.0
Yangel Herrera,ESP-La Liga,9000000.0
Óscar Melendo,ESP-La Liga,2000000.0
Carles Aleñá,ESP-La Liga,3000000.0
Gonzalo Villar,ESP-La Liga,3000000.0
Iglesias,ESP-La Liga,
Marc Cucurella,ESP-La Liga,50000000.0
Mathías Olivera,ESP-La Liga,18000000.0
Óscar Rodríguez Arnaiz,ESP-La Liga,
Luis Javier Suárez,ESP-La Liga,
Yan Brice Eteki,ESP-La Liga,
Dani Gómez,ESP-La Liga,1200000.0
Marcelo Saracchi,ESP-La Liga,1500000.0
Pablo Martínez,ESP-La Liga,1200000.0
Javier Ontiveros,ESP-La Liga,
Jon Moncayola,ESP-La Liga,7000000.0
Luca Zidane,ESP-La Liga,2000000.0
Randy Nteka,ESP-La Liga,1200000.0
Paul Akouokou,ESP-La Liga,1500000.0
Federico Valverde,ESP-La Liga,120000000.0
Luka Jović,ESP-La Liga,6000000.0
Éder Militão,ESP-La Liga,60000000.0
Aihen Muñoz,ESP-La Liga,8000000.0
Óscar Rodríguez Arnaiz,ESP-La Liga,
Eray Cömert,ESP-La Liga,2000000.0
Toni Lato,ESP-La Liga,1500000.0
Uroš Račić,ESP-La Liga,
Juan Foyth,ESP-La Liga,15000000.0
Pervis Estupiñán,ESP-La Liga,14000000.0
Antonio Sivera,ESP-La Liga,6000000.0
Mamadou Loum,ESP-La Liga,800000.0
Manu Vallejo,ESP-La Liga,1500000.0
Alex Petxa,ESP-La Liga,
Unai Núñez,ESP-La Liga,7000000.0
Unai Simón,ESP-La Liga,30000000.0
Frenkie de Jong,ESP-La Liga,70000000.0
Ousmane Dembélé,ESP-La Liga,100000000.0
Brais Méndez,ESP-La Liga,40000000.0
Fede San Emeterio,ESP-La Liga,1500000.0
Ezequiel Ponce,ESP-La Liga,5000000.0
Kike Pérez,ESP-La Liga,2200000.0
Raúl Guti,ESP-La Liga,2000000.0
Tete Morente,ESP-La Liga,1800000.0
Óscar Gil,ESP-La Liga,
Borja Mayoral,ESP-La Liga,7500000.0
Darío Poveda,ESP-La Liga,350000.0
Enes Ünal,ESP-La Liga,8000000.0
Dani Cárdenas,ESP-La Liga,1800000.0
Enric Franquesa,ESP-La Liga,1000000.0
Jorge de Frutos,ESP-La Liga,4000000.0
Antonio Sánchez,ESP-La Liga,2400000.0
Dominik Greif,ESP-La Liga,8000000.0
Joan Sastre Vanrell,ESP-La Liga,
Pablo Maffeo,ESP-La Liga,5000000.0
Jaume Grau,ESP-La Liga,700000.0
Kike Barja,ESP-La Liga,1500000.0
Santi Comesaña,ESP-La Liga,6000000.0
Édgar González,ESP-La Liga,
Dani Ceballos,ESP-La Liga,6000000.0
Jesús Vallejo,ESP-La Liga,1000000.0
Ander Guevara,ESP-La Liga,5000000.0
Andoni Gorosabel,ESP-La Liga,5000000.0
Igor Zubeldia,ESP-La Liga,9000000.0
Mikel Oyarzabal,ESP-La Liga,25000000.0
Robin Le Normand,ESP-La Liga,40000000.0
Gonzalo Montiel,ESP-La Liga,4500000.0
Javier Díaz,ESP-La Liga,
Rafa Mir,ESP-La Liga,2500000.0
Youssef En-Nesyri,ESP-La Liga,20000000.0
Carlos Soler,ESP-La Liga,8000000.0
Gonçalo Guedes,ESP-La Liga,6000000.0
Manu Vallejo,ESP-La Liga,1500000.0
Marcos André,ESP-La Liga,800000.0
Maxi Gómez,ESP-La Liga,2000000.0
Mouctar Diakhaby,ESP-La Liga,2800000.0
Omar Alderete,ESP-La Liga,12000000.0
Arnaut Danjuma,ESP-La Liga,13000000.0
Boulaye Dia,ESP-La Liga,10000000.0
Pau Torres,ESP-La Liga,25000000.0
Martin Agirregabiria,ESP-La Liga,
Nahuel Tenaglia,ESP-La Liga,3000000.0
Rubén Duarte,ESP-La Liga,3000000.0
Thomas Lemar,ESP-La Liga,2000000.0
Adama Traoré,ESP-La Liga,8000000.0
Joseph Aidoo,ESP-La Liga,4000000.0
Orbelín Pineda,ESP-La Liga,7000000.0
Santi Mina,ESP-La Liga,2000000.0
Oussama Idrissi,ESP-La Liga,5500000.0
Josema,ESP-La Liga,700000.0
Lucas Boyé,ESP-La Liga,7000000.0
Fernando Calero,ESP-La Liga,2500000.0
Miguel Juan Llambrich,ESP-La Liga,
Jakub Jankto,ESP-La Liga,800000.0
Mauro Arambarri,ESP-La Liga,10000000.0
Aarón Escandell,ESP-La Liga,1000000.0
Carlos Neva,ESP-La Liga,2500000.0
Dani Raba,ESP-La Liga,2400000.0
Luis Abram,ESP-La Liga,3000000.0
Mickael Malsa,ESP-La Liga,
Aleix Febas,ESP-La Liga,1500000.0
Amath,ESP-La Liga,
Iddrisu Baba,ESP-La Liga,2200000.0
Martin Valjent,ESP-La Liga,4500000.0
Juan Pérez,ESP-La Liga,600000.0
José Pozo,ESP-La Liga,1000000.0
Nikola Maraš,ESP-La Liga,
Unai López,ESP-La Liga,2500000.0
Aitor Ruibal,ESP-La Liga,3500000.0
Marco Asensio,ESP-La Liga,15000000.0
Alexander Sørloth,ESP-La Liga,20000000.0
Mikel Merino,ESP-La Liga,30000000.0
Anthony Martial,ESP-La Liga,6000000.0
Munir El Haddadi,ESP-La Liga,2500000.0
Oussama Idrissi,ESP-La Liga,5500000.0
Alfonso Pedraza,ESP-La Liga,2500000.0
Dani Raba,ESP-La Liga,2400000.0
Giovani Lo Celso,ESP-La Liga,16000000.0
Matt Miazga,ESP-La Liga,1800000.0
Saúl García,ESP-La Liga,400000.0
Yeray Álvarez,ESP-La Liga,8000000.0
Álex Berenguer,ESP-La Liga,12000000.0
José María Giménez,ESP-La Liga,22000000.0
Marcos Llorente,ESP-La Liga,22000000.0
Mario Hermoso,ESP-La Liga,7000000.0
Saúl Ñíguez,ESP-La Liga,2500000.0
Ángel Correa,ESP-La Liga,9000000.0
Clément Lenglet,ESP-La Liga,10000000.0
Javi Galán,ESP-La Liga,3500000.0
Renato Tapia,ESP-La Liga,5000000.0
Iván Alejo,ESP-La Liga,1500000.0
Álvaro Jiménez,ESP-La Liga,700000.0
Diego González,ESP-La Liga,1200000.0
Gerard Gumbau,ESP-La Liga,1400000.0
Raúl de Tomás,ESP-La Liga,500000.0
Tonny Vilhena,ESP-La Liga,800000.0
Álvaro Vadillo,ESP-La Liga,400000.0
Erick Cabaco,ESP-La Liga,1000000.0
Nemanja Maksimović,ESP-La Liga,
Sandro Ramírez,ESP-La Liga,1500000.0
Domingos Duarte,ESP-La Liga,800000.0
Luis Milla,ESP-La Liga,3500000.0
Myrto Uzuni,ESP-La Liga,8000000.0
Enis Bardhi,ESP-La Liga,3000000.0
Rober,ESP-La Liga,
Franco Russo,ESP-La Liga,900000.0
Giovanni González,ESP-La Liga,2500000.0
Nacho Vidal,ESP-La Liga,1600000.0
Catena,ESP-La Liga,
Isaac Palazón Camacho,ESP-La Liga,
Martín Merquelanz,ESP-La Liga,600000.0
Óscar Valentín,ESP-La Liga,4000000.0
Héctor Bellerín,ESP-La Liga,4000000.0
Ferland Mendy,ESP-La Liga,22000000.0
Adnan Januzaj,ESP-La Liga,1200000.0
Jon Bautista,ESP-La Liga,800000.0
Jon Guridi,ESP-La Liga,4000000.0
Álex Remiro,ESP-La Liga,14000000.0
Karim Rekik,ESP-La Liga,4000000.0
Óliver Torres,ESP-La Liga,6000000.0
José Luis Gayà,ESP-La Liga,
Jason,ESP-La Liga,
Luis Rioja,ESP-La Liga,2000000.0
Mamadou Sylla,ESP-La Liga,1200000.0
Iñaki Williams,ESP-La Liga,25000000.0
Reinildo Mandava,ESP-La Liga,5000000.0
Rodrigo De Paul,ESP-La Liga,15000000.0
Yannick Carrasco,ESP-La Liga,14000000.0
Memphis,ESP-La Liga,
Samuel Umtiti,ESP-La Liga,2500000.0
Denis Suárez,ESP-La Liga,1500000.0
Franco Cervi,ESP-La Liga,1500000.0
Okay Yokuşlu,ESP-La Liga,2000000.0
Fali,ESP-La Liga,2000000.0
Lucas Olaza,ESP-La Liga,4000000.0
Loren Morón,ESP-La Liga,2500000.0
Sergi Darder,ESP-La Liga,3500000.0
Jonathan Silva,ESP-La Liga,800000.0
Okay Yokuşlu,ESP-La Liga,2000000.0
Gonzalo Melero,ESP-La Liga,1800000.0
Rúben Vezo,ESP-La Liga,800000.0
Son,ESP-La Liga,1000000.0
Brian Oliván,ESP-La Liga,6000000.0
Iñigo Ruiz de Galarreta,ESP-La Liga,2500000.0
Sergio Rico,ESP-La Liga,1500000.0
Vedat Muriqi,ESP-La Liga,4500000.0
David García,ESP-La Liga,10000000.0
Ezequiel Ávila,ESP-La Liga,
Lucas Torró,ESP-La Liga,2800000.0
Kévin Rodrigues,ESP-La Liga,1200000.0
Mamadou Sylla,ESP-La Liga,1200000.0
Pathé Ciss,ESP-La Liga,2000000.0
Stole Dimitrievski,ESP-La Liga,2000000.0
Guido Rodríguez,ESP-La Liga,6000000.0
Loren Morón,ESP-La Liga,2500000.0
Rui Silva,ESP-La Liga,8000000.0
Víctor Camarasa,ESP-La Liga,800000.0
Mariano,ESP-La Liga,
Aritz Elustondo,ESP-La Liga,1800000.0
Joan Jordán,ESP-La Liga,3500000.0
Lucas Ocampos,ESP-La Liga,9000000.0
Ludwig Augustinsson,ESP-La Liga,2000000.0
Suso,ESP-La Liga,4000000.0
Hélder Costa,ESP-La Liga,350000.0
Jason,ESP-La Liga,
Moi Gómez,ESP-La Liga,1800000.0
Paco Alcácer,ESP-La Liga,7000000.0
Gonzalo Escalante,ESP-La Liga,1500000.0
Pere Pons,ESP-La Liga,1200000.0
Iker Muniain,ESP-La Liga,5000000.0
Iñigo Lekue,ESP-La Liga,3000000.0
Mikel Vesga,ESP-La Liga,4000000.0
Geoffrey Kondogbia,ESP-La Liga,5000000.0
Jan Oblak,ESP-La Liga,17000000.0
Kevin Vázquez,ESP-La Liga,800000.0
Anthony Lozano,ESP-La Liga,
Carlos Akapo,ESP-La Liga,1000000.0
Florin Andone,ESP-La Liga,800000.0
Isaac Carcelen,ESP-La Liga,
Jens Jønsson,ESP-La Liga,1200000.0
Jeremías Ledesma,ESP-La Liga,
Varazdat Haroyan,ESP-La Liga,800000.0
Álex Fernández,ESP-La Liga,1500000.0
Enzo Roco,ESP-La Liga,1500000.0
Helibelton Palacios,ESP-La Liga,1200000.0
Johan Mojica,ESP-La Liga,1800000.0
Omar Mascarell,ESP-La Liga,800000.0
Pere Milla,ESP-La Liga,1200000.0
David Soria,ESP-La Liga,3000000.0
Darwin Machís,ESP-La Liga,450000.0
Dimitri Foulquier,ESP-La Liga,1200000.0
José Campaña,ESP-La Liga,750000.0
Nemanja Radoja,ESP-La Liga,1500000.0
Abdón Prats,ESP-La Liga,900000.0
Jonás Ramalho,ESP-La Liga,500000.0
Robert Ibáñez,ESP-La Liga,
Rubén García,ESP-La Liga,1800000.0
Sergio Herrera,ESP-La Liga,3000000.0
Álvaro García,ESP-La Liga,3000000.0
Borja Iglesias,ESP-La Liga,5000000.0
Juanmi,ESP-La Liga,1200000.0
Nabil Fekir,ESP-La Liga,10000000.0
Youssouf Sabaly,ESP-La Liga,2500000.0
Álex Moreno,ESP-La Liga,3500000.0
Diego Rico,ESP-La Liga,1200000.0
Rafinha,ESP-La Liga,4000000.0
Diego Carlos,ESP-La Liga,8500000.0
Jesús Corona,ESP-La Liga,3500000.0
Cristiano Piccini,ESP-La Liga,700000.0
Dimitri Foulquier,ESP-La Liga,1200000.0
Serge Aurier,ESP-La Liga,3700000.0
Fernando Pacheco,ESP-La Liga,2500000.0
John Guidetti,ESP-La Liga,600000.0
Ander Capa,ESP-La Liga,1800000.0
Koke,ESP-La Liga,7000000.0
Šime Vrsaljko,ESP-La Liga,
Marc-André ter Stegen,ESP-La Liga,28000000.0
Philippe Coutinho,ESP-La Liga,7500000.0
Sergi Roberto,ESP-La Liga,1500000.0
Augusto Solari,ESP-La Liga,1500000.0
Jeison Murillo,ESP-La Liga,900000.0
Néstor Araujo,ESP-La Liga,
Alfonso Espino,ESP-La Liga,1000000.0
Rubén Sobrino,ESP-La Liga,1400000.0
Édgar Badía,ESP-La Liga,3000000.0
Adri Embarba,ESP-La Liga,
Sergi Gómez,ESP-La Liga,2000000.0
Wu Lei,ESP-La Liga,
Chema,ESP-La Liga,
Djené,ESP-La Liga,
Antonio Puertas,ESP-La Liga,2000000.0
Santiago Arias,ESP-La Liga,2500000.0
Carlos Clerc,ESP-La Liga,1500000.0
Nikola Vukčević,ESP-La Liga,
Shkodran Mustafi,ESP-La Liga,800000.0
Aleksandar Sedlar,ESP-La Liga,275000.0
Antonio Raillo,ESP-La Liga,
Darko Brašanac,ESP-La Liga,
Juan Cruz Armada,ESP-La Liga,
Unai García,ESP-La Liga,600000.0
Iván Balliu,ESP-La Liga,1200000.0
Cristian Tello,ESP-La Liga,2700000.0
William Carvalho,ESP-La Liga,3000000.0
Willian José,ESP-La Liga,1400000.0
Casemiro,ESP-La Liga,8000000.0
Dani Carvajal,ESP-La Liga,
David Alaba,ESP-La Liga,20000000.0
Isco,ESP-La Liga,8000000.0
Thibaut Courtois,ESP-La Liga,28000000.0
Joseba Zaldúa,ESP-La Liga,
Mathew Ryan,ESP-La Liga,2000000.0
Portu,ESP-La Liga,1500000.0
Marcos Acuña,ESP-La Liga,4000000.0
Marko Dmitrović,ESP-La Liga,
Nemanja Gudelj,ESP-La Liga,2500000.0
Thomas Delaney,ESP-La Liga,800000.0
Érik Lamela,ESP-La Liga,
Rubén Sobrino,ESP-La Liga,1400000.0
Alberto Moreno,ESP-La Liga,1000000.0
Aïssa Mandi,ESP-La Liga,1800000.0
Gerard Moreno,ESP-La Liga,10000000.0
Gerónimo Rulli,ESP-La Liga,9000000.0
Manu Trigueros,ESP-La Liga,1500000.0
Florian Lejeune,ESP-La Liga,3000000.0
Iñigo Martínez,ESP-La Liga,5000000.0
Antoine Griezmann,ESP-La Liga,11000000.0
Kieran Trippier,ESP-La Liga,2500000.0
Stefan Savić,ESP-La Liga,
Antoine Griezmann,ESP-La Liga,11000000.0
Luuk de Jong,ESP-La Liga,1500000.0
Martin Braithwaite,ESP-La Liga,5000000.0
Hugo Mallo,ESP-La Liga,500000.0
Alberto Perea,ESP-La Liga,450000.0
Marcos Mauro López Gutiérrez,ESP-La Liga,
Rubén Alcaraz,ESP-La Liga,1500000.0
Salvi,ESP-La Liga,
Guido Carrillo,ESP-La Liga,500000.0
Pedro Bigas,ESP-La Liga,1000000.0
Leandro Cabrera,ESP-La Liga,2500000.0
Rubén Rochina,ESP-La Liga,700000.0
Aitor Fernández,ESP-La Liga,600000.0
Roger Martí,ESP-La Liga,1200000.0
Clément Grenier,ESP-La Liga,800000.0
Lago Junior,ESP-La Liga,
Rodrigo Battaglia,ESP-La Liga,1500000.0
Ante Budimir,ESP-La Liga,3000000.0
Esteban Saveljich,ESP-La Liga,500000.0
Sergi Guardiola,ESP-La Liga,800000.0
Yacine Qasmi,ESP-La Liga,600000.0
Germán Pezzella,ESP-La Liga,3000000.0
Marc Bartra,ESP-La Liga,1000000.0
Martín Montoya,ESP-La Liga,350000.0
Sergio Canales,ESP-La Liga,13000000.0
Eden Hazard,ESP-La Liga,5000000.0
Lucas Vázquez,ESP-La Liga,2500000.0
Yassine Bounou,ESP-La Liga,9000000.0
Denis Cheryshev,ESP-La Liga,1000000.0
Gabriel Paulista,ESP-La Liga,700000.0
Jaume Doménech,ESP-La Liga,400000.0
Francis Coquelin,ESP-La Liga,800000.0
Mario Gaspar,ESP-La Liga,1000000.0
Rubén Peña,ESP-La Liga,600000.0
Joselu,ESP-La Liga,5000000.0
Víctor Laguardia,ESP-La Liga,800000.0
Ximo Navarro,ESP-La Liga,600000.0
Édgar Méndez,ESP-La Liga,
Dani García,ESP-La Liga,800000.0
Yuri Berchiche,ESP-La Liga,1800000.0
Héctor Herrera,ESP-La Liga,2500000.0
Cala,ESP-La Liga,
Darío Benedetto,ESP-La Liga,1200000.0
Fidel,ESP-La Liga,1000000.0
Iván Marcone,ESP-La Liga,1200000.0
Josan,ESP-La Liga,1000000.0
Aleix Vidal,ESP-La Liga,1000000.0
David López,ESP-La Liga,2500000.0
Fran Mérida,ESP-La Liga,700000.0
Oier Olazábal,ESP-La Liga,200000.0
David Timor,ESP-La Liga,600000.0
Stefan Mitrović,ESP-La Liga,
Vitolo,ESP-La Liga,100000.0
Quini,ESP-La Liga,350000.0
Sergio Escudero,ESP-La Liga,1500000.0
José Ángel,ESP-La Liga,200000.0
Kiké,ESP-La Liga,
Bebé,ESP-La Liga,600000.0
Nacho,ESP-La Liga,
Toni Kroos,ESP-La Liga,10000000.0
Asier Illarramendi,ESP-La Liga,2000000.0
Óscar de Marcos,ESP-La Liga,1500000.0
Daniel Wass,ESP-La Liga,500000.0
Felipe,ESP-La Liga,1500000.0
Jordi Alba,ESP-La Liga,4000000.0
Neto,ESP-La Liga,1200000.0
Pierre-Emerick Aubameyang,ESP-La Liga,5000000.0
Thiago Galhardo,ESP-La Liga,1100000.0
Lucas Pérez,ESP-La Liga,300000.0
Luis Hernández,ESP-La Liga,500000.0
Gonzalo Verdú,ESP-La Liga,700000.0
Javier Pastore,ESP-La Liga,400000.0
Lucas Pérez,ESP-La Liga,300000.0
Pablo Piatti,ESP-La Liga,400000.0
Dídac Vilà,ESP-La Liga,600000.0
Jaime Mata,ESP-La Liga,900000.0
Maxime Gonalons,ESP-La Liga,700000.0
Jorge Miramón,ESP-La Liga,1500000.0
Sergio Postigo,ESP-La Liga,500000.0
Óscar Duarte,ESP-La Liga,500000.0
Aridane Hernández,ESP-La Liga,800000.0
Roberto Torres,ESP-La Liga,1000000.0
Víctor Ruiz,ESP-La Liga,1000000.0
Gareth Bale,ESP-La Liga,2000000.0
Daniel Wass,ESP-La Liga,500000.0
Jasper Cillessen,ESP-La Liga,1300000.0
Daniel Parejo,ESP-La Liga,
Sergio Asenjo,ESP-La Liga,700000.0
Tomás Pina Isla,ESP-La Liga,
Mikel Balenziaga,ESP-La Liga,400000.0
Sergio Agüero,ESP-La Liga,15000000.0
Sergio Busquets,ESP-La Liga,3500000.0
Iago Aspas,ESP-La Liga,1800000.0
José Mari,ESP-La Liga,200000.0
Allan Nyom,ESP-La Liga,200000.0
Damián Suárez,ESP-La Liga,650000.0
Víctor Díaz,ESP-La Liga,400000.0
Ángel Montoro,ESP-La Liga,500000.0
Dani Rodríguez,ESP-La Liga,100000.0
Jaume Costa,ESP-La Liga,900000.0
Iñigo Pérez,ESP-La Liga,600000.0
Óscar Trejo,ESP-La Liga,1000000.0
Karim Benzema,ESP-La Liga,15000000.0
Marcelo,ESP-La Liga,1800000.0
Ivan Rakitić,ESP-La Liga,
Papu Gómez,ESP-La Liga,2000000.0
Vicente Iborra,ESP-La Liga,300000.0
Étienne Capoue,ESP-La Liga,1500000.0
Luis Suárez,ESP-La Liga,4000000.0
Gerard Piqué,ESP-La Liga,3000000.0
Matías Dituro,ESP-La Liga,300000.0
Nolito,ESP-La Liga,300000.0
Antonio Barragán,ESP-La Liga,600000.0
Kiko Casilla,ESP-La Liga,300000.0
Carlos Bacca,ESP-La Liga,450000.0
Germán Sánchez,ESP-La Liga,200000.0
Coke,ESP-La Liga,300000.0
José Luis Morales,ESP-La Liga,1500000.0
Martín Cáceres,ESP-La Liga,250000.0
Ángel Rodríguez,ESP-La Liga,600000.0
Mario Suárez,ESP-La Liga,300000.0
Andrés Guardado,ESP-La Liga,1000000.0
Fernando,ESP-La Liga,2000000.0
Raúl García,ESP-La Liga,1500000.0
Álvaro Negredo,ESP-La Liga,300000.0
Oier Sanjurjo,ESP-La Liga,300000.0
Radamel Falcao,ESP-La Liga,800000.0
Luka Modrić,ESP-La Liga,4000000.0
David Silva,ESP-La Liga,4000000.0
David Silva,ESP-La Liga,
David Silva,ESP-La Liga,50000.0
Jesús Navas,ESP-La Liga,2500000.0
Raúl Albiol,ESP-La Liga,800000.0
Roberto Soldado,ESP-La Liga,500000.0
Manolo Reina,ESP-La Liga,200000.0
Salva Sevilla,ESP-La Liga,200000.0
Dani Alves,ESP-La Liga,1000000.0
Claudio Bravo,ESP-La Liga,800000.0
Diego López,ESP-La Liga,300000.0
Jorge Molina,ESP-La Liga,600000.0
Joaquín,ESP-La Liga,1500000.0
Leny Yoro,FRA-Ligue 1,55000000.0
El Chadaille Bitshiabu,FRA-Ligue 1,15000000.0
Samuel Koeberlé,FRA-Ligue 1,150000.0
Jeanuël Belocian,FRA-Ligue 1,12000000.0
Mathys Tel,FRA-Ligue 1,30000000.0
Derek Mazou-Sacko,FRA-Ligue 1,250000.0
Guédé Nadje,FRA-Ligue 1,150000.0
Mohamed Ali Cho,FRA-Ligue 1,
Johaneko Louisjean,FRA-Ligue 1,
Rayan Cherki,FRA-Ligue 1,50000000.0
William Mikelbrencis,FRA-Ligue 1,1000000.0
Félix Lemaréchal,FRA-Ligue 1,10000000.0
Djeidi Gassama,FRA-Ligue 1,800000.0
Ismaël Gharbi,FRA-Ligue 1,7000000.0
Ibrahim Diakité,FRA-Ligue 1,1200000.0
Martin Adeline,FRA-Ligue 1,3000000.0
Lesley Ugochukwu,FRA-Ligue 1,25000000.0
Loum Tchaouna,FRA-Ligue 1,15000000.0
Lucas Gourna-Douath,FRA-Ligue 1,4000000.0
Habib Diarra,FRA-Ligue 1,32000000.0
Eric N'Jo,FRA-Ligue 1,200000.0
Dilane Bakwa,FRA-Ligue 1,32000000.0
Junior Mwanga,FRA-Ligue 1,7000000.0
Timothee Pembele,FRA-Ligue 1,
Brayann Pereira,FRA-Ligue 1,700000.0
Ibrahima Baldé,FRA-Ligue 1,300000.0
Redwan Bourles,FRA-Ligue 1,
Théo Le Bris,FRA-Ligue 1,2000000.0
Bradley Barcola,FRA-Ligue 1,70000000.0
Castello Lukeba,FRA-Ligue 1,45000000.0
Malo Gusto,FRA-Ligue 1,35000000.0
Salim Ben Seghir,FRA-Ligue 1,350000.0
Lenny Lacroix,FRA-Ligue 1,1200000.0
Pape Matar Sarr,FRA-Ligue 1,35000000.0
Béni Makouana,FRA-Ligue 1,400000.0
Elye Wahi,FRA-Ligue 1,12000000.0
Enzo Tchato,FRA-Ligue 1,1800000.0
Lohann Doucet,FRA-Ligue 1,700000.0
Edouard Michut,FRA-Ligue 1,2500000.0
Nathan Bitumazala,FRA-Ligue 1,300000.0
Sekou Yansané,FRA-Ligue 1,450000.0
Xavi Simons,FRA-Ligue 1,80000000.0
Kamory Doumbia,FRA-Ligue 1,5000000.0
Andy Diouf,FRA-Ligue 1,9000000.0
Doğan Alemdar,FRA-Ligue 1,1500000.0
Eduardo Camavinga,FRA-Ligue 1,50000000.0
Matthis Abline,FRA-Ligue 1,20000000.0
Abdoulaye Bakayoko,FRA-Ligue 1,350000.0
Yanis Lhery,FRA-Ligue 1,
Ismaël Doukouré,FRA-Ligue 1,18000000.0
Tanguy Zoukrou,FRA-Ligue 1,1500000.0
Noah Fatar,FRA-Ligue 1,450000.0
Waniss Taibi,FRA-Ligue 1,
Amadou Traore,FRA-Ligue 1,
Issouf Sissokho,FRA-Ligue 1,800000.0
Sekou Mara,FRA-Ligue 1,
Tom Lacoux,FRA-Ligue 1,1500000.0
Lucien Agoume,FRA-Ligue 1,
Youssouph Badji,FRA-Ligue 1,900000.0
Arnaud Kalimuendo,FRA-Ligue 1,25000000.0
Christopher Wooh,FRA-Ligue 1,5000000.0
Jonathan Varane,FRA-Ligue 1,500000.0
Amadou Onana,FRA-Ligue 1,42000000.0
Isaac Lihadji,FRA-Ligue 1,1000000.0
Baptiste Mouazan,FRA-Ligue 1,500000.0
Dango Ouattara,FRA-Ligue 1,35000000.0
Habib Keita,FRA-Ligue 1,
Luis Henrique,FRA-Ligue 1,23000000.0
Oussama Targhalline,FRA-Ligue 1,8000000.0
Amadou Mbengue,FRA-Ligue 1,
Boubacar Traoré,FRA-Ligue 1,5000000.0
Chrislain Matsima,FRA-Ligue 1,22000000.0
Eliot Matazo,FRA-Ligue 1,2000000.0
Maghnes Akliouche,FRA-Ligue 1,45000000.0
Tiago Ribeiro,FRA-Ligue 1,200000.0
Joris Chotard,FRA-Ligue 1,10000000.0
Maxime Estève,FRA-Ligue 1,7000000.0
Sacha Delaye,FRA-Ligue 1,300000.0
Mohamed Achi,FRA-Ligue 1,200000.0
Quentin Merlin,FRA-Ligue 1,12000000.0
Willem Geubbels,FRA-Ligue 1,1500000.0
Arnaud Kalimuendo,FRA-Ligue 1,25000000.0
Nuno Mendes,FRA-Ligue 1,75000000.0
Bradley Locko,FRA-Ligue 1,12000000.0
Dion Lopy,FRA-Ligue 1,10000000.0
El Bilal Touré,FRA-Ligue 1,15000000.0
Hugo Ekitike,FRA-Ligue 1,
Nathanael Mbuku,FRA-Ligue 1,
Philippe Koffi,FRA-Ligue 1,
Adrien Truffert,FRA-Ligue 1,20000000.0
Jeremy Doku,FRA-Ligue 1,
Kamaldeen Sulemana,FRA-Ligue 1,18000000.0
Adil Aouchiche,FRA-Ligue 1,2200000.0
Bryan Djile Nokoué,FRA-Ligue 1,
Elhadji Dieye,FRA-Ligue 1,
Lucas Calodat,FRA-Ligue 1,100000.0
Mathys Saban,FRA-Ligue 1,100000.0
Maxence Rivera,FRA-Ligue 1,350000.0
Saidou Sow,FRA-Ligue 1,
Stefan Bajic,FRA-Ligue 1,1200000.0
Moïse Sahi Dion,FRA-Ligue 1,700000.0
Nordine Kandil,FRA-Ligue 1,900000.0
Thibault Klidje,FRA-Ligue 1,
Martin Satriano,FRA-Ligue 1,
Lucas Da Cunha,FRA-Ligue 1,15000000.0
Yadaly Diaby,FRA-Ligue 1,550000.0
David Costa,FRA-Ligue 1,
Ismaël Boura,FRA-Ligue 1,1000000.0
Angel Gomes,FRA-Ligue 1,18000000.0
Sambou Soumano,FRA-Ligue 1,800000.0
Sinaly Diomande,FRA-Ligue 1,
Konrad De La Fuente,FRA-Ligue 1,
William Saliba,FRA-Ligue 1,90000000.0
Georges Mikautadze,FRA-Ligue 1,28000000.0
Lenny Joseph,FRA-Ligue 1,500000.0
Benoît Badiashile,FRA-Ligue 1,18000000.0
Myron Boadu,FRA-Ligue 1,5000000.0
Strahinja Pavlović,FRA-Ligue 1,28000000.0
Vanderson,FRA-Ligue 1,20000000.0
Wilson Isidor,FRA-Ligue 1,18000000.0
Yanis Guermouche,FRA-Ligue 1,125000.0
Yannis Mbemba,FRA-Ligue 1,
Dan Ndoye,FRA-Ligue 1,40000000.0
Evann Guessand,FRA-Ligue 1,28000000.0
Flavius Daniliuc,FRA-Ligue 1,3000000.0
Khéphren Thuram,FRA-Ligue 1,40000000.0
Lucas Da Cunha,FRA-Ligue 1,15000000.0
Melvin Bard,FRA-Ligue 1,10000000.0
Junior Dina Ebimbe,FRA-Ligue 1,6000000.0
Fodé Doucouré,FRA-Ligue 1,500000.0
Aimen Moueffek,FRA-Ligue 1,
Issa Kaboré,FRA-Ligue 1,4000000.0
Mamadou Camara,FRA-Ligue 1,500000.0
Mykola Kukharevych,FRA-Ligue 1,1500000.0
Nassim Chadli,FRA-Ligue 1,500000.0
Yasser Larouci,FRA-Ligue 1,3000000.0
Azzedine Ounahi,FRA-Ligue 1,10000000.0
Batista Mendy,FRA-Ligue 1,10000000.0
Bilal Brahimi,FRA-Ligue 1,
Jason Mbock,FRA-Ligue 1,150000.0
Jean Onana,FRA-Ligue 1,1300000.0
Yacine Adli,FRA-Ligue 1,9000000.0
Hianga'a Mbock,FRA-Ligue 1,700000.0
Lilian Brassier,FRA-Ligue 1,10000000.0
Rafiki Said,FRA-Ligue 1,
Alidu Seidu,FRA-Ligue 1,6000000.0
Salis Abdul Samed,FRA-Ligue 1,8000000.0
Cheick Doucouré,FRA-Ligue 1,15000000.0
Cheikh Niasse,FRA-Ligue 1,2800000.0
Domagoj Bradarić,FRA-Ligue 1,5000000.0
Jonathan David,FRA-Ligue 1,35000000.0
Sven Botman,FRA-Ligue 1,35000000.0
Tiago Djaló,FRA-Ligue 1,7000000.0
Timothy Weah,FRA-Ligue 1,20000000.0
Enzo Le Fée,FRA-Ligue 1,20000000.0
Samuel Loric,FRA-Ligue 1,500000.0
Maxence Caqueret,FRA-Ligue 1,20000000.0
Tetê,FRA-Ligue 1,11000000.0
Bamba Dieng,FRA-Ligue 1,4000000.0
Boubacar Kamara,FRA-Ligue 1,40000000.0
Papa Ndiaga Yade,FRA-Ligue 1,1000000.0
Aurélien Tchouaméni,FRA-Ligue 1,100000000.0
Ismail Jakobs,FRA-Ligue 1,6000000.0
Sofiane Diop,FRA-Ligue 1,10000000.0
Léo Leroy,FRA-Ligue 1,1000000.0
Nicholas Gioacchini,FRA-Ligue 1,800000.0
Abdoulaye Sylla,FRA-Ligue 1,400000.0
Amine Gouiri,FRA-Ligue 1,28000000.0
Bilal Brahimi,FRA-Ligue 1,
Hicham Boudaoui,FRA-Ligue 1,12000000.0
Jean-Clair Todibo,FRA-Ligue 1,23000000.0
Marcin Bułka,FRA-Ligue 1,
Alexis Flips,FRA-Ligue 1,400000.0
Fraser Hornby,FRA-Ligue 1,1200000.0
Jens Cajuste,FRA-Ligue 1,8000000.0
Maxime Busi,FRA-Ligue 1,800000.0
Mitchell van Bergen,FRA-Ligue 1,1000000.0
Moustapha Mbow,FRA-Ligue 1,600000.0
Lorenz Assignon,FRA-Ligue 1,12000000.0
Loïc Bade,FRA-Ligue 1,
Warmed Omari,FRA-Ligue 1,3000000.0
Charles Abi,FRA-Ligue 1,600000.0
Etienne Green,FRA-Ligue 1,1000000.0
Brandon Domingues,FRA-Ligue 1,
Giulian Biancone,FRA-Ligue 1,2500000.0
Enzo Ebosse,FRA-Ligue 1,2500000.0
Anel Ahmedhodžić,FRA-Ligue 1,
Gaëtan Poussin,FRA-Ligue 1,1500000.0
Josh Maja,FRA-Ligue 1,5000000.0
Mehdi Zerkane,FRA-Ligue 1,450000.0
Oriol Busquets,FRA-Ligue 1,
Charles Boli,FRA-Ligue 1,350000.0
Facundo Medina,FRA-Ligue 1,20000000.0
Ignatius Ganago,FRA-Ligue 1,3000000.0
Kevin Danso,FRA-Ligue 1,22000000.0
Edon Zhegrova,FRA-Ligue 1,20000000.0
Gabriel Gudmundsson,FRA-Ligue 1,15000000.0
Armand Lauriente,FRA-Ligue 1,
Ibrahima Koné,FRA-Ligue 1,2500000.0
Moritz Jenz,FRA-Ligue 1,5000000.0
Stéphane Diarra,FRA-Ligue 1,2000000.0
Terem Moffi,FRA-Ligue 1,25000000.0
Leonardo Balerdi,FRA-Ligue 1,20000000.0
Mattéo Guendouzi,FRA-Ligue 1,25000000.0
Pape Gueye,FRA-Ligue 1,6000000.0
Cheikh Tidiane Sabaly,FRA-Ligue 1,
Ibrahima Niane,FRA-Ligue 1,2000000.0
Sikou Niakaté,FRA-Ligue 1,6000000.0
Krépin Diatta,FRA-Ligue 1,6000000.0
Youssouf Fofana,FRA-Ligue 1,30000000.0
Matheus Thuler,FRA-Ligue 1,1300000.0
Nicolas Cozza,FRA-Ligue 1,3000000.0
Alban Lafont,FRA-Ligue 1,3000000.0
Osman Bukari,FRA-Ligue 1,6500000.0
Randal Kolo Muani,FRA-Ligue 1,25000000.0
Calvin Stengs,FRA-Ligue 1,15000000.0
Jordan Lotomba,FRA-Ligue 1,5000000.0
Justin Kluivert,FRA-Ligue 1,32000000.0
Myziane Maolida,FRA-Ligue 1,900000.0
Achraf Hakimi,FRA-Ligue 1,80000000.0
Colin Dagba,FRA-Ligue 1,2500000.0
Gianluigi Donnarumma,FRA-Ligue 1,45000000.0
Kylian Mbappé,FRA-Ligue 1,180000000.0
Sambou Sissoko,FRA-Ligue 1,600000.0
Lamine Ghezali,FRA-Ligue 1,350000.0
Mickael Nade,FRA-Ligue 1,
Yvann Macon,FRA-Ligue 1,
Zaydou Youssouf,FRA-Ligue 1,5500000.0
Lucas Perrin,FRA-Ligue 1,2000000.0
Ike Ugbo,FRA-Ligue 1,
Levi Lumeka,FRA-Ligue 1,200000.0
Abdel Jalil Medioub,FRA-Ligue 1,
Gideon Mensah,FRA-Ligue 1,3500000.0
Javairô Dilrosun,FRA-Ligue 1,4000000.0
Ricardo Mangas,FRA-Ligue 1,2500000.0
Samuel Kalu,FRA-Ligue 1,2500000.0
Hugo Magnetti,FRA-Ligue 1,7000000.0
Irvin Cardona,FRA-Ligue 1,2500000.0
Jérémy Le Douaron,FRA-Ligue 1,5000000.0
Romain Faivre,FRA-Ligue 1,15000000.0
Ronaël Pierre-Gabriel,FRA-Ligue 1,3500000.0
Mohamed Lamine Bayo,FRA-Ligue 1,
Ouparine Djoco,FRA-Ligue 1,500000.0
Patrick Berg,FRA-Ligue 1,4500000.0
Wuilker Faríñez,FRA-Ligue 1,
Jonathan Ikone,FRA-Ligue 1,
Renato Sanches,FRA-Ligue 1,2500000.0
Houboulang Mendes,FRA-Ligue 1,700000.0
Bruno Guimarães,FRA-Ligue 1,75000000.0
Houssem Aouar,FRA-Ligue 1,10000000.0
Jeff Reine-Adélaïde,FRA-Ligue 1,2000000.0
Lucas Paquetá,FRA-Ligue 1,35000000.0
Romain Faivre,FRA-Ligue 1,15000000.0
Pol Lirola,FRA-Ligue 1,1800000.0
Amine Bassi,FRA-Ligue 1,2500000.0
Fali Candé,FRA-Ligue 1,3000000.0
Lamine Gueye,FRA-Ligue 1,800000.0
Mamadou Fofana,FRA-Ligue 1,1800000.0
Sofiane Alakouch,FRA-Ligue 1,500000.0
Warren Tchimbembé,FRA-Ligue 1,300000.0
Axel Disasi,FRA-Ligue 1,15000000.0
Jean Lucas,FRA-Ligue 1,5000000.0
Dimitry Bertaud,FRA-Ligue 1,1200000.0
Stephy Mavididi,FRA-Ligue 1,8000000.0
Ludovic Blas,FRA-Ligue 1,15000000.0
Alexis Claude-Maurice,FRA-Ligue 1,12000000.0
Kasper Dolberg,FRA-Ligue 1,12000000.0
Andrew Gravillon,FRA-Ligue 1,
Azor Matusiwa,FRA-Ligue 1,11000000.0
Ilan Kebbal,FRA-Ligue 1,2000000.0
Kaj Sierhuis,FRA-Ligue 1,800000.0
Moreto Cassamã,FRA-Ligue 1,
Wout Faes,FRA-Ligue 1,12000000.0
Lovro Majer,FRA-Ligue 1,15000000.0
Arnaud Nordin,FRA-Ligue 1,4000000.0
Assane Dioussé,FRA-Ligue 1,900000.0
Harold Moukoudi,FRA-Ligue 1,5000000.0
Mahdi Camara,FRA-Ligue 1,10000000.0
Ibrahima Sissoko,FRA-Ligue 1,3000000.0
Jean-Ricner Bellegarde,FRA-Ligue 1,15000000.0
Karol Fila,FRA-Ligue 1,250000.0
Abdu Conté,FRA-Ligue 1,1500000.0
Dylan Chambost,FRA-Ligue 1,700000.0
Angelo Fulgini,FRA-Ligue 1,5000000.0
Anthony Mandrea,FRA-Ligue 1,
Farid El Melali,FRA-Ligue 1,800000.0
Marin Jakoliš,FRA-Ligue 1,
Mathias Pereira Lage,FRA-Ligue 1,3500000.0
Paul Bernardoni,FRA-Ligue 1,2200000.0
Souleyman Doumbia,FRA-Ligue 1,2000000.0
Danylo Ihnatenko,FRA-Ligue 1,
Enock Kwateng,FRA-Ligue 1,800000.0
Remi Oudin,FRA-Ligue 1,
Toma Bašić,FRA-Ligue 1,2500000.0
Franck Honorat,FRA-Ligue 1,12000000.0
Jean-Kevin Duverne,FRA-Ligue 1,
Jordan Tell,FRA-Ligue 1,600000.0
Yohann Magnin,FRA-Ligue 1,2000000.0
Simon Banza,FRA-Ligue 1,11000000.0
Yusuf Yazıcı,FRA-Ligue 1,10000000.0
Zeki Çelik,FRA-Ligue 1,12000000.0
Adrian Grbić,FRA-Ligue 1,
Igor Carioca,FRA-Ligue 1,
Léo Pétrot,FRA-Ligue 1,1500000.0
Quentin Boisgard,FRA-Ligue 1,700000.0
Maxwel Cornet,FRA-Ligue 1,5000000.0
Tanguy Ndombele,FRA-Ligue 1,
Amine Harit,FRA-Ligue 1,15000000.0
Cengiz Ünder,FRA-Ligue 1,14000000.0
Duje Ćaleta-Car,FRA-Ligue 1,
Gerson,FRA-Ligue 1,18000000.0
Boubakar Kouyaté,FRA-Ligue 1,
Didier Lamkel Zé,FRA-Ligue 1,300000.0
Alexander Nübel,FRA-Ligue 1,12000000.0
Caio Henrique Oliveira Silva,FRA-Ligue 1,
Junior Sambia,FRA-Ligue 1,2000000.0
Jean-Kévin Augustin,FRA-Ligue 1,1000000.0
Pedro Chirivella,FRA-Ligue 1,5000000.0
Roli Pereira de Sa,FRA-Ligue 1,400000.0
Samuel Moutoussamy,FRA-Ligue 1,1200000.0
Pablo Rosario,FRA-Ligue 1,8000000.0
Thilo Kehrer,FRA-Ligue 1,18000000.0
Anastasios Donis,FRA-Ligue 1,700000.0
Mathieu Cafaro,FRA-Ligue 1,3000000.0
Martin Terrier,FRA-Ligue 1,12000000.0
Jean-Philippe Krasso,FRA-Ligue 1,6000000.0
Juan Ignacio Ramírez,FRA-Ligue 1,
Nelson Sissoko,FRA-Ligue 1,
Paul Bernardoni,FRA-Ligue 1,2200000.0
Yvan Neyou,FRA-Ligue 1,2500000.0
Anthony Caci,FRA-Ligue 1,10000000.0
Gerzino Nyamsi,FRA-Ligue 1,4000000.0
Erik Palmer-Brown,FRA-Ligue 1,1500000.0
Patrick Roberts,FRA-Ligue 1,3200000.0
Philippe Sandler,FRA-Ligue 1,3000000.0
Rominigue Kouamé,FRA-Ligue 1,2000000.0
Antonin Bobichon,FRA-Ligue 1,700000.0
Alberth Elis,FRA-Ligue 1,2000000.0
Romain Del Castillo,FRA-Ligue 1,10000000.0
Aboubakar Sidibé,FRA-Ligue 1,150000.0
Grejohn Kyei,FRA-Ligue 1,400000.0
Ivo Grbić,FRA-Ligue 1,
Jonathan Bamba,FRA-Ligue 1,9000000.0
Bonke Innocent,FRA-Ligue 1,1000000.0
Moussa Dembélé,FRA-Ligue 1,12000000.0
Tino Kadewere,FRA-Ligue 1,1800000.0
Nemanja Radonjić,FRA-Ligue 1,
Fabien Centonze,FRA-Ligue 1,1200000.0
Habib Maïga,FRA-Ligue 1,2500000.0
Kévin N'Doram,FRA-Ligue 1,1500000.0
Matthieu Udol,FRA-Ligue 1,2500000.0
Vagner Gonçalves,FRA-Ligue 1,275000.0
Aleksandr Golovin,FRA-Ligue 1,18000000.0
Mihailo Ristić,FRA-Ligue 1,
Marcus Coco,FRA-Ligue 1,850000.0
Danilo Barbosa,FRA-Ligue 1,2000000.0
Youcef Atal,FRA-Ligue 1,4300000.0
Abdou Diallo,FRA-Ligue 1,9000000.0
Presnel Kimpembe,FRA-Ligue 1,4000000.0
Ghislain Konan,FRA-Ligue 1,6500000.0
Marshall Munetsi,FRA-Ligue 1,10000000.0
Predrag Rajković,FRA-Ligue 1,10000000.0
Nayef Aguerd,FRA-Ligue 1,22000000.0
Romain Del Castillo,FRA-Ligue 1,10000000.0
Serhou Guirassy,FRA-Ligue 1,40000000.0
Lebo Mothiba,FRA-Ligue 1,1500000.0
Mahame Siby,FRA-Ligue 1,
Mehdi Chahiri,FRA-Ligue 1,700000.0
Lebo Mothiba,FRA-Ligue 1,1500000.0
Mama Samba Baldé,FRA-Ligue 1,
Nabil Bentaleb,FRA-Ligue 1,5000000.0
Sada Thioub,FRA-Ligue 1,1000000.0
M'Baye Niang,FRA-Ligue 1,2500000.0
Stian Rode Gregersen,FRA-Ligue 1,
Brendan Chardonnet,FRA-Ligue 1,8000000.0
Steve Mounié,FRA-Ligue 1,1800000.0
Akim Zedadka,FRA-Ligue 1,800000.0
Arial Mendy,FRA-Ligue 1,600000.0
Jim Allevinah,FRA-Ligue 1,2000000.0
Saîf-Eddine Khaoui,FRA-Ligue 1,2000000.0
Corentin Jean,FRA-Ligue 1,1000000.0
Przemysław Frankowski,FRA-Ligue 1,
Seko Fofana,FRA-Ligue 1,8000000.0
Wesley Saïd,FRA-Ligue 1,4000000.0
Léo Jardim,FRA-Ligue 1,3000000.0
Xeka,FRA-Ligue 1,1000000.0
Emerson Palmieri,FRA-Ligue 1,
Jason Denayer,FRA-Ligue 1,4000000.0
Julian Pollersbeck,FRA-Ligue 1,500000.0
Leo Dubois,FRA-Ligue 1,
Pau López,FRA-Ligue 1,2500000.0
Valentin Rongier,FRA-Ligue 1,9000000.0
Dylan Bronn,FRA-Ligue 1,1300000.0
Gelson Martins,FRA-Ligue 1,2500000.0
Jean-Charles Castelletto,FRA-Ligue 1,3200000.0
Moses Simon,FRA-Ligue 1,7000000.0
Wylan Cyprien,FRA-Ligue 1,1100000.0
Arber Zeneli,FRA-Ligue 1,
Moussa Doumbia,FRA-Ligue 1,1800000.0
Thomas Foket,FRA-Ligue 1,600000.0
Baptiste Santamaria,FRA-Ligue 1,4500000.0
Birger Meling,FRA-Ligue 1,1500000.0
Denis Bouanga,FRA-Ligue 1,8000000.0
Enzo Crivelli,FRA-Ligue 1,900000.0
Falaye Sacko,FRA-Ligue 1,4000000.0
Sada Thioub,FRA-Ligue 1,1000000.0
Alexander Djiku,FRA-Ligue 1,9000000.0
Frederic Guilbert,FRA-Ligue 1,
Habib Diallo,FRA-Ligue 1,14000000.0
Gerson Rodrigues,FRA-Ligue 1,350000.0
Youssouf Koné,FRA-Ligue 1,800000.0
Jimmy Cabot,FRA-Ligue 1,2500000.0
Sofiane Boufal,FRA-Ligue 1,2000000.0
Otávio,FRA-Ligue 1,4500000.0
Haris Belkebla,FRA-Ligue 1,2500000.0
Jere Uronen,FRA-Ligue 1,1000000.0
Arthur Desmas,FRA-Ligue 1,2500000.0
Cédric Hountondji,FRA-Ligue 1,2000000.0
Jean-Claude Billong,FRA-Ligue 1,250000.0
Pierre-Yves Hamel,FRA-Ligue 1,500000.0
Deiver Machado,FRA-Ligue 1,4000000.0
Reinildo Mandava,FRA-Ligue 1,5000000.0
Julien Laporte,FRA-Ligue 1,2000000.0
Paul Nardi,FRA-Ligue 1,2500000.0
Pierre-Yves Hamel,FRA-Ligue 1,500000.0
Henrique,FRA-Ligue 1,
Arkadiusz Milik,FRA-Ligue 1,6000000.0
Jordan Amavi,FRA-Ligue 1,1200000.0
Luan Peres Petroni,FRA-Ligue 1,
Louis Mafouta,FRA-Ligue 1,1000000.0
Marc-Aurèle Caillard,FRA-Ligue 1,100000.0
Opa Nguette,FRA-Ligue 1,1500000.0
Guillermo Maripán,FRA-Ligue 1,4000000.0
Gaëtan Laborde,FRA-Ligue 1,10000000.0
Jonas Omlin,FRA-Ligue 1,1500000.0
Hassane Kamara,FRA-Ligue 1,3000000.0
Jordan Amavi,FRA-Ligue 1,1200000.0
Mario Lemina,FRA-Ligue 1,6000000.0
Julian Draxler,FRA-Ligue 1,5000000.0
Leandro Paredes,FRA-Ligue 1,5000000.0
Marquinhos,FRA-Ligue 1,30000000.0
Sergio Rico,FRA-Ligue 1,1500000.0
Alfred Gomis,FRA-Ligue 1,1000000.0
Benjamin Bourigeaud,FRA-Ligue 1,5000000.0
Gaëtan Laborde,FRA-Ligue 1,10000000.0
Adrien Thomasson,FRA-Ligue 1,4500000.0
Jean-Eudes Aholou,FRA-Ligue 1,800000.0
Ludovic Ajorque,FRA-Ligue 1,3000000.0
Sanjin Prcić,FRA-Ligue 1,
Casimir Ninga,FRA-Ligue 1,600000.0
Danijel Petković,FRA-Ligue 1,
Hwang Ui-jo,FRA-Ligue 1,
Rubén Pardo,FRA-Ligue 1,350000.0
Christophe Hérelle,FRA-Ligue 1,1500000.0
Dénys Bain,FRA-Ligue 1,
Elba Rashani,FRA-Ligue 1,
Jérôme Phojo,FRA-Ligue 1,300000.0
Vital N'Simba,FRA-Ligue 1,
Jonathan Clauss,FRA-Ligue 1,4500000.0
Jonathan Gradit,FRA-Ligue 1,4500000.0
Massadio Haïdara,FRA-Ligue 1,900000.0
Laurent Abergel,FRA-Ligue 1,3000000.0
Karl Toko Ekambi,FRA-Ligue 1,5000000.0
Sead Kolašinac,FRA-Ligue 1,
Farid Boulaya,FRA-Ligue 1,2000000.0
Ibrahim Amadou,FRA-Ligue 1,1500000.0
Jemerson,FRA-Ligue 1,1700000.0
Ruben Aguilar,FRA-Ligue 1,3000000.0
Walter Benítez,FRA-Ligue 1,5000000.0
Juan Bernat,FRA-Ligue 1,1500000.0
Marco Verratti,FRA-Ligue 1,25000000.0
Mauro Icardi,FRA-Ligue 1,6000000.0
Rafinha,FRA-Ligue 1,4000000.0
Valon Berisha,FRA-Ligue 1,1500000.0
Flavien Tait,FRA-Ligue 1,300000.0
Miguel Trauco,FRA-Ligue 1,1800000.0
Gauthier Gallon,FRA-Ligue 1,600000.0
Renaud Ripart,FRA-Ligue 1,2000000.0
Yoann Salmier,FRA-Ligue 1,1500000.0
Stéphane Bahoken,FRA-Ligue 1,950000.0
Loris Benito,FRA-Ligue 1,500000.0
Youcef Belaïli,FRA-Ligue 1,1500000.0
Jodel Dossou,FRA-Ligue 1,800000.0
Josué Albert,FRA-Ligue 1,300000.0
Steven Fortes,FRA-Ligue 1,400000.0
Thiago Mendes,FRA-Ligue 1,4500000.0
Xherdan Shaqiri,FRA-Ligue 1,3500000.0
Thomas Delaine,FRA-Ligue 1,500000.0
Djibril Sidibé,FRA-Ligue 1,1500000.0
Kevin Volland,FRA-Ligue 1,500000.0
Andy Delort,FRA-Ligue 1,1500000.0
Arnaud Souquet,FRA-Ligue 1,1500000.0
Florent Mollet,FRA-Ligue 1,600000.0
Jordan Ferri,FRA-Ligue 1,500000.0
Téji Savanier,FRA-Ligue 1,9000000.0
Andrei Girotto,FRA-Ligue 1,4000000.0
Charles Traore,FRA-Ligue 1,
Dennis Appiah,FRA-Ligue 1,700000.0
Kalifa Coulibaly,FRA-Ligue 1,600000.0
Renaud Emond,FRA-Ligue 1,350000.0
Andy Delort,FRA-Ligue 1,1500000.0
Danilo Pereira,FRA-Ligue 1,8000000.0
Neymar,FRA-Ligue 1,50000000.0
Pablo Sarabia,FRA-Ligue 1,4000000.0
Hamari Traoré,FRA-Ligue 1,6000000.0
Timothée Kolodziejczak,FRA-Ligue 1,400000.0
Abdul Majeed Waris,FRA-Ligue 1,
Matz Sels,FRA-Ligue 1,6000000.0
Florian Tardieu,FRA-Ligue 1,500000.0
Jimmy Giraudon,FRA-Ligue 1,500000.0
Fransérgio,FRA-Ligue 1,1200000.0
Josuha Guilavogui,FRA-Ligue 1,700000.0
Marco Bizot,FRA-Ligue 1,4000000.0
Florian Sotoca,FRA-Ligue 1,1500000.0
Gaël Kakuta,FRA-Ligue 1,1800000.0
Benjamin André,FRA-Ligue 1,4000000.0
Thomas Fontaine,FRA-Ligue 1,250000.0
Thomas Monconduit,FRA-Ligue 1,600000.0
Anthony Lopes,FRA-Ligue 1,4000000.0
Cédric Bakambu,FRA-Ligue 1,1400000.0
Nicolas de Préville,FRA-Ligue 1,400000.0
Vincent Pajot,FRA-Ligue 1,400000.0
Wissam Ben Yedder,FRA-Ligue 1,8000000.0
Ambroise Oyongo,FRA-Ligue 1,500000.0
Pedro Mendes,FRA-Ligue 1,400000.0
Sébastien Corchia,FRA-Ligue 1,1000000.0
Alexandre Letellier,FRA-Ligue 1,250000.0
Georginio Wijnaldum,FRA-Ligue 1,6000000.0
Xavier Chavalerin,FRA-Ligue 1,1500000.0
Eliaquim Mangala,FRA-Ligue 1,150000.0
Gabriel Silva,FRA-Ligue 1,700000.0
Wahbi Khazri,FRA-Ligue 1,600000.0
Oualid El Hajjam,FRA-Ligue 1,800000.0
Suk Hyun-jun,FRA-Ligue 1,
Tristan Dingomé,FRA-Ligue 1,300000.0
Xavier Chavalerin,FRA-Ligue 1,1500000.0
Abdoulaye Bamba,FRA-Ligue 1,400000.0
Jason Berthomier,FRA-Ligue 1,500000.0
Vincent Le Goff,FRA-Ligue 1,900000.0
Darío Benedetto,FRA-Ligue 1,1200000.0
Álvaro González,FRA-Ligue 1,2200000.0
Mamadou Sakho,FRA-Ligue 1,800000.0
Rémy Cabella,FRA-Ligue 1,1500000.0
Valère Germain,FRA-Ligue 1,1500000.0
Fábio,FRA-Ligue 1,1000000.0
Morgan Schneiderlin,FRA-Ligue 1,300000.0
Ander Herrera,FRA-Ligue 1,2000000.0
Idrissa Gana Gueye,FRA-Ligue 1,
Jonas Martin,FRA-Ligue 1,300000.0
Ryad Boudebouz,FRA-Ligue 1,1200000.0
Maxime Le Marchand,FRA-Ligue 1,1000000.0
Karim Azamoum,FRA-Ligue 1,200000.0
Vincent Manceau,FRA-Ligue 1,300000.0
Mexer,FRA-Ligue 1,200000.0
Paul Lasne,FRA-Ligue 1,250000.0
Florent Ogier,FRA-Ligue 1,300000.0
Jonathan Iglesias,FRA-Ligue 1,350000.0
Jérémy Pied,FRA-Ligue 1,200000.0
Matthieu Dreyer,FRA-Ligue 1,150000.0
Jérôme Boateng,FRA-Ligue 1,400000.0
Jean-Armel Kana-Biyik,FRA-Ligue 1,250000.0
Romain Thomas,FRA-Ligue 1,400000.0
Paul Baysse,FRA-Ligue 1,800000.0
Romain Philippoteaux,FRA-Ligue 1,300000.0
Johan Gastien,FRA-Ligue 1,500000.0
Damien Da Silva,FRA-Ligue 1,500000.0
Islam Slimani,FRA-Ligue 1,400000.0
Alexandre Oukidja,FRA-Ligue 1,500000.0
Nicolas Pallois,FRA-Ligue 1,300000.0
Ángel Di María,FRA-Ligue 1,2000000.0
Yunis Abdelhamid,FRA-Ligue 1,350000.0
Bakary Sako,FRA-Ligue 1,75000.0
Dimitri Liénard,FRA-Ligue 1,400000.0
Ismaël Traoré,FRA-Ligue 1,250000.0
Pierrick Capelle,FRA-Ligue 1,250000.0
Thomas Mangani,FRA-Ligue 1,300000.0
Benoît Costil,FRA-Ligue 1,600000.0
Marcelo,FRA-Ligue 1,800000.0
Julien Faussurier,FRA-Ligue 1,250000.0
Hatem Ben Arfa,FRA-Ligue 1,200000.0
Fabien Lemoine,FRA-Ligue 1,200000.0
Marcelo,FRA-Ligue 1,800000.0
Dimitri Payet,FRA-Ligue 1,1800000.0
Cesc Fàbregas,FRA-Ligue 1,1000000.0
Keylor Navas,FRA-Ligue 1,1500000.0
Lionel Messi,FRA-Ligue 1,35000000.0
Romain Hamouma,FRA-Ligue 1,400000.0
Kévin Gameiro,FRA-Ligue 1,700000.0
Yoann Touzghar,FRA-Ligue 1,300000.0
Jimmy Briand,FRA-Ligue 1,600000.0
Laurent Koscielny,FRA-Ligue 1,3000000.0
Jean-Louis Leca,FRA-Ligue 1,200000.0
Jérôme Hergault,FRA-Ligue 1,250000.0
Sergio Ramos,FRA-Ligue 1,2500000.0
Adil Rami,FRA-Ligue 1,250000.0
Jessy Moulin,FRA-Ligue 1,200000.0
Yannick Cahuzac,FRA-Ligue 1,300000.0
Burak Yılmaz,FRA-Ligue 1,
Steve Mandanda,FRA-Ligue 1,500000.0
José Fonte,FRA-Ligue 1,100000.0
Jérémy Morel,FRA-Ligue 1,300000.0
Dante,FRA-Ligue 1,500000.0
Romain Salin,FRA-Ligue 1,150000.0
Eiji Kawashima,FRA-Ligue 1,150000.0
Wisdom Amey,ITA-Serie A,700000.0
Simone Pafundi,ITA-Serie A,5000000.0
Kacper Urbanski,ITA-Serie A,
Luka Romero,ITA-Serie A,5000000.0
Giorgio Scalvini,ITA-Serie A,45000000.0
Moustapha Cissé,ITA-Serie A,800000.0
Antonio Raimondo,ITA-Serie A,3000000.0
Nicola Bagnolini,ITA-Serie A,200000.0
Niklas Pyyhtiä,ITA-Serie A,1200000.0
Riccardo Stivanello,ITA-Serie A,200000.0
Filippo Distefano,ITA-Serie A,600000.0
Diego Coppola,ITA-Serie A,10000000.0
Fabio Miretti,ITA-Serie A,14000000.0
Cristian Volpato,ITA-Serie A,4500000.0
Dimitrios Keramitsis,ITA-Serie A,250000.0
Alessandro Russo,ITA-Serie A,25000.0
Riccardo Pinzi,ITA-Serie A,100000.0
Hilmir Mikaelsson,ITA-Serie A,
Tommaso De Nipoti,ITA-Serie A,200000.0
Denso Kasius,ITA-Serie A,6000000.0
Ebenezer Annan,ITA-Serie A,50000.0
Adam Obert,ITA-Serie A,4000000.0
Christos Kourfalidis,ITA-Serie A,800000.0
Tommaso Baldanzi,ITA-Serie A,10000000.0
Aleksander Buksa,ITA-Serie A,700000.0
Filippo Terracciano,ITA-Serie A,4500000.0
Mattia Zanotti,ITA-Serie A,1000000.0
Matìas Soulé,ITA-Serie A,
Raúl Moro,ITA-Serie A,2500000.0
Felix Afena-Gyan,ITA-Serie A,4200000.0
Mario Perrone,ITA-Serie A,50000.0
Gerard Yepes,ITA-Serie A,500000.0
Brian Oddei,ITA-Serie A,600000.0
Aimar Sher,ITA-Serie A,750000.0
Janis Antiste,ITA-Serie A,2300000.0
Nicolò Bertola,ITA-Serie A,150000.0
Destiny Udogie,ITA-Serie A,40000000.0
Patrick Leal,ITA-Serie A,100000.0
Alassane Sidibe,ITA-Serie A,750000.0
Giorgio Cittadini,ITA-Serie A,2400000.0
Aaron Hickey,ITA-Serie A,28000000.0
Luis Binks,ITA-Serie A,2800000.0
Kristjan Asllani,ITA-Serie A,13000000.0
Mattia Viti,ITA-Serie A,5000000.0
Samuele Ricci,ITA-Serie A,22000000.0
Nicolò Rovella,ITA-Serie A,28000000.0
Riccardo Calafiori,ITA-Serie A,50000000.0
Matteo Cancellieri,ITA-Serie A,4800000.0
Kaio Jorge,ITA-Serie A,4000000.0
Martin Palumbo,ITA-Serie A,700000.0
Daniel Maldini,ITA-Serie A,4500000.0
Luca Stanga,ITA-Serie A,125000.0
Edoardo Bove,ITA-Serie A,5000000.0
Nicola Zalewski,ITA-Serie A,15000000.0
Riccardo Calafiori,ITA-Serie A,50000000.0
Andrei Motoc,ITA-Serie A,225000.0
Matteo Ruggeri,ITA-Serie A,15000000.0
Radu Drăgușin,ITA-Serie A,25000000.0
Radu Drăgușin,ITA-Serie A,25000000.0
Riccardo Ciervo,ITA-Serie A,1300000.0
Simone Trimboli,ITA-Serie A,400000.0
Emil Ceide,ITA-Serie A,
Luigi Samele,ITA-Serie A,150000.0
Eddie Salcedo,ITA-Serie A,1000000.0
Petar Zovko,ITA-Serie A,100000.0
Suf Podgoreanu,ITA-Serie A,300000.0
Samuele Ricci,ITA-Serie A,22000000.0
Brandon Soppy,ITA-Serie A,2000000.0
Lazar Samardzic,ITA-Serie A,
Gianluca Busio,ITA-Serie A,5500000.0
Issa Bah,ITA-Serie A,75000.0
Tanner Tessmann,ITA-Serie A,12000000.0
Roberto Piccoli,ITA-Serie A,18000000.0
Emanuel Vignato,ITA-Serie A,1100000.0
Andrea Carboni,ITA-Serie A,2500000.0
Fabiano Parisi,ITA-Serie A,9500000.0
Liberato Cacace,ITA-Serie A,3000000.0
Laurens Serpe,ITA-Serie A,100000.0
Morten Frendrup,ITA-Serie A,15000000.0
Roberto Piccoli,ITA-Serie A,18000000.0
Yayah Kallon,ITA-Serie A,1000000.0
Ivan Ilić,ITA-Serie A,18000000.0
Mateusz Praszelik,ITA-Serie A,900000.0
Martin Satriano,ITA-Serie A,
Marley Aké,ITA-Serie A,1600000.0
Pietro Pellegri,ITA-Serie A,3000000.0
Alessandro Zanoli,ITA-Serie A,5000000.0
Bryan Reynolds,ITA-Serie A,3500000.0
Ebrima Darboe,ITA-Serie A,1800000.0
Edoardo Vergani,ITA-Serie A,450000.0
Kristoffer Askildsen,ITA-Serie A,1400000.0
Dávid Strelec,ITA-Serie A,
David Zima,ITA-Serie A,4000000.0
Demba Seck,ITA-Serie A,2000000.0
Pietro Pellegri,ITA-Serie A,3000000.0
Wilfried Singo,ITA-Serie A,28000000.0
Ethan Ampadu,ITA-Serie A,12000000.0
Nicolas Galazzi,ITA-Serie A,450000.0
Matteo Lovato,ITA-Serie A,4000000.0
Valentin Mihaila,ITA-Serie A,
Andreas Skov Olsen,ITA-Serie A,10000000.0
Arthur Theate,ITA-Serie A,24000000.0
Kingsley Michael,ITA-Serie A,150000.0
Sydney van Hooijdonk,ITA-Serie A,4000000.0
Gabriele Zappa,ITA-Serie A,4000000.0
Luca Gagliano,ITA-Serie A,200000.0
Matteo Lovato,ITA-Serie A,4000000.0
Raoul Bellanova,ITA-Serie A,15000000.0
Sebastian Walukiewicz,ITA-Serie A,4500000.0
Aleksa Terzić,ITA-Serie A,
Dušan Vlahović,ITA-Serie A,35000000.0
Andrea Cambiaso,ITA-Serie A,30000000.0
Flavio Junior Bianchi,ITA-Serie A,
Kelvin Yeboah,ITA-Serie A,4000000.0
Leo Skiri Østigård,ITA-Serie A,
Manolo Portanova,ITA-Serie A,400000.0
Bosko Sutalo,ITA-Serie A,2500000.0
Ivor Pandur,ITA-Serie A,2000000.0
Dejan Kulusevski,ITA-Serie A,45000000.0
Dušan Vlahović,ITA-Serie A,35000000.0
Matthijs de Ligt,ITA-Serie A,65000000.0
Moise Kean,ITA-Serie A,45000000.0
Anderson Lima,ITA-Serie A,
Dimitrije Kamenović,ITA-Serie A,
Brahim Díaz,ITA-Serie A,40000000.0
Matteo Gabbia,ITA-Serie A,8000000.0
Pierre Kalulu,ITA-Serie A,28000000.0
Sandro Tonali,ITA-Serie A,75000000.0
Davide Marfella,ITA-Serie A,50000.0
Elif Elmas,ITA-Serie A,
Gianluca Gaetano,ITA-Serie A,4000000.0
Marash Kumbulla,ITA-Serie A,4500000.0
Mikkel Damsgaard,ITA-Serie A,10000000.0
Vladyslav Supriaha,ITA-Serie A,
Davide Frattesi,ITA-Serie A,28000000.0
Giacomo Raspadori,ITA-Serie A,22000000.0
Hamed Junior Traorè,ITA-Serie A,
Ebrima Colley,ITA-Serie A,2600000.0
Jakub Kiwior,ITA-Serie A,27000000.0
Ben Lhassine Kone,ITA-Serie A,500000.0
Luca Gemello,ITA-Serie A,300000.0
Magnus Warming,ITA-Serie A,350000.0
Nehuén Pérez,ITA-Serie A,13000000.0
Bjarki Bjarkason,ITA-Serie A,450000.0
Mickaël Cuisance,ITA-Serie A,
Mattias Svanberg,ITA-Serie A,12000000.0
Musa Barrow,ITA-Serie A,9000000.0
Takehiro Tomiyasu,ITA-Serie A,12000000.0
Giorgio Altare,ITA-Serie A,800000.0
Andrea Pinamonti,ITA-Serie A,15000000.0
Nedim Bajrami,ITA-Serie A,4500000.0
Riccardo Sottil,ITA-Serie A,3500000.0
Youssef Maleh,ITA-Serie A,4500000.0
Filippo Melegoni,ITA-Serie A,1200000.0
Johan Vásquez,ITA-Serie A,10000000.0
Zinho Vanheusden,ITA-Serie A,5000000.0
Gianluca Frabotta,ITA-Serie A,1400000.0
Panagiotis Retsos,ITA-Serie A,2500000.0
Alessandro Bastoni,ITA-Serie A,80000000.0
Luca Pellegrini,ITA-Serie A,3500000.0
Weston McKennie,ITA-Serie A,22000000.0
Alexis Saelemaekers,ITA-Serie A,12000000.0
Rafael Leão,ITA-Serie A,90000000.0
Victor Osimhen,ITA-Serie A,75000000.0
Nicolò Zaniolo,ITA-Serie A,13000000.0
Roger Ibanez,ITA-Serie A,
Emil Bohinen,ITA-Serie A,1300000.0
Filippo Delli Carri,ITA-Serie A,300000.0
Luca Ranieri,ITA-Serie A,7000000.0
Mamadou Coulibaly,ITA-Serie A,1300000.0
Mikael,ITA-Serie A,300000.0
Nadir Zortea,ITA-Serie A,7500000.0
Éderson,ITA-Serie A,40000000.0
Giacomo Satalino,ITA-Serie A,150000.0
Gianluca Scamacca,ITA-Serie A,35000000.0
Mert Müldür,ITA-Serie A,5000000.0
Ruan,ITA-Serie A,2500000.0
Aurélien Nguiamba,ITA-Serie A,300000.0
Dimitris Nikolaou,ITA-Serie A,
Kevin Agudelo,ITA-Serie A,4000000.0
Petko Hristov,ITA-Serie A,900000.0
Alessandro Buongiorno,ITA-Serie A,45000000.0
Tommaso Pobega,ITA-Serie A,9000000.0
Arnór Sigurðsson,ITA-Serie A,
Daan Heymans,ITA-Serie A,4000000.0
David Schnegg,ITA-Serie A,1800000.0
Michael Svoboda,ITA-Serie A,900000.0
Giuseppe Pezzella,ITA-Serie A,2200000.0
Merih Demiral,ITA-Serie A,20000000.0
Teun Koopmeiners,ITA-Serie A,28000000.0
Nicolás Domínguez,ITA-Serie A,16000000.0
Damir Ceter,ITA-Serie A,400000.0
Giovanni Crociata,ITA-Serie A,600000.0
Patrick Cutrone,ITA-Serie A,5000000.0
Riccardo Marchizza,ITA-Serie A,2500000.0
Szymon Żurkowski,ITA-Serie A,2500000.0
Arthur Cabral,ITA-Serie A,9000000.0
Bartłomiej Drągowski,ITA-Serie A,2500000.0
Igor,ITA-Serie A,
Jonathan Ikone,ITA-Serie A,
Nicolás González,ITA-Serie A,
Nikola Milenković,ITA-Serie A,30000000.0
Adrian Šemper,ITA-Serie A,
Silvan Hefti,ITA-Serie A,2500000.0
Martin Hongla,ITA-Serie A,2500000.0
Nicolò Casale,ITA-Serie A,5000000.0
Federico Dimarco,ITA-Serie A,50000000.0
Lautaro Martínez,ITA-Serie A,85000000.0
Federico Chiesa,ITA-Serie A,18000000.0
Manuel Locatelli,ITA-Serie A,25000000.0
Jovane Cabral,ITA-Serie A,800000.0
Fikayo Tomori,ITA-Serie A,40000000.0
Ismaël Bennacer,ITA-Serie A,9000000.0
Theo Hernández,ITA-Serie A,60000000.0
Axel Tuanzebe,ITA-Serie A,5000000.0
Ainsley Maitland-Niles,ITA-Serie A,9000000.0
Carles Pérez,ITA-Serie A,1800000.0
Matías Viña,ITA-Serie A,10000000.0
Tammy Abraham,ITA-Serie A,14000000.0
Grigoris Kastanos,ITA-Serie A,1800000.0
Julian Chabot,ITA-Serie A,
Ronaldo Vieira,ITA-Serie A,1500000.0
Abdou Harroui,ITA-Serie A,1800000.0
Matheus Henrique,ITA-Serie A,8500000.0
Maxime Lopez,ITA-Serie A,7500000.0
Rogério,ITA-Serie A,2000000.0
Giulio Maggiore,ITA-Serie A,3500000.0
Kelvin Amian,ITA-Serie A,2500000.0
Martin Erlic,ITA-Serie A,
Salvador Ferrer,ITA-Serie A,
Josip Brekalo,ITA-Serie A,2500000.0
Beto,ITA-Serie A,20000000.0
Jean-Victor Makengo,ITA-Serie A,6000000.0
Nahuel Molina,ITA-Serie A,15000000.0
David Okereke,ITA-Serie A,2400000.0
Dennis Johnsen,ITA-Serie A,1200000.0
Sofian Kiyine,ITA-Serie A,450000.0
Jeremie Boga,ITA-Serie A,
Joakim Mæhle,ITA-Serie A,
Matteo Pessina,ITA-Serie A,5000000.0
Sam Lammers,ITA-Serie A,3000000.0
Jerdy Schouten,ITA-Serie A,22000000.0
Michel Aebischer,ITA-Serie A,4500000.0
Riccardo Orsolini,ITA-Serie A,25000000.0
Ardian Ismajli,ITA-Serie A,6000000.0
Guglielmo Vicario,ITA-Serie A,30000000.0
Sebastiano Luperto,ITA-Serie A,4000000.0
Gaetano Castrovilli,ITA-Serie A,750000.0
Sofyan Amrabat,ITA-Serie A,22000000.0
Albert Guðmundsson,ITA-Serie A,
Andrea Favilli,ITA-Serie A,1000000.0
Francesco Cassata,ITA-Serie A,700000.0
Nadiem Amiri,ITA-Serie A,17000000.0
Pablo Galdames Millán,ITA-Serie A,
Paolo Ghiglione,ITA-Serie A,1300000.0
Fabio Depaoli,ITA-Serie A,3000000.0
Yıldırım Mert Çetin,ITA-Serie A,
Ionuț Radu,ITA-Serie A,5000000.0
Nicolò Barella,ITA-Serie A,60000000.0
Arthur Melo,ITA-Serie A,4000000.0
Denis Zakaria,ITA-Serie A,25000000.0
Rodrigo Bentancur,ITA-Serie A,27000000.0
Luiz Felipe,ITA-Serie A,3000000.0
Luiz Felipe,ITA-Serie A,200000.0
Toma Bašić,ITA-Serie A,2500000.0
Davide Calabria,ITA-Serie A,13000000.0
Fodé Ballo-Touré,ITA-Serie A,1000000.0
Franck Kessié,ITA-Serie A,20000000.0
Adam Ounas,ITA-Serie A,4000000.0
Alex Meret,ITA-Serie A,14000000.0
Amadou Diawara,ITA-Serie A,1500000.0
Borja Mayoral,ITA-Serie A,7500000.0
Cedric Gondo,ITA-Serie A,800000.0
Federico Bonazzoli,ITA-Serie A,2500000.0
Julian Kristoffersen,ITA-Serie A,175000.0
Abdelhamid Sabiri,ITA-Serie A,2200000.0
Emil Audero,ITA-Serie A,3200000.0
Fabio Depaoli,ITA-Serie A,3000000.0
Jeremie Boga,ITA-Serie A,
M'Bala Nzola,ITA-Serie A,6000000.0
Rey Manaj,ITA-Serie A,2500000.0
Samuel Mráz,ITA-Serie A,450000.0
Simone Bastoni,ITA-Serie A,1500000.0
Gleison Bremer,ITA-Serie A,
Ola Aina,ITA-Serie A,20000000.0
Rolando Mandragora,ITA-Serie A,8500000.0
Saša Lukić,ITA-Serie A,12000000.0
Vanja Milinković-Savić,ITA-Serie A,5000000.0
Filip Benković,ITA-Serie A,
Aleksei Miranchuk,ITA-Serie A,
Kevin Bonifazi,ITA-Serie A,300000.0
Alessandro Deiola,ITA-Serie A,1600000.0
Boris Radunović,ITA-Serie A,1000000.0
Christian Oliva,ITA-Serie A,750000.0
Nahitan Nández,ITA-Serie A,5000000.0
Răzvan Marin,ITA-Serie A,3000000.0
Liam Henderson,ITA-Serie A,1400000.0
Liam Henderson,ITA-Serie A,
Nicolas Haas,ITA-Serie A,700000.0
Petar Stojanović,ITA-Serie A,600000.0
Lucas Martínez Quarta,ITA-Serie A,4500000.0
Lucas Torreira,ITA-Serie A,15000000.0
Álvaro Odriozola,ITA-Serie A,800000.0
Mohamed Fares,ITA-Serie A,1300000.0
Giangiacomo Magnani,ITA-Serie A,3000000.0
Lorenzo Montipò,ITA-Serie A,2000000.0
Denzel Dumfries,ITA-Serie A,25000000.0
Stefano Sensi,ITA-Serie A,1200000.0
Denis Vavro,ITA-Serie A,7000000.0
Andre-Frank Zambo Anguissa,ITA-Serie A,
Fabián Ruiz Peña,ITA-Serie A,
Gianluca Mancini,ITA-Serie A,15000000.0
Lorenzo Pellegrini,ITA-Serie A,9000000.0
Lassana Coulibaly,ITA-Serie A,3500000.0
Luka Bogdan,ITA-Serie A,600000.0
Lys Mousset,ITA-Serie A,350000.0
Wajdi Kechrida,ITA-Serie A,700000.0
Giangiacomo Magnani,ITA-Serie A,3000000.0
Morten Thorsby,ITA-Serie A,3000000.0
Stefano Sensi,ITA-Serie A,1200000.0
Giorgos Kyriakopoulos,ITA-Serie A,
Daniele Verde,ITA-Serie A,2200000.0
Luca Vignali,ITA-Serie A,1000000.0
Viktor Kovalenko,ITA-Serie A,1500000.0
Antonio Sanabria,ITA-Serie A,7000000.0
Ignacio Pussetto,ITA-Serie A,2500000.0
Isaac Success,ITA-Serie A,2500000.0
Rodrigo Becão,ITA-Serie A,3000000.0
Aleš Matějů,ITA-Serie A,
Domen Črnigoj,ITA-Serie A,
Francesco Di Mariano,ITA-Serie A,1400000.0
Luca Fiordilino,ITA-Serie A,1000000.0
Maximilian Ullmann,ITA-Serie A,500000.0
Pietro Ceccaroni,ITA-Serie A,1600000.0
Tyronne Ebuehi,ITA-Serie A,2000000.0
Mario Pašalić,ITA-Serie A,7000000.0
Ibrahima Mbaye,ITA-Serie A,300000.0
Alberto Grassi,ITA-Serie A,1800000.0
Gastón Pereiro,ITA-Serie A,250000.0
Giovanni Simeone,ITA-Serie A,5000000.0
Keita Baldé,ITA-Serie A,900000.0
Marko Rog,ITA-Serie A,1300000.0
Filippo Bandinelli,ITA-Serie A,2500000.0
Leo Štulac,ITA-Serie A,
Marco Benassi,ITA-Serie A,1200000.0
Krzysztof Piątek,ITA-Serie A,
Lorenzo Venuti,ITA-Serie A,1200000.0
Marco Benassi,ITA-Serie A,1200000.0
Antonín Barák,ITA-Serie A,4500000.0
Giovanni Simeone,ITA-Serie A,5000000.0
Koray Günter,ITA-Serie A,700000.0
Mattia Zaccagni,ITA-Serie A,15000000.0
Paweł Dawidowicz,ITA-Serie A,2000000.0
Joaquín Correa,ITA-Serie A,3000000.0
Milan Škriniar,ITA-Serie A,11000000.0
Adrien Rabiot,ITA-Serie A,20000000.0
Danilo Cataldi,ITA-Serie A,3500000.0
Mattia Zaccagni,ITA-Serie A,15000000.0
Sergej Milinković-Savić,ITA-Serie A,40000000.0
Thomas Strakosha,ITA-Serie A,2500000.0
Alessio Romagnoli,ITA-Serie A,7000000.0
Mike Maignan,ITA-Serie A,38000000.0
Samu Castillejo,ITA-Serie A,600000.0
Tiemoué Bakayoko,ITA-Serie A,800000.0
Andrea Petagna,ITA-Serie A,500000.0
Hirving Lozano,ITA-Serie A,8000000.0
Stanislav Lobotka,ITA-Serie A,18000000.0
Bryan Cristante,ITA-Serie A,7000000.0
Eldor Shomurodov,ITA-Serie A,5000000.0
Rick Karsdorp,ITA-Serie A,2500000.0
Leonardo Capezzi,ITA-Serie A,350000.0
Pasquale Mazzocchi,ITA-Serie A,1700000.0
Paweł Jaroszyński,ITA-Serie A,550000.0
Nicola Murru,ITA-Serie A,1000000.0
Tommaso Augello,ITA-Serie A,1200000.0
Wladimiro Falcone,ITA-Serie A,3500000.0
Domenico Berardi,ITA-Serie A,10000000.0
Jeremy Toljan,ITA-Serie A,3500000.0
Kaan Ayhan,ITA-Serie A,4700000.0
Arkadiusz Reca,ITA-Serie A,2300000.0
Karol Linetty,ITA-Serie A,1500000.0
Marko Pjaca,ITA-Serie A,1700000.0
Mërgim Vojvoda,ITA-Serie A,3000000.0
Samir Santos,ITA-Serie A,
Walace,ITA-Serie A,6000000.0
Dor Peretz,ITA-Serie A,1200000.0
Luca Lezzerini,ITA-Serie A,350000.0
Mattia Aramu,ITA-Serie A,1300000.0
Pasquale Mazzocchi,ITA-Serie A,1700000.0
Thomas Henry,ITA-Serie A,2000000.0
Hans Hateboer,ITA-Serie A,2000000.0
Juan Musso,ITA-Serie A,5000000.0
Robin Gosens,ITA-Serie A,6000000.0
Alessio Cragno,ITA-Serie A,1500000.0
Babis Lykogiannis,ITA-Serie A,
Dalbert Henrique,ITA-Serie A,
Edoardo Goldaniga,ITA-Serie A,1200000.0
Federico Di Francesco,ITA-Serie A,1400000.0
Valerio Verre,ITA-Serie A,1400000.0
Erick Pulgar,ITA-Serie A,6000000.0
Abdoulaye Touré,ITA-Serie A,3000000.0
Caleb Ekuban,ITA-Serie A,1300000.0
Davide Biraschi,ITA-Serie A,900000.0
Hernani,ITA-Serie A,1500000.0
Mattia Bani,ITA-Serie A,2500000.0
Adrien Tameze,ITA-Serie A,
Hakan Çalhanoğlu,ITA-Serie A,22000000.0
Roberto Gagliardini,ITA-Serie A,1400000.0
Robin Gosens,ITA-Serie A,6000000.0
Daniele Rugani,ITA-Serie A,2000000.0
Federico Bernardeschi,ITA-Serie A,6000000.0
Paulo Dybala,ITA-Serie A,5000000.0
Elseid Hysaj,ITA-Serie A,2500000.0
Manuel Lazzari,ITA-Serie A,2500000.0
Vedat Muriqi,ITA-Serie A,4500000.0
Andrea Conti,ITA-Serie A,500000.0
Ante Rebić,ITA-Serie A,2200000.0
Rade Krunić,ITA-Serie A,
Amir Rrahmani,ITA-Serie A,12000000.0
Giovanni Di Lorenzo,ITA-Serie A,10000000.0
Matteo Politano,ITA-Serie A,8000000.0
Piotr Zieliński,ITA-Serie A,
Alex Ferrari,ITA-Serie A,1000000.0
Andrea Conti,ITA-Serie A,500000.0
Valerio Verre,ITA-Serie A,1400000.0
Edoardo Goldaniga,ITA-Serie A,1200000.0
Emmanuel Gyasi,ITA-Serie A,1000000.0
Ivan Provedel,ITA-Serie A,3000000.0
Andrea Belotti,ITA-Serie A,1500000.0
Dennis Praet,ITA-Serie A,2000000.0
Gerard Deulofeu,ITA-Serie A,1000000.0
Pablo Marí,ITA-Serie A,2500000.0
Mattia Caldara,ITA-Serie A,800000.0
Berat Djimsiti,ITA-Serie A,10000000.0
Ruslan Malinovskyi,ITA-Serie A,8000000.0
Mitchell Dijks,ITA-Serie A,850000.0
Paolo Faragò,ITA-Serie A,700000.0
Riccardo Fiamozzi,ITA-Serie A,300000.0
Alfred Duncan,ITA-Serie A,4000000.0
Cristiano Biraghi,ITA-Serie A,1400000.0
Matija Nastasić,ITA-Serie A,1500000.0
Stefano Sabelli,ITA-Serie A,1400000.0
Stefano Sturaro,ITA-Serie A,500000.0
Daniel Bessa,ITA-Serie A,3000000.0
Gianluca Caprari,ITA-Serie A,4000000.0
Kevin Lasagna,ITA-Serie A,950000.0
Marcelo Brozović,ITA-Serie A,20000000.0
Mattia De Sciglio,ITA-Serie A,1000000.0
Mattia Perin,ITA-Serie A,2000000.0
Álvaro Morata,ITA-Serie A,16000000.0
Adam Marušić,ITA-Serie A,
Felipe Anderson,ITA-Serie A,8000000.0
Gonzalo Escalante,ITA-Serie A,1500000.0
Jean-Daniel Akpa-Akpro,ITA-Serie A,
Luis Alberto,ITA-Serie A,11000000.0
Patric,ITA-Serie A,1500000.0
Jordan Veretout,ITA-Serie A,3500000.0
Leonardo Spinazzola,ITA-Serie A,3500000.0
Stephan El Shaarawy,ITA-Serie A,2500000.0
Andrea Schiavone,ITA-Serie A,300000.0
Freddie Veseli,ITA-Serie A,
Omar Colley,ITA-Serie A,1500000.0
Koffi Djidji,ITA-Serie A,2500000.0
Ricardo Rodríguez,ITA-Serie A,3500000.0
Francesco Forte,ITA-Serie A,1300000.0
Jean-Pierre Nsame,ITA-Serie A,3000000.0
Ridgeciano Haps,ITA-Serie A,900000.0
Davide Zappacosta,ITA-Serie A,3500000.0
Marco Sportiello,ITA-Serie A,1500000.0
Remo Freuler,ITA-Serie A,4000000.0
Adama Soumaoro,ITA-Serie A,2000000.0
Francesco Bardi,ITA-Serie A,400000.0
Nicola Sansone,ITA-Serie A,400000.0
Daniele Baselli,ITA-Serie A,250000.0
João Pedro,ITA-Serie A,6000000.0
Leonardo Mancuso,ITA-Serie A,1600000.0
Riccardo Saponara,ITA-Serie A,700000.0
Nikola Maksimović,ITA-Serie A,450000.0
Davide Faraoni,ITA-Serie A,1500000.0
Federico Ceccherini,ITA-Serie A,400000.0
Matías Vecino,ITA-Serie A,1500000.0
Stefan de Vrij,ITA-Serie A,3500000.0
Diego Demme,ITA-Serie A,800000.0
Sérgio Oliveira,ITA-Serie A,2500000.0
Norbert Gyömbér,ITA-Serie A,1300000.0
Simeon Nwankwo,ITA-Serie A,
Simone Verdi,ITA-Serie A,500000.0
Bartosz Bereszyński,ITA-Serie A,1300000.0
Ernesto Torregrossa,ITA-Serie A,1200000.0
Manolo Gabbiadini,ITA-Serie A,2000000.0
Filip Đuričić,ITA-Serie A,
Gian Marco Ferrari,ITA-Serie A,1400000.0
Jacopo Sala,ITA-Serie A,250000.0
Mehdi Bourabia,ITA-Serie A,1000000.0
Armando Izzo,ITA-Serie A,1300000.0
Daniele Baselli,ITA-Serie A,250000.0
Simone Verdi,ITA-Serie A,500000.0
Jacopo Dezi,ITA-Serie A,350000.0
Duván Zapata,ITA-Serie A,8000000.0
Francesco Rossi,ITA-Serie A,100000.0
Luis Muriel,ITA-Serie A,2000000.0
Marten de Roon,ITA-Serie A,7000000.0
Rafael Tolói,ITA-Serie A,2500000.0
Diego Falcinelli,ITA-Serie A,800000.0
Federico Santander,ITA-Serie A,500000.0
Roberto Soriano,ITA-Serie A,1800000.0
Łukasz Skorupski,ITA-Serie A,
Andrea La Mantia,ITA-Serie A,800000.0
Aleksandr Kokorin,ITA-Serie A,800000.0
Mattia Destro,ITA-Serie A,500000.0
Alessandro Berardi,ITA-Serie A,50000.0
Darko Lazović,ITA-Serie A,1500000.0
Aaron Ramsey,ITA-Serie A,2500000.0
Alex Sandro,ITA-Serie A,2000000.0
Danilo,ITA-Serie A,2500000.0
Alessandro Florenzi,ITA-Serie A,2000000.0
Junior Messias,ITA-Serie A,2500000.0
Faouzi Ghoulam,ITA-Serie A,300000.0
Juan Jesus,ITA-Serie A,1500000.0
Kalidou Koulibaly,ITA-Serie A,12000000.0
Kostas Manolas,ITA-Serie A,
Kévin Malcuit,ITA-Serie A,400000.0
Lorenzo Insigne,ITA-Serie A,8000000.0
Mário Rui,ITA-Serie A,3500000.0
Joel Obi,ITA-Serie A,200000.0
Luigi Sepe,ITA-Serie A,500000.0
Ramzi Aya,ITA-Serie A,150000.0
Grégoire Defrel,ITA-Serie A,1000000.0
Jeroen Zoet,ITA-Serie A,400000.0
Simone Zaza,ITA-Serie A,250000.0
Jens Stryger Larsen,ITA-Serie A,
Marco Silvestri,ITA-Serie A,500000.0
Marvin Zeegelaar,ITA-Serie A,250000.0
Roberto Pereyra,ITA-Serie A,800000.0
Tolgay Arslan,ITA-Serie A,1400000.0
José Luis Palomino,ITA-Serie A,550000.0
Nicolas Viola,ITA-Serie A,500000.0
Diego Farias,ITA-Serie A,350000.0
Kevin Strootman,ITA-Serie A,800000.0
Luca Ceppitelli,ITA-Serie A,600000.0
Lorenzo Tonelli,ITA-Serie A,200000.0
Simone Romagnoli,ITA-Serie A,800000.0
Giacomo Bonaventura,ITA-Serie A,3000000.0
Pietro Terracciano,ITA-Serie A,1000000.0
Matteo Darmian,ITA-Serie A,1500000.0
Carlo Pinsoglio,ITA-Serie A,200000.0
Wojciech Szczęsny,ITA-Serie A,
Ciro Immobile,ITA-Serie A,2000000.0
Chris Smalling,ITA-Serie A,1200000.0
Francesco Di Tacchio,ITA-Serie A,350000.0
Milan Đurić,ITA-Serie A,
Riccardo Gagliolo,ITA-Serie A,500000.0
Stefan Strandberg,ITA-Serie A,450000.0
Vid Belec,ITA-Serie A,500000.0
Vincenzo Fiorillo,ITA-Serie A,150000.0
Vlad Chiricheș,ITA-Serie A,900000.0
Bram Nuytinck,ITA-Serie A,250000.0
Fernando Forestieri,ITA-Serie A,800000.0
Ilija Nestorovski,ITA-Serie A,400000.0
Stefano Okaka,ITA-Serie A,1000000.0
Antonio Vacca,ITA-Serie A,
Marko Arnautović,ITA-Serie A,
Leonardo Pavoletti,ITA-Serie A,700000.0
Felipe Caicedo,ITA-Serie A,400000.0
Milan Badelj,ITA-Serie A,800000.0
Samuel Di Carmine,ITA-Serie A,350000.0
Alexis Sánchez,ITA-Serie A,1400000.0
Danilo D'Ambrosio,ITA-Serie A,700000.0
Felipe Caicedo,ITA-Serie A,400000.0
Ivan Perišić,ITA-Serie A,1300000.0
Simon Kjær,ITA-Serie A,1500000.0
David Ospina,ITA-Serie A,3000000.0
Henrikh Mkhitaryan,ITA-Serie A,3500000.0
Ivan Radovanović,ITA-Serie A,
Adrien Silva,ITA-Serie A,400000.0
Albin Ekdal,ITA-Serie A,800000.0
Maya Yoshida,ITA-Serie A,500000.0
Nicola Ravaglia,ITA-Serie A,100000.0
Etrit Berisha,ITA-Serie A,500000.0
Marco Modolo,ITA-Serie A,350000.0
Josip Iličić,ITA-Serie A,
Gary Medel,ITA-Serie A,800000.0
Lorenzo De Silvestri,ITA-Serie A,400000.0
Nikola Kalinić,ITA-Serie A,
Andrea Ranocchia,ITA-Serie A,800000.0
Juan Cuadrado,ITA-Serie A,1000000.0
Francesco Acerbi,ITA-Serie A,2500000.0
Rui Patrício,ITA-Serie A,600000.0
Diego Perotti,ITA-Serie A,500000.0
Francesco Caputo,ITA-Serie A,1000000.0
Tomás Rincón,ITA-Serie A,800000.0
Francesco Caputo,ITA-Serie A,1000000.0
Tomás Rincón,ITA-Serie A,800000.0
Mato Jajalo,ITA-Serie A,250000.0
Martín Cáceres,ITA-Serie A,250000.0
José Callejón,ITA-Serie A,800000.0
Domenico Criscito,ITA-Serie A,250000.0
Salvatore Sirigu,ITA-Serie A,275000.0
Arturo Vidal,ITA-Serie A,700000.0
Leonardo Bonucci,ITA-Serie A,1000000.0
Lucas Leiva,ITA-Serie A,800000.0
Pedro,ITA-Serie A,1000000.0
Ștefan Radu,ITA-Serie A,
Olivier Giroud,ITA-Serie A,3000000.0
Dries Mertens,ITA-Serie A,1800000.0
Federico Fazio,ITA-Serie A,400000.0
Antonio Candreva,ITA-Serie A,1000000.0
Sebastian Giovinco,ITA-Serie A,500000.0
Andrea Consigli,ITA-Serie A,800000.0
Cristian Ansaldi,ITA-Serie A,400000.0
Sebastien De Maio,ITA-Serie A,200000.0
Nani,ITA-Serie A,200000.0
Sergio Romero,ITA-Serie A,400000.0
Diego Godín,ITA-Serie A,300000.0
Andrea Masiello,ITA-Serie A,400000.0
Miguel Veloso,ITA-Serie A,500000.0
Aleksandar Kolarov,ITA-Serie A,500000.0
Edin Džeko,ITA-Serie A,
Ciprian Tătărușanu,ITA-Serie A,
Daniele Padelli,ITA-Serie A,150000.0
Valon Behrami,ITA-Serie A,300000.0
Cristiano Ronaldo,ITA-Serie A,15000000.0
Giorgio Chiellini,ITA-Serie A,1000000.0
Francesco Magnanelli,ITA-Serie A,400000.0
Niki Mäenpää,ITA-Serie A,50000.0
Samir Handanović,ITA-Serie A,
Federico Peluso,ITA-Serie A,300000.0
Goran Pandev,ITA-Serie A,400000.0
Pepe Reina,ITA-Serie A,600000.0
Franck Ribéry,ITA-Serie A,1000000.0
Fabio Quagliarella,ITA-Serie A,500000.0
Cristian Molinaro,ITA-Serie A,250000.0
Zlatan Ibrahimović,ITA-Serie A,2000000.0
Gianluca Pegolo,ITA-Serie A,100000.0
Paul Wanner,,14000000.0
Jamie Gittens,,40000000.0
Tom Rothe,,10000000.0
Youssoufa Moukoko,,22000000.0
Tom Bischof,,40000000.0
Umut Tohumcu,,5000000.0
Iker Bravo,,5000000.0
Zidan Sertdemir,,1200000.0
Sidney Raebiger,,300000.0
Burak İnce,,500000.0
Gabriel Vidovic,,2500000.0
Lucas Copado,,750000.0
Lion Semić,,
Anton Kade,,900000.0
Julian Eitschberger,,350000.0
Linus Gechter,,1800000.0
Justin Che,,700000.0
Solomon Bonnah,,350000.0
Alexis Tibidi,,1700000.0
Mohamed Sankoh,,700000.0
Ömer Faruk Beyaz,,
Lasse Günther,,800000.0
Ricardo Pepi,,15000000.0
Jamal Musiala,,130000000.0
Luis Hartwig,,350000.0
Gio Reyna,,
Jude Bellingham,,160000000.0
Joe Scally,,7000000.0
Luca Netz,,6000000.0
Luca Wollschläger,,175000.0
Marten Winkler,,1000000.0
Fisnik Asllani,,800000.0
Florian Wirtz,,110000000.0
Paul Nebel,,18000000.0
Hugo Novoa,,1000000.0
Ilaix Moriba,,3000000.0
Lilian Egloff,,800000.0
Wahid Faghir,,2500000.0
Aster Vranckx,,7000000.0
Kevin Paredes,,5000000.0
George Bello,,1000000.0
Malik Tillman,,35000000.0
Tanguy Nianzou,,1400000.0
Armel Bella Kotchap,,
Ansgar Knauff,,15000000.0
Reinier,,3500000.0
Ansgar Knauff,,15000000.0
Diant Ramaj,,7000000.0
Hugo Siquet,,4000000.0
Kevin Schade,,22000000.0
Kiliann Sildillia,,15000000.0
Noah Weißhaupt,,5000000.0
Márton Dárdai,,2500000.0
Georginio Rutter,,32000000.0
Marco John,,1500000.0
Jan Thielmann,,5000000.0
Tim Lemperle,,1500000.0
Piero Hincapié,,50000000.0
Brian Brobbey,,20000000.0
Joscha Wosz,,200000.0
Joško Gvardiol,,
Enzo Millot,,28000000.0
Naouirou Ahamada,,3500000.0
Tiago Tomás,,15000000.0
Bartosz Białek,,
Patrick Wimmer,,15000000.0
Frederik Winther,,800000.0
Alphonso Davies,,50000000.0
Immanuel Pherai,,2500000.0
Connor Noß,,
Manu Koné,,50000000.0
Jamie Leweling,,25000000.0
Simon Asta,,1500000.0
Marcel Lotka,,500000.0
Angelo Stiller,,45000000.0
Mathias Olesen,,1500000.0
Noah Katterbach,,600000.0
Jeremie Frimpong,,38000000.0
Odilon Kossounou,,22000000.0
David Nemeth,,4000000.0
Merveille Papela,,1000000.0
Niklas Tauer,,800000.0
Dominik Szoboszlai,,85000000.0
Clinton Mola,,500000.0
Roberto Massimo,,800000.0
Tanguy Coulibaly,,2000000.0
Felix Nmecha,,45000000.0
Micky van de Ven,,55000000.0
Chris Richards,,25000000.0
Christian Früchtl,,1200000.0
Josip Stanišić,,
Mickaël Cuisance,,
Patrick Osterhage,,12000000.0
Antonios Papadopoulos,,1000000.0
Erling Haaland,,200000000.0
Lennard Maloney,,3500000.0
Jens Petter Hauge,,2500000.0
Jesper Lindstrøm,,22000000.0
Obite N'Dicka,,
Jeong Woo-yeong,,
Nico Schlotterbeck,,55000000.0
Yannik Keitel,,2000000.0
Jordan Beyer,,13000000.0
Abdourahmane Barry,,400000.0
Jessic Ngankam,,1500000.0
Maximilian Bauer,,1500000.0
Tobias Raschl,,1500000.0
Dennis Jastrzembski,,500000.0
Jurgen Ekkelenkamp,,7000000.0
Chris Richards,,25000000.0
Christoph Baumgartner,,18000000.0
Luca Kilian,,2000000.0
Tomáš Ostrák,,
Amine Adli,,20000000.0
Mitchel Bakker,,4000000.0
Paulinho,,10000000.0
Jonathan Burkardt,,35000000.0
Leandro Barreiro Martins,,
Luca Kilian,,2000000.0
Mohamed Simakan,,20000000.0
Mateo Klimowicz,,1800000.0
Nikolas Nartey,,2000000.0
Maxence Lacroix,,35000000.0
Andrés Andrade Cedeño,,
Bryan Lasme,,800000.0
Florian Krüger,,450000.0
Lennart-Marten Czyborra,,
Robin Hack,,12000000.0
Andi Zeqiri,,3500000.0
Arne Maier,,2000000.0
Reece Oxford,,450000.0
Ruben Vargas,,
Dayot Upamecano,,70000000.0
Erhan Mašović,,
Dan-Axel Zagadou,,2000000.0
Donyell Malen,,25000000.0
Tuta,,12000000.0
Hannes Wolf,,2000000.0
Keanan Bennetts,,500000.0
Torben Müsel,,225000.0
Adrian Fein,,225000.0
Afimico Pululu,,700000.0
Dickson Abiama,,700000.0
Gian-Luca Itter,,
Hans Nunoo Sarpei,,
Timothy Tillman,,1500000.0
Fredrik André Bjørkan,,
Matheus Cunha,,45000000.0
Myziane Maolida,,900000.0
Jacob Bruun Larsen,,5000000.0
Edmond Tapsoba,,35000000.0
Exequiel Palacios,,30000000.0
Lennart Grill,,1000000.0
Moussa Diaby,,55000000.0
Panagiotis Retsos,,2500000.0
Anton Stach,,20000000.0
Delano Burgzorg,,1800000.0
Romario Rösch,,175000.0
Tyler Adams,,25000000.0
Hiroki Ito,,18000000.0
Matej Maglica,,2000000.0
Omar Marmoush,,65000000.0
Silas Katompa,,
András Schäfer,,4500000.0
Jonas Wind,,7000000.0
Lukas Nmecha,,8000000.0
Omar Marmoush,,65000000.0
Sebastiaan Bornauw,,5000000.0
Amos Pieper,,4000000.0
Fabian Kunze,,1200000.0
Guilherme Ramos,,
Janni Serra,,350000.0
Nathan de Medina,,800000.0
Sebastian Vasiliadis,,900000.0
Fredrik Jensen,,3000000.0
Niklas Dorsch,,3000000.0
Ohis Felix Uduokhai,,
Robert Gumny,,1000000.0
Sergio Córdova,,1500000.0
Omar Richards,,2000000.0
Elvis Rexhbeçaj,,
Maxim Leitsch,,1500000.0
Felix Passlack,,1000000.0
Gregor Kobel,,40000000.0
Marin Pongračić,,
Steffen Tigges,,1500000.0
Aymen Barkok,,450000.0
Ragnar Ache,,2000000.0
Ermedin Demirović,,
László Bénes,,3000000.0
Marcus Thuram,,60000000.0
Justin Hoogma,,500000.0
Deyovaisio Zeefuik,,1200000.0
Dodi Lukebakio,,
Javairô Dilrosun,,4000000.0
Jordan Torunarigha,,4000000.0
Marco Richter,,1500000.0
David Raum,,20000000.0
Dennis Geiger,,1500000.0
Dejan Ljubicic,,5000000.0
Julian Chabot,,
Salih Özcan,,3500000.0
Timothy Fosu-Mensah,,800000.0
Finn Dahmen,,12000000.0
Amadou Haidara,,20000000.0
Christopher Nkunku,,65000000.0
Dani Olmo,,60000000.0
Josep Martinez,,
Nordi Mukiele,,15000000.0
Borna Sosa,,4000000.0
Chris Führich,,10000000.0
Florian Müller,,1200000.0
Konstantinos Mavropanos,,15000000.0
Orel Mangala,,20000000.0
Julian Ryerson,,20000000.0
Keita Endo,,600000.0
Paul Jaeckel,,1000000.0
Taiwo Awoniyi,,12000000.0
Dodi Lukebakio,,
Josip Brekalo,,2500000.0
Ridle Baku,,7000000.0
Xaver Schlager,,28000000.0
Iago,,4000000.0
Mads Pedersen,,1000000.0
Noah Joel Sarenren Bazee,,500000.0
Marc Roca,,9000000.0
Eduard Löwen,,4500000.0
Tarsis Bonga,,250000.0
Daichi Kamada,,12000000.0
Djibril Sow,,9000000.0
Kristijan Jakić,,
Sam Lammers,,3000000.0
Keven Schlotterbeck,,6000000.0
Maximilian Eggestein,,10000000.0
Roland Sallai,,10000000.0
Breel Embolo,,12000000.0
Denis Zakaria,,25000000.0
Florian Neuhaus,,3500000.0
Nico Elvedi,,8000000.0
Cedric Itten,,4500000.0
Max Christiansen,,1200000.0
Nils Seufert,,300000.0
Lee Dongjun,,
Lucas Tousart,,2000000.0
Maximilian Mittelstädt,,18000000.0
Santiago Ascacíbar,,5500000.0
Suat Serdar,,4500000.0
Stefan Posch,,14000000.0
Jannes Horn,,1200000.0
Jorge Meré,,1000000.0
Nadiem Amiri,,17000000.0
Aarón Martín,,5000000.0
Anderson Lucoqui,,600000.0
Jerry St. Juste,,
Angeliño,,17000000.0
Benjamin Henrichs,,20000000.0
Konrad Laimer,,32000000.0
Atakan Karazor,,9000000.0
Sasa Kalajdzic,,2000000.0
Cedric Teuchert,,2000000.0
Edimilson Fernandes,,2500000.0
Masaya Okugawa,,1500000.0
Raphael Framberger,,600000.0
Benjamin Pavard,,20000000.0
Kingsley Coman,,22000000.0
Leroy Sané,,23000000.0
Lucas Hernández,,20000000.0
Niklas Süle,,5000000.0
Miloš Pantović,,
Silvère Ganvoula M'Boussy,,
Julian Brandt,,20000000.0
Mahmoud Dahoud,,2000000.0
Ajdin Hrustic,,600000.0
Almamy Touré,,2000000.0
Rafael Borré,,8000000.0
Philipp Lienhart,,12000000.0
Marvin Friedrich,,1800000.0
Jeremy Dudziak,,750000.0
Marco Meyerhöfer,,800000.0
Marius Funk,,250000.0
Lukas Klünter,,500000.0
Diadie Samassékou,,
Florian Grillitsch,,2000000.0
Robert Skov,,3000000.0
Timo Hübers,,5500000.0
Jonathan Tah,,30000000.0
Patrik Schick,,25000000.0
Marcus Ingvartsen,,6500000.0
Moussa Niakhate,,
André Silva,,6000000.0
Hwang Hee-chan,,
Lukas Klostermann,,3500000.0
Pascal Stenzel,,1200000.0
Waldemar Anton,,18000000.0
Levin Öztunalı,,
Marcus Ingvartsen,,6500000.0
Marvin Friedrich,,1800000.0
Timo Baumgartl,,1800000.0
Luca Waldschmidt,,2500000.0
Jacob Barrett Laursen,,700000.0
Carlos Gruezo,,3000000.0
Corentin Tolisso,,5000000.0
Joshua Kimmich,,40000000.0
Leon Goretzka,,15000000.0
Serge Gnabry,,20000000.0
Gerrit Holtmann,,700000.0
Herbert Bockhorn,,700000.0
Takuma Asano,,1800000.0
Manuel Akanji,,22000000.0
Marius Wolf,,2500000.0
Christopher Lenz,,400000.0
Gonçalo Paciência,,1500000.0
Baptiste Santamaria,,4500000.0
Vincent Vermeij,,700000.0
Ramy Bensebaini,,7000000.0
Gideon Jung,,700000.0
Julian Green,,1000000.0
Paul Seguin,,1800000.0
Davie Selke,,2800000.0
Krzysztof Piątek,,
Marc-Oliver Kempf,,
Niklas Stark,,3500000.0
Kasim Nuhu,,
Kevin Akpoguma,,2000000.0
Mijat Gaćinović,,
Benno Schmitz,,1500000.0
Ellyes Skhiri,,6000000.0
Kingsley Ehizibue,,2000000.0
Louis Schaub,,1000000.0
Marvin Schwäbe,,4000000.0
Ondrej Duda,,3200000.0
Daley Sinkgraven,,400000.0
Joel Pohjanpalo,,3500000.0
Robert Andrich,,7000000.0
Sardar Azmoun,,8000000.0
Robin Zentner,,3000000.0
Erik Thommy,,2000000.0
Fabian Bredlow,,800000.0
Marc-Oliver Kempf,,
Philipp Förster,,1800000.0
Grischa Prömel,,3000000.0
Sheraldo Becker,,10000000.0
Kevin Mbabu,,3000000.0
Paulo Otávio,,3500000.0
Alessandro Schöpf,,1800000.0
Cédric Brunner,,1000000.0
Joakim Nilsson,,3500000.0
Stefanos Kapino,,400000.0
Michael Gregoritsch,,1500000.0
Marcel Sabitzer,,7000000.0
Christopher Antwi-Adjei,,1200000.0
Jürgen Locadia,,1800000.0
Kostas Stafylidis,,
Soma Novothny,,300000.0
Emre Can,,6000000.0
Raphaël Guerreiro,,12000000.0
Benjamin Uphoff,,300000.0
Dominique Heintz,,800000.0
Janik Haberer,,2500000.0
Lucas Höler,,4000000.0
Matthias Ginter,,6000000.0
Jetro Willems,,400000.0
Cimo Röcker,,75000.0
Ihlas Bebou,,800000.0
Alexander Hack,,2200000.0
Dominik Kohr,,2000000.0
Jean-Paul Boëtius,,1200000.0
Kevin Stöger,,3000000.0
Marcel Sabitzer,,7000000.0
Yussuf Poulsen,,6000000.0
Dominique Heintz,,800000.0
Rani Khedira,,2000000.0
Maximilian Arnold,,4500000.0
Maximilian Philipp,,600000.0
Yannick Gerhardt,,2000000.0
Mike van der Hoorn,,800000.0
Stefan Ortega,,5000000.0
Nico Schulz,,800000.0
Thorgan Hazard,,2500000.0
Danny da Costa,,1200000.0
Filip Kostić,,6500000.0
Martin Hinteregger,,9000000.0
Christian Günter,,2000000.0
Lukas Kübler,,1500000.0
Mark Flekken,,8000000.0
Vincenzo Grifo,,5000000.0
Alassane Pléa,,3000000.0
Stefan Lainer,,1000000.0
Andreas Linde,,600000.0
Branimir Hrgota,,1300000.0
Håvard Nielsen,,
Sargis Adamyan,,600000.0
Florian Kainz,,2500000.0
Kingsley Schindler,,500000.0
Timo Horn,,700000.0
Kerem Demirbay,,1500000.0
Lucas Alario,,1500000.0
Lee Jae-sung,,
Silvan Widmer,,800000.0
Willi Orban,,
Philipp Klement,,600000.0
Wataru Endo,,5000000.0
Frederik Rønnow,,
Kevin Möhwald,,400000.0
John Brooks,,2000000.0
Jérôme Roussillon,,600000.0
Wout Weghorst,,3500000.0
Manuel Prietl,,450000.0
Bouna Sarr,,1500000.0
Danilo Soares,,700000.0
Saulo Decarli,,350000.0
Thomas Delaney,,800000.0
Thomas Meunier,,1800000.0
Erik Durm,,600000.0
Jonas Hofmann,,2000000.0
Alexander Schwolow,,450000.0
Ishak Belfodil,,1700000.0
Marvin Plattenhardt,,800000.0
Kevin Vogt,,400000.0
Moanes Dabbur,,
Pavel Kadeřábek,,
Mark Uth,,1000000.0
Andrey Lunyov,,
Karim Onisiwo,,500000.0
Stefan Bell,,600000.0
Emil Forsberg,,5000000.0
Marcel Halstenberg,,2500000.0
Andreas Voglsammer,,800000.0
Niko Gießelmann,,1000000.0
Robin Knoche,,2500000.0
Koen Casteels,,6000000.0
Renato Steffen,,1000000.0
André Hahn,,800000.0
Florian Niederlechner,,600000.0
Jeffrey Gouweleeuw,,1000000.0
Danny Blum,,250000.0
Sebastian Polter,,500000.0
Simon Zoller,,300000.0
Roman Bürki,,2500000.0
Sebastian Rode,,1000000.0
Manuel Gulde,,400000.0
Christoph Kramer,,1700000.0
Patrick Herrmann,,1000000.0
Sebastian Griesbeck,,600000.0
Dedryck Boyata,,200000.0
Vladimír Darida,,400000.0
Andrej Kramarić,,
Sebastian Andersson,,500000.0
Kevin Kampl,,3500000.0
Hamadi Al Ghaddioui,,300000.0
Anthony Ujah,,750000.0
Genki Haraguchi,,500000.0
Kevin Behrens,,600000.0
Sebastian Griesbeck,,600000.0
Admir Mehmedi,,225000.0
Daniel Ginczek,,500000.0
Josuha Guilavogui,,700000.0
Jan Morávek,,
Tobias Strobl,,500000.0
Thomas Müller,,5000000.0
Cristian Gamboa,,500000.0
Vassilis Lambropoulos,,
Kevin Trapp,,2000000.0
Timothy Chandler,,350000.0
Jonathan Schmid,,600000.0
Nicolas Höfler,,500000.0
Tony Jantschke,,400000.0
Nick Viergever,,350000.0
Sascha Burchert,,200000.0
Stevan Jovetić,,700000.0
Ermin Bičakčić,,
Håvard Nordtveit,,
Oliver Baumann,,3000000.0
Sebastian Rudy,,1000000.0
Jonas Hector,,3500000.0
Rafael Czichos,,800000.0
Karim Bellarabi,,1000000.0
Lukáš Hrádecký,,
Péter Gulácsi,,2000000.0
Daniel Didavi,,200000.0
Sven Michel,,700000.0
Alfreð Finnbogason,,
Eric Maxim Choupo-Moting,,
Robert Lewandowski,,15000000.0
Sven Ulreich,,700000.0
Manuel Riemann,,600000.0
Axel Witsel,,1400000.0
Marco Reus,,5000000.0
Mats Hummels,,2000000.0
Jens Grahl,,200000.0
Stefan Ilsanker,,300000.0
Nils Petersen,,1500000.0
Lars Stindl,,1000000.0
Yann Sommer,,2500000.0
Benjamin Hübner,,700000.0
Charles Aránguiz,,3000000.0
Bastian Oczipka,,300000.0
Fabian Klos,,300000.0
Daniel Caligiuri,,400000.0
Rafał Gikiewicz,,400000.0
Michael Esser,,300000.0
Marwin Hitz,,200000.0
Tobias Sippel,,300000.0
Anthony Modeste,,700000.0
Julian Baumgartlinger,,400000.0
Daniel Brosinski,,300000.0
Stephan Fürstner,,75000.0
Ádám Szalai,,200000.0
Max Kruse,,500000.0
Max Kruse,,500000.0
Pavao Pervan,,300000.0
Gonzalo Castro,,500000.0
Robert Tesche,,300000.0
Kevin-Prince Boateng,,700000.0
Peter Pekarík,,500000.0
Nick Proschwitz,,125000.0
Andreas Luthe,,300000.0
Christopher Trimmel,,600000.0
Manuel Neuer,,4000000.0
Anthony Losilla,,500000.0
Philipp Tschauner,,300000.0
Philipp Pentke,,300000.0
Makoto Hasebe,,500000.0
Ethan Nwaneri,ENG-Premier League,40000000.0
Ben Gannon-Doak,ENG-Premier League,10000000.0
Lewis Miley,ENG-Premier League,20000000.0
Kami Doyle,ENG-Premier League,
Samuel Amo-Ameyaw,ENG-Premier League,8000000.0
George Abbott,ENG-Premier League,
Evan Ferguson,ENG-Premier League,25000000.0
Facundo Buonanotte,ENG-Premier League,18000000.0
Jack Hinshelwood,ENG-Premier League,22000000.0
Lewis Hall,ENG-Premier League,32000000.0
David Ozoh,ENG-Premier League,1000000.0
Luke Harris,ENG-Premier League,1000000.0
Bobby Clark,ENG-Premier League,1000000.0
Stefan Bajcetic,ENG-Premier League,7000000.0
Rico Lewis,ENG-Premier League,35000000.0
Kobbie Mainoo,ENG-Premier League,40000000.0
Dominic Ballard,ENG-Premier League,
Divin Mubama,ENG-Premier League,6000000.0
Jáder Durán,ENG-Premier League,
Owen Bevan,ENG-Premier League,
Andrew Moran,ENG-Premier League,3000000.0
Julio Enciso,ENG-Premier League,20000000.0
Yasin Ayari,ENG-Premier League,30000000.0
Carney Chukwuemeka,ENG-Premier League,25000000.0
Omari Hutchinson,ENG-Premier League,30000000.0
Joseph Whitworth,ENG-Premier League,
Malcolm Ebiowei,ENG-Premier League,1000000.0
Isaac Price,ENG-Premier League,2000000.0
Darko Gyabi,ENG-Premier League,2000000.0
Mateo Joseph,ENG-Premier League,900000.0
Wilfried Gnonto,ENG-Premier League,18000000.0
Shea Charles,ENG-Premier League,12000000.0
Alejandro Garnacho,ENG-Premier League,45000000.0
Juan Larios,ENG-Premier League,2000000.0
Roméo Lavia,ENG-Premier League,30000000.0
Dexter Lembikisa,ENG-Premier League,3000000.0
Marquinhos,ENG-Premier League,7000000.0
Illia Zabarnyi,ENG-Premier League,
Cameron Peupion,ENG-Premier League,350000.0
Levi Colwill,ENG-Premier League,50000000.0
Odeluga Offiah,ENG-Premier League,1800000.0
David Datro Fofana,ENG-Premier League,5000000.0
Thomas Cannon,ENG-Premier League,
Jay Stansfield,ENG-Premier League,18000000.0
Victor Bernth Kristiansen,ENG-Premier League,
Fabio Carvalho,ENG-Premier League,
Harvey Elliott,ENG-Premier League,30000000.0
Máximo Perrone,ENG-Premier League,25000000.0
Elliot Anderson,ENG-Premier League,60000000.0
Carlos Alcaraz,ENG-Premier League,15000000.0
Samuel Edozie,ENG-Premier League,5000000.0
Valentino Livramento,ENG-Premier League,
Matthew Craig,ENG-Premier League,
Pape Matar Sarr,ENG-Premier League,35000000.0
Chem Campbell,ENG-Premier League,1000000.0
Hugo Bueno,ENG-Premier League,6000000.0
Joseph Hodge,ENG-Premier League,
Bukayo Saka,ENG-Premier League,130000000.0
Dango Ouattara,ENG-Premier League,35000000.0
Aaron Hickey,ENG-Premier League,28000000.0
Kevin Schade,ENG-Premier League,22000000.0
Jeremy Sarmiento,ENG-Premier League,5000000.0
Moisés Caicedo,ENG-Premier League,110000000.0
Armando Broja,ENG-Premier League,22000000.0
Noni Madueke,ENG-Premier League,50000000.0
Michael Olise,ENG-Premier League,130000000.0
Naouirou Ahamada,ENG-Premier League,3500000.0
Amadou Onana,ENG-Premier League,42000000.0
Nathan Patterson,ENG-Premier League,10000000.0
Cody Drameh,ENG-Premier League,3500000.0
Crysencio Summerville,ENG-Premier League,22000000.0
Georginio Rutter,ENG-Premier League,32000000.0
Joe Gelhardt,ENG-Premier League,7000000.0
Sam Greenwood,ENG-Premier League,5000000.0
Cole Palmer,ENG-Premier League,120000000.0
Anthony Elanga,ENG-Premier League,50000000.0
Facundo Pellistri,ENG-Premier League,7000000.0
Alex Mighten,ENG-Premier League,600000.0
Armel Bella Kotchap,ENG-Premier League,
Gavin Bazunu,ENG-Premier League,15000000.0
Kamaldeen Sulemana,ENG-Premier League,18000000.0
Sekou Mara,ENG-Premier League,
Harvey White,ENG-Premier League,600000.0
Boubacar Traoré,ENG-Premier League,5000000.0
Gabriel Martinelli,ENG-Premier League,45000000.0
William Saliba,ENG-Premier League,90000000.0
Cameron Archer,ENG-Premier League,10000000.0
Jacob Ramsey,ENG-Premier League,35000000.0
Keane Lewis-Potter,ENG-Premier League,15000000.0
Billy Gilmour,ENG-Premier League,20000000.0
Tariq Lamptey,ENG-Premier League,8000000.0
Benoît Badiashile,ENG-Premier League,18000000.0
Enzo Fernández,ENG-Premier League,85000000.0
Mykhailo Mudryk,ENG-Premier League,
Wesley Fofana,ENG-Premier League,28000000.0
Anthony Gordon,ENG-Premier League,60000000.0
Ellis Simms,ENG-Premier League,6000000.0
James Garner,ENG-Premier League,25000000.0
Brenden Aaronson,ENG-Premier League,12000000.0
Lewis Brunt,ENG-Premier League,100000.0
Luke Thomas,ENG-Premier League,6000000.0
Wesley Fofana,ENG-Premier League,28000000.0
Curtis Jones,ENG-Premier League,40000000.0
Sergio Gómez,ENG-Premier League,15000000.0
Anthony Gordon,ENG-Premier League,60000000.0
Brennan Johnson,ENG-Premier League,48000000.0
Danilo Santos,ENG-Premier League,
Neco Williams,ENG-Premier League,17000000.0
Bryan Gil,ENG-Premier League,12000000.0
Djed Spence,ENG-Premier League,8000000.0
Oliver Skipp,ENG-Premier League,7000000.0
João Gomes,ENG-Premier League,35000000.0
Nathan Collins,ENG-Premier League,25000000.0
Rayan Aït-Nouri,ENG-Premier League,40000000.0
Albert Sambi Lokonga,ENG-Premier League,15000000.0
Emile Smith Rowe,ENG-Premier League,22000000.0
Fabio Vieira,ENG-Premier League,
Jakub Kiwior,ENG-Premier League,27000000.0
Reiss Nelson,ENG-Premier League,15000000.0
Boubacar Kamara,ENG-Premier League,40000000.0
Antoine Semenyo,ENG-Premier League,65000000.0
Hamed Junior Traorè,ENG-Premier League,
Jaidon Anthony,ENG-Premier League,15000000.0
Jordan Zemura,ENG-Premier League,4000000.0
Bryan Mbeumo,ENG-Premier League,40000000.0
Halil Dervişoğlu,ENG-Premier League,1000000.0
Mikkel Damsgaard,ENG-Premier League,10000000.0
Jan Paul van Hecke,ENG-Premier League,35000000.0
Conor Gallagher,ENG-Premier League,35000000.0
João Félix,ENG-Premier League,25000000.0
Reece James,ENG-Premier League,50000000.0
Albert Sambi Lokonga,ENG-Premier League,15000000.0
Cheick Doucouré,ENG-Premier League,15000000.0
Chris Richards,ENG-Premier League,25000000.0
Marc Guéhi,ENG-Premier League,55000000.0
Tyrick Mitchell,ENG-Premier League,25000000.0
Dwight McNeil,ENG-Premier League,20000000.0
Tyrese Francois,ENG-Premier League,600000.0
Illan Meslier,ENG-Premier League,20000000.0
Pascal Struijk,ENG-Premier League,18000000.0
Tetê,ENG-Premier League,11000000.0
Erling Haaland,ENG-Premier League,200000000.0
Julián Álvarez,ENG-Premier League,
Phil Foden,ENG-Premier League,150000000.0
Antony,ENG-Premier League,30000000.0
Jadon Sancho,ENG-Premier League,20000000.0
Tyrell Malacia,ENG-Premier League,5000000.0
Alexander Isak,ENG-Premier League,120000000.0
Joe Willock,ENG-Premier League,16000000.0
Sven Botman,ENG-Premier League,35000000.0
Giulian Biancone,ENG-Premier League,2500000.0
Morgan Gibbs-White,ENG-Premier League,65000000.0
Dejan Kulusevski,ENG-Premier League,45000000.0
Pedro Porro,ENG-Premier League,40000000.0
Ryan Sessegnon,ENG-Premier League,20000000.0
Ben Johnson,ENG-Premier League,7000000.0
Conor Coventry,ENG-Premier League,1500000.0
Morgan Gibbs-White,ENG-Premier League,65000000.0
Pedro Neto,ENG-Premier League,60000000.0
Eddie Nketiah,ENG-Premier League,16000000.0
Martin Ødegaard,ENG-Premier League,75000000.0
Takehiro Tomiyasu,ENG-Premier League,12000000.0
Lloyd Kelly,ENG-Premier League,20000000.0
Marcus Tavernier,ENG-Premier League,20000000.0
Mark Travers,ENG-Premier League,4000000.0
Josh Dasilva,ENG-Premier League,10000000.0
Mads Bech Sørensen,ENG-Premier League,6000000.0
Mads Roerslev,ENG-Premier League,6000000.0
Alexis Mac Allister,ENG-Premier League,85000000.0
Christian Pulisic,ENG-Premier League,60000000.0
Kai Havertz,ENG-Premier League,55000000.0
Mason Mount,ENG-Premier League,32000000.0
Trevoh Chalobah,ENG-Premier League,35000000.0
Rúben Vinagre,ENG-Premier League,2400000.0
Vitaliy Mykolenko,ENG-Premier League,25000000.0
Manor Solomon,ENG-Premier League,13000000.0
Luis Sinisterra,ENG-Premier League,12000000.0
Tyler Adams,ENG-Premier League,25000000.0
Weston McKennie,ENG-Premier League,22000000.0
Boubakary Soumaré,ENG-Premier League,14000000.0
Harry Souttar,ENG-Premier League,6000000.0
Kiernan Dewsbury-Hall,ENG-Premier League,28000000.0
Patson Daka,ENG-Premier League,15000000.0
Caoimhín Kelleher,ENG-Premier League,22000000.0
Cody Gakpo,ENG-Premier League,70000000.0
Darwin Núñez,ENG-Premier League,70000000.0
Ibrahima Konaté,ENG-Premier League,45000000.0
Trent Alexander-Arnold,ENG-Premier League,70000000.0
Diogo Dalot,ENG-Premier League,28000000.0
Lewis O'Brien,ENG-Premier League,4000000.0
Ibrahima Diallo,ENG-Premier League,6500000.0
Mohammed Salisu,ENG-Premier League,10000000.0
Yan Valery,ENG-Premier League,2000000.0
Emerson,ENG-Premier League,
Japhet Tanganga,ENG-Premier League,1800000.0
Declan Rice,ENG-Premier League,120000000.0
Flynn Downes,ENG-Premier League,12000000.0
Gianluca Scamacca,ENG-Premier League,35000000.0
Matheus Cunha,ENG-Premier League,45000000.0
Matheus Nunes,ENG-Premier League,38000000.0
Toti Gomes,ENG-Premier League,
Aaron Ramsdale,ENG-Premier League,12000000.0
Ben White,ENG-Premier League,30000000.0
Gabriel Magalhães,ENG-Premier League,
Douglas Luiz,ENG-Premier League,25000000.0
Ezri Konsa,ENG-Premier League,35000000.0
Leon Bailey,ENG-Premier League,18000000.0
Matty Cash,ENG-Premier League,22000000.0
Chris Mepham,ENG-Premier League,3500000.0
Dominic Solanke,ENG-Premier League,40000000.0
Matías Viña,ENG-Premier League,10000000.0
Frank Onyeka,ENG-Premier League,7000000.0
Kristoffer Ajer,ENG-Premier League,16000000.0
Shandon Baptiste,ENG-Premier League,2500000.0
Vitaly Janelt,ENG-Premier League,18000000.0
Enock Mwepu,ENG-Premier League,18000000.0
Pervis Estupiñán,ENG-Premier League,14000000.0
Robert Sánchez,ENG-Premier League,22000000.0
Marc Cucurella,ENG-Premier League,50000000.0
Eberechi Eze,ENG-Premier League,65000000.0
Odsonne Édouard,ENG-Premier League,8000000.0
Ben Godfrey,ENG-Premier League,10000000.0
Tom Davies,ENG-Premier League,5000000.0
Antonee Robinson,ENG-Premier League,30000000.0
Daniel James,ENG-Premier League,12000000.0
Tosin Adarabioyo,ENG-Premier League,20000000.0
Daniel James,ENG-Premier League,12000000.0
Maximilian Wöber,ENG-Premier League,10000000.0
Harvey Barnes,ENG-Premier League,32000000.0
James Justin,ENG-Premier League,12000000.0
Wout Faes,ENG-Premier League,12000000.0
Aaron Wan-Bissaka,ENG-Premier League,22000000.0
Lisandro Martínez,ENG-Premier League,50000000.0
Marcus Rashford,ENG-Premier League,40000000.0
Bruno Guimarães,ENG-Premier League,75000000.0
Jamal Lewis,ENG-Premier League,2000000.0
Sean Longstaff,ENG-Premier League,18000000.0
Emmanuel Dennis,ENG-Premier League,2000000.0
Orel Mangala,ENG-Premier League,20000000.0
Renan Lodi,ENG-Premier League,18000000.0
Ryan Yates,ENG-Premier League,10000000.0
Sam Surridge,ENG-Premier League,5500000.0
Taiwo Awoniyi,ENG-Premier League,12000000.0
Ainsley Maitland-Niles,ENG-Premier League,9000000.0
James Bree,ENG-Premier League,2500000.0
Moussa Djenepo,ENG-Premier League,1200000.0
Romain Perraud,ENG-Premier League,5000000.0
Cristian Romero,ENG-Premier League,60000000.0
Lucas Paquetá,ENG-Premier League,35000000.0
Connor Ronan,ENG-Premier League,1000000.0
Gabriel Jesus,ENG-Premier League,20000000.0
Kieran Tierney,ENG-Premier League,8000000.0
Oleksandr Zinchenko,ENG-Premier League,15000000.0
Emi Buendía,ENG-Premier League,
David Brooks,ENG-Premier League,12000000.0
Lewis Cook,ENG-Premier League,13000000.0
Marcos Senesi,ENG-Premier League,22000000.0
Siriki Dembélé,ENG-Premier League,2000000.0
Rico Henry,ENG-Premier League,15000000.0
Sergi Canós,ENG-Premier League,2500000.0
Yoane Wissa,ENG-Premier League,28000000.0
Kaoru Mitoma,ENG-Premier League,30000000.0
Ben Chilwell,ENG-Premier League,12000000.0
Denis Zakaria,ENG-Premier League,25000000.0
Jaïro Riedewald,ENG-Premier League,1200000.0
Jean-Philippe Mateta,ENG-Premier League,40000000.0
Dominic Calvert-Lewin,ENG-Premier League,15000000.0
Mason Holgate,ENG-Premier League,3000000.0
Neal Maupay,ENG-Premier League,12000000.0
Harry Wilson,ENG-Premier League,20000000.0
Issa Diop,ENG-Premier League,10000000.0
Josh Onomah,ENG-Premier League,1200000.0
Marek Rodák,ENG-Premier League,3000000.0
Saša Lukić,ENG-Premier League,12000000.0
Jack Harrison,ENG-Premier League,10000000.0
Junior Firpo,ENG-Premier League,7000000.0
Marc Roca,ENG-Premier League,9000000.0
Rasmus Kristensen,ENG-Premier League,
Daniel Iversen,ENG-Premier League,2500000.0
James Maddison,ENG-Premier League,30000000.0
Kelechi Iheanacho,ENG-Premier League,18000000.0
Wilfred Ndidi,ENG-Premier League,10000000.0
Youri Tielemans,ENG-Premier League,35000000.0
Diogo Jota,ENG-Premier League,40000000.0
Joe Gomez,ENG-Premier League,15000000.0
Luis Díaz,ENG-Premier League,70000000.0
Nathaniel Phillips,ENG-Premier League,3500000.0
Rúben Dias,ENG-Premier League,60000000.0
Donny van de Beek,ENG-Premier League,2000000.0
Scott McTominay,ENG-Premier League,45000000.0
Allan Saint-Maximin,ENG-Premier League,24000000.0
Joelinton,ENG-Premier League,30000000.0
Dean Henderson,ENG-Premier League,28000000.0
Joe Worrall,ENG-Premier League,7500000.0
Scott McKenna,ENG-Premier League,9000000.0
Adam Armstrong,ENG-Premier League,9000000.0
Duje Ćaleta-Car,ENG-Premier League,
Kyle Walker-Peters,ENG-Premier League,13000000.0
Lyanco,ENG-Premier League,3200000.0
Arnaut Danjuma,ENG-Premier League,13000000.0
Richarlison,ENG-Premier League,28000000.0
Rodrigo Bentancur,ENG-Premier League,27000000.0
Yves Bissouma,ENG-Premier League,15000000.0
Jarrod Bowen,ENG-Premier League,35000000.0
Maxwel Cornet,ENG-Premier League,5000000.0
Thilo Kehrer,ENG-Premier League,18000000.0
Gonçalo Guedes,ENG-Premier League,6000000.0
Max Kilman,ENG-Premier League,
Rúben Neves,ENG-Premier League,40000000.0
Sasa Kalajdzic,ENG-Premier League,2000000.0
Rob Holding,ENG-Premier League,3000000.0
Bertrand Traoré,ENG-Premier League,5000000.0
Jan Bednarek,ENG-Premier League,11000000.0
Ollie Watkins,ENG-Premier League,30000000.0
Jack Stacey,ENG-Premier League,2200000.0
Philip Billing,ENG-Premier League,7000000.0
David Raya,ENG-Premier League,35000000.0
Ivan Toney,ENG-Premier League,50000000.0
Mathias Jensen,ENG-Premier League,28000000.0
Deniz Undav,ENG-Premier League,25000000.0
Ruben Loftus-Cheek,ENG-Premier League,25000000.0
Joachim Andersen,ENG-Premier League,25000000.0
Alex Iwobi,ENG-Premier League,25000000.0
Dele Alli,ENG-Premier League,1500000.0
Demarai Gray,ENG-Premier League,12000000.0
Andreas Pereira,ENG-Premier League,15000000.0
Kenny Tete,ENG-Premier League,11000000.0
Robin Koch,ENG-Premier League,15000000.0
Timothy Castagne,ENG-Premier League,10000000.0
Çağlar Söyüncü,ENG-Premier League,6000000.0
Kostas Tsimikas,ENG-Premier League,
Jack Grealish,ENG-Premier League,25000000.0
Kalvin Phillips,ENG-Premier League,6000000.0
Rodri,ENG-Premier League,75000000.0
Anthony Martial,ENG-Premier League,6000000.0
Matt Targett,ENG-Premier League,3500000.0
Harry Toffolo,ENG-Premier League,2000000.0
Moussa Niakhate,ENG-Premier League,
Che Adams,ENG-Premier League,
Jan Bednarek,ENG-Premier League,11000000.0
Joe Aribo,ENG-Premier League,4000000.0
Davinson Sánchez,ENG-Premier League,18000000.0
Pierre Højbjerg,ENG-Premier League,
Nayef Aguerd,ENG-Premier League,22000000.0
Pablo Fornals,ENG-Premier League,14000000.0
Saïd Benrahma,ENG-Premier League,9000000.0
Adama Traoré,ENG-Premier League,8000000.0
Daniel Podence,ENG-Premier League,5000000.0
Hwang Hee-chan,ENG-Premier League,
Leandro Trossard,ENG-Premier League,20000000.0
Calum Chambers,ENG-Premier League,4000000.0
John McGinn,ENG-Premier League,15000000.0
Leander Dendoncker,ENG-Premier League,4000000.0
Morgan Sanson,ENG-Premier League,4000000.0
Ben Pearson,ENG-Premier League,2200000.0
Emiliano Marcondes,ENG-Premier League,1500000.0
Jefferson Lerma,ENG-Premier League,8000000.0
Joe Rothwell,ENG-Premier League,2500000.0
Ryan Christie,ENG-Premier League,9000000.0
Adam Webster,ENG-Premier League,7000000.0
Leandro Trossard,ENG-Premier League,20000000.0
Kepa Arrizabalaga,ENG-Premier League,7000000.0
Raheem Sterling,ENG-Premier League,5000000.0
Will Hughes,ENG-Premier League,6000000.0
Yerry Mina,ENG-Premier League,3000000.0
Aleksandar Mitrović,ENG-Premier League,28000000.0
Carlos Vinícius,ENG-Premier League,5000000.0
Harrison Reed,ENG-Premier League,3000000.0
João Palhinha,ENG-Premier League,25000000.0
Kevin Mbabu,ENG-Premier League,3000000.0
Nathaniel Chalobah,ENG-Premier League,1800000.0
Daniel Amartey,ENG-Premier League,5000000.0
Naby Keïta,ENG-Premier League,2000000.0
Bernardo Silva,ENG-Premier League,27000000.0
Manuel Akanji,ENG-Premier League,22000000.0
Nathan Aké,ENG-Premier League,18000000.0
Bruno Fernandes,ENG-Premier League,40000000.0
Luke Shaw,ENG-Premier League,10000000.0
Emil Krafth,ENG-Premier League,1500000.0
Jacob Murphy,ENG-Premier League,15000000.0
James Ward-Prowse,ENG-Premier League,6000000.0
Mohamed Elyounoussi,ENG-Premier League,4500000.0
Clément Lenglet,ENG-Premier League,10000000.0
Emerson Palmieri,ENG-Premier League,
Kurt Zouma,ENG-Premier League,25000000.0
Tomáš Souček,ENG-Premier League,12000000.0
Leander Dendoncker,ENG-Premier League,4000000.0
Ludwig Augustinsson,ENG-Premier League,2000000.0
Jack Stephens,ENG-Premier League,1200000.0
Jamal Lowe,ENG-Premier League,1500000.0
Christian Nørgaard,ENG-Premier League,18000000.0
Saman Ghoddos,ENG-Premier League,2000000.0
Solly March,ENG-Premier League,3000000.0
Mateo Kovačić,ENG-Premier League,
Jordan Pickford,ENG-Premier League,15000000.0
Diego Llorente,ENG-Premier League,7000000.0
Patrick Bamford,ENG-Premier League,7000000.0
Dennis Praet,ENG-Premier League,2000000.0
Ricardo Pereira,ENG-Premier League,3000000.0
Alex Oxlade-Chamberlain,ENG-Premier League,1500000.0
Andrew Robertson,ENG-Premier League,30000000.0
Fabinho,ENG-Premier League,38000000.0
Aymeric Laporte,ENG-Premier League,20000000.0
Ederson,ENG-Premier League,15000000.0
John Stones,ENG-Premier League,18000000.0
João Cancelo,ENG-Premier League,25000000.0
Marcel Sabitzer,ENG-Premier League,7000000.0
Victor Lindelöf,ENG-Premier League,15000000.0
Jamaal Lascelles,ENG-Premier League,2000000.0
Javier Manquillo,ENG-Premier League,1800000.0
Miguel Almirón,ENG-Premier League,9000000.0
Ryan Fraser,ENG-Premier League,1800000.0
Gustavo Scarpa,ENG-Premier League,8000000.0
Jack Stephens,ENG-Premier League,1200000.0
Nathan Redmond,ENG-Premier League,5000000.0
Paul Onuachu,ENG-Premier League,6000000.0
Eric Dier,ENG-Premier League,7000000.0
Jonny Castro,ENG-Premier League,
Mario Lemina,ENG-Premier League,6000000.0
Nélson Semedo,ENG-Premier League,7500000.0
Granit Xhaka,ENG-Premier League,10000000.0
Thomas Partey,ENG-Premier League,5000000.0
Diego Carlos,ENG-Premier League,8500000.0
Emiliano Martínez,ENG-Premier League,15000000.0
Lucas Digne,ENG-Premier League,8000000.0
Tyrone Mings,ENG-Premier League,4000000.0
Álex Moreno,ENG-Premier League,3500000.0
Kieffer Moore,ENG-Premier League,2000000.0
Ryan Fredericks,ENG-Premier League,1000000.0
Ethan Pinnock,ENG-Premier League,4000000.0
Hakim Ziyech,ENG-Premier League,3000000.0
Jeffrey Schlupp,ENG-Premier League,2000000.0
Sam Johnstone,ENG-Premier League,5000000.0
Wilfried Zaha,ENG-Premier League,4000000.0
Abdoulaye Doucouré,ENG-Premier League,6000000.0
Conor Coady,ENG-Premier League,1500000.0
James Tarkowski,ENG-Premier League,7000000.0
Michael Keane,ENG-Premier League,4000000.0
Bobby De Cordova-Reid,ENG-Premier League,5000000.0
Layvin Kurzawa,ENG-Premier League,750000.0
Ayoze Pérez,ENG-Premier League,6000000.0
Danny Ward,ENG-Premier League,800000.0
Alisson,ENG-Premier League,17000000.0
Stefan Ortega,ENG-Premier League,5000000.0
Fred,ENG-Premier League,7000000.0
Harry Maguire,ENG-Premier League,18000000.0
Raphaël Varane,ENG-Premier League,20000000.0
Wout Weghorst,ENG-Premier League,3500000.0
Cafú,ENG-Premier League,600000.0
Jesse Lingard,ENG-Premier League,6000000.0
Serge Aurier,ENG-Premier League,3700000.0
Mislav Oršić,ENG-Premier League,
Ben Davies,ENG-Premier League,10000000.0
Harry Kane,ENG-Premier League,65000000.0
Lucas Moura,ENG-Premier League,6000000.0
Alphonse Areola,ENG-Premier League,7000000.0
Manuel Lanzini,ENG-Premier League,5000000.0
Vladimír Coufal,ENG-Premier League,2700000.0
Daniel Bentley,ENG-Premier League,1000000.0
José Sá,ENG-Premier League,5000000.0
Cédric Soares,ENG-Premier League,2000000.0
Jorginho,ENG-Premier League,5000000.0
Mohamed Elneny,ENG-Premier League,3500000.0
Danny Ings,ENG-Premier League,3500000.0
Philippe Coutinho,ENG-Premier League,7500000.0
Joël Veltman,ENG-Premier League,2500000.0
Lewis Dunk,ENG-Premier League,4000000.0
Edouard Mendy,ENG-Premier League,10000000.0
Jorginho,ENG-Premier League,5000000.0
Jordan Ayew,ENG-Premier League,1800000.0
Bernd Leno,ENG-Premier League,8000000.0
Cédric Soares,ENG-Premier League,2000000.0
Neeskens Kebano,ENG-Premier League,2000000.0
Shane Duffy,ENG-Premier League,2000000.0
Adam Forshaw,ENG-Premier League,1200000.0
Liam Cooper,ENG-Premier League,1800000.0
Luke Ayling,ENG-Premier League,1800000.0
Nampalys Mendy,ENG-Premier League,3000000.0
Joël Matip,ENG-Premier League,
Mohamed Salah,ENG-Premier League,30000000.0
Roberto Firmino,ENG-Premier League,15000000.0
Casemiro,ENG-Premier League,8000000.0
Christian Eriksen,ENG-Premier League,3000000.0
Callum Wilson,ENG-Premier League,5000000.0
Chris Wood,ENG-Premier League,8000000.0
Dan Burn,ENG-Premier League,5000000.0
Fabian Schär,ENG-Premier League,6000000.0
Jonjo Shelvey,ENG-Premier League,800000.0
Nick Pope,ENG-Premier League,7000000.0
Chris Wood,ENG-Premier League,8000000.0
Jonjo Shelvey,ENG-Premier League,800000.0
Remo Freuler,ENG-Premier League,4000000.0
Oriol Romeu,ENG-Premier League,700000.0
Stuart Armstrong,ENG-Premier League,3000000.0
Matt Doherty,ENG-Premier League,1500000.0
Son Heung-min,ENG-Premier League,
Danny Ings,ENG-Premier League,3500000.0
Pablo Sarabia,ENG-Premier League,4000000.0
Adam Smith,ENG-Premier League,500000.0
Pontus Jansson,ENG-Premier League,2000000.0
Danny Welbeck,ENG-Premier League,4000000.0
Jason Steele,ENG-Premier League,750000.0
Pascal Groß,ENG-Premier League,3500000.0
Kalidou Koulibaly,ENG-Premier League,12000000.0
N'Golo Kanté,ENG-Premier League,12000000.0
Luka Milivojević,ENG-Premier League,
Nathaniel Clyne,ENG-Premier League,1500000.0
Tom Cairney,ENG-Premier League,750000.0
Rodrigo,ENG-Premier League,5000000.0
Thiago Alcántara,ENG-Premier League,10000000.0
Virgil van Dijk,ENG-Premier League,18000000.0
Kevin De Bruyne,ENG-Premier League,15000000.0
Riyad Mahrez,ENG-Premier League,18000000.0
İlkay Gündoğan,ENG-Premier League,3500000.0
David de Gea,ENG-Premier League,3500000.0
Kieran Trippier,ENG-Premier League,2500000.0
Steve Cook,ENG-Premier League,1800000.0
Willy Boly,ENG-Premier League,800000.0
Raúl Jiménez,ENG-Premier League,4000000.0
Robin Olsen,ENG-Premier League,700000.0
Junior Stanislas,ENG-Premier League,500000.0
Ben Mee,ENG-Premier League,1000000.0
Mathias Jørgensen,ENG-Premier League,
César Azpilicueta,ENG-Premier League,1200000.0
Joel Ward,ENG-Premier League,300000.0
Idrissa Gana Gueye,ENG-Premier League,
Salomón Rondón,ENG-Premier League,1000000.0
Joel Robles,ENG-Premier League,400000.0
Mateusz Klich,ENG-Premier League,2000000.0
Marc Albrighton,ENG-Premier League,1000000.0
Jordan Henderson,ENG-Premier League,2000000.0
Kyle Walker,ENG-Premier League,2500000.0
Matt Ritchie,ENG-Premier League,1000000.0
André Ayew,ENG-Premier League,400000.0
Cheikhou Kouyaté,ENG-Premier League,1000000.0
Jack Colback,ENG-Premier League,600000.0
Alex McCarthy,ENG-Premier League,300000.0
Aaron Cresswell,ENG-Premier League,450000.0
Craig Dawson,ENG-Premier League,900000.0
Michail Antonio,ENG-Premier League,700000.0
Craig Dawson,ENG-Premier League,900000.0
Neto,ENG-Premier League,1200000.0
Pierre-Emerick Aubameyang,ENG-Premier League,5000000.0
James Tomkins,ENG-Premier League,700000.0
Séamus Coleman,ENG-Premier League,300000.0
Willian,ENG-Premier League,500000.0
Martin Dúbravka,ENG-Premier League,750000.0
Felipe,ENG-Premier League,1500000.0
Theo Walcott,ENG-Premier League,1000000.0
Ivan Perišić,ENG-Premier League,1300000.0
Diego Costa,ENG-Premier League,2000000.0
Adam Lallana,ENG-Premier League,750000.0
James McArthur,ENG-Premier League,400000.0
Tim Ream,ENG-Premier League,800000.0
Jonny Evans,ENG-Premier League,2000000.0
Fraser Forster,ENG-Premier League,600000.0
Angelo Ogbonna,ENG-Premier League,700000.0
Vicente Guaita,ENG-Premier League,400000.0
Asmir Begović,ENG-Premier League,
Jamie Vardy,ENG-Premier League,2000000.0
Keylor Navas,ENG-Premier League,1500000.0
Wayne Hennessey,ENG-Premier League,150000.0
Hugo Lloris,ENG-Premier League,1200000.0
João Moutinho,ENG-Premier League,500000.0
James Milner,ENG-Premier League,750000.0
Ashley Young,ENG-Premier League,400000.0
Thiago Silva,ENG-Premier League,1000000.0
Cristiano Ronaldo,ENG-Premier League,15000000.0
Łukasz Fabiański,ENG-Premier League,
Lamine Yamal,ESP-La Liga,120000000.0
Gavi,ESP-La Liga,40000000.0
Luca Koleosho,ESP-La Liga,7000000.0
Simo,ESP-La Liga,
Joel Roca,ESP-La Liga,5000000.0
Iván Fresneda,ESP-La Liga,12000000.0
Kaiky,ESP-La Liga,2000000.0
Marko Milovanović,ESP-La Liga,900000.0
Aleix Garrido,ESP-La Liga,500000.0
Alejandro Balde,ESP-La Liga,60000000.0
Ángel Alarcón,ESP-La Liga,300000.0
Hugo Sotelo,ESP-La Liga,9000000.0
Williot Swedberg,ESP-La Liga,5000000.0
José Antonio,ESP-La Liga,
Omar El Hilali,ESP-La Liga,15000000.0
Roger Martínez,ESP-La Liga,400000.0
Diego Méndez,ESP-La Liga,50000.0
Pablo Muñoz,ESP-La Liga,50000.0
Felix Garreta,ESP-La Liga,
Álvaro Rodríguez,ESP-La Liga,4000000.0
Mohamed Ali Cho,ESP-La Liga,
Carlos Álvarez,ESP-La Liga,400000.0
Manu Bueno,ESP-La Liga,1500000.0
Cristhian Mosquera,ESP-La Liga,35000000.0
Roberto Arroyo,ESP-La Liga,300000.0
Antonio Gomis,ESP-La Liga,500000.0
Pablo Barrios,ESP-La Liga,60000000.0
Ansu Fati,ESP-La Liga,25000000.0
Chadi Riad,ESP-La Liga,12000000.0
Pablo Torre,ESP-La Liga,3000000.0
Pedri,ESP-La Liga,80000000.0
Miguel Rodríguez,ESP-La Liga,6500000.0
Miguel Rodríguez,ESP-La Liga,
Arnau Martinez,ESP-La Liga,
Oscar Ureña,ESP-La Liga,
Ricard Artero,ESP-La Liga,200000.0
Javier Llabrés,ESP-La Liga,
Iker Benito,ESP-La Liga,1500000.0
Iker Muñoz,ESP-La Liga,2000000.0
Eduardo Camavinga,ESP-La Liga,50000000.0
Jon Karrikaburu,ESP-La Liga,2500000.0
Pablo Marín,ESP-La Liga,1500000.0
Diego Iturralde,ESP-La Liga,
Francisco Perez,ESP-La Liga,
Ilaix Moriba,ESP-La Liga,3000000.0
Javier Guerra,ESP-La Liga,
Jesus Vazquez,ESP-La Liga,
Yunus Musah,ESP-La Liga,22000000.0
Babatunde Akinsola,ESP-La Liga,
David Torres,ESP-La Liga,500000.0
Álvaro Aceves,ESP-La Liga,400000.0
Mamadou Fall,ESP-La Liga,
Pascu,ESP-La Liga,
Yeremi Pino,ESP-La Liga,
El Bilal Touré,ESP-La Liga,15000000.0
Lázaro,ESP-La Liga,3500000.0
Adu Ares,ESP-La Liga,2000000.0
Nico Williams,ESP-La Liga,60000000.0
Carlos Martín,ESP-La Liga,2500000.0
Gabriel Veiga,ESP-La Liga,
Alejandro Alfaro,ESP-La Liga,50000.0
Carmona,ESP-La Liga,
Moises Parra Gutierrez,ESP-La Liga,
Reinier,ESP-La Liga,3500000.0
Yan Couto,ESP-La Liga,20000000.0
Rubén Quintanilla,ESP-La Liga,50000.0
Abde Ezzalzouli,ESP-La Liga,20000000.0
Aimar Oroz,ESP-La Liga,9000000.0
Sergio Arribas,ESP-La Liga,10000000.0
Ander Barrenetxea,ESP-La Liga,20000000.0
Beñat Turrientes,ESP-La Liga,8000000.0
Roberto Navarro,ESP-La Liga,
Carmona,ESP-La Liga,
Kike Salas,ESP-La Liga,6000000.0
Tanguy Nianzou,ESP-La Liga,1400000.0
Diego López,ESP-La Liga,15000000.0
Nicolás González,ESP-La Liga,
Manuel Pozo,ESP-La Liga,300000.0
Filip Jørgensen,ESP-La Liga,15000000.0
Haissem Hassan,ESP-La Liga,1500000.0
Arnau Puigmal,ESP-La Liga,1800000.0
Largie Ramazani,ESP-La Liga,5000000.0
Samu Costa,ESP-La Liga,
Julen Agirrezabala,ESP-La Liga,5000000.0
Unai Vencedor Paris,ESP-La Liga,
Eric García,ESP-La Liga,20000000.0
Carlos Dominguez,ESP-La Liga,
Pablo Durán,ESP-La Liga,250000.0
John Donald,ESP-La Liga,1000000.0
Joan García,ESP-La Liga,30000000.0
José Gragera,ESP-La Liga,1500000.0
Nabil Touaizi,ESP-La Liga,200000.0
Nico Ribaudo,ESP-La Liga,
Rubén,ESP-La Liga,
Juanmi Latasa,ESP-La Liga,2000000.0
Miguel Gutiérrez,ESP-La Liga,17000000.0
Ramón Terrats,ESP-La Liga,4000000.0
Lee Kang-in,ESP-La Liga,
Diego Moreno,ESP-La Liga,800000.0
Jorge Herrando,ESP-La Liga,3500000.0
Manu Sánchez,ESP-La Liga,8000000.0
Sergio Camello,ESP-La Liga,3000000.0
Fran Delgado,ESP-La Liga,350000.0
Luiz Henrique,ESP-La Liga,24000000.0
Roberto González,ESP-La Liga,
Rodrygo,ESP-La Liga,110000000.0
Ander Martin,ESP-La Liga,
Jon Magunazelaia,ESP-La Liga,900000.0
Jon Pacheco,ESP-La Liga,5000000.0
Olasagasti,ESP-La Liga,
Takefusa Kubo,ESP-La Liga,30000000.0
Bryan Gil,ESP-La Liga,12000000.0
Iván Romero,ESP-La Liga,800000.0
Pedro Ortiz,ESP-La Liga,600000.0
Alberto Marí,ESP-La Liga,1500000.0
Cenk Özkacar,ESP-La Liga,2000000.0
Giorgi Mamardashvili,ESP-La Liga,28000000.0
Gonzalo Plata,ESP-La Liga,5000000.0
Alex Baena,ESP-La Liga,
Diego Collado,ESP-La Liga,400000.0
Fernando Niño,ESP-La Liga,
Nicolas Jackson,ESP-La Liga,45000000.0
Ramón Terrats,ESP-La Liga,4000000.0
Aitor Paredes,ESP-La Liga,22000000.0
Oihan Sancet,ESP-La Liga,40000000.0
João Félix,ESP-La Liga,25000000.0
Ferrán Torres,ESP-La Liga,
Fernando Medrano,ESP-La Liga,500000.0
Jørgen Strand Larsen,ESP-La Liga,40000000.0
Antonio Blanco,ESP-La Liga,10000000.0
Carlos García,ESP-La Liga,200000.0
Francisco Mwepu,ESP-La Liga,300000.0
Mamady Diarra,ESP-La Liga,300000.0
Raúl Parra,ESP-La Liga,300000.0
Víctor Chust,ESP-La Liga,2000000.0
Domingos Quina,ESP-La Liga,1500000.0
Nicolás Ezequiel Fernández,ESP-La Liga,
Pol Lozano,ESP-La Liga,2000000.0
Alejandro Revuelta Montero,ESP-La Liga,
Gastón Álvarez,ESP-La Liga,15000000.0
Rodrigo Riquelme,ESP-La Liga,8000000.0
Valery Fernández,ESP-La Liga,1000000.0
Copete,ESP-La Liga,
Josep Antoni Gayá,ESP-La Liga,
Leo Román,ESP-La Liga,5000000.0
Fran Garcia,ESP-La Liga,
Abner,ESP-La Liga,7000000.0
Juan Cruz,ESP-La Liga,3000000.0
Juan Miranda,ESP-La Liga,15000000.0
Rodri,ESP-La Liga,
Aurélien Tchouaméni,ESP-La Liga,100000000.0
Vinicius Júnior,ESP-La Liga,
Alexander Isak,ESP-La Liga,120000000.0
Loïc Bade,ESP-La Liga,
Domingos André Ribeiro Almeida,ESP-La Liga,
Hugo Duro,ESP-La Liga,16000000.0
Hugo Guillamón,ESP-La Liga,2000000.0
Samuel Lino,ESP-La Liga,20000000.0
Lucas Oliveira Rosa,ESP-La Liga,
Monchu,ESP-La Liga,6000000.0
Alberto Del Moral,ESP-La Liga,
Jorge Cuenca,ESP-La Liga,4000000.0
Alejandro Pozo Pozo,ESP-La Liga,
Chumi,ESP-La Liga,2000000.0
Daniel Vivian,ESP-La Liga,
Jon Morcillo,ESP-La Liga,1500000.0
Oier Zarraga,ESP-La Liga,1800000.0
Matheus Cunha,ESP-La Liga,45000000.0
Iñaki Peña,ESP-La Liga,8000000.0
Jules Koundé,ESP-La Liga,45000000.0
Ronald Araújo,ESP-La Liga,
Fran Beltrán,ESP-La Liga,6000000.0
Óscar Mingueza,ESP-La Liga,8000000.0
Brian Ocampo,ESP-La Liga,900000.0
Tomás Alarcón,ESP-La Liga,1000000.0
Lautaro Blanco,ESP-La Liga,2000000.0
Álex Collado,ESP-La Liga,3000000.0
Vinicius Souza,ESP-La Liga,
Ángel Algobia,ESP-La Liga,1500000.0
Iván Martín,ESP-La Liga,6000000.0
Santiago Bueno,ESP-La Liga,10000000.0
Valentín Castellanos,ESP-La Liga,
Manu Morlanes,ESP-La Liga,2400000.0
Pablo Ibáñez,ESP-La Liga,3000000.0
Andrés Martín,ESP-La Liga,1000000.0
Mario Hernández,ESP-La Liga,600000.0
Andriy Lunin,ESP-La Liga,25000000.0
Alex Sola,ESP-La Liga,
Martín Zubimendi,ESP-La Liga,50000000.0
Pape Gueye,ESP-La Liga,6000000.0
Justin Kluivert,ESP-La Liga,32000000.0
Thierry Correia,ESP-La Liga,3000000.0
Manu Morlanes,ESP-La Liga,2400000.0
Samuel Chukwueze,ESP-La Liga,20000000.0
Houboulang Mendes,ESP-La Liga,700000.0
Luis Javier Suárez,ESP-La Liga,
Sergio Akieme,ESP-La Liga,7000000.0
Álex Centelles,ESP-La Liga,
Asier Villalibre,ESP-La Liga,2500000.0
Nahuel Molina,ESP-La Liga,15000000.0
Carles Pérez,ESP-La Liga,1800000.0
Luca de la Torre,ESP-La Liga,3000000.0
Óscar Rodríguez Arnaiz,ESP-La Liga,
Mamadou Mbaye,ESP-La Liga,
Santiago Arzamendia,ESP-La Liga,1200000.0
Youba Diarra,ESP-La Liga,300000.0
Pape Cheikh Diop,ESP-La Liga,
Pol Lirola,ESP-La Liga,1800000.0
Randy Nteka,ESP-La Liga,1200000.0
Adrià Pedrosa,ESP-La Liga,4000000.0
Dani Gómez,ESP-La Liga,1200000.0
Javi Puado,ESP-La Liga,10000000.0
Keidi Bare,ESP-La Liga,3000000.0
Ronaël Pierre-Gabriel,ESP-La Liga,3500000.0
Álvaro Fernández,ESP-La Liga,2500000.0
Carles Aleñá,ESP-La Liga,3000000.0
Gonzalo Villar,ESP-La Liga,3000000.0
Iglesias,ESP-La Liga,
Javi Hernández,ESP-La Liga,2000000.0
Viktor Tsyhankov,ESP-La Liga,
Yangel Herrera,ESP-La Liga,9000000.0
Dennis Hadzikadunic,ESP-La Liga,3000000.0
Jon Moncayola,ESP-La Liga,7000000.0
Abdul Mumin,ESP-La Liga,2500000.0
Pep Chavarría,ESP-La Liga,10000000.0
Randy Nteka,ESP-La Liga,1200000.0
Paul Akouokou,ESP-La Liga,1500000.0
Federico Valverde,ESP-La Liga,120000000.0
Éder Militão,ESP-La Liga,60000000.0
Aihen Muñoz,ESP-La Liga,8000000.0
Kasper Dolberg,ESP-La Liga,12000000.0
Eray Cömert,ESP-La Liga,2000000.0
Toni Lato,ESP-La Liga,1500000.0
Martin Hongla,ESP-La Liga,2500000.0
Juan Foyth,ESP-La Liga,15000000.0
Lucas Robertone,ESP-La Liga,7000000.0
Umar Sadiq,ESP-La Liga,4000000.0
Gorka Guruzeta,ESP-La Liga,18000000.0
Unai Simón,ESP-La Liga,30000000.0
Sergio Reguilón,ESP-La Liga,12000000.0
Franck Kessié,ESP-La Liga,20000000.0
Frenkie de Jong,ESP-La Liga,70000000.0
Ousmane Dembélé,ESP-La Liga,100000000.0
Raphinha,ESP-La Liga,50000000.0
Iván Villar,ESP-La Liga,1200000.0
Unai Núñez,ESP-La Liga,7000000.0
Chris Ramos,ESP-La Liga,4000000.0
Fede San Emeterio,ESP-La Liga,1500000.0
Jorge Meré,ESP-La Liga,1000000.0
Ezequiel Ponce,ESP-La Liga,5000000.0
Raúl Guti,ESP-La Liga,2000000.0
Tete Morente,ESP-La Liga,1800000.0
César Montes,ESP-La Liga,7000000.0
Edu Expósito,ESP-La Liga,4000000.0
Óscar Gil,ESP-La Liga,
Borja Mayoral,ESP-La Liga,7500000.0
Enes Ünal,ESP-La Liga,8000000.0
Jaime Seoane,ESP-La Liga,2000000.0
Omar Alderete,ESP-La Liga,12000000.0
Aleix García,ESP-La Liga,20000000.0
Manu Vallejo,ESP-La Liga,1500000.0
Antonio Sánchez,ESP-La Liga,2400000.0
Braian Cufré,ESP-La Liga,1500000.0
Dominik Greif,ESP-La Liga,8000000.0
Pablo Maffeo,ESP-La Liga,5000000.0
Kike Barja,ESP-La Liga,1500000.0
Santi Comesaña,ESP-La Liga,6000000.0
Luiz Felipe,ESP-La Liga,3000000.0
Luiz Felipe,ESP-La Liga,200000.0
Édgar González,ESP-La Liga,
Dani Ceballos,ESP-La Liga,6000000.0
Jesús Vallejo,ESP-La Liga,1000000.0
Ander Guevara,ESP-La Liga,5000000.0
Andoni Gorosabel,ESP-La Liga,5000000.0
Brais Méndez,ESP-La Liga,40000000.0
Igor Zubeldia,ESP-La Liga,9000000.0
Mikel Oyarzabal,ESP-La Liga,25000000.0
Robin Le Normand,ESP-La Liga,40000000.0
Umar Sadiq,ESP-La Liga,4000000.0
Gonzalo Montiel,ESP-La Liga,4500000.0
Rafa Mir,ESP-La Liga,2500000.0
Youssef En-Nesyri,ESP-La Liga,20000000.0
Carlos Soler,ESP-La Liga,8000000.0
Marcos André,ESP-La Liga,800000.0
Maxi Gómez,ESP-La Liga,2000000.0
Mouctar Diakhaby,ESP-La Liga,2800000.0
Javi Sánchez,ESP-La Liga,2500000.0
Kike Pérez,ESP-La Liga,2200000.0
Selim Amallah,ESP-La Liga,1500000.0
Arnaut Danjuma,ESP-La Liga,13000000.0
Pau Torres,ESP-La Liga,25000000.0
Curro,ESP-La Liga,
José Carlos Lazo,ESP-La Liga,2500000.0
Srđan Babić,ESP-La Liga,
Ivo Grbić,ESP-La Liga,
Thomas Lemar,ESP-La Liga,2000000.0
Andreas Christensen,ESP-La Liga,40000000.0
Joseph Aidoo,ESP-La Liga,4000000.0
Awer Mabil,ESP-La Liga,1300000.0
Theo Bongonda,ESP-La Liga,
Axel Werner,ESP-La Liga,800000.0
Lucas Boyé,ESP-La Liga,7000000.0
Fernando Calero,ESP-La Liga,2500000.0
José Carlos Lazo,ESP-La Liga,2500000.0
Mauro Arambarri,ESP-La Liga,10000000.0
Munir El Haddadi,ESP-La Liga,2500000.0
Amath,ESP-La Liga,
Iddrisu Baba,ESP-La Liga,2200000.0
Martin Valjent,ESP-La Liga,4500000.0
Predrag Rajković,ESP-La Liga,10000000.0
Tino Kadewere,ESP-La Liga,1800000.0
José Pozo,ESP-La Liga,1000000.0
Unai López,ESP-La Liga,2500000.0
Aitor Ruibal,ESP-La Liga,3500000.0
Marco Asensio,ESP-La Liga,15000000.0
Álvaro Odriozola,ESP-La Liga,800000.0
Alexander Sørloth,ESP-La Liga,20000000.0
Carlos Fernández,ESP-La Liga,1500000.0
Mikel Merino,ESP-La Liga,30000000.0
Marcão,ESP-La Liga,2500000.0
Joaquín Fernández,ESP-La Liga,1500000.0
Kenedy,ESP-La Liga,700000.0
Mickael Malsa,ESP-La Liga,
Shon Weissman,ESP-La Liga,1700000.0
Álvaro Aguado,ESP-La Liga,3000000.0
Alfonso Pedraza,ESP-La Liga,2500000.0
Giovani Lo Celso,ESP-La Liga,16000000.0
Yeray Álvarez,ESP-La Liga,8000000.0
Álex Berenguer,ESP-La Liga,12000000.0
José María Giménez,ESP-La Liga,22000000.0
Marcos Llorente,ESP-La Liga,22000000.0
Mario Hermoso,ESP-La Liga,7000000.0
Saúl Ñíguez,ESP-La Liga,2500000.0
Ángel Correa,ESP-La Liga,9000000.0
Héctor Bellerín,ESP-La Liga,4000000.0
Gonçalo Paciência,ESP-La Liga,1500000.0
Javi Galán,ESP-La Liga,3500000.0
Renato Tapia,ESP-La Liga,5000000.0
Iván Alejo,ESP-La Liga,1500000.0
Diego González,ESP-La Liga,1200000.0
Gerard Gumbau,ESP-La Liga,1400000.0
Domingos Duarte,ESP-La Liga,800000.0
Luis Milla,ESP-La Liga,3500000.0
Nemanja Maksimović,ESP-La Liga,
Toni Villa,ESP-La Liga,400000.0
Franco Russo,ESP-La Liga,900000.0
Giovanni González,ESP-La Liga,2500000.0
Nacho Vidal,ESP-La Liga,1600000.0
Catena,ESP-La Liga,
Isaac Palazón Camacho,ESP-La Liga,
Raúl de Tomás,ESP-La Liga,500000.0
Óscar Valentín,ESP-La Liga,4000000.0
Ferland Mendy,ESP-La Liga,22000000.0
Álex Remiro,ESP-La Liga,14000000.0
Adnan Januzaj,ESP-La Liga,1200000.0
Karim Rekik,ESP-La Liga,4000000.0
Óliver Torres,ESP-La Liga,6000000.0
José Luis Gayà,ESP-La Liga,
Samu Castillejo,ESP-La Liga,600000.0
Anuar,ESP-La Liga,800000.0
Cyle Larin,ESP-La Liga,3500000.0
Juanjo Narváez,ESP-La Liga,800000.0
Luis Pérez,ESP-La Liga,1200000.0
Sékou Gassama,ESP-La Liga,
Toni Villa,ESP-La Liga,400000.0
Gonzalo Melero,ESP-La Liga,1800000.0
Rodrigo Ely,ESP-La Liga,3000000.0
Iñaki Williams,ESP-La Liga,25000000.0
Memphis,ESP-La Liga,
Reinildo Mandava,ESP-La Liga,5000000.0
Rodrigo De Paul,ESP-La Liga,15000000.0
Yannick Carrasco,ESP-La Liga,14000000.0
Memphis,ESP-La Liga,
Franco Cervi,ESP-La Liga,1500000.0
David Gil,ESP-La Liga,700000.0
Fali,ESP-La Liga,2000000.0
Lisandro Magallán,ESP-La Liga,1800000.0
Brian Oliván,ESP-La Liga,6000000.0
Denis Suárez,ESP-La Liga,1500000.0
Sergi Darder,ESP-La Liga,3500000.0
Fabrizio Angileri,ESP-La Liga,1000000.0
Jordan Amavi,ESP-La Liga,1200000.0
Iñigo Ruiz de Galarreta,ESP-La Liga,2500000.0
Ludwig Augustinsson,ESP-La Liga,2000000.0
Vedat Muriqi,ESP-La Liga,4500000.0
David García,ESP-La Liga,10000000.0
Ezequiel Ávila,ESP-La Liga,
Lucas Torró,ESP-La Liga,2800000.0
Moi Gómez,ESP-La Liga,1800000.0
Pathé Ciss,ESP-La Liga,2000000.0
Stole Dimitrievski,ESP-La Liga,2000000.0
Guido Rodríguez,ESP-La Liga,6000000.0
Loren Morón,ESP-La Liga,2500000.0
Rui Silva,ESP-La Liga,8000000.0
Mariano,ESP-La Liga,
Aritz Elustondo,ESP-La Liga,1800000.0
Joan Jordán,ESP-La Liga,3500000.0
Lucas Ocampos,ESP-La Liga,9000000.0
Suso,ESP-La Liga,4000000.0
Lucas Olaza,ESP-La Liga,4000000.0
Léo Baptistão,ESP-La Liga,1500000.0
Iker Muniain,ESP-La Liga,5000000.0
Iñigo Lekue,ESP-La Liga,3000000.0
Mikel Vesga,ESP-La Liga,4000000.0
Geoffrey Kondogbia,ESP-La Liga,5000000.0
Jan Oblak,ESP-La Liga,17000000.0
Álvaro Morata,ESP-La Liga,16000000.0
Kevin Vázquez,ESP-La Liga,800000.0
Anthony Lozano,ESP-La Liga,
Gonzalo Escalante,ESP-La Liga,1500000.0
Isaac Carcelen,ESP-La Liga,
Jeremías Ledesma,ESP-La Liga,
Álex Fernández,ESP-La Liga,1500000.0
Enzo Roco,ESP-La Liga,1500000.0
Helibelton Palacios,ESP-La Liga,1200000.0
Johan Mojica,ESP-La Liga,1800000.0
Omar Mascarell,ESP-La Liga,800000.0
Pere Milla,ESP-La Liga,1200000.0
David Soria,ESP-La Liga,3000000.0
Abdón Prats,ESP-La Liga,900000.0
Matija Nastasić,ESP-La Liga,1500000.0
Rubén García,ESP-La Liga,1800000.0
Sergio Herrera,ESP-La Liga,3000000.0
Álvaro García,ESP-La Liga,3000000.0
Ayoze Pérez,ESP-La Liga,6000000.0
Borja Iglesias,ESP-La Liga,5000000.0
Juanmi,ESP-La Liga,1200000.0
Nabil Fekir,ESP-La Liga,10000000.0
Youssouf Sabaly,ESP-La Liga,2500000.0
Álex Moreno,ESP-La Liga,3500000.0
Antonio Rüdiger,ESP-La Liga,25000000.0
Diego Rico,ESP-La Liga,1200000.0
Alex Telles,ESP-La Liga,7000000.0
Jesús Corona,ESP-La Liga,3500000.0
Dimitri Foulquier,ESP-La Liga,1200000.0
Darwin Machís,ESP-La Liga,450000.0
Iván Sánchez,ESP-La Liga,500000.0
Johan Mojica,ESP-La Liga,1800000.0
Adri Embarba,ESP-La Liga,
César de la Hoz,ESP-La Liga,250000.0
Fernando Pacheco,ESP-La Liga,2500000.0
Íñigo Eguaras,ESP-La Liga,
Ander Capa,ESP-La Liga,1800000.0
Koke,ESP-La Liga,7000000.0
Matt Doherty,ESP-La Liga,1500000.0
Marc-André ter Stegen,ESP-La Liga,28000000.0
Sergi Roberto,ESP-La Liga,1500000.0
Augusto Solari,ESP-La Liga,1500000.0
Haris Seferović,ESP-La Liga,
Alfonso Espino,ESP-La Liga,1000000.0
Joseba Zaldúa,ESP-La Liga,
Rubén Sobrino,ESP-La Liga,1400000.0
Carlos Clerc,ESP-La Liga,1500000.0
Édgar Badía,ESP-La Liga,3000000.0
Adri Embarba,ESP-La Liga,
Fernando Pacheco,ESP-La Liga,2500000.0
Sergi Gómez,ESP-La Liga,2000000.0
Djené,ESP-La Liga,
Portu,ESP-La Liga,1500000.0
Alexander Callens,ESP-La Liga,300000.0
Oriol Romeu,ESP-La Liga,700000.0
Paulo Gazzaniga,ESP-La Liga,2000000.0
Antonio Raillo,ESP-La Liga,
Darko Brašanac,ESP-La Liga,
Juan Cruz Armada,ESP-La Liga,
Unai García,ESP-La Liga,600000.0
Iván Balliu,ESP-La Liga,1200000.0
William Carvalho,ESP-La Liga,3000000.0
Willian José,ESP-La Liga,1400000.0
Casemiro,ESP-La Liga,8000000.0
Dani Carvajal,ESP-La Liga,
David Alaba,ESP-La Liga,20000000.0
Thibaut Courtois,ESP-La Liga,28000000.0
Isco,ESP-La Liga,8000000.0
Marcos Acuña,ESP-La Liga,4000000.0
Marko Dmitrović,ESP-La Liga,
Nemanja Gudelj,ESP-La Liga,2500000.0
Thomas Delaney,ESP-La Liga,800000.0
Érik Lamela,ESP-La Liga,
Jawad El Yamiq,ESP-La Liga,2000000.0
Alberto Moreno,ESP-La Liga,1000000.0
Aïssa Mandi,ESP-La Liga,1800000.0
Gerard Moreno,ESP-La Liga,10000000.0
Gerónimo Rulli,ESP-La Liga,9000000.0
Manu Trigueros,ESP-La Liga,1500000.0
Iñigo Martínez,ESP-La Liga,5000000.0
Antoine Griezmann,ESP-La Liga,11000000.0
Stefan Savić,ESP-La Liga,
Marcos Alonso,ESP-La Liga,2000000.0
Hugo Mallo,ESP-La Liga,500000.0
Alberto Perea,ESP-La Liga,450000.0
Roger Martí,ESP-La Liga,1200000.0
Rubén Alcaraz,ESP-La Liga,1500000.0
Sergi Guardiola,ESP-La Liga,800000.0
Álvaro Giménez,ESP-La Liga,500000.0
Pedro Bigas,ESP-La Liga,1000000.0
Roger Martí,ESP-La Liga,1200000.0
Benjamin Lecomte,ESP-La Liga,3500000.0
Leandro Cabrera,ESP-La Liga,2500000.0
Martin Braithwaite,ESP-La Liga,5000000.0
Borja García,ESP-La Liga,800000.0
Juanpe,ESP-La Liga,500000.0
Samuel Sáiz,ESP-La Liga,
Clément Grenier,ESP-La Liga,800000.0
Lago Junior,ESP-La Liga,
Rodrigo Battaglia,ESP-La Liga,1500000.0
Aitor Fernández,ESP-La Liga,600000.0
Ante Budimir,ESP-La Liga,3000000.0
Rubén Peña,ESP-La Liga,600000.0
Esteban Saveljich,ESP-La Liga,500000.0
Florian Lejeune,ESP-La Liga,3000000.0
Salvi,ESP-La Liga,
Germán Pezzella,ESP-La Liga,3000000.0
Martín Montoya,ESP-La Liga,350000.0
Sergio Canales,ESP-La Liga,13000000.0
Eden Hazard,ESP-La Liga,5000000.0
Lucas Vázquez,ESP-La Liga,2500000.0
Yassine Bounou,ESP-La Liga,9000000.0
Gabriel Paulista,ESP-La Liga,700000.0
Sergi Guardiola,ESP-La Liga,800000.0
Óscar Plano,ESP-La Liga,2500000.0
Francis Coquelin,ESP-La Liga,800000.0
Kiko Femenía,ESP-La Liga,1400000.0
Diego Mariño,ESP-La Liga,300000.0
Dyego Sousa,ESP-La Liga,50000.0
Fernando,ESP-La Liga,
Francisco Portillo,ESP-La Liga,1000000.0
Ander Herrera,ESP-La Liga,2000000.0
Dani García,ESP-La Liga,800000.0
Yuri Berchiche,ESP-La Liga,1800000.0
Cala,ESP-La Liga,
Fidel,ESP-La Liga,1000000.0
Josan,ESP-La Liga,1000000.0
Aleix Vidal,ESP-La Liga,1000000.0
Joselu,ESP-La Liga,5000000.0
Stefan Mitrović,ESP-La Liga,
David López,ESP-La Liga,2500000.0
Kiké,ESP-La Liga,
Bebé,ESP-La Liga,600000.0
Nacho,ESP-La Liga,
Toni Kroos,ESP-La Liga,10000000.0
Asier Illarramendi,ESP-La Liga,2000000.0
Sergio Escudero,ESP-La Liga,1500000.0
Óscar de Marcos,ESP-La Liga,1500000.0
Axel Witsel,ESP-La Liga,1400000.0
Felipe,ESP-La Liga,1500000.0
Jordi Alba,ESP-La Liga,4000000.0
Pierre-Emerick Aubameyang,ESP-La Liga,5000000.0
Robert Lewandowski,ESP-La Liga,15000000.0
Lucas Pérez,ESP-La Liga,300000.0
Luis Hernández,ESP-La Liga,500000.0
Federico Fernández,ESP-La Liga,500000.0
Gonzalo Verdú,ESP-La Liga,700000.0
Javier Pastore,ESP-La Liga,400000.0
Jaime Mata,ESP-La Liga,900000.0
Bernardo Espinosa,ESP-La Liga,550000.0
Aridane Hernández,ESP-La Liga,800000.0
Roberto Torres,ESP-La Liga,1000000.0
Víctor Ruiz,ESP-La Liga,1000000.0
Jordi Masip,ESP-La Liga,1000000.0
Roque Mesa,ESP-La Liga,1800000.0
Sergio Asenjo,ESP-La Liga,700000.0
Sergio León,ESP-La Liga,2000000.0
Zouhair Feddal,ESP-La Liga,800000.0
Daniel Parejo,ESP-La Liga,
Mikel Balenziaga,ESP-La Liga,400000.0
Sergio Busquets,ESP-La Liga,3500000.0
Agustín Marchesín,ESP-La Liga,800000.0
Iago Aspas,ESP-La Liga,1800000.0
José Mari,ESP-La Liga,200000.0
Damián Suárez,ESP-La Liga,650000.0
Juan Carlos,ESP-La Liga,200000.0
Dani Rodríguez,ESP-La Liga,100000.0
Jaume Costa,ESP-La Liga,900000.0
Óscar Trejo,ESP-La Liga,1000000.0
Karim Benzema,ESP-La Liga,15000000.0
Ivan Rakitić,ESP-La Liga,
Papu Gómez,ESP-La Liga,2000000.0
Étienne Capoue,ESP-La Liga,1500000.0
Gerard Piqué,ESP-La Liga,3000000.0
Cristhian Stuani,ESP-La Liga,900000.0
Ángel Rodríguez,ESP-La Liga,600000.0
Mario Suárez,ESP-La Liga,300000.0
Andrés Guardado,ESP-La Liga,1000000.0
Fernando,ESP-La Liga,2000000.0
Edinson Cavani,ESP-La Liga,2500000.0
José Luis Morales,ESP-La Liga,1500000.0
Raúl García,ESP-La Liga,1500000.0
Álvaro Negredo,ESP-La Liga,300000.0
Radamel Falcao,ESP-La Liga,800000.0
Luka Modrić,ESP-La Liga,4000000.0
David Silva,ESP-La Liga,4000000.0
David Silva,ESP-La Liga,
David Silva,ESP-La Liga,50000.0
Jesús Navas,ESP-La Liga,2500000.0
Raúl Albiol,ESP-La Liga,800000.0
Claudio Bravo,ESP-La Liga,800000.0
Pepe Reina,ESP-La Liga,600000.0
Diego López,ESP-La Liga,300000.0
Joaquín,ESP-La Liga,1500000.0
Anthony Khelifa,FRA-Ligue 1,150000.0
Leny Yoro,FRA-Ligue 1,55000000.0
Eli Junior Kroupi,FRA-Ligue 1,
Mamadou Sarr,FRA-Ligue 1,25000000.0
Warren Zaïre-Emery,FRA-Ligue 1,50000000.0
Mamadou Diakhon,FRA-Ligue 1,5000000.0
Valentin Atangana Edoa,FRA-Ligue 1,
Moussa Soumano,FRA-Ligue 1,900000.0
Tony Strata,FRA-Ligue 1,50000.0
Jean Mattéo Bahoya,FRA-Ligue 1,
Justin-Noël Kalumba,FRA-Ligue 1,
Aïman Maurer,FRA-Ligue 1,500000.0
Amine Messoussa,FRA-Ligue 1,400000.0
Ayman Kari,FRA-Ligue 1,4000000.0
Sael Kumbedi,FRA-Ligue 1,
Edan Diop,FRA-Ligue 1,2000000.0
Eliesse Ben Seghir,FRA-Ligue 1,24000000.0
Axel Gueguin,FRA-Ligue 1,
Nathan Zeze,FRA-Ligue 1,
Andréa Dacourt,FRA-Ligue 1,
Badredine Bouanani,FRA-Ligue 1,12000000.0
El Chadaille Bitshiabu,FRA-Ligue 1,15000000.0
Ilyes Housni,FRA-Ligue 1,1500000.0
Samuel Koeberlé,FRA-Ligue 1,150000.0
Désiré Doué,FRA-Ligue 1,90000000.0
Jeanuël Belocian,FRA-Ligue 1,12000000.0
Christian Mawissa,FRA-Ligue 1,15000000.0
Derek Mazou-Sacko,FRA-Ligue 1,250000.0
Kyliane Dong,FRA-Ligue 1,600000.0
Wilson Odobert,FRA-Ligue 1,22000000.0
Ben Hamed Touré,FRA-Ligue 1,100000.0
Ivane Chegra,FRA-Ligue 1,150000.0
Mehdi Puch-Herrantz,FRA-Ligue 1,200000.0
Kévin Danois,FRA-Ligue 1,100000.0
Axel Camblan,FRA-Ligue 1,500000.0
Félix Lemaréchal,FRA-Ligue 1,10000000.0
Taïryk Arconte,FRA-Ligue 1,500000.0
Cheick Konaté,FRA-Ligue 1,
Carlos Baleba,FRA-Ligue 1,60000000.0
Mohamed El Arouch,FRA-Ligue 1,1500000.0
Rayan Cherki,FRA-Ligue 1,50000000.0
François Mughe,FRA-Ligue 1,200000.0
Soungoutou Magassa,FRA-Ligue 1,17000000.0
Khalil Fayad,FRA-Ligue 1,5000000.0
Stredair Appuah,FRA-Ligue 1,500000.0
Antoine Mendy,FRA-Ligue 1,4000000.0
Ayoub Amraoui,FRA-Ligue 1,1500000.0
Reda Belahyane,FRA-Ligue 1,8500000.0
Ismaël Gharbi,FRA-Ligue 1,7000000.0
Fallou Fall,FRA-Ligue 1,100000.0
Ibrahim Diakité,FRA-Ligue 1,1200000.0
Martin Adeline,FRA-Ligue 1,3000000.0
Mo Touré,FRA-Ligue 1,
Lesley Ugochukwu,FRA-Ligue 1,25000000.0
Franci Bouebari,FRA-Ligue 1,250000.0
Habib Diarra,FRA-Ligue 1,32000000.0
Kévin Keben,FRA-Ligue 1,500000.0
Alexis Tibidi,FRA-Ligue 1,1700000.0
Amar Ahmed,FRA-Ligue 1,
Mathis Hamdi,FRA-Ligue 1,150000.0
Rudy Kohon,FRA-Ligue 1,100000.0
Ghjuvanni Quilichini,FRA-Ligue 1,150000.0
Kouamé Botué,FRA-Ligue 1,
Paolo Lebas,FRA-Ligue 1,100000.0
Ousmane Camara,FRA-Ligue 1,1500000.0
Brayann Pereira,FRA-Ligue 1,700000.0
Kays Ruiz,FRA-Ligue 1,
Matthis Abline,FRA-Ligue 1,20000000.0
Souleymane Touré,FRA-Ligue 1,
Karamoko Dembélé,FRA-Ligue 1,900000.0
Souleymane Cissé,FRA-Ligue 1,100000.0
Yanis Massolin,FRA-Ligue 1,250000.0
Rémy Labeau Lascary,FRA-Ligue 1,1800000.0
Alan Virginius,FRA-Ligue 1,3500000.0
Simon Ramet,FRA-Ligue 1,150000.0
Théo Le Bris,FRA-Ligue 1,2000000.0
Bradley Barcola,FRA-Ligue 1,70000000.0
Castello Lukeba,FRA-Ligue 1,45000000.0
Johann Lepenant,FRA-Ligue 1,7000000.0
Malo Gusto,FRA-Ligue 1,35000000.0
Salim Ben Seghir,FRA-Ligue 1,350000.0
Souleymane Touré,FRA-Ligue 1,
Béni Makouana,FRA-Ligue 1,400000.0
Elye Wahi,FRA-Ligue 1,12000000.0
Enzo Tchato,FRA-Ligue 1,1800000.0
Jaouen Hadjam,FRA-Ligue 1,2000000.0
Lohann Doucet,FRA-Ligue 1,700000.0
Rareş Ilie,FRA-Ligue 1,
Timothee Pembele,FRA-Ligue 1,
Check Keita,FRA-Ligue 1,2500000.0
Kamory Doumbia,FRA-Ligue 1,5000000.0
Doğan Alemdar,FRA-Ligue 1,1500000.0
Guela Doué,FRA-Ligue 1,
Matthis Abline,FRA-Ligue 1,20000000.0
Dany Jean,FRA-Ligue 1,150000.0
Ismaël Doukouré,FRA-Ligue 1,18000000.0
Fares Chaïbi,FRA-Ligue 1,
Tanguy Zoukrou,FRA-Ligue 1,1500000.0
Yanis Cimignani,FRA-Ligue 1,1700000.0
Waniss Taibi,FRA-Ligue 1,
Ousmane Camara,FRA-Ligue 1,150000.0
Bradley Locko,FRA-Ligue 1,12000000.0
Christopher Wooh,FRA-Ligue 1,5000000.0
Lucas Chevalier,FRA-Ligue 1,25000000.0
Adil Aouchiche,FRA-Ligue 1,2200000.0
Bamo Meïté,FRA-Ligue 1,4000000.0
Chrislain Matsima,FRA-Ligue 1,22000000.0
Dango Ouattara,FRA-Ligue 1,35000000.0
Siriné Doucouré,FRA-Ligue 1,1000000.0
Yoann Cathline,FRA-Ligue 1,7000000.0
Chrislain Matsima,FRA-Ligue 1,22000000.0
Eliot Matazo,FRA-Ligue 1,2000000.0
Maghnes Akliouche,FRA-Ligue 1,45000000.0
Joris Chotard,FRA-Ligue 1,10000000.0
Maxime Estève,FRA-Ligue 1,7000000.0
Sacha Delaye,FRA-Ligue 1,300000.0
Mohamed Achi,FRA-Ligue 1,200000.0
Quentin Merlin,FRA-Ligue 1,12000000.0
Mattia Viti,FRA-Ligue 1,5000000.0
Hugo Ekitike,FRA-Ligue 1,
Nuno Mendes,FRA-Ligue 1,75000000.0
Bradley Locko,FRA-Ligue 1,12000000.0
Dion Lopy,FRA-Ligue 1,10000000.0
El Bilal Touré,FRA-Ligue 1,15000000.0
Nathanael Mbuku,FRA-Ligue 1,
Adrien Truffert,FRA-Ligue 1,20000000.0
Alan Do Marcolino,FRA-Ligue 1,175000.0
Arnaud Kalimuendo,FRA-Ligue 1,25000000.0
Christopher Wooh,FRA-Ligue 1,5000000.0
Ibrahim Salah,FRA-Ligue 1,2000000.0
Jeremy Doku,FRA-Ligue 1,
Kamaldeen Sulemana,FRA-Ligue 1,18000000.0
Nordine Kandil,FRA-Ligue 1,900000.0
Yuito Suzuki,FRA-Ligue 1,15000000.0
Naatan Skyttä,FRA-Ligue 1,5000000.0
Oliver Zandén,FRA-Ligue 1,700000.0
Lucien Agoume,FRA-Ligue 1,
Thierno Balde,FRA-Ligue 1,
Abdallah Sima,FRA-Ligue 1,4000000.0
Yahia Fofana,FRA-Ligue 1,2500000.0
Han-Noah Massengo,FRA-Ligue 1,4000000.0
Joaquín Blázquez,FRA-Ligue 1,400000.0
Baila Diallo,FRA-Ligue 1,
Brandon Baiye,FRA-Ligue 1,700000.0
Muhammed Cham,FRA-Ligue 1,5000000.0
David Costa,FRA-Ligue 1,
Ismaël Boura,FRA-Ligue 1,1000000.0
Angel Gomes,FRA-Ligue 1,18000000.0
Bafodé Diakité,FRA-Ligue 1,35000000.0
Darlin Yongwa,FRA-Ligue 1,1500000.0
Julien Ponceau,FRA-Ligue 1,3500000.0
Amin Sarr,FRA-Ligue 1,4000000.0
Sinaly Diomande,FRA-Ligue 1,
Issa Kaboré,FRA-Ligue 1,4000000.0
Benoît Badiashile,FRA-Ligue 1,18000000.0
Myron Boadu,FRA-Ligue 1,5000000.0
Vanderson,FRA-Ligue 1,20000000.0
Thibault Tamas,FRA-Ligue 1,150000.0
Evann Guessand,FRA-Ligue 1,28000000.0
Alexis Beka Beka,FRA-Ligue 1,1500000.0
Flavius Daniliuc,FRA-Ligue 1,3000000.0
Khéphren Thuram,FRA-Ligue 1,40000000.0
Melvin Bard,FRA-Ligue 1,10000000.0
Théo Trinker,FRA-Ligue 1,100000.0
Folarin Balogun,FRA-Ligue 1,22000000.0
Noah Holm,FRA-Ligue 1,700000.0
Djed Spence,FRA-Ligue 1,8000000.0
Marvin Senaya,FRA-Ligue 1,3000000.0
Anthony Rouault,FRA-Ligue 1,9000000.0
Logan Costa,FRA-Ligue 1,18000000.0
Moussa Diarra,FRA-Ligue 1,2000000.0
Saïd Hamulic,FRA-Ligue 1,
Theocharis Tsingaras,FRA-Ligue 1,900000.0
Thijs Dallinga,FRA-Ligue 1,12000000.0
Warren Kamanzi,FRA-Ligue 1,2000000.0
Yanis Begraoui,FRA-Ligue 1,4000000.0
Jackson Porozo,FRA-Ligue 1,3300000.0
Jordan Dongmo,FRA-Ligue 1,
Yasser Larouci,FRA-Ligue 1,3000000.0
Clément Vidal,FRA-Ligue 1,1500000.0
Moussa Djitte,FRA-Ligue 1,
Amine Salama,FRA-Ligue 1,1500000.0
Azzedine Ounahi,FRA-Ligue 1,10000000.0
Batista Mendy,FRA-Ligue 1,10000000.0
Halid Šabanović,FRA-Ligue 1,
Himad Abdelli,FRA-Ligue 1,3000000.0
Jason Mbock,FRA-Ligue 1,150000.0
Lilian Raolisoa,FRA-Ligue 1,600000.0
Zinédine Ould Khaled,FRA-Ligue 1,400000.0
Lassine Sinayoko,FRA-Ligue 1,1200000.0
Paul Joly,FRA-Ligue 1,1200000.0
Hianga'a Mbock,FRA-Ligue 1,700000.0
Lilian Brassier,FRA-Ligue 1,10000000.0
Noah Fadiga,FRA-Ligue 1,2000000.0
Alidu Seidu,FRA-Ligue 1,6000000.0
Jean Onana,FRA-Ligue 1,1300000.0
Loïs Openda,FRA-Ligue 1,60000000.0
Salis Abdul Samed,FRA-Ligue 1,8000000.0
Łukasz Poręba,FRA-Ligue 1,
Alexsandro Ribeiro,FRA-Ligue 1,
Jonathan David,FRA-Ligue 1,35000000.0
Tiago Djaló,FRA-Ligue 1,7000000.0
Timothy Weah,FRA-Ligue 1,20000000.0
Bamba Dieng,FRA-Ligue 1,4000000.0
Enzo Le Fée,FRA-Ligue 1,20000000.0
Jeffinho,FRA-Ligue 1,5000000.0
Maxence Caqueret,FRA-Ligue 1,20000000.0
Tetê,FRA-Ligue 1,11000000.0
Azzedine Ounahi,FRA-Ligue 1,10000000.0
Bamba Dieng,FRA-Ligue 1,4000000.0
Nuno Tavares,FRA-Ligue 1,15000000.0
Vitinha,FRA-Ligue 1,110000000.0
Vitinha,FRA-Ligue 1,14000000.0
Ismail Jakobs,FRA-Ligue 1,6000000.0
Mohamed Camara,FRA-Ligue 1,20000000.0
Sofiane Diop,FRA-Ligue 1,10000000.0
Léo Leroy,FRA-Ligue 1,1000000.0
Amine Gouiri,FRA-Ligue 1,28000000.0
Bilal Brahimi,FRA-Ligue 1,
Hicham Boudaoui,FRA-Ligue 1,12000000.0
Jean-Clair Todibo,FRA-Ligue 1,23000000.0
Marcin Bułka,FRA-Ligue 1,
Sofiane Diop,FRA-Ligue 1,10000000.0
Vitinha,FRA-Ligue 1,110000000.0
Vitinha,FRA-Ligue 1,14000000.0
Alexis Flips,FRA-Ligue 1,400000.0
Jens Cajuste,FRA-Ligue 1,8000000.0
Maxime Busi,FRA-Ligue 1,800000.0
Mitchell van Bergen,FRA-Ligue 1,1000000.0
Yehvann Diouf,FRA-Ligue 1,8000000.0
Amine Gouiri,FRA-Ligue 1,28000000.0
Arthur Theate,FRA-Ligue 1,24000000.0
Lorenz Assignon,FRA-Ligue 1,12000000.0
Loïc Bade,FRA-Ligue 1,
Warmed Omari,FRA-Ligue 1,3000000.0
Nathan N'Goumou,FRA-Ligue 1,
Zakaria Aboukhlal,FRA-Ligue 1,9000000.0
Ante Palaversa,FRA-Ligue 1,550000.0
Papa Ndiaga Yade,FRA-Ligue 1,1000000.0
Mounaim El Idrissy,FRA-Ligue 1,
Ruan Levine,FRA-Ligue 1,100000.0
Ibrahima Niane,FRA-Ligue 1,2000000.0
Yan Valery,FRA-Ligue 1,2000000.0
Achraf Dari,FRA-Ligue 1,1200000.0
Facundo Medina,FRA-Ligue 1,20000000.0
Ignatius Ganago,FRA-Ligue 1,3000000.0
Kevin Danso,FRA-Ligue 1,22000000.0
Edon Zhegrova,FRA-Ligue 1,20000000.0
Gabriel Gudmundsson,FRA-Ligue 1,15000000.0
Armand Lauriente,FRA-Ligue 1,
Ibrahima Koné,FRA-Ligue 1,2500000.0
Stéphane Diarra,FRA-Ligue 1,2000000.0
Terem Moffi,FRA-Ligue 1,25000000.0
Leonardo Balerdi,FRA-Ligue 1,20000000.0
Mattéo Guendouzi,FRA-Ligue 1,25000000.0
Pape Gueye,FRA-Ligue 1,6000000.0
Krépin Diatta,FRA-Ligue 1,6000000.0
Malang Sarr,FRA-Ligue 1,10000000.0
Youssouf Fofana,FRA-Ligue 1,30000000.0
Cheikh Faye,FRA-Ligue 1,
Matis Carvalho,FRA-Ligue 1,300000.0
Nicolas Cozza,FRA-Ligue 1,3000000.0
Théo Sainte-Luce,FRA-Ligue 1,1000000.0
Alban Lafont,FRA-Ligue 1,3000000.0
Ignatius Ganago,FRA-Ligue 1,3000000.0
Calvin Stengs,FRA-Ligue 1,15000000.0
Jordan Lotomba,FRA-Ligue 1,5000000.0
Terem Moffi,FRA-Ligue 1,25000000.0
Youssouf Ndayishimiye,FRA-Ligue 1,8000000.0
Achraf Hakimi,FRA-Ligue 1,80000000.0
Gianluigi Donnarumma,FRA-Ligue 1,45000000.0
Kylian Mbappé,FRA-Ligue 1,180000000.0
Myziane Maolida,FRA-Ligue 1,900000.0
Rafik Guitane,FRA-Ligue 1,3500000.0
Colin Dagba,FRA-Ligue 1,2500000.0
Lucas Perrin,FRA-Ligue 1,2000000.0
Denis Genreau,FRA-Ligue 1,750000.0
Andreas Bruus,FRA-Ligue 1,750000.0
Ike Ugbo,FRA-Ligue 1,
Florian Chabrolle,FRA-Ligue 1,200000.0
Oumar Gonzalez,FRA-Ligue 1,2500000.0
Gideon Mensah,FRA-Ligue 1,3500000.0
Hugo Magnetti,FRA-Ligue 1,7000000.0
Irvin Cardona,FRA-Ligue 1,2500000.0
Jérémy Le Douaron,FRA-Ligue 1,5000000.0
Mahdi Camara,FRA-Ligue 1,10000000.0
Ouparine Djoco,FRA-Ligue 1,500000.0
Alexis Claude-Maurice,FRA-Ligue 1,12000000.0
Julien Le Cardinal,FRA-Ligue 1,1500000.0
Patrick Berg,FRA-Ligue 1,4500000.0
Mohamed Lamine Bayo,FRA-Ligue 1,
Gedeon Kalulu,FRA-Ligue 1,
Jean-Victor Makengo,FRA-Ligue 1,6000000.0
Montassar Talbi,FRA-Ligue 1,7000000.0
Romain Faivre,FRA-Ligue 1,15000000.0
Houssem Aouar,FRA-Ligue 1,10000000.0
Jeff Reine-Adélaïde,FRA-Ligue 1,2000000.0
Lucas Paquetá,FRA-Ligue 1,35000000.0
Romain Faivre,FRA-Ligue 1,15000000.0
Luis Javier Suárez,FRA-Ligue 1,
Axel Disasi,FRA-Ligue 1,15000000.0
Jean Lucas,FRA-Ligue 1,5000000.0
Arnaud Nordin,FRA-Ligue 1,4000000.0
Faitout Maouassa,FRA-Ligue 1,4000000.0
Stephy Mavididi,FRA-Ligue 1,8000000.0
João Victor,FRA-Ligue 1,5000000.0
João Victor,FRA-Ligue 1,100000.0
Ludovic Blas,FRA-Ligue 1,15000000.0
Mostafa Mohamed,FRA-Ligue 1,4000000.0
Alexis Claude-Maurice,FRA-Ligue 1,12000000.0
Nordi Mukiele,FRA-Ligue 1,15000000.0
Renato Sanches,FRA-Ligue 1,2500000.0
Andrew Gravillon,FRA-Ligue 1,
Azor Matusiwa,FRA-Ligue 1,11000000.0
Kaj Sierhuis,FRA-Ligue 1,800000.0
Thibault De Smet,FRA-Ligue 1,4000000.0
Wout Faes,FRA-Ligue 1,12000000.0
Joe Rodon,FRA-Ligue 1,8000000.0
Lovro Majer,FRA-Ligue 1,15000000.0
Ibrahima Sissoko,FRA-Ligue 1,3000000.0
Jean-Ricner Bellegarde,FRA-Ligue 1,15000000.0
Karol Fila,FRA-Ligue 1,250000.0
Ronaël Pierre-Gabriel,FRA-Ligue 1,3500000.0
Gabriel Suazo,FRA-Ligue 1,7000000.0
Veljko Birmančević,FRA-Ligue 1,
Abdu Conté,FRA-Ligue 1,1500000.0
Jeff Reine-Adélaïde,FRA-Ligue 1,2000000.0
Ismael Diallo,FRA-Ligue 1,
Kevin Spadanuda,FRA-Ligue 1,600000.0
Vincent Marchetti,FRA-Ligue 1,2000000.0
Farid El Melali,FRA-Ligue 1,800000.0
Marin Jakoliš,FRA-Ligue 1,
Paul Bernardoni,FRA-Ligue 1,2200000.0
Souleyman Doumbia,FRA-Ligue 1,2000000.0
Gauthier Hein,FRA-Ligue 1,2500000.0
Ionuț Radu,FRA-Ligue 1,5000000.0
Rayan Raveloson,FRA-Ligue 1,1800000.0
Siriki Dembélé,FRA-Ligue 1,2000000.0
Franck Honorat,FRA-Ligue 1,12000000.0
Jean-Kevin Duverne,FRA-Ligue 1,
Mathias Pereira Lage,FRA-Ligue 1,3500000.0
Mateusz Wieteska,FRA-Ligue 1,1500000.0
Maximiliano Caufriez,FRA-Ligue 1,900000.0
Neto Borges,FRA-Ligue 1,3000000.0
Yohann Magnin,FRA-Ligue 1,2000000.0
Angelo Fulgini,FRA-Ligue 1,5000000.0
Adam Ounas,FRA-Ligue 1,4000000.0
Yusuf Yazıcı,FRA-Ligue 1,10000000.0
Adrian Grbić,FRA-Ligue 1,
Igor Carioca,FRA-Ligue 1,
Quentin Boisgard,FRA-Ligue 1,700000.0
Amine Harit,FRA-Ligue 1,15000000.0
Cengiz Ünder,FRA-Ligue 1,14000000.0
Duje Ćaleta-Car,FRA-Ligue 1,
Gerson,FRA-Ligue 1,18000000.0
Alexander Nübel,FRA-Ligue 1,12000000.0
Breel Embolo,FRA-Ligue 1,12000000.0
Caio Henrique Oliveira Silva,FRA-Ligue 1,
Bingourou Kamara,FRA-Ligue 1,800000.0
Boubakar Kouyaté,FRA-Ligue 1,
Pedro Chirivella,FRA-Ligue 1,5000000.0
Samuel Moutoussamy,FRA-Ligue 1,1200000.0
Pablo Rosario,FRA-Ligue 1,8000000.0
Carlos Soler,FRA-Ligue 1,8000000.0
Emmanuel Agbadou,FRA-Ligue 1,9000000.0
Patrick Pentz,FRA-Ligue 1,2200000.0
Martin Terrier,FRA-Ligue 1,12000000.0
Gerzino Nyamsi,FRA-Ligue 1,4000000.0
Rasmus Nicolaisen,FRA-Ligue 1,5000000.0
Erik Palmer-Brown,FRA-Ligue 1,1500000.0
Marlos Moreno,FRA-Ligue 1,850000.0
Mateusz Lis,FRA-Ligue 1,2000000.0
Rominigue Kouamé,FRA-Ligue 1,2000000.0
Cyrille Bayala,FRA-Ligue 1,900000.0
Fernand Mayembo,FRA-Ligue 1,600000.0
Qazim Laçi,FRA-Ligue 1,
Antonin Bobichon,FRA-Ligue 1,700000.0
Gaëtan Perrin,FRA-Ligue 1,2000000.0
Hamza Sakhi,FRA-Ligue 1,2000000.0
Kenji-Van Boto,FRA-Ligue 1,500000.0
Alberth Elis,FRA-Ligue 1,2000000.0
Romain Del Castillo,FRA-Ligue 1,10000000.0
Grejohn Kyei,FRA-Ligue 1,400000.0
Adam Buksa,FRA-Ligue 1,4000000.0
Jonathan Bamba,FRA-Ligue 1,9000000.0
Bonke Innocent,FRA-Ligue 1,1000000.0
Moussa Dembélé,FRA-Ligue 1,12000000.0
Aleksandr Golovin,FRA-Ligue 1,18000000.0
Fabien Centonze,FRA-Ligue 1,1200000.0
Marcus Coco,FRA-Ligue 1,850000.0
Rémy Descamps,FRA-Ligue 1,2000000.0
Youcef Atal,FRA-Ligue 1,4300000.0
Fabián Ruiz Peña,FRA-Ligue 1,
Presnel Kimpembe,FRA-Ligue 1,4000000.0
Marshall Munetsi,FRA-Ligue 1,10000000.0
Serhou Guirassy,FRA-Ligue 1,40000000.0
Lebo Mothiba,FRA-Ligue 1,1500000.0
Ado Onaiwu,FRA-Ligue 1,700000.0
Rafael Ratão,FRA-Ligue 1,2500000.0
Stijn Spierings,FRA-Ligue 1,1200000.0
Vincent Sierro,FRA-Ligue 1,4000000.0
Mama Samba Baldé,FRA-Ligue 1,
Rony Lopes,FRA-Ligue 1,1200000.0
Bevic Moussiti-Oko,FRA-Ligue 1,300000.0
Youssouf Koné,FRA-Ligue 1,800000.0
Ilyes Cheti,FRA-Ligue 1,
Nabil Bentaleb,FRA-Ligue 1,5000000.0
Sada Thioub,FRA-Ligue 1,1000000.0
Akim Zedadka,FRA-Ligue 1,800000.0
M'Baye Niang,FRA-Ligue 1,2500000.0
Brendan Chardonnet,FRA-Ligue 1,8000000.0
Steve Mounié,FRA-Ligue 1,1800000.0
Arial Mendy,FRA-Ligue 1,600000.0
Jim Allevinah,FRA-Ligue 1,2000000.0
Komnen Andrić,FRA-Ligue 1,
Saîf-Eddine Khaoui,FRA-Ligue 1,2000000.0
Przemysław Frankowski,FRA-Ligue 1,
Seko Fofana,FRA-Ligue 1,8000000.0
Wesley Saïd,FRA-Ligue 1,4000000.0
Akim Zedadka,FRA-Ligue 1,800000.0
Léo Jardim,FRA-Ligue 1,3000000.0
Corentin Tolisso,FRA-Ligue 1,5000000.0
Chancel Mbemba,FRA-Ligue 1,2500000.0
Pau López,FRA-Ligue 1,2500000.0
Rubén Blanco,FRA-Ligue 1,800000.0
Valentin Rongier,FRA-Ligue 1,9000000.0
Gelson Martins,FRA-Ligue 1,2500000.0
Takumi Minamino,FRA-Ligue 1,12000000.0
Falaye Sacko,FRA-Ligue 1,4000000.0
Jean-Charles Castelletto,FRA-Ligue 1,3200000.0
Moses Simon,FRA-Ligue 1,7000000.0
Nicolas Pépé,FRA-Ligue 1,8500000.0
Arber Zeneli,FRA-Ligue 1,
Thomas Foket,FRA-Ligue 1,600000.0
Baptiste Santamaria,FRA-Ligue 1,4500000.0
Birger Meling,FRA-Ligue 1,1500000.0
Xeka,FRA-Ligue 1,1000000.0
Alexander Djiku,FRA-Ligue 1,9000000.0
Eduard Sobol,FRA-Ligue 1,700000.0
Frederic Guilbert,FRA-Ligue 1,
Habib Diallo,FRA-Ligue 1,14000000.0
Morgan Sanson,FRA-Ligue 1,4000000.0
Branco van den Boomen,FRA-Ligue 1,2500000.0
Mikkel Desler,FRA-Ligue 1,3000000.0
Rhys Healey,FRA-Ligue 1,2000000.0
François-Joseph Sollacaro,FRA-Ligue 1,300000.0
Adrien Hunou,FRA-Ligue 1,300000.0
Cédric Hountondji,FRA-Ligue 1,2000000.0
Sofiane Boufal,FRA-Ligue 1,2000000.0
Jubal,FRA-Ligue 1,2000000.0
Théo Pellenard,FRA-Ligue 1,500000.0
Haris Belkebla,FRA-Ligue 1,2500000.0
Jere Uronen,FRA-Ligue 1,1000000.0
Jean-Claude Billong,FRA-Ligue 1,250000.0
Adrien Thomasson,FRA-Ligue 1,4500000.0
Brice Samba,FRA-Ligue 1,10000000.0
Deiver Machado,FRA-Ligue 1,4000000.0
Jimmy Cabot,FRA-Ligue 1,2500000.0
Julien Laporte,FRA-Ligue 1,2000000.0
Yvon Mvogo,FRA-Ligue 1,3000000.0
Henrique,FRA-Ligue 1,
Arkadiusz Milik,FRA-Ligue 1,6000000.0
Eric Bailly,FRA-Ligue 1,1500000.0
Samuel Gigot,FRA-Ligue 1,9000000.0
Guillermo Maripán,FRA-Ligue 1,4000000.0
Issiaga Sylla,FRA-Ligue 1,2500000.0
Jonas Omlin,FRA-Ligue 1,1500000.0
Abdoul Kader Bamba,FRA-Ligue 1,900000.0
Gaëtan Laborde,FRA-Ligue 1,10000000.0
Joe Bryan,FRA-Ligue 1,2200000.0
Mario Lemina,FRA-Ligue 1,6000000.0
Ross Barkley,FRA-Ligue 1,5000000.0
Leandro Paredes,FRA-Ligue 1,5000000.0
Marquinhos,FRA-Ligue 1,30000000.0
Benjamin Bourigeaud,FRA-Ligue 1,5000000.0
Gaëtan Laborde,FRA-Ligue 1,10000000.0
Adrien Thomasson,FRA-Ligue 1,4500000.0
Jean-Eudes Aholou,FRA-Ligue 1,800000.0
Ludovic Ajorque,FRA-Ligue 1,3000000.0
Sanjin Prcić,FRA-Ligue 1,
Issiaga Sylla,FRA-Ligue 1,2500000.0
Ibrahim Amadou,FRA-Ligue 1,1500000.0
Lois Diony,FRA-Ligue 1,
Miha Blažič,FRA-Ligue 1,
Donovan Léon,FRA-Ligue 1,900000.0
Dénys Bain,FRA-Ligue 1,
Christophe Hérelle,FRA-Ligue 1,1500000.0
Pierre Lees-Melou,FRA-Ligue 1,10000000.0
Elba Rashani,FRA-Ligue 1,
Jérémie Bela,FRA-Ligue 1,600000.0
Mory Diaw,FRA-Ligue 1,1800000.0
Jonathan Gradit,FRA-Ligue 1,4500000.0
Massadio Haïdara,FRA-Ligue 1,900000.0
André Gomes,FRA-Ligue 1,4500000.0
Laurent Abergel,FRA-Ligue 1,3000000.0
Karl Toko Ekambi,FRA-Ligue 1,5000000.0
Nicolás Tagliafico,FRA-Ligue 1,8000000.0
Jonathan Clauss,FRA-Ligue 1,4500000.0
Jordan Veretout,FRA-Ligue 1,3500000.0
Ruslan Malinovskyi,FRA-Ligue 1,8000000.0
Sead Kolašinac,FRA-Ligue 1,
Ruben Aguilar,FRA-Ligue 1,3000000.0
Christopher Jullien,FRA-Ligue 1,2500000.0
Juan Bernat,FRA-Ligue 1,1500000.0
Marco Verratti,FRA-Ligue 1,25000000.0
Junya Ito,FRA-Ligue 1,3500000.0
Flavien Tait,FRA-Ligue 1,300000.0
Karl Toko Ekambi,FRA-Ligue 1,5000000.0
Maxime Dupé,FRA-Ligue 1,800000.0
Gauthier Gallon,FRA-Ligue 1,600000.0
Renaud Ripart,FRA-Ligue 1,2000000.0
Yoann Salmier,FRA-Ligue 1,1500000.0
Youcef Belaïli,FRA-Ligue 1,1500000.0
Alexandre Coeff,FRA-Ligue 1,500000.0
Birama Touré,FRA-Ligue 1,400000.0
Julian Jeanvier,FRA-Ligue 1,400000.0
Kenny Lala,FRA-Ligue 1,1800000.0
Youcef Belaïli,FRA-Ligue 1,1500000.0
Jodel Dossou,FRA-Ligue 1,800000.0
Mehdi Zeffane,FRA-Ligue 1,500000.0
Steven Fortes,FRA-Ligue 1,400000.0
Thiago Mendes,FRA-Ligue 1,4500000.0
Kevin Volland,FRA-Ligue 1,500000.0
Arnaud Souquet,FRA-Ligue 1,1500000.0
Jordan Ferri,FRA-Ligue 1,500000.0
Téji Savanier,FRA-Ligue 1,9000000.0
Andrei Girotto,FRA-Ligue 1,4000000.0
Andy Delort,FRA-Ligue 1,1500000.0
Charles Traore,FRA-Ligue 1,
Dennis Appiah,FRA-Ligue 1,700000.0
Florent Mollet,FRA-Ligue 1,600000.0
Andy Delort,FRA-Ligue 1,1500000.0
Danilo Pereira,FRA-Ligue 1,8000000.0
Neymar,FRA-Ligue 1,50000000.0
Pablo Sarabia,FRA-Ligue 1,4000000.0
Hamari Traoré,FRA-Ligue 1,6000000.0
Matz Sels,FRA-Ligue 1,6000000.0
Thomas Delaine,FRA-Ligue 1,500000.0
Florian Tardieu,FRA-Ligue 1,500000.0
Mickaël Barreto,FRA-Ligue 1,
Faouzi Ghoulam,FRA-Ligue 1,300000.0
Mathias Autret,FRA-Ligue 1,700000.0
Nuno da Costa,FRA-Ligue 1,800000.0
Youssouf M'Changama,FRA-Ligue 1,700000.0
Marco Bizot,FRA-Ligue 1,4000000.0
Florian Sotoca,FRA-Ligue 1,1500000.0
Gaël Kakuta,FRA-Ligue 1,1800000.0
Benjamin André,FRA-Ligue 1,4000000.0
Alexandre Lacazette,FRA-Ligue 1,5000000.0
Anthony Lopes,FRA-Ligue 1,4000000.0
Cédric Bakambu,FRA-Ligue 1,1400000.0
Wissam Ben Yedder,FRA-Ligue 1,8000000.0
Benjamin Lecomte,FRA-Ligue 1,3500000.0
Pedro Mendes,FRA-Ligue 1,400000.0
Wahbi Khazri,FRA-Ligue 1,600000.0
Sébastien Corchia,FRA-Ligue 1,1000000.0
Aaron Ramsey,FRA-Ligue 1,2500000.0
Alexandre Letellier,FRA-Ligue 1,250000.0
Brecht Dejaegere,FRA-Ligue 1,1200000.0
Tristan Dingomé,FRA-Ligue 1,300000.0
Xavier Chavalerin,FRA-Ligue 1,1500000.0
Abdoulaye Bamba,FRA-Ligue 1,400000.0
Jason Berthomier,FRA-Ligue 1,500000.0
Ismaily,FRA-Ligue 1,700000.0
Jonas Martin,FRA-Ligue 1,300000.0
Rémy Cabella,FRA-Ligue 1,1500000.0
Vincent Le Goff,FRA-Ligue 1,900000.0
Mamadou Sakho,FRA-Ligue 1,800000.0
Valère Germain,FRA-Ligue 1,1500000.0
Fábio,FRA-Ligue 1,1000000.0
Moussa Sissoko,FRA-Ligue 1,1200000.0
Maxime Le Marchand,FRA-Ligue 1,1000000.0
Benjamin Leroy,FRA-Ligue 1,500000.0
Mickaël Alphonse,FRA-Ligue 1,250000.0
Gaëtan Charbonnier,FRA-Ligue 1,400000.0
Quentin Bernard,FRA-Ligue 1,350000.0
Florent Ogier,FRA-Ligue 1,300000.0
Maxime Gonalons,FRA-Ligue 1,700000.0
Dejan Lovren,FRA-Ligue 1,500000.0
Jérôme Boateng,FRA-Ligue 1,400000.0
Alexis Sánchez,FRA-Ligue 1,1400000.0
Mohamed Youssouf,FRA-Ligue 1,200000.0
Islam Slimani,FRA-Ligue 1,400000.0
Johan Gastien,FRA-Ligue 1,500000.0
Vito Mannone,FRA-Ligue 1,200000.0
Damien Da Silva,FRA-Ligue 1,500000.0
Rémy Riou,FRA-Ligue 1,250000.0
Nicolas Pallois,FRA-Ligue 1,300000.0
Yunis Abdelhamid,FRA-Ligue 1,350000.0
Dimitri Liénard,FRA-Ligue 1,400000.0
Cédric Avinel,FRA-Ligue 1,250000.0
Romain Hamouma,FRA-Ligue 1,400000.0
Thomas Mangani,FRA-Ligue 1,300000.0
Yoann Touzghar,FRA-Ligue 1,300000.0
Pierrick Capelle,FRA-Ligue 1,250000.0
Benoît Costil,FRA-Ligue 1,600000.0
Dimitri Payet,FRA-Ligue 1,1800000.0
Kasper Schmeichel,FRA-Ligue 1,300000.0
Lionel Messi,FRA-Ligue 1,35000000.0
Kévin Gameiro,FRA-Ligue 1,700000.0
Mathieu Coutadeur,FRA-Ligue 1,200000.0
Rémy Dugimont,FRA-Ligue 1,100000.0
Jean-Louis Leca,FRA-Ligue 1,200000.0
Sergio Ramos,FRA-Ligue 1,2500000.0
Adil Rami,FRA-Ligue 1,250000.0
Riad Nouri,FRA-Ligue 1,200000.0
Steve Mandanda,FRA-Ligue 1,500000.0
José Fonte,FRA-Ligue 1,100000.0
Dante,FRA-Ligue 1,500000.0
Simone Pafundi,ITA-Serie A,5000000.0
Valentin Carboni,ITA-Serie A,
Luka Romero,ITA-Serie A,5000000.0
Jordan Majchrzak,ITA-Serie A,400000.0
Niccolò Pisilli,ITA-Serie A,12000000.0
Mihailo Ivanović,ITA-Serie A,150000.0
Samuel Ntanda,ITA-Serie A,
Luca D'Andrea,ITA-Serie A,2500000.0
Julius Beck,ITA-Serie A,350000.0
Axel Guessand,ITA-Serie A,300000.0
Vivaldo Semedo,ITA-Serie A,500000.0
Giorgio Scalvini,ITA-Serie A,45000000.0
Antonio Raimondo,ITA-Serie A,3000000.0
Niklas Pyyhtiä,ITA-Serie A,1200000.0
Alberto Basso,ITA-Serie A,
Herculano Nabian,ITA-Serie A,450000.0
Diego Coppola,ITA-Serie A,10000000.0
Fabio Miretti,ITA-Serie A,14000000.0
Samuel Iling-Junior,ITA-Serie A,10000000.0
Marko Lazetić,ITA-Serie A,1500000.0
Samuele Vignato,ITA-Serie A,3500000.0
Warren Bondo,ITA-Serie A,6000000.0
Cristian Volpato,ITA-Serie A,4500000.0
Filippo Missori,ITA-Serie A,1500000.0
Emirhan İlkhan,ITA-Serie A,3000000.0
Lorenzo Malagrida,ITA-Serie A,400000.0
Martin Turk,ITA-Serie A,400000.0
Emirhan İlkhan,ITA-Serie A,3000000.0
Gvidas Gineitis,ITA-Serie A,5500000.0
James Abankwah,ITA-Serie A,1500000.0
Nicolò Cocetta,ITA-Serie A,75000.0
Rasmus Højlund,ITA-Serie A,45000000.0
Tommaso De Nipoti,ITA-Serie A,200000.0
Denso Kasius,ITA-Serie A,6000000.0
Felix Afena-Gyan,ITA-Serie A,4200000.0
Duccio Degl'Innocenti,ITA-Serie A,
Jacopo Fazzini,ITA-Serie A,6000000.0
Tommaso Baldanzi,ITA-Serie A,10000000.0
Alessandro Bianco,ITA-Serie A,1200000.0
Filippo Terracciano,ITA-Serie A,4500000.0
Ibrahim Sulemana,ITA-Serie A,6000000.0
Jayden Braaf,ITA-Serie A,800000.0
Mattia Zanotti,ITA-Serie A,1000000.0
Matìas Soulé,ITA-Serie A,
Tommaso Barbieri,ITA-Serie A,1200000.0
Marco Bertini,ITA-Serie A,100000.0
Joel Voelkerling Persson,ITA-Serie A,250000.0
Aster Vranckx,ITA-Serie A,7000000.0
Franco Carboni,ITA-Serie A,900000.0
Benjamin Tahirovic,ITA-Serie A,
Antonio Iervolino,ITA-Serie A,
Daniele Montevago,ITA-Serie A,800000.0
Flavio Paoletti,ITA-Serie A,900000.0
Gerard Yepes,ITA-Serie A,500000.0
Telasco Segovia,ITA-Serie A,4500000.0
Janis Antiste,ITA-Serie A,2300000.0
Tio Cipot,ITA-Serie A,700000.0
Destiny Udogie,ITA-Serie A,40000000.0
Festy Ebosele,ITA-Serie A,4500000.0
Brandon Soppy,ITA-Serie A,2000000.0
Lukáš Vorlický,ITA-Serie A,
Matteo Ruggeri,ITA-Serie A,15000000.0
Joaquin Sosa,ITA-Serie A,
Christian Acella,ITA-Serie A,150000.0
Tommaso Milanese,ITA-Serie A,1200000.0
Emmanuel Ekong,ITA-Serie A,500000.0
Koni De Winter,ITA-Serie A,12000000.0
Bruno Amione,ITA-Serie A,3000000.0
Josh Doig,ITA-Serie A,6000000.0
Kristjan Asllani,ITA-Serie A,13000000.0
Nicolò Rovella,ITA-Serie A,28000000.0
Matteo Cancellieri,ITA-Serie A,4800000.0
Joan Gonzàlez,ITA-Serie A,
Lorenzo Colombo,ITA-Serie A,6000000.0
Pablo Rodríguez,ITA-Serie A,2000000.0
Malick Thiaw,ITA-Serie A,25000000.0
Nicolò Rovella,ITA-Serie A,28000000.0
Edoardo Bove,ITA-Serie A,5000000.0
Nicola Zalewski,ITA-Serie A,15000000.0
Lorenzo Pirola,ITA-Serie A,5500000.0
Bruno Amione,ITA-Serie A,3000000.0
Emil Ceide,ITA-Serie A,
Daniel Maldini,ITA-Serie A,4500000.0
Mikael Ellertsson,ITA-Serie A,
Petar Zovko,ITA-Serie A,100000.0
Raimonds Krollis,ITA-Serie A,2500000.0
Samuele Ricci,ITA-Serie A,22000000.0
Brandon Soppy,ITA-Serie A,2000000.0
Lazar Samardzic,ITA-Serie A,
Leonardo Buta,ITA-Serie A,1500000.0
Caleb Okoli,ITA-Serie A,8000000.0
Emanuel Vignato,ITA-Serie A,1100000.0
Joshua Zirkzee,ITA-Serie A,25000000.0
Emanuel Aiwum,ITA-Serie A,
Emanuel Vignato,ITA-Serie A,1100000.0
Fabiano Parisi,ITA-Serie A,9500000.0
Liberato Cacace,ITA-Serie A,3000000.0
Martin Satriano,ITA-Serie A,
Nicolò Cambiaghi,ITA-Serie A,18000000.0
Roberto Piccoli,ITA-Serie A,18000000.0
Alessandro Cortinovis,ITA-Serie A,400000.0
Ivan Ilić,ITA-Serie A,18000000.0
Juan David Cabal,ITA-Serie A,
Roberto Piccoli,ITA-Serie A,18000000.0
Yayah Kallon,ITA-Serie A,1000000.0
Enzo Barrenechea,ITA-Serie A,15000000.0
Nicolò Fagioli,ITA-Serie A,20000000.0
Mario Gila,ITA-Serie A,30000000.0
Kristoffer Askildsen,ITA-Serie A,1400000.0
Lameck Banda,ITA-Serie A,3000000.0
Þórir Jóhann Helgason,ITA-Serie A,
Charles De Ketelaere,ITA-Serie A,34000000.0
Sergiño Dest,ITA-Serie A,18000000.0
Andrea Carboni,ITA-Serie A,2500000.0
Filippo Ranocchia,ITA-Serie A,4000000.0
Valentin Antov,ITA-Serie A,800000.0
Alessandro Zanoli,ITA-Serie A,5000000.0
Khvicha Kvaratskhelia,ITA-Serie A,90000000.0
Flavius Daniliuc,ITA-Serie A,3000000.0
Alessandro Zanoli,ITA-Serie A,5000000.0
Agustín Álvarez,ITA-Serie A,4500000.0
Alessandro Russo,ITA-Serie A,350000.0
Dávid Strelec,ITA-Serie A,
Ethan Ampadu,ITA-Serie A,12000000.0
Salvatore Esposito,ITA-Serie A,3300000.0
David Zima,ITA-Serie A,4000000.0
Demba Seck,ITA-Serie A,2000000.0
Ivan Ilić,ITA-Serie A,18000000.0
Pietro Pellegri,ITA-Serie A,3000000.0
Wilfried Singo,ITA-Serie A,28000000.0
Andrea Cambiaso,ITA-Serie A,30000000.0
Lewis Ferguson,ITA-Serie A,20000000.0
Giacomo Quagliata,ITA-Serie A,1700000.0
Marco Carnesecchi,ITA-Serie A,16000000.0
Sebastian Walukiewicz,ITA-Serie A,4500000.0
Aleksa Terzić,ITA-Serie A,
Cyril Ngonge,ITA-Serie A,8000000.0
Raoul Bellanova,ITA-Serie A,15000000.0
Dušan Vlahović,ITA-Serie A,35000000.0
Moise Kean,ITA-Serie A,45000000.0
Marcos Antônio,ITA-Serie A,4000000.0
Antonino Gallo,ITA-Serie A,4000000.0
Tommaso Cassandro,ITA-Serie A,800000.0
Valentin Gendrey,ITA-Serie A,7000000.0
Brahim Díaz,ITA-Serie A,40000000.0
Matteo Gabbia,ITA-Serie A,8000000.0
Pierre Kalulu,ITA-Serie A,28000000.0
Sandro Tonali,ITA-Serie A,75000000.0
Yacine Adli,ITA-Serie A,9000000.0
Elif Elmas,ITA-Serie A,
Giacomo Raspadori,ITA-Serie A,22000000.0
Gianluca Gaetano,ITA-Serie A,4000000.0
Karim Zedadka,ITA-Serie A,250000.0
Leo Skiri Østigård,ITA-Serie A,
Marash Kumbulla,ITA-Serie A,4500000.0
Mile Svilar,ITA-Serie A,35000000.0
Diego Valencia,ITA-Serie A,1500000.0
Domagoj Bradarić,ITA-Serie A,5000000.0
Erik Botheim,ITA-Serie A,3500000.0
Hans Nicolussi Caviglia,ITA-Serie A,3000000.0
Matteo Lovato,ITA-Serie A,4000000.0
Mickaël Cuisance,ITA-Serie A,
Davide Frattesi,ITA-Serie A,28000000.0
Giacomo Raspadori,ITA-Serie A,22000000.0
Hamed Junior Traorè,ITA-Serie A,
Emil Holm,ITA-Serie A,13000000.0
Jakub Kiwior,ITA-Serie A,27000000.0
Leandro Sanca,ITA-Serie A,400000.0
Brian Bayeye,ITA-Serie A,250000.0
Michel Ndary Adopo,ITA-Serie A,
Perr Schuurs,ITA-Serie A,25000000.0
Nehuén Pérez,ITA-Serie A,13000000.0
Nadir Zortea,ITA-Serie A,7500000.0
Éderson,ITA-Serie A,40000000.0
Musa Barrow,ITA-Serie A,9000000.0
Emanuele Valeri,ITA-Serie A,2300000.0
Frank Tsadjout,ITA-Serie A,1200000.0
Johan Vásquez,ITA-Serie A,10000000.0
Nedim Bajrami,ITA-Serie A,4500000.0
Dodô,ITA-Serie A,18000000.0
Luca Ranieri,ITA-Serie A,7000000.0
Michele Cerofolini,ITA-Serie A,700000.0
Riccardo Sottil,ITA-Serie A,3500000.0
Youssef Maleh,ITA-Serie A,4500000.0
Adolfo Gaich,ITA-Serie A,1700000.0
Isak Hien,ITA-Serie A,25000000.0
Panagiotis Retsos,ITA-Serie A,2500000.0
Alessandro Bastoni,ITA-Serie A,80000000.0
Weston McKennie,ITA-Serie A,22000000.0
Luca Pellegrini,ITA-Serie A,3500000.0
Luís Maximiano,ITA-Serie A,5000000.0
Morten Hjulmand,ITA-Serie A,50000000.0
Youssef Maleh,ITA-Serie A,4500000.0
Alexis Saelemaekers,ITA-Serie A,12000000.0
Rafael Leão,ITA-Serie A,90000000.0
Tommaso Pobega,ITA-Serie A,9000000.0
Andrea Colpani,ITA-Serie A,6000000.0
Carlos Augusto,ITA-Serie A,26000000.0
Samuele Birindelli,ITA-Serie A,2500000.0
Alessio Zerbin,ITA-Serie A,2200000.0
Victor Osimhen,ITA-Serie A,75000000.0
Nicolò Zaniolo,ITA-Serie A,13000000.0
Ola Solbakken,ITA-Serie A,2500000.0
Roger Ibanez,ITA-Serie A,
Emil Bohinen,ITA-Serie A,1300000.0
Andrea Pinamonti,ITA-Serie A,15000000.0
Armand Lauriente,ITA-Serie A,
Kristian Thorstvedt,ITA-Serie A,8000000.0
Mert Müldür,ITA-Serie A,5000000.0
Nadir Zortea,ITA-Serie A,7500000.0
Nedim Bajrami,ITA-Serie A,4500000.0
Ruan,ITA-Serie A,2500000.0
Dimitris Nikolaou,ITA-Serie A,
Kevin Agudelo,ITA-Serie A,4000000.0
Petko Hristov,ITA-Serie A,900000.0
Alessandro Buongiorno,ITA-Serie A,45000000.0
Enzo Ebosse,ITA-Serie A,2500000.0
Jaka Bijol,ITA-Serie A,18000000.0
Ademola Lookman,ITA-Serie A,35000000.0
Merih Demiral,ITA-Serie A,20000000.0
Teun Koopmeiners,ITA-Serie A,28000000.0
Jhon Lucumí,ITA-Serie A,17000000.0
Nicolás Domínguez,ITA-Serie A,16000000.0
Nikola Moro,ITA-Serie A,6500000.0
David Okereke,ITA-Serie A,2400000.0
Luca Zanimacchia,ITA-Serie A,1800000.0
Luka Lochoshvili,ITA-Serie A,1500000.0
Samuele Perisan,ITA-Serie A,400000.0
Arthur Cabral,ITA-Serie A,9000000.0
Christian Kouamé,ITA-Serie A,2500000.0
Igor,ITA-Serie A,
Jonathan Ikone,ITA-Serie A,
Josip Brekalo,ITA-Serie A,2500000.0
Luka Jović,ITA-Serie A,6000000.0
Nicolás González,ITA-Serie A,
Nikola Milenković,ITA-Serie A,30000000.0
Szymon Żurkowski,ITA-Serie A,2500000.0
Deyovaisio Zeefuik,ITA-Serie A,1200000.0
Martin Hongla,ITA-Serie A,2500000.0
Federico Dimarco,ITA-Serie A,50000000.0
Lautaro Martínez,ITA-Serie A,85000000.0
Federico Chiesa,ITA-Serie A,18000000.0
Federico Gatti,ITA-Serie A,20000000.0
Manuel Locatelli,ITA-Serie A,25000000.0
Nicolò Casale,ITA-Serie A,5000000.0
Giuseppe Pezzella,ITA-Serie A,2200000.0
Kristijan Bistrović,ITA-Serie A,
Marcin Listkowski,ITA-Serie A,200000.0
Marin Pongračić,ITA-Serie A,
Fikayo Tomori,ITA-Serie A,40000000.0
Ismaël Bennacer,ITA-Serie A,9000000.0
Theo Hernández,ITA-Serie A,60000000.0
Dany Mota,ITA-Serie A,5000000.0
Mathías Olivera,ITA-Serie A,18000000.0
Matías Viña,ITA-Serie A,10000000.0
Tammy Abraham,ITA-Serie A,14000000.0
Giulio Maggiore,ITA-Serie A,3500000.0
Grigoris Kastanos,ITA-Serie A,1800000.0
Gonzalo Villar,ITA-Serie A,3000000.0
Manuel De Luca,ITA-Serie A,1400000.0
Mehdi Léris,ITA-Serie A,2500000.0
Ronaldo Vieira,ITA-Serie A,1500000.0
Abdou Harroui,ITA-Serie A,1800000.0
Martin Erlic,ITA-Serie A,
Matheus Henrique,ITA-Serie A,8500000.0
Maxime Lopez,ITA-Serie A,7500000.0
Riccardo Marchizza,ITA-Serie A,2500000.0
Rogério,ITA-Serie A,2000000.0
Bartłomiej Drągowski,ITA-Serie A,2500000.0
João Moutinho,ITA-Serie A,1100000.0
Kelvin Amian,ITA-Serie A,2500000.0
Przemysław Wiśniewski,ITA-Serie A,2200000.0
Salvador Ferrer,ITA-Serie A,
Szymon Żurkowski,ITA-Serie A,2500000.0
Andrew Gravillon,ITA-Serie A,
Nikola Vlašić,ITA-Serie A,10000000.0
Ronaldo Vieira,ITA-Serie A,1500000.0
Yann Karamoh,ITA-Serie A,2500000.0
Beto,ITA-Serie A,20000000.0
Jean-Victor Makengo,ITA-Serie A,6000000.0
Sandi Lovrić,ITA-Serie A,6000000.0
Jeremie Boga,ITA-Serie A,
Joakim Mæhle,ITA-Serie A,
Jerdy Schouten,ITA-Serie A,22000000.0
Michel Aebischer,ITA-Serie A,4500000.0
Riccardo Orsolini,ITA-Serie A,25000000.0
Stefan Posch,ITA-Serie A,14000000.0
Charles Pickel,ITA-Serie A,3200000.0
Ionuț Radu,ITA-Serie A,5000000.0
Leonardo Sernicola,ITA-Serie A,2000000.0
Mouhamadou Sarr,ITA-Serie A,400000.0
Pablo Galdames Millán,ITA-Serie A,
Paolo Ghiglione,ITA-Serie A,1300000.0
Santiago Ascacíbar,ITA-Serie A,5500000.0
Ardian Ismajli,ITA-Serie A,6000000.0
Guglielmo Vicario,ITA-Serie A,30000000.0
Sam Lammers,ITA-Serie A,3000000.0
Sebastiano Luperto,ITA-Serie A,4000000.0
Gaetano Castrovilli,ITA-Serie A,750000.0
Rolando Mandragora,ITA-Serie A,8500000.0
Sofyan Amrabat,ITA-Serie A,22000000.0
Fabio Depaoli,ITA-Serie A,3000000.0
Nicolò Barella,ITA-Serie A,60000000.0
Denis Zakaria,ITA-Serie A,25000000.0
Gleison Bremer,ITA-Serie A,
Toma Bašić,ITA-Serie A,2500000.0
Alexis Blin,ITA-Serie A,3000000.0
Federico Baschirotto,ITA-Serie A,4000000.0
Gabriel Strefezza,ITA-Serie A,7000000.0
Remi Oudin,ITA-Serie A,
Yıldırım Mert Çetin,ITA-Serie A,
Davide Calabria,ITA-Serie A,13000000.0
Fodé Ballo-Touré,ITA-Serie A,1000000.0
Matteo Pessina,ITA-Serie A,5000000.0
Michele Di Gregorio,ITA-Serie A,18000000.0
Pepín,ITA-Serie A,
Adam Ounas,ITA-Serie A,4000000.0
Alex Meret,ITA-Serie A,14000000.0
Kim Min-jae,ITA-Serie A,
Tanguy Ndombele,ITA-Serie A,
Mohamed Camara,ITA-Serie A,
Zeki Çelik,ITA-Serie A,12000000.0
Boulaye Dia,ITA-Serie A,10000000.0
Federico Bonazzoli,ITA-Serie A,2500000.0
Julian Kristoffersen,ITA-Serie A,175000.0
Junior Sambia,ITA-Serie A,2000000.0
Abdelhamid Sabiri,ITA-Serie A,2200000.0
Emil Audero,ITA-Serie A,3200000.0
Fabio Depaoli,ITA-Serie A,3000000.0
Sam Lammers,ITA-Serie A,3000000.0
Filippo Romagna,ITA-Serie A,400000.0
M'Bala Nzola,ITA-Serie A,6000000.0
Simone Bastoni,ITA-Serie A,1500000.0
Jacopo Segre,ITA-Serie A,1700000.0
Ola Aina,ITA-Serie A,20000000.0
Saša Lukić,ITA-Serie A,12000000.0
Vanja Milinković-Savić,ITA-Serie A,5000000.0
Giorgos Kyriakopoulos,ITA-Serie A,
Kevin Bonifazi,ITA-Serie A,300000.0
Liam Henderson,ITA-Serie A,1400000.0
Liam Henderson,ITA-Serie A,
Nicolas Haas,ITA-Serie A,700000.0
Petar Stojanović,ITA-Serie A,600000.0
Răzvan Marin,ITA-Serie A,3000000.0
Tyronne Ebuehi,ITA-Serie A,2000000.0
Lucas Martínez Quarta,ITA-Serie A,4500000.0
Ajdin Hrustic,ITA-Serie A,600000.0
Giangiacomo Magnani,ITA-Serie A,3000000.0
Lorenzo Montipò,ITA-Serie A,2000000.0
Oliver Abildgaard,ITA-Serie A,500000.0
André Onana,ITA-Serie A,15000000.0
Denzel Dumfries,ITA-Serie A,25000000.0
Pietro Ceccaroni,ITA-Serie A,1600000.0
Marlon,ITA-Serie A,3000000.0
Stefano Sensi,ITA-Serie A,1200000.0
Andre-Frank Zambo Anguissa,ITA-Serie A,
Gianluca Mancini,ITA-Serie A,15000000.0
Lorenzo Pellegrini,ITA-Serie A,9000000.0
Domen Črnigoj,ITA-Serie A,
Lassana Coulibaly,ITA-Serie A,3500000.0
Harry Winks,ITA-Serie A,7000000.0
Ignacio Pussetto,ITA-Serie A,2500000.0
Giorgos Kyriakopoulos,ITA-Serie A,
Daniele Verde,ITA-Serie A,2200000.0
Viktor Kovalenko,ITA-Serie A,1500000.0
Aleksei Miranchuk,ITA-Serie A,
Antonio Sanabria,ITA-Serie A,7000000.0
Nemanja Radonjić,ITA-Serie A,
Valentino Lazaro,ITA-Serie A,3500000.0
Isaac Success,ITA-Serie A,2500000.0
Rodrigo Becão,ITA-Serie A,3000000.0
Mario Pašalić,ITA-Serie A,7000000.0
Cyriel Dessers,ITA-Serie A,4500000.0
Jack Hendry,ITA-Serie A,3000000.0
Jaime Báez,ITA-Serie A,900000.0
Marco Benassi,ITA-Serie A,1200000.0
Alberto Grassi,ITA-Serie A,1800000.0
Filippo Bandinelli,ITA-Serie A,2500000.0
Marko Pjaca,ITA-Serie A,1700000.0
Antonín Barák,ITA-Serie A,4500000.0
Lorenzo Venuti,ITA-Serie A,1200000.0
Marco Benassi,ITA-Serie A,1200000.0
Pierluigi Gollini,ITA-Serie A,800000.0
Antonín Barák,ITA-Serie A,4500000.0
Koray Günter,ITA-Serie A,700000.0
Ondrej Duda,ITA-Serie A,3200000.0
Paweł Dawidowicz,ITA-Serie A,2000000.0
Simone Perilli,ITA-Serie A,200000.0
Thomas Henry,ITA-Serie A,2000000.0
Joaquín Correa,ITA-Serie A,3000000.0
Milan Škriniar,ITA-Serie A,11000000.0
Adrien Rabiot,ITA-Serie A,20000000.0
Alessio Romagnoli,ITA-Serie A,7000000.0
Danilo Cataldi,ITA-Serie A,3500000.0
Mattia Zaccagni,ITA-Serie A,15000000.0
Sergej Milinković-Savić,ITA-Serie A,40000000.0
Wladimiro Falcone,ITA-Serie A,3500000.0
Divock Origi,ITA-Serie A,5000000.0
Mike Maignan,ITA-Serie A,38000000.0
Tiemoué Bakayoko,ITA-Serie A,800000.0
Andrea Petagna,ITA-Serie A,500000.0
Patrick Ciurria,ITA-Serie A,1000000.0
Giovanni Simeone,ITA-Serie A,5000000.0
Hirving Lozano,ITA-Serie A,8000000.0
Pierluigi Gollini,ITA-Serie A,800000.0
Stanislav Lobotka,ITA-Serie A,18000000.0
Bryan Cristante,ITA-Serie A,7000000.0
Eldor Shomurodov,ITA-Serie A,5000000.0
Rick Karsdorp,ITA-Serie A,2500000.0
Dylan Bronn,ITA-Serie A,1300000.0
Krzysztof Piątek,ITA-Serie A,
Pasquale Mazzocchi,ITA-Serie A,1700000.0
Tonny Vilhena,ITA-Serie A,800000.0
Koray Günter,ITA-Serie A,700000.0
Nicola Murru,ITA-Serie A,1000000.0
Tommaso Augello,ITA-Serie A,1200000.0
Domenico Berardi,ITA-Serie A,10000000.0
Jeremy Toljan,ITA-Serie A,3500000.0
Kaan Ayhan,ITA-Serie A,4700000.0
Arkadiusz Reca,ITA-Serie A,2300000.0
Eldor Shomurodov,ITA-Serie A,5000000.0
Karol Linetty,ITA-Serie A,1500000.0
Mërgim Vojvoda,ITA-Serie A,3000000.0
Kingsley Ehizibue,ITA-Serie A,2000000.0
Walace,ITA-Serie A,6000000.0
Hans Hateboer,ITA-Serie A,2000000.0
Juan Musso,ITA-Serie A,5000000.0
Babis Lykogiannis,ITA-Serie A,
Alex Ferrari,ITA-Serie A,1000000.0
Soualiho Meïté,ITA-Serie A,1800000.0
Adrien Tameze,ITA-Serie A,
Hakan Çalhanoğlu,ITA-Serie A,22000000.0
Roberto Gagliardini,ITA-Serie A,1400000.0
Robin Gosens,ITA-Serie A,6000000.0
Arkadiusz Milik,ITA-Serie A,6000000.0
Daniele Rugani,ITA-Serie A,2000000.0
Leandro Paredes,ITA-Serie A,5000000.0
Elseid Hysaj,ITA-Serie A,2500000.0
Ivan Provedel,ITA-Serie A,3000000.0
Manuel Lazzari,ITA-Serie A,2500000.0
Assan Ceesay,ITA-Serie A,2000000.0
Federico Di Francesco,ITA-Serie A,1400000.0
Samuel Umtiti,ITA-Serie A,2500000.0
Ante Rebić,ITA-Serie A,2200000.0
Rade Krunić,ITA-Serie A,
Alessio Cragno,ITA-Serie A,1500000.0
Andrea Barberis,ITA-Serie A,800000.0
Mattia Valoti,ITA-Serie A,600000.0
Pablo Marí,ITA-Serie A,2500000.0
Amir Rrahmani,ITA-Serie A,12000000.0
Giovanni Di Lorenzo,ITA-Serie A,10000000.0
Matteo Politano,ITA-Serie A,8000000.0
Piotr Zieliński,ITA-Serie A,
Andrea Belotti,ITA-Serie A,1500000.0
Diego Llorente,ITA-Serie A,7000000.0
Paulo Dybala,ITA-Serie A,5000000.0
William Troost-Ekong,ITA-Serie A,1200000.0
Alex Ferrari,ITA-Serie A,1000000.0
Andrea Conti,ITA-Serie A,500000.0
Valerio Verre,ITA-Serie A,1400000.0
Emmanuel Gyasi,ITA-Serie A,1000000.0
Mattia Caldara,ITA-Serie A,800000.0
Adam Masina,ITA-Serie A,1400000.0
Gerard Deulofeu,ITA-Serie A,1000000.0
Berat Djimsiti,ITA-Serie A,10000000.0
Ruslan Malinovskyi,ITA-Serie A,8000000.0
Cristian Buonaiuto,ITA-Serie A,800000.0
Gonzalo Escalante,ITA-Serie A,1500000.0
Matteo Bianchetti,ITA-Serie A,800000.0
Jean-Daniel Akpa-Akpro,ITA-Serie A,
Alfred Duncan,ITA-Serie A,4000000.0
Cristiano Biraghi,ITA-Serie A,1400000.0
Kevin Lasagna,ITA-Serie A,950000.0
Marcelo Brozović,ITA-Serie A,20000000.0
Romelu Lukaku,ITA-Serie A,15000000.0
Filip Kostić,ITA-Serie A,6500000.0
Mattia De Sciglio,ITA-Serie A,1000000.0
Mattia Perin,ITA-Serie A,2000000.0
Paul Pogba,ITA-Serie A,15000000.0
Adam Marušić,ITA-Serie A,
Felipe Anderson,ITA-Serie A,8000000.0
Luis Alberto,ITA-Serie A,11000000.0
Patric,ITA-Serie A,1500000.0
Gianluca Caprari,ITA-Serie A,4000000.0
Leonardo Spinazzola,ITA-Serie A,3500000.0
Stephan El Shaarawy,ITA-Serie A,2500000.0
Jesé,ITA-Serie A,1000000.0
Marios Oikonomou,ITA-Serie A,
Omar Colley,ITA-Serie A,1500000.0
Koffi Djidji,ITA-Serie A,2500000.0
Ricardo Rodríguez,ITA-Serie A,3500000.0
Florian Thauvin,ITA-Serie A,5000000.0
Davide Zappacosta,ITA-Serie A,3500000.0
Marco Sportiello,ITA-Serie A,1500000.0
Adama Soumaoro,ITA-Serie A,2000000.0
Francesco Bardi,ITA-Serie A,400000.0
Nicola Sansone,ITA-Serie A,400000.0
Riccardo Saponara,ITA-Serie A,700000.0
Davide Faraoni,ITA-Serie A,1500000.0
Federico Ceccherini,ITA-Serie A,400000.0
Simone Verdi,ITA-Serie A,500000.0
Stefan de Vrij,ITA-Serie A,3500000.0
Matías Vecino,ITA-Serie A,1500000.0
Kastriot Dermaku,ITA-Serie A,250000.0
Armando Izzo,ITA-Serie A,1300000.0
Salvatore Molina,ITA-Serie A,450000.0
Bartosz Bereszyński,ITA-Serie A,1300000.0
Diego Demme,ITA-Serie A,800000.0
Norbert Gyömbér,ITA-Serie A,1300000.0
Bartosz Bereszyński,ITA-Serie A,1300000.0
Filip Đuričić,ITA-Serie A,
Jeison Murillo,ITA-Serie A,900000.0
Manolo Gabbiadini,ITA-Serie A,2000000.0
Gian Marco Ferrari,ITA-Serie A,1400000.0
Pedro Obiang,ITA-Serie A,500000.0
Jacopo Sala,ITA-Serie A,250000.0
Mehdi Bourabia,ITA-Serie A,1000000.0
Duván Zapata,ITA-Serie A,8000000.0
Francesco Rossi,ITA-Serie A,100000.0
Luis Muriel,ITA-Serie A,2000000.0
Marten de Roon,ITA-Serie A,7000000.0
Rafael Tolói,ITA-Serie A,2500000.0
Roberto Soriano,ITA-Serie A,1800000.0
Łukasz Skorupski,ITA-Serie A,
Mattia Destro,ITA-Serie A,500000.0
Darko Lazović,ITA-Serie A,1500000.0
Alex Sandro,ITA-Serie A,2000000.0
Danilo,ITA-Serie A,2500000.0
Alessandro Florenzi,ITA-Serie A,2000000.0
Junior Messias,ITA-Serie A,2500000.0
Luca Caldirola,ITA-Serie A,400000.0
Marco D'Alessandro,ITA-Serie A,175000.0
Juan Jesus,ITA-Serie A,1500000.0
Mário Rui,ITA-Serie A,3500000.0
Georginio Wijnaldum,ITA-Serie A,6000000.0
Luigi Sepe,ITA-Serie A,500000.0
Grégoire Defrel,ITA-Serie A,1000000.0
Jeroen Zoet,ITA-Serie A,400000.0
Marco Silvestri,ITA-Serie A,500000.0
Marvin Zeegelaar,ITA-Serie A,250000.0
Roberto Pereyra,ITA-Serie A,800000.0
Tolgay Arslan,ITA-Serie A,1400000.0
José Luis Palomino,ITA-Serie A,550000.0
Michele Castagnetti,ITA-Serie A,700000.0
Vlad Chiricheș,ITA-Serie A,900000.0
Lorenzo Tonelli,ITA-Serie A,200000.0
Giacomo Bonaventura,ITA-Serie A,3000000.0
Pietro Terracciano,ITA-Serie A,1000000.0
Milan Đurić,ITA-Serie A,
Matteo Darmian,ITA-Serie A,1500000.0
Wojciech Szczęsny,ITA-Serie A,
Ciro Immobile,ITA-Serie A,2000000.0
Alessandro Tuia,ITA-Serie A,400000.0
Simone Romagnoli,ITA-Serie A,800000.0
Christian Gytkjær,ITA-Serie A,
Giulio Donati,ITA-Serie A,300000.0
Luca Marrone,ITA-Serie A,200000.0
Chris Smalling,ITA-Serie A,1200000.0
Vincenzo Fiorillo,ITA-Serie A,150000.0
Bram Nuytinck,ITA-Serie A,250000.0
Bram Nuytinck,ITA-Serie A,250000.0
Ilija Nestorovski,ITA-Serie A,400000.0
Marko Arnautović,ITA-Serie A,
Samuel Di Carmine,ITA-Serie A,350000.0
Danilo D'Ambrosio,ITA-Serie A,700000.0
Henrikh Mkhitaryan,ITA-Serie A,3500000.0
Simon Kjær,ITA-Serie A,1500000.0
Nemanja Matić,ITA-Serie A,3000000.0
Ivan Radovanović,ITA-Serie A,
Nicola Ravaglia,ITA-Serie A,100000.0
Albin Ekdal,ITA-Serie A,800000.0
Gary Medel,ITA-Serie A,800000.0
Lorenzo De Silvestri,ITA-Serie A,400000.0
Francesco Caputo,ITA-Serie A,1000000.0
Samir Ujkani,ITA-Serie A,100000.0
Francesco Acerbi,ITA-Serie A,2500000.0
Juan Cuadrado,ITA-Serie A,1000000.0
Ángel Di María,ITA-Serie A,2000000.0
Andrea Ranocchia,ITA-Serie A,800000.0
Rui Patrício,ITA-Serie A,600000.0
Francesco Caputo,ITA-Serie A,1000000.0
Tomás Rincón,ITA-Serie A,800000.0
Mato Jajalo,ITA-Serie A,250000.0
Salvatore Sirigu,ITA-Serie A,275000.0
Leonardo Bonucci,ITA-Serie A,1000000.0
Pedro,ITA-Serie A,1000000.0
Ștefan Radu,ITA-Serie A,
Olivier Giroud,ITA-Serie A,3000000.0
Antonio Candreva,ITA-Serie A,1000000.0
Federico Fazio,ITA-Serie A,400000.0
Andrea Consigli,ITA-Serie A,800000.0
Miguel Veloso,ITA-Serie A,500000.0
Edin Džeko,ITA-Serie A,
Ciprian Tătărușanu,ITA-Serie A,
Daniel Ciofani,ITA-Serie A,200000.0
Guillermo Ochoa,ITA-Serie A,1000000.0
Samir Handanović,ITA-Serie A,
Alex Cordaz,ITA-Serie A,200000.0
Antonio Mirante,ITA-Serie A,100000.0
Franck Ribéry,ITA-Serie A,1000000.0
Fabio Quagliarella,ITA-Serie A,500000.0
Federico Marchetti,ITA-Serie A,50000.0
Zlatan Ibrahimović,ITA-Serie A,2000000.0
Gianluca Pegolo,ITA-Serie A,100000.0
Arijon Ibrahimović,,
Paul Wanner,,14000000.0
Julien Duranville,,7500000.0
Ibrahim Maza,,600000.0
Aaron Zehnter,,1500000.0
Mathys Tel,,30000000.0
Jamie Gittens,,40000000.0
Tom Rothe,,10000000.0
Youssoufa Moukoko,,22000000.0
Pascal Klemens,,300000.0
Tom Bischof,,40000000.0
Umut Tohumcu,,5000000.0
Justin Diehl,,1800000.0
Noah Mbamba,,1500000.0
Nelson Weiper,,12000000.0
Lauren Ulrich,,
Fabio Chiarodia,,3000000.0
Dženan Pejčinović,,
Arne Engels,,10000000.0
Gabriel Vidovic,,2500000.0
Tim Oermann,,4000000.0
Soumaïla Coulibaly,,7000000.0
Marcel Wenig,,600000.0
Paxten Aaronson,,7000000.0
Oscar Fraulo,,3000000.0
Yvandro Borges Sanches,,500000.0
Julian Eitschberger,,350000.0
Veit Stange,,150000.0
Joshua Quarshie,,800000.0
Muhammed Damar,,1000000.0
Brajan Gruda,,28000000.0
Sanoussy Ba,,500000.0
Keke Topp,,5000000.0
Lukáš Ambros,,
Renato Veiga,,25000000.0
Ricardo Pepi,,15000000.0
Jamal Musiala,,130000000.0
Gio Reyna,,
Jude Bellingham,,160000000.0
Dario Gebuhr,,400000.0
Robert Wagner,,1400000.0
Joe Scally,,7000000.0
Luca Netz,,6000000.0
Derry Scherhant,,700000.0
Tjark Ernst,,1500000.0
Tony Rölke,,200000.0
Fisnik Asllani,,800000.0
Florian Wirtz,,110000000.0
Eniss Shabani,,200000.0
Hugo Novoa,,1000000.0
Kerim Calhanoglu,,500000.0
Sidi Sané,,200000.0
Lilian Egloff,,800000.0
Thomas Kastanaras,,500000.0
Dikeni-Rafid Salifou,,
Aster Vranckx,,7000000.0
Kevin Paredes,,5000000.0
Dion Drena Beljo,,
Nathanael Mbuku,,
Ryan Gravenberch,,90000000.0
Karim Adeyemi,,60000000.0
Ansgar Knauff,,15000000.0
Diant Ramaj,,7000000.0
Hugo Siquet,,4000000.0
Kenneth Schmidt,,800000.0
Kevin Schade,,22000000.0
Kiliann Sildillia,,15000000.0
Merlin Röhl,,16000000.0
Noah Weißhaupt,,5000000.0
Jan Olschowsky,,600000.0
Rocco Reitz,,17000000.0
Márton Dárdai,,2500000.0
Eduardo Quaresma,,15000000.0
Georginio Rutter,,32000000.0
Eric Martel,,7500000.0
Jan Thielmann,,5000000.0
Tim Lemperle,,1500000.0
Adam Hložek,,
Piero Hincapié,,50000000.0
Joško Gvardiol,,
Malick Thiaw,,25000000.0
Mehmet Aydin,,
Sepp van den Berg,,28000000.0
Enzo Millot,,28000000.0
Naouirou Ahamada,,3500000.0
Tiago Tomás,,15000000.0
Eren Dinkçi,,6000000.0
Jakub Kamiński,,12000000.0
Frederik Winther,,800000.0
Lukas Petkov,,800000.0
Alphonso Davies,,50000000.0
Moritz Broschinski,,1500000.0
Justin Njinmah,,7000000.0
Marco Pašalić,,350000.0
Faride Alidou,,1000000.0
Hrvoje Smolčić,,
Junior Dina Ebimbe,,6000000.0
Kimberly Ezekwem,,350000.0
Manu Koné,,50000000.0
Angelo Stiller,,45000000.0
Denis Huseinbasic,,4000000.0
Mathias Olesen,,1500000.0
Nikola Soldo,,1500000.0
Ayman Azhil,,400000.0
Callum Hudson-Odoi,,30000000.0
Jeremie Frimpong,,38000000.0
Odilon Kossounou,,22000000.0
Marlon Mustapha,,1000000.0
Niklas Tauer,,800000.0
Dominik Szoboszlai,,85000000.0
Leo Greiml,,1200000.0
Soichiro Kozuki,,600000.0
Tom Krauß,,3500000.0
Alou Kuol,,
Clinton Mola,,500000.0
Josha Vagnoman,,10000000.0
Tanguy Coulibaly,,2000000.0
Jamie Leweling,,25000000.0
Lee Buchanan,,2200000.0
Felix Nmecha,,45000000.0
Kilian Fischer,,7500000.0
Micky van de Ven,,55000000.0
Patrick Wimmer,,15000000.0
David Čolina,,
Kelvin Yeboah,,4000000.0
Maximilian Bauer,,1500000.0
Josip Stanišić,,
Matthijs de Ligt,,65000000.0
Patrick Osterhage,,12000000.0
Antonios Papadopoulos,,1000000.0
Nico Schlotterbeck,,55000000.0
Jesper Lindstrøm,,22000000.0
Obite N'Dicka,,
Jeong Woo-yeong,,
Yannik Keitel,,2000000.0
Nathan N'Goumou,,
Semir Telalovic,,400000.0
Jessic Ngankam,,1500000.0
Christoph Baumgartner,,18000000.0
Finn Ole Becker,,
Ozan Kabak,,5000000.0
Luca Kilian,,2000000.0
Amine Adli,,20000000.0
Mitchel Bakker,,4000000.0
Paulinho,,10000000.0
Jonathan Burkardt,,35000000.0
Leandro Barreiro Martins,,
Mohamed Simakan,,20000000.0
Florian Flick,,1500000.0
Henning Matriciani,,900000.0
Rodrigo Zalazar,,20000000.0
Darko Churlinov,,1500000.0
Juan Perea,,
Nikolas Nartey,,2000000.0
Felix Agu,,8000000.0
Ilia Gruev,,5000000.0
Jean-Manuel Mbom,,
Romano Schmid,,17000000.0
Bartol Franjić,,
Maxence Lacroix,,35000000.0
Arne Maier,,2000000.0
Reece Oxford,,450000.0
Ruben Vargas,,
Dayot Upamecano,,70000000.0
Erhan Mašović,,
Jordi Osei-Tutu,,500000.0
Donyell Malen,,25000000.0
Luca Pellegrini,,3500000.0
Randal Kolo Muani,,25000000.0
Tuta,,12000000.0
Hannes Wolf,,2000000.0
Myziane Maolida,,900000.0
Oliver Christensen,,3000000.0
Jacob Bruun Larsen,,5000000.0
Stanley N'Soki,,
Florian Dietz,,600000.0
Linton Maina,,3000000.0
Edmond Tapsoba,,35000000.0
Exequiel Palacios,,30000000.0
Moussa Diaby,,55000000.0
Anton Stach,,20000000.0
Delano Burgzorg,,1800000.0
Moritz Jenz,,5000000.0
Dan-Axel Zagadou,,2000000.0
Hiroki Ito,,18000000.0
Silas Katompa,,
András Schäfer,,4500000.0
Diogo Leite,,12000000.0
Lennart Grill,,1000000.0
Tymoteusz Puchacz,,1500000.0
Jonas Wind,,7000000.0
Lukas Nmecha,,8000000.0
Mattias Svanberg,,12000000.0
Nicolas Cozza,,3000000.0
Omar Marmoush,,65000000.0
Sebastiaan Bornauw,,5000000.0
Elvis Rexhbeçaj,,
Ermedin Demirović,,
Fredrik Jensen,,3000000.0
Irvin Cardona,,2500000.0
Mergim Berisha,,2500000.0
Niklas Dorsch,,3000000.0
Ohis Felix Uduokhai,,
Robert Gumny,,1000000.0
Noussair Mazraoui,,22000000.0
Felix Passlack,,1000000.0
Gregor Kobel,,40000000.0
Julian Ryerson,,20000000.0
Salih Özcan,,3500000.0
Ritsu Doan,,18000000.0
Marcus Thuram,,60000000.0
Agustín Rogel,,1500000.0
Chidera Ejuke,,6000000.0
Dodi Lukebakio,,
Marco Richter,,1500000.0
Wilfried Kanga,,4000000.0
Dennis Geiger,,1500000.0
Kasper Dolberg,,12000000.0
Dejan Ljubicic,,5000000.0
Dimitris Limnios,,
Julian Chabot,,
Steffen Tigges,,1500000.0
Timothy Fosu-Mensah,,800000.0
Aymen Barkok,,450000.0
Finn Dahmen,,12000000.0
Maxim Leitsch,,1500000.0
Amadou Haidara,,20000000.0
Christopher Nkunku,,65000000.0
Dani Olmo,,60000000.0
David Raum,,20000000.0
Xaver Schlager,,28000000.0
Alex Král,,5000000.0
Borna Sosa,,4000000.0
Chris Führich,,10000000.0
Florian Müller,,1200000.0
Konstantinos Mavropanos,,15000000.0
Danilho Doekhi,,13000000.0
Julian Ryerson,,20000000.0
Paul Jaeckel,,1000000.0
Amos Pieper,,4000000.0
Marco Friedl,,12000000.0
Niklas Schmidt,,1500000.0
Josip Brekalo,,2500000.0
Ridle Baku,,7000000.0
Iago,,4000000.0
Mads Pedersen,,1000000.0
Noah Joel Sarenren Bazee,,500000.0
Jannes Horn,,1200000.0
Keven Schlotterbeck,,6000000.0
Aurélio Buta,,3000000.0
Daichi Kamada,,12000000.0
Djibril Sow,,9000000.0
Kristijan Jakić,,
Keven Schlotterbeck,,6000000.0
Maximilian Eggestein,,10000000.0
Roland Sallai,,10000000.0
Florian Neuhaus,,3500000.0
Ko Itakura,,10000000.0
Nico Elvedi,,8000000.0
Filip Uremović,,
Ivan Šunjić,,1500000.0
Jonjoe Kenny,,2000000.0
Lucas Tousart,,2000000.0
Maximilian Mittelstädt,,18000000.0
Suat Serdar,,4500000.0
Angeliño,,17000000.0
Stefan Posch,,14000000.0
Nadiem Amiri,,17000000.0
Aarón Martín,,5000000.0
Andreas Hanche-Olsen,,5000000.0
Angelo Fulgini,,5000000.0
Anthony Caci,,10000000.0
Benjamin Henrichs,,20000000.0
Konrad Laimer,,32000000.0
Jordan Larsson,,3000000.0
Thomas Ouwejan,,900000.0
Tim Skarke,,1800000.0
Atakan Karazor,,9000000.0
Gil Bastião Dias,,
Luca Pfeiffer,,1200000.0
Sasa Kalajdzic,,2000000.0
Aïssa Laïdouni,,6000000.0
Tim Skarke,,1800000.0
Jens Stage,,14000000.0
Nicolai Rapp,,700000.0
Oliver Burke,,4000000.0
Raphael Framberger,,600000.0
Benjamin Pavard,,20000000.0
Kingsley Coman,,22000000.0
Leroy Sané,,23000000.0
Lucas Hernández,,20000000.0
Saidy Janko,,1000000.0
Silvère Ganvoula M'Boussy,,
Julian Brandt,,20000000.0
Mahmoud Dahoud,,2000000.0
Niklas Süle,,5000000.0
Almamy Touré,,2000000.0
Rafael Borré,,8000000.0
Daniel Kyereh,,
Philipp Lienhart,,12000000.0
Julian Weigl,,5000000.0
Marvin Friedrich,,1800000.0
Diadie Samassékou,,
Robert Skov,,3000000.0
Timo Hübers,,5500000.0
Jonathan Tah,,30000000.0
Patrik Schick,,25000000.0
Edimilson Fernandes,,2500000.0
Marcus Ingvartsen,,6500000.0
Abdou Diallo,,9000000.0
Alexander Sørloth,,20000000.0
André Silva,,6000000.0
Lukas Klostermann,,3500000.0
Timo Werner,,17000000.0
Tobias Mohr,,900000.0
Pascal Stenzel,,1200000.0
Serhou Guirassy,,40000000.0
Waldemar Anton,,18000000.0
Jordan Pefok,,
Josip Juranović,,
Levin Öztunalı,,
Miloš Pantović,,
Morten Thorsby,,3000000.0
Timo Baumgartl,,1800000.0
Miloš Veljković,,
Luca Waldschmidt,,2500000.0
Carlos Gruezo,,3000000.0
Joshua Kimmich,,40000000.0
Leon Goretzka,,15000000.0
Serge Gnabry,,20000000.0
Gerrit Holtmann,,700000.0
Philipp Förster,,1800000.0
Pierre Kunde,,1500000.0
Takuma Asano,,1800000.0
Marius Wolf,,2500000.0
Christopher Lenz,,400000.0
Ramy Bensebaini,,7000000.0
Davie Selke,,2800000.0
Marc-Oliver Kempf,,
Grischa Prömel,,3000000.0
Kevin Akpoguma,,2000000.0
Benno Schmitz,,1500000.0
Davie Selke,,2800000.0
Ellyes Skhiri,,6000000.0
Kingsley Ehizibue,,2000000.0
Kristian Pedersen,,800000.0
Marvin Schwäbe,,4000000.0
Ondrej Duda,,3200000.0
Daley Sinkgraven,,400000.0
Joel Pohjanpalo,,3500000.0
Robert Andrich,,7000000.0
Sardar Azmoun,,8000000.0
Robin Zentner,,3000000.0
Andreas Ivan,,125000.0
Fabian Bredlow,,800000.0
Paul Seguin,,1800000.0
Sheraldo Becker,,10000000.0
Michael Zetterer,,4500000.0
Niklas Stark,,3500000.0
Paulo Otávio,,3500000.0
João Cancelo,,25000000.0
Marcel Sabitzer,,7000000.0
Christopher Antwi-Adjei,,1200000.0
Dominique Heintz,,800000.0
Kevin Stöger,,3000000.0
Kostas Stafylidis,,
Emre Can,,6000000.0
Raphaël Guerreiro,,12000000.0
Sébastien Haller,,2000000.0
Philipp Max,,700000.0
Lucas Höler,,4000000.0
Matthias Ginter,,6000000.0
Michael Gregoritsch,,1500000.0
Jonas Omlin,,1500000.0
Jean-Paul Boëtius,,1200000.0
Ihlas Bebou,,800000.0
Alexander Hack,,2200000.0
Dominik Kohr,,2000000.0
Ludovic Ajorque,,3000000.0
Yussuf Poulsen,,6000000.0
Cédric Brunner,,1000000.0
Jere Uronen,,1000000.0
Kenan Karaman,,1400000.0
Michael Frey,,1000000.0
Janik Haberer,,2500000.0
Rani Khedira,,2000000.0
Leonardo Bittencourt,,1200000.0
Marvin Ducksch,,2000000.0
Maximilian Philipp,,600000.0
Mitchell Weiser,,3500000.0
Maximilian Arnold,,4500000.0
Maximilian Philipp,,600000.0
Yannick Gerhardt,,2000000.0
Tomáš Koubek,,
Jacek Góralski,,
Philipp Hofmann,,750000.0
Thorgan Hazard,,2500000.0
Filip Kostić,,6500000.0
Lucas Alario,,1500000.0
Christian Günter,,2000000.0
Lukas Kübler,,1500000.0
Mark Flekken,,8000000.0
Vincenzo Grifo,,5000000.0
Alassane Pléa,,3000000.0
Stefan Lainer,,1000000.0
John Brooks,,2000000.0
Florian Kainz,,2500000.0
Kingsley Schindler,,500000.0
Sargis Adamyan,,600000.0
Kerem Demirbay,,1500000.0
Danny da Costa,,1200000.0
Lee Jae-sung,,
Silvan Widmer,,800000.0
Willi Orban,,
Marius Bülter,,2000000.0
Éder Álvarez Balanta,,
Wataru Endo,,5000000.0
Frederik Rønnow,,
Jérôme Roussillon,,600000.0
Niclas Füllkrug,,8000000.0
Jérôme Roussillon,,600000.0
Bouna Sarr,,1500000.0
Sadio Mané,,25000000.0
Danilo Soares,,700000.0
Ivan Ordets,,750000.0
Thomas Meunier,,1800000.0
Mario Götze,,3500000.0
Jonas Hofmann,,2000000.0
Marvin Plattenhardt,,800000.0
Tolga Ciğerci,,
Kevin Vogt,,400000.0
Moanes Dabbur,,
Pavel Kadeřábek,,
Thomas Delaney,,800000.0
Mark Uth,,1000000.0
Andrey Lunyov,,
Karim Onisiwo,,500000.0
Stefan Bell,,600000.0
Emil Forsberg,,5000000.0
Marcel Halstenberg,,2500000.0
Alexander Schwolow,,450000.0
Florent Mollet,,600000.0
Marcin Kamiński,,700000.0
Timothée Kolodziejczak,,400000.0
Niko Gießelmann,,1000000.0
Robin Knoche,,2500000.0
Anthony Jung,,700000.0
Jiří Pavlenka,,
Koen Casteels,,6000000.0
André Hahn,,800000.0
Florian Niederlechner,,600000.0
Jeffrey Gouweleeuw,,1000000.0
Simon Zoller,,300000.0
Alexander Meyer,,800000.0
Sebastian Rode,,1000000.0
Manuel Gulde,,400000.0
Christoph Kramer,,1700000.0
Patrick Herrmann,,1000000.0
Florian Niederlechner,,600000.0
Vladimír Darida,,400000.0
Andrej Kramarić,,
Janis Blaswich,,2000000.0
Kevin Kampl,,3500000.0
Ørjan Nyland,,900000.0
Sebastian Polter,,500000.0
Genki Haraguchi,,500000.0
Genki Haraguchi,,500000.0
Kevin Behrens,,600000.0
Josuha Guilavogui,,700000.0
Daley Blind,,1400000.0
Thomas Müller,,5000000.0
Cristian Gamboa,,500000.0
Vassilis Lambropoulos,,
Kevin Trapp,,2000000.0
Timothy Chandler,,350000.0
Jonathan Schmid,,600000.0
Nicolas Höfler,,500000.0
Tony Jantschke,,400000.0
Stevan Jovetić,,700000.0
Ermin Bičakčić,,
Oliver Baumann,,3000000.0
Sebastian Rudy,,1000000.0
Jonas Hector,,3500000.0
Karim Bellarabi,,1000000.0
Lukáš Hrádecký,,
Péter Gulácsi,,2000000.0
Danny Latza,,500000.0
Dominick Drexler,,750000.0
Sven Michel,,700000.0
Eric Maxim Choupo-Moting,,
Sven Ulreich,,700000.0
Yann Sommer,,2500000.0
Manuel Riemann,,600000.0
Marco Reus,,5000000.0
Mats Hummels,,2000000.0
Nils Petersen,,1500000.0
Lars Stindl,,1000000.0
Yann Sommer,,2500000.0
Charles Aránguiz,,3000000.0
Maya Yoshida,,500000.0
Ralf Fährmann,,400000.0
Christian Groß,,300000.0
Daniel Caligiuri,,400000.0
Julian Baumgartlinger,,400000.0
Rafał Gikiewicz,,400000.0
Anthony Modeste,,700000.0
Tobias Sippel,,300000.0
Simon Terodde,,900000.0
Max Kruse,,500000.0
Kevin-Prince Boateng,,700000.0
Peter Pekarík,,500000.0
Christopher Trimmel,,600000.0
Manuel Neuer,,4000000.0
Anthony Losilla,,500000.0
Makoto Hasebe,,500000.0
