league,season,team,player,nation,pos,age,born,MP,Starts,Min,90s,Gls,Ast,G+A,G-PK,PK,PKatt,CrdY,CrdR,Gls,Ast,G+A,G-PK,G+A-PK,Sh,SoT,SoT%,Sh/90,SoT/90,G/Sh,G/SoT,Mn/MP,Min%,Mn/Start,Compl,Subs,Mn/Sub,unSub,PPM,onG,onGA,+/-,+/-90,On-Off,2CrdY,Fls,Fld,Off,Crs,Int,TklW,PKwon,PKcon,OG
ENG-Premier League,1819,Fulham,Harvey Elliott,ENG,"FW,MF",15,2003,2,0,20,0.2,0,0,0,0,0,0,0,0,0.0,0.0,0.0,0.0,0.0,1,1,100.0,4.5,4.5,0.0,0.0,10,0.6,,0,2,9,3,0.0,0,1,-1,-4.5,-3.28,0,0,0,0,0,0,0,0,0,0
ENG-Premier League,1819,Arsenal,Bukayo Saka,ENG,"FW,MF",16,2001,1,0,8,0.1,0,0,0,0,0,0,0,0,0.0,0.0,0.0,0.0,0.0,0,0,,0.0,0.0,,,8,0.2,,0,1,7,2,3.0,0,0,0,0.0,-0.58,0,0,0,0,0,0,0,0,0,0
ENG-Premier League,1819,Manchester Utd,Mason Greenwood,ENG,FW,16,2001,3,1,117,1.3,0,0,0,0,0,0,0,0,0.0,0.0,0.0,0.0,0.0,7,4,57.1,5.38,3.08,0.0,0.0,39,3.4,92,1,2,13,0,1.0,1,2,-1,-0.77,-1.1,0,0,1,2,1,0,3,0,0,0
ENG-Premier League,1819,Chelsea,Callum Hudson-Odoi,ENG,FW,17,2000,10,4,393,4.4,0,1,1,0,0,0,0,0,0.0,0.23,0.23,0.0,0.23,6,3,50.0,1.37,0.69,0.0,0.0,39,11.5,69,1,6,20,3,1.7,10,5,5,1.15,0.58,0,1,6,3,22,3,6,0,0,0
ENG-Premier League,1819,Huddersfield Town,Aaron Rowe,ENG,MF,17,2000,2,1,69,0.8,0,0,0,0,0,0,0,0,0.0,0.0,0.0,0.0,0.0,0,0,,0.0,0.0,,,35,2.0,55,0,1,14,2,0.0,2,1,1,1.3,2.78,0,2,0,0,0,1,0,0,1,0
ENG-Premier League,1819,Huddersfield Town,Matty Daly,ENG,MF,17,2001,2,0,75,0.8,0,0,0,0,0,0,0,0,0.0,0.0,0.0,0.0,0.0,0,0,,0.0,0.0,,,38,2.2,,0,2,37,6,0.5,1,1,0,0.0,1.45,0,0,0,0,0,0,0,0,0,0
ENG-Premier League,1819,Manchester Utd,Angel Gomes,ENG,"FW,MF",17,2000,2,0,27,0.3,0,0,0,0,0,0,0,0,0.0,0.0,0.0,0.0,0.0,2,1,50.0,6.67,3.33,0.0,0.0,14,0.8,,0,2,13,1,1.5,0,1,-1,-3.33,-3.65,0,0,0,0,1,0,0,0,0,0
ENG-Premier League,1819,Manchester Utd,James Garner,ENG,MF,17,2001,1,0,1,0.0,0,0,0,0,0,0,0,0,0.0,0.0,0.0,0.0,0.0,0,0,,0.0,0.0,,,1,0.0,,0,1,0,1,3.0,0,0,0,0.0,-0.29,0,0,0,0,0,0,0,0,0,0
ENG-Premier League,1819,Southampton,Kayne Ramsey,ENG,DF,17,2000,1,1,90,1.0,0,0,0,0,0,0,0,0,0.0,0.0,0.0,0.0,0.0,0,0,,0.0,0.0,,,90,2.6,90,1,0,,10,0.0,1,3,-2,-2.0,-1.51,0,0,0,0,0,0,1,0,0,0
ENG-Premier League,1819,Tottenham Hotspur,Oliver Skipp,ENG,MF,17,2000,8,2,220,2.4,0,0,0,0,0,0,0,0,0.0,0.0,0.0,0.0,0.0,2,0,0.0,0.82,0.0,0.0,,28,6.4,75,0,6,12,13,2.75,4,1,3,1.23,0.52,0,4,3,0,0,1,3,0,0,0
ENG-Premier League,1819,Arsenal,Joe Willock,ENG,MF,18,1999,2,1,64,0.7,0,0,0,0,0,0,0,0,0.0,0.0,0.0,0.0,0.0,2,0,0.0,2.81,0.0,0.0,,32,1.9,62,0,1,2,4,3.0,1,1,0,0.0,-0.59,0,0,2,0,0,1,0,0,0,0
ENG-Premier League,1819,Burnley,Dwight McNeil,ENG,MF,18,1999,21,19,1591,17.7,3,5,8,3,0,0,2,0,0.17,0.28,0.45,0.17,0.45,27,6,22.2,1.53,0.34,0.11,0.5,76,46.5,81,9,2,24,4,1.33,22,25,-3,-0.17,0.81,0,15,10,1,118,14,23,0,0,0
ENG-Premier League,1819,Fulham,Ryan Sessegnon,ENG,"MF,FW",18,2000,35,26,2300,25.6,2,6,8,2,0,0,0,0,0.08,0.23,0.31,0.08,0.31,28,11,39.3,1.1,0.43,0.07,0.18,66,67.3,82,19,9,17,1,0.71,23,60,-37,-1.45,-0.64,0,20,22,16,68,17,16,0,0,0
ENG-Premier League,1819,Liverpool,Rafael Camacho,POR,"FW,MF",18,2000,1,0,1,0.0,0,0,0,0,0,0,0,0,0.0,0.0,0.0,0.0,0.0,0,0,,0.0,0.0,,,1,0.0,,0,1,0,7,3.0,0,1,-1,-90.0,-91.79,0,0,0,0,0,0,0,0,0,0
ENG-Premier League,1819,Manchester City,Phil Foden,ENG,MF,18,2000,13,3,335,3.7,1,0,1,1,0,0,0,0,0.27,0.0,0.27,0.27,0.27,14,6,42.9,3.76,1.61,0.07,0.17,26,9.8,80,1,10,10,16,2.77,9,0,9,2.42,0.58,0,4,5,0,4,3,6,0,0,0
ENG-Premier League,1819,Manchester Utd,Tahith Chong,CUW,"FW,MF",18,1999,2,0,38,0.4,0,0,0,0,0,0,0,0,0.0,0.0,0.0,0.0,0.0,2,1,50.0,4.74,2.37,0.0,0.0,19,1.1,,0,2,18,1,2.0,0,1,-1,-2.37,-2.69,0,0,2,0,0,0,0,0,0,0
ENG-Premier League,1819,Southampton,Michael Obafemi,IRL,FW,18,2000,6,1,137,1.5,1,1,2,1,0,0,1,0,0.66,0.66,1.31,0.66,1.31,7,3,42.9,4.6,1.97,0.14,0.33,23,4.0,66,0,5,14,0,0.83,3,3,0,0.0,0.55,0,2,3,1,1,1,1,0,0,0
ENG-Premier League,1819,Watford,Ben Wilmot,ENG,DF,18,1999,2,0,28,0.3,0,0,0,0,0,0,0,0,0.0,0.0,0.0,0.0,0.0,0,0,,0.0,0.0,,,14,0.8,,0,2,13,5,1.5,0,2,-2,-6.43,-6.3,0,0,0,0,0,0,0,0,0,0
ENG-Premier League,1819,Watford,Domingos Quina,POR,MF,18,1999,8,3,338,3.8,1,0,1,1,0,0,0,0,0.27,0.0,0.27,0.27,0.27,5,1,20.0,1.33,0.27,0.2,1.0,42,9.9,79,1,5,20,11,1.5,8,5,3,0.8,1.09,0,7,6,0,2,4,7,0,0,0
ENG-Premier League,1819,West Ham United,Ben Johnson,ENG,DF,18,2000,1,1,62,0.7,0,0,0,0,0,0,0,0,0.0,0.0,0.0,0.0,0.0,0,0,,0.0,0.0,,,62,1.8,62,0,0,,0,0.0,0,1,-1,-1.45,-1.4,0,0,0,0,0,1,0,0,0,0
ENG-Premier League,1819,Wolves,Morgan Gibbs-White,ENG,"MF,FW",18,2000,26,5,663,7.4,0,1,1,0,0,0,1,0,0.0,0.14,0.14,0.0,0.14,9,1,11.1,1.22,0.14,0.0,0.0,26,19.4,72,0,21,14,10,1.38,10,12,-2,-0.27,-0.37,0,8,6,2,17,2,5,0,0,0
ENG-Premier League,1819,Arsenal,Eddie Nketiah,ENG,FW,19,1999,5,0,67,0.7,1,0,1,1,0,0,0,0,1.34,0.0,1.34,1.34,1.34,3,1,33.3,4.03,1.34,0.33,1.0,13,2.0,,0,5,12,14,1.8,3,3,0,0.0,-0.59,0,1,2,2,0,0,1,0,0,0
ENG-Premier League,1819,Arsenal,Mattéo Guendouzi,FRA,MF,19,1999,33,23,2149,23.9,0,0,0,0,0,0,9,0,0.0,0.0,0.0,0.0,0.0,16,3,18.8,0.67,0.13,0.0,0.0,65,62.8,84,19,10,22,4,1.73,47,32,15,0.63,0.13,0,25,62,0,15,27,28,0,0,0
ENG-Premier League,1819,Bournemouth,Mark Travers,IRL,GK,19,1999,2,2,180,2.0,0,0,0,0,0,0,0,0,0.0,0.0,0.0,0.0,0.0,0,0,,0.0,0.0,,,90,5.3,90,2,0,,0,1.5,4,5,-1,-0.5,-0.14,0,0,0,0,0,0,0,0,0,0
ENG-Premier League,1819,Crystal Palace,Luke Dreher,ENG,MF,19,1998,1,0,1,0.0,0,0,0,0,0,0,0,0,0.0,0.0,0.0,0.0,0.0,0,0,,0.0,0.0,,,1,0.0,,0,1,0,0,3.0,0,0,0,0.0,0.05,0,0,0,0,0,0,0,0,0,0
ENG-Premier League,1819,Huddersfield Town,Demeaco Duhaney,ENG,DF,19,1998,1,1,45,0.5,0,0,0,0,0,0,0,0,0.0,0.0,0.0,0.0,0.0,0,0,,0.0,0.0,,,45,1.3,45,0,0,,1,3.0,0,0,0,0.0,1.44,0,0,2,0,2,0,0,0,0,0
ENG-Premier League,1819,Liverpool,Trent Alexander-Arnold,ENG,DF,19,1998,29,27,2462,27.4,1,12,13,1,0,0,3,0,0.04,0.44,0.48,0.04,0.48,29,9,31.0,1.06,0.33,0.03,0.11,85,72.0,88,20,2,40,4,2.69,67,14,53,1.94,0.62,0,14,8,4,201,35,42,0,0,0
ENG-Premier League,1819,Manchester Utd,Diogo Dalot,POR,"DF,MF",19,1999,16,12,1013,11.3,0,2,2,0,0,0,3,0,0.0,0.18,0.18,0.0,0.18,15,0,0.0,1.33,0.0,0.0,,63,29.6,79,6,4,18,6,1.69,21,18,3,0.27,-0.03,0,12,2,2,50,8,12,0,1,0
ENG-Premier League,1819,Southampton,Callum Slattery,ENG,MF,19,1999,3,1,112,1.2,0,0,0,0,0,0,0,0,0.0,0.0,0.0,0.0,0.0,1,0,0.0,0.8,0.0,0.0,,37,3.3,92,1,2,10,7,1.67,1,1,0,0.0,0.54,0,4,3,0,1,2,3,0,0,0
ENG-Premier League,1819,Southampton,Tyreke Johnson,ENG,"FW,MF",19,1998,1,0,1,0.0,0,0,0,0,0,0,0,0,0.0,0.0,0.0,0.0,0.0,0,0,,0.0,0.0,,,1,0.0,,0,1,0,0,3.0,0,0,0,0.0,0.53,0,0,0,0,0,0,0,0,0,0
ENG-Premier League,1819,Southampton,Yan Valery,TUN,"MF,DF",19,1999,23,20,1712,19.0,2,1,3,2,0,0,4,1,0.11,0.05,0.16,0.11,0.16,6,5,83.3,0.32,0.26,0.33,0.4,74,50.1,83,14,3,19,1,1.35,27,29,-2,-0.11,0.84,1,28,6,2,54,20,35,0,0,0
ENG-Premier League,1819,West Ham United,Declan Rice,ENG,MF,19,1999,34,34,3003,33.4,2,0,2,2,0,0,4,0,0.06,0.0,0.06,0.06,0.06,23,5,21.7,0.69,0.15,0.09,0.4,88,87.8,88,32,0,,2,1.44,47,47,0,0.0,0.65,0,17,8,1,3,50,62,0,0,0
ENG-Premier League,1819,Wolves,Rúben Vinagre,POR,MF,19,1999,17,7,710,7.9,0,0,0,0,0,0,1,0,0.0,0.0,0.0,0.0,0.0,4,3,75.0,0.51,0.38,0.0,0.0,42,20.8,85,4,10,11,19,1.65,14,9,5,0.63,0.77,0,13,10,1,52,14,9,0,0,0
ENG-Premier League,1819,Arsenal,Ainsley Maitland-Niles,ENG,"MF,DF",20,1997,16,11,987,11.0,1,1,2,1,0,0,3,2,0.09,0.09,0.18,0.09,0.18,5,3,60.0,0.46,0.27,0.2,0.33,62,28.9,78,8,5,25,7,1.38,17,17,0,0.0,-0.81,1,8,13,1,18,19,19,0,0,0
ENG-Premier League,1819,Arsenal,Konstantinos Mavropanos,GRE,DF,20,1997,4,3,148,1.6,0,0,0,0,0,0,1,0,0.0,0.0,0.0,0.0,0.0,2,0,0.0,1.22,0.0,0.0,,37,4.3,46,0,1,11,3,1.5,1,1,0,0.0,-0.61,0,2,0,0,0,5,1,0,0,0
ENG-Premier League,1819,Bournemouth,Chris Mepham,WAL,DF,20,1997,13,10,850,9.4,0,1,1,0,0,0,1,0,0.0,0.11,0.11,0.0,0.11,2,0,0.0,0.21,0.0,0.0,,65,24.9,82,8,3,10,2,0.92,14,17,-3,-0.32,0.07,0,7,4,0,1,15,5,0,0,0
ENG-Premier League,1819,Bournemouth,Dominic Solanke,ENG,FW,20,1997,10,2,347,3.9,0,1,1,0,0,0,0,0,0.0,0.26,0.26,0.0,0.26,11,3,27.3,2.85,0.78,0.0,0.0,35,10.1,79,0,8,24,1,0.9,6,5,1,0.26,0.7,0,2,9,1,1,2,3,0,0,0
ENG-Premier League,1819,Bournemouth,Sam Surridge,ENG,FW,20,1998,2,0,13,0.1,0,0,0,0,0,0,0,0,0.0,0.0,0.0,0.0,0.0,2,1,50.0,13.85,6.92,0.0,0.0,7,0.4,,0,2,6,8,0.0,0,0,0,0.0,0.37,0,0,1,0,0,0,0,0,0,0
ENG-Premier League,1819,Crystal Palace,Aaron Wan-Bissaka,COD,DF,20,1997,35,35,3134,34.8,0,3,3,0,0,0,4,1,0.0,0.09,0.09,0.0,0.09,9,0,0.0,0.26,0.0,0.0,,90,91.6,90,34,0,,0,1.31,45,46,-1,-0.03,0.29,0,23,16,3,56,86,90,0,1,0
ENG-Premier League,1819,Everton,Ademola Lookman,NGA,MF,20,1997,21,3,618,6.9,0,2,2,0,0,0,0,0,0.0,0.29,0.29,0.0,0.29,12,3,25.0,1.75,0.44,0.0,0.0,29,18.1,92,2,18,19,9,1.29,13,8,5,0.73,0.63,0,8,22,2,16,8,8,0,0,0
ENG-Premier League,1819,Everton,Tom Davies,ENG,MF,20,1998,16,10,980,10.9,0,0,0,0,0,0,3,0,0.0,0.0,0.0,0.0,0.0,7,2,28.6,0.64,0.18,0.0,0.0,61,28.7,89,9,6,16,20,1.63,13,19,-6,-0.55,-1.07,0,21,17,1,6,17,17,0,0,0
ENG-Premier League,1819,Fulham,Timothy Fosu-Mensah,NED,DF,20,1998,12,10,793,8.8,0,0,0,0,0,0,3,0,0.0,0.0,0.0,0.0,0.0,4,1,25.0,0.45,0.11,0.0,0.0,66,23.2,73,6,2,31,4,0.67,10,18,-8,-0.91,0.43,0,7,1,0,15,12,8,0,1,1
ENG-Premier League,1819,Huddersfield Town,Juninho Bacuna,CUW,"MF,DF",20,1997,21,16,1412,15.7,1,0,1,1,0,0,4,0,0.06,0.0,0.06,0.06,0.06,19,8,42.1,1.21,0.51,0.05,0.13,67,41.3,82,9,5,21,5,0.38,9,36,-27,-1.72,-0.51,0,34,22,1,35,24,29,0,1,0
ENG-Premier League,1819,Huddersfield Town,Karlan Grant,ENG,"FW,MF",20,1997,13,9,877,9.7,3,0,3,3,0,0,0,0,0.31,0.0,0.31,0.31,0.31,20,11,55.0,2.05,1.13,0.15,0.27,67,25.6,88,8,4,21,1,0.38,9,23,-14,-1.44,-0.02,0,8,8,4,10,1,1,1,0,0
ENG-Premier League,1819,Leicester City,Hamza Choudhury,BAN,MF,20,1997,9,7,595,6.6,0,0,0,0,0,0,0,0,0.0,0.0,0.0,0.0,0.0,4,2,50.0,0.61,0.3,0.0,0.0,66,17.4,82,4,2,9,4,1.89,5,4,1,0.15,0.09,0,7,2,0,3,15,10,0,0,0
ENG-Premier League,1819,Leicester City,Harvey Barnes,ENG,"MF,FW",20,1997,16,11,1004,11.2,1,2,3,1,0,0,0,0,0.09,0.18,0.27,0.09,0.27,40,10,25.0,3.59,0.9,0.03,0.1,63,29.4,79,3,5,27,1,1.25,19,16,3,0.27,0.27,0,7,7,2,23,3,5,0,0,0
ENG-Premier League,1819,Manchester Utd,Marcus Rashford,ENG,"FW,MF",20,1997,33,26,2334,25.9,10,6,16,10,0,0,3,1,0.39,0.23,0.62,0.39,0.62,84,40,47.6,3.24,1.54,0.12,0.25,71,68.2,82,11,7,28,2,1.79,45,35,10,0.39,0.3,0,26,52,15,54,4,14,2,1,0
ENG-Premier League,1819,Newcastle United,Sean Longstaff,ENG,MF,20,1997,9,8,687,7.6,1,0,1,1,0,0,2,0,0.13,0.0,0.13,0.13,0.13,8,2,25.0,1.05,0.26,0.13,0.5,76,20.1,84,6,1,17,6,1.44,11,9,2,0.26,0.53,0,7,8,0,3,8,13,1,0,0
ENG-Premier League,1819,Tottenham Hotspur,Juan Foyth,ARG,DF,20,1998,12,10,888,9.9,1,0,1,1,0,0,3,1,0.1,0.0,0.1,0.1,0.1,4,1,25.0,0.41,0.1,0.25,1.0,74,26.0,89,9,2,1,11,1.75,22,11,11,1.11,0.51,0,16,9,0,2,11,19,0,2,0
ENG-Premier League,1819,West Ham United,Grady Diangana,COD,MF,20,1998,17,6,609,6.8,0,1,1,0,0,0,0,0,0.0,0.15,0.15,0.0,0.15,10,3,30.0,1.48,0.44,0.0,0.0,36,17.8,65,0,11,20,6,1.35,6,13,-7,-1.03,-1.16,0,4,10,1,14,2,9,0,0,0
ENG-Premier League,1819,Bournemouth,David Brooks,WAL,MF,21,1997,30,29,2261,25.1,7,5,12,7,0,0,3,0,0.28,0.2,0.48,0.28,0.48,41,20,48.8,1.63,0.8,0.17,0.35,75,66.1,77,10,1,18,3,1.37,40,41,-1,-0.04,0.97,0,15,46,2,34,25,26,0,0,0
ENG-Premier League,1819,Bournemouth,Jack Simpson,ENG,DF,21,1996,6,4,403,4.5,0,0,0,0,0,0,0,0,0.0,0.0,0.0,0.0,0.0,2,1,50.0,0.45,0.22,0.0,0.0,67,11.8,83,2,2,35,11,1.17,7,9,-2,-0.45,-0.09,0,3,1,0,0,10,5,0,1,1
ENG-Premier League,1819,Bournemouth,Lewis Cook,ENG,MF,21,1997,13,8,723,8.0,0,0,0,0,0,0,2,0,0.0,0.0,0.0,0.0,0.0,4,0,0.0,0.5,0.0,0.0,,56,21.1,85,5,5,9,2,1.54,15,10,5,0.62,1.26,0,12,5,0,10,7,7,0,0,0
ENG-Premier League,1819,Brighton,Yves Bissouma,MLI,MF,21,1996,28,17,1774,19.7,0,0,0,0,0,0,5,0,0.0,0.0,0.0,0.0,0.0,31,3,9.7,1.57,0.15,0.0,0.0,63,51.9,88,11,11,26,6,0.93,16,32,-16,-0.81,-0.32,0,40,25,2,8,31,29,0,0,0
ENG-Premier League,1819,Everton,Dominic Calvert-Lewin,ENG,"FW,MF",21,1997,35,19,1784,19.8,6,2,8,6,0,0,3,0,0.3,0.1,0.4,0.3,0.4,52,17,32.7,2.62,0.86,0.12,0.35,51,52.2,85,13,16,11,2,1.4,29,26,3,0.15,-0.12,0,34,32,6,6,7,9,1,0,0
ENG-Premier League,1819,Everton,Jonjoe Kenny,ENG,DF,21,1997,10,8,791,8.8,0,1,1,0,0,0,1,0,0.0,0.11,0.11,0.0,0.11,3,0,0.0,0.34,0.0,0.0,,79,23.1,90,7,2,37,6,0.9,8,15,-7,-0.8,-1.31,0,10,1,0,17,16,15,0,0,0
ENG-Premier League,1819,Everton,Mason Holgate,JAM,DF,21,1996,5,4,408,4.5,0,0,0,0,0,0,1,0,0.0,0.0,0.0,0.0,0.0,0,0,,0.0,0.0,,,82,11.9,90,4,1,47,3,1.2,7,9,-2,-0.44,-0.74,0,2,7,1,0,3,4,0,0,0
ENG-Premier League,1819,Everton,Richarlison,BRA,"MF,FW",21,1997,35,32,2665,29.6,13,1,14,13,0,0,5,1,0.44,0.03,0.47,0.44,0.47,81,30,37.0,2.74,1.01,0.16,0.43,76,77.9,81,15,3,24,0,1.49,38,34,4,0.14,-0.34,0,33,73,17,48,15,32,2,0,0
ENG-Premier League,1819,Huddersfield Town,Abdelhamid Sabiri,MAR,FW,21,1996,2,1,48,0.5,0,0,0,0,0,0,0,0,0.0,0.0,0.0,0.0,0.0,0,0,,0.0,0.0,,,24,1.4,45,0,1,3,0,0.0,1,3,-2,-3.75,-2.36,0,0,1,0,0,1,1,0,0,0
ENG-Premier League,1819,Huddersfield Town,Ramadan Sobhi,EGY,MF,21,1997,4,0,79,0.9,0,0,0,0,0,0,0,0,0.0,0.0,0.0,0.0,0.0,0,0,,0.0,0.0,,,20,2.3,,0,4,19,5,0.0,0,1,-1,-1.14,0.29,0,0,1,0,3,0,1,0,0,0
ENG-Premier League,1819,Leicester City,Ben Chilwell,ENG,DF,21,1996,36,36,3240,36.0,0,4,4,0,0,0,4,0,0.0,0.11,0.11,0.0,0.11,22,10,45.5,0.61,0.28,0.0,0.0,90,94.7,90,36,0,,0,1.44,50,43,7,0.19,2.19,0,32,44,2,133,38,29,0,0,0
ENG-Premier League,1819,Leicester City,James Maddison,ENG,"MF,FW",21,1996,36,35,2831,31.5,7,7,14,6,1,2,5,2,0.22,0.22,0.45,0.19,0.41,83,29,34.9,2.64,0.92,0.07,0.21,79,82.8,80,15,1,17,1,1.33,42,44,-2,-0.06,-0.83,1,26,78,2,206,13,34,2,0,0
ENG-Premier League,1819,Leicester City,Kelechi Iheanacho,NGA,"FW,MF",21,1996,30,9,941,10.5,1,3,4,1,0,0,2,0,0.1,0.29,0.38,0.1,0.38,18,6,33.3,1.72,0.57,0.06,0.17,31,27.5,75,3,21,13,6,1.1,17,16,1,0.1,0.02,0,14,7,8,6,2,6,1,0,0
ENG-Premier League,1819,Leicester City,Wilfred Ndidi,NGA,MF,21,1996,38,37,3296,36.6,2,0,2,2,0,0,8,0,0.05,0.0,0.05,0.05,0.05,56,9,16.1,1.53,0.25,0.04,0.22,87,96.4,88,33,1,58,0,1.37,48,47,1,0.03,-1.42,0,47,23,2,12,80,101,0,0,0
ENG-Premier League,1819,Leicester City,Youri Tielemans,BEL,MF,21,1997,13,13,1086,12.1,3,4,7,3,0,0,2,0,0.25,0.33,0.58,0.25,0.58,31,12,38.7,2.57,0.99,0.1,0.25,84,31.8,84,7,0,,0,1.54,18,14,4,0.33,0.37,0,11,15,0,16,4,10,0,0,0
ENG-Premier League,1819,Liverpool,Joe Gomez,ENG,DF,21,1997,16,12,1063,11.8,0,0,0,0,0,0,2,0,0.0,0.0,0.0,0.0,0.0,5,1,20.0,0.42,0.08,0.0,0.0,66,31.1,85,11,4,12,2,2.63,17,4,13,1.1,-0.96,0,12,9,0,7,15,11,0,0,0
ENG-Premier League,1819,Manchester City,Gabriel Jesus,BRA,FW,21,1997,29,8,1036,11.5,7,3,10,6,1,1,1,0,0.61,0.26,0.87,0.52,0.78,43,25,58.1,3.74,2.17,0.14,0.24,36,30.3,85,4,21,17,7,2.55,28,11,17,1.48,-0.6,0,12,18,15,4,2,3,0,0,0
ENG-Premier League,1819,Manchester City,Oleksandr Zinchenko,UKR,DF,21,1996,14,14,1151,12.8,0,3,3,0,0,0,1,0,0.0,0.23,0.23,0.0,0.23,7,1,14.3,0.55,0.08,0.0,0.0,82,33.7,82,12,0,,7,3.0,29,4,25,1.95,0.09,0,15,5,1,39,22,20,0,0,0
ENG-Premier League,1819,Manchester Utd,Scott McTominay,SCO,"MF,DF",21,1996,16,9,867,9.6,2,0,2,2,0,0,1,0,0.21,0.0,0.21,0.21,0.21,15,6,40.0,1.56,0.62,0.13,0.33,54,25.4,86,8,7,14,7,1.75,12,18,-6,-0.62,-1.22,0,11,16,1,3,14,9,0,0,0
ENG-Premier League,1819,Southampton,Josh Sims,ENG,MF,21,1997,7,2,212,2.4,0,1,1,0,0,0,0,0,0.0,0.42,0.42,0.0,0.42,5,1,20.0,2.12,0.42,0.0,0.0,30,6.2,55,0,5,21,3,1.57,4,6,-2,-0.85,-0.34,0,1,5,1,1,1,0,0,0,0
ENG-Premier League,1819,Tottenham Hotspur,Kyle Walker-Peters,ENG,"DF,MF",21,1997,6,4,376,4.2,0,3,3,0,0,0,1,0,0.0,0.72,0.72,0.0,0.72,2,0,0.0,0.48,0.0,0.0,,63,11.0,91,4,2,7,17,2.17,13,4,9,2.15,1.59,0,4,10,1,7,5,4,0,0,0
ENG-Premier League,1819,Tottenham Hotspur,Luke Amos,ENG,MF,21,1997,1,0,3,0.0,0,0,0,0,0,0,0,0,0.0,0.0,0.0,0.0,0.0,0,0,,0.0,0.0,,,3,0.1,,0,1,2,1,3.0,0,0,0,0.0,-0.74,0,0,0,0,0,0,1,0,0,0
ENG-Premier League,1819,West Ham United,Issa Diop,MAR,DF,21,1997,33,33,2970,33.0,1,0,1,1,0,0,4,0,0.03,0.0,0.03,0.03,0.03,12,5,41.7,0.36,0.15,0.08,0.2,90,86.8,90,33,0,,5,1.55,48,43,5,0.15,1.75,0,19,17,3,0,60,42,0,0,1
ENG-Premier League,1819,West Ham United,Xande Silva,POR,"FW,MF",21,1997,1,0,18,0.2,0,0,0,0,0,0,0,0,0.0,0.0,0.0,0.0,0.0,2,0,0.0,10.0,0.0,0.0,,18,0.5,,0,1,17,4,0.0,0,0,0,0.0,0.08,0,0,0,0,0,0,0,0,0,0
ENG-Premier League,1819,Wolves,Diogo Jota,POR,"FW,MF",21,1996,33,29,2355,26.2,9,5,14,9,0,0,11,0,0.34,0.19,0.54,0.34,0.54,58,24,41.4,2.22,0.92,0.16,0.38,71,68.9,78,9,4,24,0,1.61,32,29,3,0.11,0.28,0,42,55,6,36,14,15,0,0,0
ENG-Premier League,1819,Wolves,Max Kilman,ENG,DF,21,1997,1,0,1,0.0,0,0,0,0,0,0,0,0,0.0,0.0,0.0,0.0,0.0,0,0,,0.0,0.0,,,1,0.0,,0,1,0,5,3.0,0,0,0,0.0,-0.03,0,0,0,0,0,0,0,0,0,0
ENG-Premier League,1819,Wolves,Rúben Neves,POR,MF,21,1997,35,34,3007,33.4,4,3,7,2,2,2,8,0,0.12,0.09,0.21,0.06,0.15,74,16,21.6,2.21,0.48,0.03,0.13,86,87.9,88,31,1,17,2,1.43,41,43,-2,-0.06,-0.71,0,37,19,0,28,73,35,0,0,0
ENG-Premier League,1819,Arsenal,Alex Iwobi,NGA,"MF,FW",22,1996,35,22,1970,21.9,3,6,9,3,0,0,0,0,0.14,0.27,0.41,0.14,0.41,35,14,40.0,1.6,0.64,0.09,0.21,56,57.6,73,7,13,28,1,1.83,44,32,12,0.55,-0.07,0,8,13,2,58,12,16,0,0,0
ENG-Premier League,1819,Arsenal,Lucas Torreira,URU,MF,22,1996,34,24,2382,26.5,2,2,4,2,0,0,7,1,0.08,0.08,0.15,0.08,0.15,25,6,24.0,0.94,0.23,0.08,0.33,70,69.6,85,20,10,34,0,1.79,55,38,17,0.64,0.21,0,37,77,0,28,41,39,0,0,0
ENG-Premier League,1819,Arsenal,Rob Holding,ENG,DF,22,1995,10,9,807,9.0,0,0,0,0,0,0,1,0,0.0,0.0,0.0,0.0,0.0,2,0,0.0,0.22,0.0,0.0,,81,23.6,84,8,1,51,4,2.2,23,10,13,1.45,1.14,0,6,2,0,1,10,8,0,1,0
ENG-Premier League,1819,Bournemouth,Emerson Hyndman,USA,MF,22,1996,1,0,38,0.4,0,0,0,0,0,0,0,0,0.0,0.0,0.0,0.0,0.0,0,0,,0.0,0.0,,,38,1.1,,0,1,37,3,1.0,1,2,-1,-2.37,-2.02,0,0,0,0,0,1,2,0,0,0
ENG-Premier League,1819,Bournemouth,Jordon Ibe,ENG,MF,22,1995,19,9,797,8.9,1,1,2,1,0,0,1,0,0.11,0.11,0.23,0.11,0.23,9,3,33.3,1.02,0.34,0.11,0.33,42,23.3,73,2,10,14,12,0.74,11,23,-12,-1.36,-1.29,0,8,10,0,27,4,6,0,0,0
ENG-Premier League,1819,Bournemouth,Lys Mousset,FRA,FW,22,1996,24,1,368,4.1,1,0,1,1,0,0,1,0,0.24,0.0,0.24,0.24,0.24,12,7,58.3,2.93,1.71,0.08,0.14,15,10.8,113,1,23,11,10,1.0,3,15,-12,-2.93,-2.88,0,7,5,4,3,1,0,0,0,0
ENG-Premier League,1819,Chelsea,Andreas Christensen,DEN,DF,22,1996,8,6,617,6.9,0,0,0,0,0,0,1,0,0.0,0.0,0.0,0.0,0.0,0,0,,0.0,0.0,,,77,18.0,90,6,2,38,22,1.75,16,7,9,1.31,0.83,0,8,4,0,0,4,5,0,0,0
ENG-Premier League,1819,Chelsea,Ruben Loftus-Cheek,ENG,MF,22,1996,24,6,998,11.1,6,2,8,6,0,0,0,0,0.54,0.18,0.72,0.54,0.72,28,8,28.6,2.53,0.72,0.21,0.75,42,29.2,85,3,18,27,2,1.83,22,9,13,1.17,0.76,0,10,23,2,2,13,13,0,0,0
ENG-Premier League,1819,Crystal Palace,Alexander Sørloth,NOR,FW,22,1995,12,0,185,2.1,0,0,0,0,0,0,0,0,0.0,0.0,0.0,0.0,0.0,4,1,25.0,1.95,0.49,0.0,0.0,15,5.4,,0,12,14,5,0.92,2,3,-1,-0.49,-0.46,0,4,2,0,1,0,1,0,1,0
ENG-Premier League,1819,Crystal Palace,Max Meyer,GER,MF,22,1995,29,15,1416,15.7,1,2,3,1,0,0,3,0,0.06,0.13,0.19,0.06,0.19,38,8,21.1,2.42,0.51,0.03,0.13,49,41.4,79,3,14,17,6,1.14,27,24,3,0.19,0.42,0,10,18,1,25,17,20,1,0,0
ENG-Premier League,1819,Fulham,Andre-Frank Zambo Anguissa,CMR,MF,22,1995,22,16,1517,16.9,0,0,0,0,0,0,2,1,0.0,0.0,0.0,0.0,0.0,21,5,23.8,1.25,0.3,0.0,0.0,69,44.4,85,9,6,26,4,0.64,13,32,-19,-1.13,0.2,1,24,18,2,2,30,29,0,0,0
ENG-Premier League,1819,Huddersfield Town,Adama Diakhaby,FRA,"FW,MF",22,1996,12,6,552,6.1,0,0,0,0,0,0,1,0,0.0,0.0,0.0,0.0,0.0,7,3,42.9,1.14,0.49,0.0,0.0,46,16.1,75,1,6,17,6,0.25,2,16,-14,-2.28,-1.03,0,7,9,2,14,1,3,0,0,0
ENG-Premier League,1819,Huddersfield Town,Isaac Mbenza,BEL,"MF,FW",22,1996,22,10,986,11.0,1,1,2,1,0,0,1,0,0.09,0.09,0.18,0.09,0.18,16,5,31.3,1.46,0.46,0.06,0.2,45,28.8,77,3,12,18,6,0.55,6,25,-19,-1.73,-0.44,0,9,6,6,34,6,8,0,0,0
ENG-Premier League,1819,Huddersfield Town,Joel Coleman,ENG,GK,22,1995,1,1,90,1.0,0,0,0,0,0,0,0,0,0.0,0.0,0.0,0.0,0.0,0,0,,0.0,0.0,,,90,2.6,90,1,0,,7,1.0,1,1,0,0.0,1.46,0,0,0,0,0,0,0,0,0,0
ENG-Premier League,1819,Huddersfield Town,Jon Gorenc Stanković,SVN,"MF,DF",22,1996,11,9,715,7.9,1,0,1,1,0,0,2,0,0.13,0.0,0.13,0.13,0.13,9,2,22.2,1.13,0.25,0.11,0.5,65,20.9,79,4,2,0,16,0.64,5,20,-15,-1.89,-0.59,0,9,12,0,0,11,19,0,0,0
ENG-Premier League,1819,Huddersfield Town,Philip Billing,DEN,MF,22,1996,27,25,2188,24.3,2,0,2,2,0,0,7,0,0.08,0.0,0.08,0.08,0.08,42,9,21.4,1.73,0.37,0.05,0.22,81,64.0,85,19,2,28,1,0.52,15,43,-28,-1.15,0.75,0,38,30,2,56,58,47,0,1,0
ENG-Premier League,1819,Leicester City,Demarai Gray,JAM,"MF,FW",22,1996,34,23,1985,22.1,4,1,5,4,0,0,2,0,0.18,0.05,0.23,0.18,0.23,47,19,40.4,2.13,0.86,0.09,0.21,58,58.0,75,5,11,24,1,1.41,31,29,2,0.09,0.03,0,15,16,3,53,9,10,0,0,0
ENG-Premier League,1819,Leicester City,Fousseni Diabaté,MLI,MF,22,1995,1,1,54,0.6,0,0,0,0,0,0,0,0,0.0,0.0,0.0,0.0,0.0,0,0,,0.0,0.0,,,54,1.6,54,0,0,,2,1.0,0,1,-1,-1.67,-1.77,0,0,1,1,2,0,0,0,0,0
ENG-Premier League,1819,Leicester City,Çağlar Söyüncü,TUR,DF,22,1996,6,4,372,4.1,0,0,0,0,0,0,1,0,0.0,0.0,0.0,0.0,0.0,2,0,0.0,0.48,0.0,0.0,,62,10.9,88,3,2,11,9,1.5,5,4,1,0.24,0.18,0,9,2,0,2,6,2,0,1,0
ENG-Premier League,1819,Manchester City,Leroy Sané,GER,FW,22,1996,31,21,1867,20.7,10,10,20,10,0,0,1,0,0.48,0.48,0.96,0.48,0.96,56,25,44.6,2.7,1.21,0.18,0.4,60,54.6,79,11,10,20,6,2.48,54,14,40,1.93,0.07,0,10,14,19,99,9,15,1,0,0
ENG-Premier League,1819,Manchester Utd,Andreas Pereira,BRA,MF,22,1996,15,6,599,6.7,1,1,2,1,0,0,5,0,0.15,0.15,0.3,0.15,0.3,8,2,25.0,1.2,0.3,0.13,0.5,40,17.5,72,1,9,19,9,1.47,8,13,-5,-0.75,-1.26,0,12,6,1,13,9,7,0,0,0
ENG-Premier League,1819,Manchester Utd,Anthony Martial,FRA,"FW,MF",22,1995,27,18,1621,18.0,10,2,12,9,1,1,2,0,0.56,0.11,0.67,0.5,0.61,40,23,57.5,2.22,1.28,0.23,0.39,60,47.4,80,7,9,20,3,1.63,31,25,6,0.33,0.08,0,14,28,6,33,3,8,2,0,0
ENG-Premier League,1819,Newcastle United,Kenedy,BRA,MF,22,1996,25,14,1348,15.0,1,1,2,1,0,1,1,0,0.07,0.07,0.13,0.07,0.13,31,6,19.4,2.07,0.4,0.03,0.17,54,39.4,83,7,11,17,3,1.16,14,18,-4,-0.27,-0.18,0,18,22,5,28,30,22,0,0,0
ENG-Premier League,1819,Southampton,Angus Gunn,SCO,GK,22,1996,12,12,1080,12.0,0,0,0,0,0,0,0,0,0.0,0.0,0.0,0.0,0.0,0,0,,0.0,0.0,,,90,31.6,90,12,0,,26,1.33,17,18,-1,-0.08,0.65,0,0,2,0,0,0,0,0,0,0
ENG-Premier League,1819,Southampton,Jan Bednarek,POL,DF,22,1996,25,24,2151,23.9,0,1,1,0,0,0,7,0,0.0,0.04,0.04,0.0,0.04,5,1,20.0,0.21,0.04,0.0,0.0,86,62.9,88,23,1,35,1,1.2,32,37,-5,-0.21,0.85,0,22,7,0,1,64,25,0,0,0
ENG-Premier League,1819,Southampton,Matt Targett,ENG,"MF,DF",22,1995,16,13,1186,13.2,1,3,4,1,0,0,2,0,0.08,0.23,0.3,0.08,0.3,11,3,27.3,0.83,0.23,0.09,0.33,74,34.7,83,11,3,36,12,1.19,18,25,-7,-0.53,-0.01,0,8,10,1,77,26,20,0,0,0
ENG-Premier League,1819,Southampton,Pierre Højbjerg,DEN,MF,22,1995,31,31,2760,30.7,4,3,7,4,0,0,9,3,0.13,0.1,0.23,0.13,0.23,53,19,35.8,1.73,0.62,0.08,0.21,89,80.7,89,27,0,,2,1.03,39,58,-19,-0.62,-0.48,1,50,47,0,29,64,50,0,0,0
ENG-Premier League,1819,Southampton,Sam Gallagher,ENG,"FW,MF",22,1995,4,0,34,0.4,0,0,0,0,0,0,0,0,0.0,0.0,0.0,0.0,0.0,0,0,,0.0,0.0,,,9,1.0,,0,4,8,4,1.5,1,1,0,0.0,0.53,0,4,1,0,0,0,0,0,0,0
ENG-Premier League,1819,Tottenham Hotspur,Davinson Sánchez,COL,DF,22,1996,23,22,1942,21.6,1,1,2,1,0,0,2,0,0.05,0.05,0.09,0.05,0.09,15,3,20.0,0.7,0.14,0.07,0.33,84,56.8,88,20,1,11,7,1.74,32,22,10,0.46,-0.63,0,20,10,0,0,27,20,0,1,0
ENG-Premier League,1819,Tottenham Hotspur,Dele Alli,ENG,"MF,FW",22,1996,25,22,1825,20.3,5,3,8,5,0,0,4,0,0.25,0.15,0.39,0.25,0.39,39,19,48.7,1.92,0.94,0.13,0.26,73,53.4,81,10,3,13,0,1.72,32,21,11,0.54,-0.42,0,23,20,3,11,18,20,0,0,0
ENG-Premier League,1819,Tottenham Hotspur,Harry Winks,ENG,MF,22,1996,26,17,1597,17.7,1,0,1,1,0,0,4,0,0.06,0.0,0.06,0.06,0.06,9,2,22.2,0.51,0.11,0.11,0.5,61,46.7,87,14,9,13,2,2.08,34,17,17,0.96,0.41,0,17,15,2,8,21,14,0,0,0
ENG-Premier League,1819,Watford,Isaac Success,NGA,"FW,MF",22,1996,30,9,1052,11.7,1,1,2,1,0,0,4,0,0.09,0.09,0.17,0.09,0.17,29,10,34.5,2.48,0.86,0.03,0.1,35,30.8,83,3,21,15,3,1.13,15,21,-6,-0.51,-0.48,0,24,48,12,13,2,13,0,0,0
ENG-Premier League,1819,Wolves,Adama Traoré,ESP,"MF,FW",22,1996,29,8,902,10.0,1,1,2,1,0,0,1,0,0.1,0.1,0.2,0.1,0.2,19,7,36.8,1.9,0.7,0.05,0.14,31,26.4,65,0,21,18,8,1.21,9,13,-4,-0.4,-0.58,0,15,26,7,37,6,14,0,0,0
ESP-La Liga,1819,Real Sociedad,Ander Barrenetxea,ESP,MF,16,2001,9,5,399,4.4,1,0,1,1,0,0,0,0,0.23,0.0,0.23,0.23,0.23,5,1,20.0,1.13,0.23,0.2,1.0,44,11.7,73,0,4,9,3,1.44,8,5,3,0.68,0.8,0,12,6,3,6,4,2,,,0
ESP-La Liga,1819,Atlético Madrid,Sergio Camello,ESP,FW,17,2001,1,0,45,0.5,1,0,1,1,0,0,0,0,2.0,0.0,2.0,2.0,2.0,3,1,33.3,6.0,2.0,0.33,1.0,45,1.3,,0,1,45,2,1.0,2,0,2,4.0,3.36,0,0,0,0,1,0,0,,,0
ESP-La Liga,1819,Atlético Madrid,Victor Mollejo,ESP,"FW,MF",17,2001,4,0,65,0.7,0,0,0,0,0,0,0,0,0.0,0.0,0.0,0.0,0.0,2,0,0.0,2.77,0.0,0.0,,16,1.9,,0,4,15,4,2.5,1,0,1,1.38,0.71,0,4,2,0,0,0,0,,,0
ESP-La Liga,1819,Sevilla,Bryan Gil,ESP,"FW,MF",17,2001,11,0,167,1.9,1,1,2,1,0,0,0,0,0.54,0.54,1.08,0.54,1.08,4,1,25.0,2.16,0.54,0.25,1.0,15,4.9,,0,11,14,7,1.27,6,3,3,1.62,1.28,0,3,8,0,9,1,4,,,0
ESP-La Liga,1819,Valencia,Lee Kang-in,KOR,"FW,MF",17,2001,3,0,24,0.3,0,0,0,0,0,0,1,0,0.0,0.0,0.0,0.0,0.0,1,0,0.0,3.75,0.0,0.0,,8,0.7,,0,3,7,7,2.33,1,0,1,3.75,3.35,0,2,0,0,6,1,0,,,0
ESP-La Liga,1819,Atlético Madrid,Borja Garcés,ESP,FW,18,1999,1,0,20,0.2,1,0,1,1,0,0,0,0,4.5,0.0,4.5,4.5,4.5,3,1,33.3,13.5,4.5,0.33,1.0,20,0.6,,0,1,19,9,1.0,1,1,0,0.0,-0.69,0,0,0,0,0,0,0,,,0
ESP-La Liga,1819,Barcelona,Abel Ruiz,ESP,FW,18,2000,1,0,22,0.2,0,0,0,0,0,0,0,0,0.0,0.0,0.0,0.0,0.0,1,1,100.0,4.09,4.09,0.0,0.0,22,0.6,,0,1,21,2,3.0,1,0,1,4.09,2.69,0,0,0,0,1,0,1,,,0
ESP-La Liga,1819,Barcelona,Jean-Clair Todibo,FRA,DF,18,1999,2,2,157,1.7,0,0,0,0,0,0,2,0,0.0,0.0,0.0,0.0,0.0,0,0,,0.0,0.0,,,79,4.6,79,1,0,,1,0.5,0,1,-1,-0.57,-2.09,0,4,0,0,0,3,2,,,0
ESP-La Liga,1819,Barcelona,Riqui Puig,ESP,MF,18,1999,2,2,156,1.7,0,0,0,0,0,0,0,0,0.0,0.0,0.0,0.0,0.0,0,0,,0.0,0.0,,,78,4.6,78,1,0,,2,0.5,0,2,-2,-1.15,-2.7,0,1,1,0,0,0,3,,,0
ESP-La Liga,1819,Getafe,Hugo Duro,ESP,"FW,MF",18,1999,11,5,417,4.6,0,0,0,0,0,0,0,0,0.0,0.0,0.0,0.0,0.0,7,1,14.3,1.51,0.22,0.0,0.0,38,12.2,67,1,6,14,10,1.55,6,5,1,0.22,-0.14,0,9,17,0,4,3,4,,,0
ESP-La Liga,1819,Girona,Pedro Porro,ESP,"MF,DF",18,1999,32,25,2211,24.6,0,4,4,0,0,0,4,0,0.0,0.16,0.16,0.0,0.16,23,6,26.1,0.94,0.24,0.0,0.0,69,64.6,85,16,7,14,5,1.06,25,33,-8,-0.33,0.27,0,24,35,0,124,39,31,,,0
ESP-La Liga,1819,Girona,Valery Fernández,ESP,"MF,DF",18,1999,17,10,888,9.9,0,1,1,0,0,0,2,0,0.0,0.1,0.1,0.0,0.1,2,1,50.0,0.2,0.1,0.0,0.0,52,26.0,79,5,7,14,4,0.76,8,18,-10,-1.01,-0.8,0,8,15,0,26,8,15,,,0
ESP-La Liga,1819,Real Betis,Diego Lainez,MEX,"MF,FW",18,2000,12,3,353,3.9,0,1,1,0,0,0,2,0,0.0,0.25,0.25,0.0,0.25,10,2,20.0,2.55,0.51,0.0,0.0,29,10.3,67,0,9,17,4,0.92,7,6,1,0.25,0.52,0,2,18,0,6,1,4,,,0
ESP-La Liga,1819,Real Madrid,Brahim Díaz,MAR,FW,18,1999,9,5,376,4.2,1,1,2,1,0,0,0,0,0.24,0.24,0.48,0.24,0.48,7,5,71.4,1.68,1.2,0.14,0.2,42,11.0,67,0,4,11,3,1.78,8,4,4,0.96,0.57,0,4,14,0,4,0,7,,,0
ESP-La Liga,1819,Real Madrid,Vinicius Júnior,BRA,"FW,MF",18,2000,18,9,869,9.7,2,0,2,2,0,0,0,0,0.21,0.0,0.21,0.21,0.21,42,17,40.5,4.35,1.76,0.05,0.12,48,25.4,83,5,9,14,5,1.61,15,13,2,0.21,-0.32,0,13,21,8,21,7,6,,,0
ESP-La Liga,1819,Real Sociedad,Roberto López,ESP,"FW,MF",18,2000,1,0,29,0.3,0,0,0,0,0,0,0,0,0.0,0.0,0.0,0.0,0.0,0,0,,0.0,0.0,,,29,0.8,,0,1,28,1,3.0,1,0,1,3.1,3.16,0,1,0,0,0,1,0,,,0
ESP-La Liga,1819,Valencia,Ferrán Torres,ESP,MF,18,2000,24,8,850,9.4,2,1,3,2,0,0,5,0,0.21,0.11,0.32,0.21,0.32,16,6,37.5,1.69,0.64,0.13,0.33,35,24.9,69,1,16,19,12,1.83,12,8,4,0.42,0.0,0,18,10,1,34,10,8,,,0
ESP-La Liga,1819,Valladolid,Miguel,ESP,FW,18,1999,2,0,12,0.1,0,0,0,0,0,0,0,0,0.0,0.0,0.0,0.0,0.0,2,1,50.0,15.0,7.5,0.0,0.0,6,0.4,,0,2,5,8,1.5,0,0,0,0.0,0.5,0,0,1,0,0,1,0,,,0
ESP-La Liga,1819,Alavés,Alejandro Blanco,ESP,MF,19,1998,2,0,16,0.2,0,0,0,0,0,0,0,0,0.0,0.0,0.0,0.0,0.0,0,0,,0.0,0.0,,,8,0.5,,0,2,7,3,1.5,0,2,-2,-11.25,-11.01,0,0,0,0,0,0,1,,,0
ESP-La Liga,1819,Athletic Club,Peru Nolaskoain,ESP,DF,19,1998,8,4,464,5.2,2,0,2,2,0,0,2,1,0.39,0.0,0.39,0.39,0.39,4,3,75.0,0.78,0.58,0.5,0.67,58,13.6,87,3,4,30,4,1.0,7,11,-4,-0.78,-0.78,0,5,1,0,0,10,8,,,0
ESP-La Liga,1819,Atlético Madrid,Javi Montero,ESP,DF,19,1999,9,4,404,4.5,0,0,0,0,0,0,2,0,0.0,0.0,0.0,0.0,0.0,0,0,,0.0,0.0,,,45,11.8,79,2,5,18,12,2.0,6,5,1,0.22,-0.52,0,6,1,2,0,5,4,,,0
ESP-La Liga,1819,Atlético Madrid,Joaquín Muñoz,ESP,"FW,MF",19,1999,1,0,1,0.0,0,0,0,0,0,0,0,0,0.0,0.0,0.0,0.0,0.0,0,0,,0.0,0.0,,,1,0.0,,0,1,0,8,3.0,0,0,0,0.0,-0.68,0,0,0,0,0,0,0,,,0
ESP-La Liga,1819,Barcelona,Moussa Wagué,SEN,"MF,DF",19,1998,3,2,225,2.5,0,0,0,0,0,0,1,0,0.0,0.0,0.0,0.0,0.0,1,1,100.0,0.4,0.4,0.0,0.0,75,6.6,90,2,1,45,0,0.67,0,2,-2,-0.8,-2.38,0,9,0,3,6,4,5,,,0
ESP-La Liga,1819,Barcelona,Álex Collado,ESP,MF,19,1999,1,0,85,0.9,0,0,0,0,0,0,0,0,0.0,0.0,0.0,0.0,0.0,2,0,0.0,2.12,0.0,0.0,,85,2.5,,0,1,84,0,0.0,0,2,-2,-2.12,-3.63,0,0,1,0,0,0,0,,,0
ESP-La Liga,1819,Celta Vigo,Fran Beltrán,ESP,MF,19,1999,30,16,1517,16.9,1,0,1,1,0,0,3,0,0.06,0.0,0.06,0.06,0.06,17,3,17.6,1.01,0.18,0.06,0.33,51,44.4,82,9,14,15,6,1.03,24,31,-7,-0.42,-0.32,0,12,14,0,4,19,17,,,0
ESP-La Liga,1819,Huesca,Cucho,COL,FW,19,1999,34,25,2150,23.9,4,3,7,2,2,2,6,0,0.17,0.13,0.29,0.08,0.21,80,24,30.0,3.35,1.0,0.03,0.08,63,62.9,78,11,9,22,0,0.71,28,45,-17,-0.71,-0.36,0,33,40,14,49,9,13,,,0
ESP-La Liga,1819,Leganés,Andriy Lunin,UKR,GK,19,1999,5,4,365,4.1,0,0,0,0,0,0,0,0,0.0,0.0,0.0,0.0,0.0,0,0,,0.0,0.0,,,73,10.7,90,4,1,4,25,0.8,2,5,-3,-0.74,-0.65,0,0,1,0,0,0,0,,,0
ESP-La Liga,1819,Rayo Vallecano,Sergio Moreno,ESP,FW,19,1999,1,0,14,0.2,0,0,0,0,0,0,0,0,0.0,0.0,0.0,0.0,0.0,1,1,100.0,6.43,6.43,0.0,0.0,14,0.4,,0,1,13,3,0.0,0,0,0,0.0,0.77,0,0,1,0,0,0,0,,,0
ESP-La Liga,1819,Real Betis,Emerson,BRA,MF,19,1999,6,4,317,3.5,0,0,0,0,0,0,1,0,0.0,0.0,0.0,0.0,0.0,3,1,33.3,0.85,0.28,0.0,0.0,53,9.3,74,2,2,12,6,1.17,5,8,-3,-0.85,-0.71,0,5,14,0,8,7,7,,,0
ESP-La Liga,1819,Real Sociedad,Alex Sola,ESP,DF,19,1999,1,1,90,1.0,0,0,0,0,0,0,0,0,0.0,0.0,0.0,0.0,0.0,2,1,50.0,2.0,1.0,0.0,0.0,90,2.6,90,1,0,,0,3.0,3,0,3,3.0,3.11,0,1,2,0,4,1,3,,,0
ESP-La Liga,1819,Real Sociedad,Martín Zubimendi,ESP,MF,19,1999,1,0,7,0.1,0,0,0,0,0,0,0,0,0.0,0.0,0.0,0.0,0.0,0,0,,0.0,0.0,,,7,0.2,,0,1,6,2,3.0,0,1,-1,-12.86,-12.86,0,0,0,0,0,0,0,,,0
ESP-La Liga,1819,Valladolid,Stiven Plaza,ECU,FW,19,1999,2,0,38,0.4,0,0,0,0,0,0,0,0,0.0,0.0,0.0,0.0,0.0,0,0,,0.0,0.0,,,19,1.1,,0,2,18,1,0.0,0,0,0,0.0,0.51,0,1,3,0,0,0,0,,,0
ESP-La Liga,1819,Villarreal,Manu Morlanes,ESP,MF,19,1999,10,7,610,6.8,0,3,3,0,0,0,2,0,0.0,0.44,0.44,0.0,0.44,3,0,0.0,0.44,0.0,0.0,,61,17.8,77,1,3,24,12,1.4,16,11,5,0.74,0.99,0,13,6,0,2,5,11,,,0
ESP-La Liga,1819,Villarreal,Samuel Chukwueze,NGA,"MF,FW",19,1999,26,19,1706,19.0,5,2,7,5,0,0,2,0,0.26,0.11,0.37,0.26,0.37,58,23,39.7,3.06,1.21,0.09,0.22,66,49.9,82,8,7,22,2,1.19,28,26,2,0.11,0.37,0,20,20,19,24,10,11,,,0
ESP-La Liga,1819,Atlético Madrid,Andrés Solano,COL,DF,20,1998,1,1,45,0.5,0,0,0,0,0,0,0,0,0.0,0.0,0.0,0.0,0.0,0,0,,0.0,0.0,,,45,1.3,45,0,0,,2,3.0,0,0,0,0.0,-0.69,0,0,1,0,0,0,3,,,0
ESP-La Liga,1819,Atlético Madrid,Carlos Isaac,ESP,DF,20,1998,1,1,90,1.0,0,0,0,0,0,0,0,0,0.0,0.0,0.0,0.0,0.0,1,0,0.0,1.0,0.0,0.0,,90,2.6,90,1,0,,0,3.0,3,0,3,3.0,2.38,0,0,1,0,3,1,0,,,0
ESP-La Liga,1819,Atlético Madrid,Toni Moya,ESP,DF,20,1998,1,1,90,1.0,0,0,0,0,0,0,0,0,0.0,0.0,0.0,0.0,0.0,0,0,,0.0,0.0,,,90,2.6,90,1,0,,8,3.0,2,0,2,2.0,1.35,0,1,0,0,0,0,2,,,0
ESP-La Liga,1819,Barcelona,Carles Aleñá,ESP,MF,20,1998,17,6,637,7.1,2,0,2,2,0,0,2,0,0.28,0.0,0.28,0.28,0.28,14,3,21.4,1.98,0.42,0.14,0.67,37,18.6,78,1,11,15,10,2.06,16,8,8,1.13,-0.36,0,9,14,1,3,2,4,,,0
ESP-La Liga,1819,Barcelona,Carles Pérez,ESP,"FW,MF",20,1998,1,0,18,0.2,0,0,0,0,0,0,0,0,0.0,0.0,0.0,0.0,0.0,1,0,0.0,5.0,0.0,0.0,,18,0.5,,0,1,17,0,1.0,0,0,0,0.0,-1.43,0,0,0,0,0,0,0,,,0
ESP-La Liga,1819,Eibar,Marc Cucurella,ESP,"MF,DF",20,1998,31,26,2354,26.2,1,2,3,1,0,0,6,0,0.04,0.08,0.11,0.04,0.11,22,2,9.1,0.84,0.08,0.05,0.5,76,68.8,87,19,5,19,3,1.19,33,30,3,0.11,0.71,0,42,16,8,72,20,37,,,0
ESP-La Liga,1819,Espanyol,Adrià Pedrosa,ESP,DF,20,1998,12,8,763,8.5,1,0,1,1,0,0,1,0,0.12,0.0,0.12,0.12,0.12,6,1,16.7,0.71,0.12,0.17,1.0,64,22.3,91,8,4,10,6,1.58,13,9,4,0.47,0.68,0,14,7,1,15,8,9,,,0
ESP-La Liga,1819,Espanyol,Alfa Semedo,GNB,MF,20,1997,3,0,45,0.5,0,0,0,0,0,0,1,0,0.0,0.0,0.0,0.0,0.0,2,0,0.0,4.0,0.0,0.0,,15,1.3,,0,3,14,1,0.67,0,1,-1,-2.0,-1.97,0,1,0,0,1,2,0,,,0
ESP-La Liga,1819,Espanyol,Javi Puado,ESP,FW,20,1998,15,2,359,4.0,0,0,0,0,0,0,0,0,0.0,0.0,0.0,0.0,0.0,8,2,25.0,2.01,0.5,0.0,0.0,24,10.5,93,1,13,13,11,1.33,5,9,-4,-1.0,-1.06,0,4,2,2,2,6,1,,,0
ESP-La Liga,1819,Espanyol,Óscar Melendo,ESP,"MF,FW",20,1997,32,22,1997,22.2,0,5,5,0,0,0,3,0,0.0,0.23,0.23,0.0,0.23,9,5,55.6,0.41,0.23,0.0,0.0,62,58.4,81,6,10,22,6,1.34,34,21,13,0.59,1.53,0,11,56,0,13,13,8,,,0
ESP-La Liga,1819,Getafe,Mathías Olivera,URU,"MF,DF",20,1997,14,12,1007,11.2,0,1,1,0,0,0,6,1,0.0,0.09,0.09,0.0,0.09,6,3,50.0,0.54,0.27,0.0,0.0,72,29.4,81,6,2,18,1,1.64,12,10,2,0.18,-0.23,1,15,23,1,18,10,17,,,0
ESP-La Liga,1819,Girona,Douglas Luiz,BRA,MF,20,1998,23,16,1490,16.6,0,0,0,0,0,0,7,0,0.0,0.0,0.0,0.0,0.0,16,0,0.0,0.97,0.0,0.0,,65,43.6,84,12,7,20,3,0.91,19,22,-3,-0.18,0.43,0,47,30,0,16,21,19,,,0
ESP-La Liga,1819,Girona,Kévin Soni,CMR,FW,20,1998,5,1,82,0.9,0,0,0,0,0,0,1,0,0.0,0.0,0.0,0.0,0.0,5,1,20.0,5.49,1.1,0.0,0.0,16,2.4,49,0,4,8,4,0.6,0,2,-2,-2.2,-1.82,0,6,2,0,2,1,2,,,0
ESP-La Liga,1819,Huesca,Yangel Herrera,VEN,"MF,DF",20,1998,16,14,1154,12.8,0,0,0,0,0,0,5,0,0.0,0.0,0.0,0.0,0.0,14,2,14.3,1.09,0.16,0.0,0.0,72,33.7,79,8,2,21,1,1.13,14,18,-4,-0.31,0.4,0,32,23,0,10,14,24,,,0
ESP-La Liga,1819,Leganés,Vasyl Kravets,UKR,MF,20,1997,6,6,481,5.3,0,0,0,0,0,0,2,0,0.0,0.0,0.0,0.0,0.0,4,2,50.0,0.75,0.37,0.0,0.0,80,14.1,80,3,0,,2,0.67,2,6,-4,-0.75,-0.69,0,11,3,0,29,4,11,,,0
ESP-La Liga,1819,Leganés,Óscar Rodríguez Arnaiz,ESP,MF,20,1998,31,29,2504,27.8,4,3,7,4,0,0,6,0,0.14,0.11,0.25,0.14,0.25,61,22,36.1,2.19,0.79,0.07,0.18,81,73.2,85,16,2,16,1,1.35,29,25,4,0.14,1.13,0,31,27,4,137,16,25,,,0
ESP-La Liga,1819,Rayo Vallecano,Sergio Akieme,ESP,DF,20,1997,2,2,180,2.0,0,1,1,0,0,0,0,0,0.0,0.5,0.5,0.0,0.5,0,0,,0.0,0.0,,,90,5.3,90,2,0,,11,0.5,3,4,-1,-0.5,0.28,0,2,2,0,8,1,3,,,1
ESP-La Liga,1819,Real Madrid,Cristo González,ESP,"FW,MF",20,1997,1,0,45,0.5,0,0,0,0,0,0,0,0,0.0,0.0,0.0,0.0,0.0,1,0,0.0,2.0,0.0,0.0,,45,1.3,,0,1,45,2,3.0,1,1,0,0.0,-0.45,0,1,0,0,0,1,0,,,0
ESP-La Liga,1819,Real Madrid,Federico Valverde,URU,MF,20,1998,16,6,656,7.3,0,0,0,0,0,0,4,0,0.0,0.0,0.0,0.0,0.0,7,1,14.3,0.96,0.14,0.0,0.0,41,19.2,80,2,10,18,9,2.25,12,6,6,0.82,0.46,0,15,2,0,4,21,8,,,0
ESP-La Liga,1819,Real Madrid,Luca Zidane,ALG,GK,20,1998,1,1,90,1.0,0,0,0,0,0,0,0,0,0.0,0.0,0.0,0.0,0.0,0,0,,0.0,0.0,,,90,2.6,90,1,0,,7,3.0,3,2,1,1.0,0.57,0,0,1,0,0,0,0,,,0
ESP-La Liga,1819,Real Sociedad,Aihen Muñoz,ESP,DF,20,1997,11,11,951,10.6,0,0,0,0,0,0,0,0,0.0,0.0,0.0,0.0,0.0,2,0,0.0,0.19,0.0,0.0,,86,27.8,86,8,0,,9,1.82,14,10,4,0.38,0.56,0,6,6,0,28,7,8,,,0
ESP-La Liga,1819,Real Sociedad,Theo Hernández,FRA,DF,20,1997,24,22,1976,22.0,1,2,3,1,0,0,5,1,0.05,0.09,0.14,0.05,0.14,24,5,20.8,1.09,0.23,0.04,0.2,82,57.8,88,19,2,15,3,1.17,26,30,-4,-0.18,-0.37,0,29,70,4,58,33,33,,,0
ESP-La Liga,1819,Sevilla,Juan Soriano,ESP,GK,20,1997,4,4,359,4.0,0,0,0,0,0,0,2,1,0.0,0.0,0.0,0.0,0.0,0,0,,0.0,0.0,,,90,10.5,90,3,0,,32,3.0,10,2,8,2.01,1.8,1,0,1,0,0,1,0,,,0
ESP-La Liga,1819,Sevilla,Maximilian Wöber,AUT,DF,20,1998,7,6,536,6.0,0,0,0,0,0,0,2,0,0.0,0.0,0.0,0.0,0.0,5,1,20.0,0.84,0.17,0.0,0.0,77,15.7,85,5,1,28,0,1.0,11,8,3,0.5,0.13,0,8,1,0,8,7,9,,,0
ESP-La Liga,1819,Valencia,Toni Lato,ESP,DF,20,1997,4,3,270,3.0,0,0,0,0,0,0,1,0,0.0,0.0,0.0,0.0,0.0,2,0,0.0,0.67,0.0,0.0,,68,7.9,83,2,1,21,26,1.75,4,5,-1,-0.33,-0.82,0,4,2,0,4,6,4,,,0
ESP-La Liga,1819,Valladolid,Hacen,MTN,MF,20,1997,1,0,3,0.0,0,0,0,0,0,0,0,0,0.0,0.0,0.0,0.0,0.0,0,0,,0.0,0.0,,,3,0.1,,0,1,2,3,3.0,0,0,0,0.0,0.5,0,0,1,0,0,1,0,,,0
ESP-La Liga,1819,Alavés,Adrián Marín,ESP,DF,21,1997,6,2,290,3.2,0,0,0,0,0,0,2,0,0.0,0.0,0.0,0.0,0.0,2,0,0.0,0.62,0.0,0.0,,48,8.5,92,2,4,27,9,1.5,5,6,-1,-0.31,-0.02,0,11,3,0,2,7,8,,,0
ESP-La Liga,1819,Alavés,Antonio Sivera,ESP,GK,21,1996,3,3,270,3.0,0,0,0,0,0,0,0,0,0.0,0.0,0.0,0.0,0.0,0,0,,0.0,0.0,,,90,7.9,90,3,0,,33,2.0,5,4,1,0.33,0.68,0,0,0,0,0,0,0,,,0
ESP-La Liga,1819,Athletic Club,Gorka Guruzeta,ESP,FW,21,1996,6,0,50,0.6,0,0,0,0,0,0,0,0,0.0,0.0,0.0,0.0,0.0,1,0,0.0,1.8,0.0,0.0,,8,1.5,,0,6,7,6,1.0,1,3,-2,-3.6,-3.55,0,4,0,0,0,2,1,,,0
ESP-La Liga,1819,Athletic Club,Iñigo Córdoba,ESP,MF,21,1997,23,15,1321,14.7,0,4,4,0,0,0,3,0,0.0,0.27,0.27,0.0,0.27,22,7,31.8,1.5,0.48,0.0,0.0,57,38.6,77,4,8,22,4,1.83,21,19,2,0.14,0.39,0,19,20,2,44,17,23,,,0
ESP-La Liga,1819,Athletic Club,Unai Núñez,ESP,DF,21,1997,12,11,1064,11.8,0,0,0,0,0,0,4,0,0.0,0.0,0.0,0.0,0.0,12,3,25.0,1.02,0.25,0.0,0.0,89,31.1,90,11,1,73,21,1.42,12,15,-3,-0.25,-0.22,0,16,2,0,1,28,11,,,0
ESP-La Liga,1819,Athletic Club,Unai Simón,ESP,GK,21,1997,7,7,630,7.0,0,0,0,0,0,0,2,0,0.0,0.0,0.0,0.0,0.0,0,0,,0.0,0.0,,,90,18.4,90,7,0,,31,1.0,9,13,-4,-0.57,-0.57,0,1,0,0,0,1,0,,,0
ESP-La Liga,1819,Barcelona,Arthur Melo,BRA,MF,21,1996,27,19,1430,15.9,0,1,1,0,0,0,2,0,0.0,0.06,0.06,0.0,0.06,6,4,66.7,0.38,0.25,0.0,0.0,53,41.8,67,0,8,20,3,2.33,32,15,17,1.07,-0.6,0,11,40,0,4,9,10,,,0
ESP-La Liga,1819,Barcelona,Malcom,BRA,"FW,MF",21,1997,15,6,614,6.8,1,2,3,1,0,0,0,0,0.15,0.29,0.44,0.15,0.44,11,6,54.5,1.61,0.88,0.09,0.17,41,18.0,81,3,9,14,13,1.73,15,10,5,0.73,-0.84,0,5,9,8,16,1,2,,,0
ESP-La Liga,1819,Barcelona,Ousmane Dembélé,FRA,"FW,MF",21,1997,29,20,1661,18.5,8,5,13,8,0,0,1,0,0.43,0.27,0.7,0.43,0.7,39,17,43.6,2.11,0.92,0.21,0.47,57,48.6,70,2,9,29,0,2.38,49,13,36,1.95,1.03,0,22,22,9,82,5,15,,,0
ESP-La Liga,1819,Celta Vigo,Brais Méndez,ESP,MF,21,1997,31,27,2349,26.1,6,7,13,5,1,1,5,0,0.23,0.27,0.5,0.19,0.46,71,26,36.6,2.72,1.0,0.07,0.19,76,68.7,85,19,4,14,3,0.97,34,44,-10,-0.38,-0.47,0,38,64,11,108,24,31,,,0
ESP-La Liga,1819,Celta Vigo,Dennis Eckert,,FW,21,1997,9,1,216,2.4,0,0,0,0,0,0,0,0,0.0,0.0,0.0,0.0,0.0,8,3,37.5,3.33,1.25,0.0,0.0,24,6.3,97,1,8,15,4,0.89,3,3,0,0.0,0.25,0,3,6,1,2,2,2,,,0
ESP-La Liga,1819,Celta Vigo,Emmanuel Apeh,NGA,FW,21,1996,2,0,14,0.2,0,0,0,0,0,0,0,0,0.0,0.0,0.0,0.0,0.0,0,0,,0.0,0.0,,,7,0.4,,0,2,6,3,0.0,0,0,0,0.0,0.24,0,0,0,0,0,0,0,,,0
ESP-La Liga,1819,Celta Vigo,Emre Mor,TUR,"MF,FW",21,1997,10,4,369,4.1,0,0,0,0,0,0,1,0,0.0,0.0,0.0,0.0,0.0,8,4,50.0,1.95,0.98,0.0,0.0,37,10.8,62,0,6,20,8,0.9,4,7,-3,-0.73,-0.55,0,7,7,2,5,3,4,,,0
ESP-La Liga,1819,Celta Vigo,Maxi Gómez,URU,FW,21,1996,35,33,2960,32.9,13,5,18,12,1,1,6,1,0.4,0.15,0.55,0.36,0.52,82,28,34.1,2.49,0.85,0.15,0.43,85,86.5,87,28,2,37,0,1.09,47,51,-4,-0.12,0.86,1,70,66,43,12,2,4,,,0
ESP-La Liga,1819,Eibar,Miguel Marí,ESP,MF,21,1997,2,0,69,0.8,0,0,0,0,0,0,0,0,0.0,0.0,0.0,0.0,0.0,1,0,0.0,1.3,0.0,0.0,,35,2.0,,0,2,34,4,0.0,0,2,-2,-2.61,-2.55,0,1,1,0,0,1,0,,,0
ESP-La Liga,1819,Espanyol,Lluis López,ESP,DF,21,1997,6,5,521,5.8,0,0,0,0,0,0,0,0,0.0,0.0,0.0,0.0,0.0,1,1,100.0,0.17,0.17,0.0,0.0,87,15.2,90,5,1,70,5,1.17,7,11,-4,-0.69,-0.75,0,5,2,0,0,7,3,,,0
ESP-La Liga,1819,Espanyol,Marc Roca,ESP,MF,21,1996,35,35,3112,34.6,1,2,3,1,0,0,9,0,0.03,0.06,0.09,0.03,0.09,23,9,39.1,0.67,0.26,0.04,0.11,89,91.0,89,31,0,,1,1.49,46,44,2,0.06,1.23,0,60,27,0,5,36,45,,,0
ESP-La Liga,1819,Espanyol,Álex López,ESP,MF,21,1997,4,1,112,1.2,0,0,0,0,0,0,1,0,0.0,0.0,0.0,0.0,0.0,1,0,0.0,0.8,0.0,0.0,,28,3.3,93,1,3,6,9,0.5,2,5,-3,-2.41,-2.44,0,1,4,0,2,3,1,,,0
ESP-La Liga,1819,Girona,Aleix García,ESP,MF,21,1997,31,20,1663,18.5,2,1,3,2,0,0,1,0,0.11,0.05,0.16,0.11,0.16,19,5,26.3,1.03,0.27,0.11,0.4,54,48.6,74,6,11,17,6,1.1,15,24,-9,-0.49,-0.13,0,12,19,1,77,21,19,,,0
ESP-La Liga,1819,Girona,Paik Seung-ho,KOR,MF,21,1997,3,0,60,0.7,0,0,0,0,0,0,0,0,0.0,0.0,0.0,0.0,0.0,1,0,0.0,1.5,0.0,0.0,,20,1.8,,0,3,19,8,0.0,0,0,0,0.0,0.43,0,0,2,0,0,3,0,,,0
ESP-La Liga,1819,Girona,Patrick Roberts,ENG,MF,21,1997,19,6,601,6.7,0,0,0,0,0,0,0,0,0.0,0.0,0.0,0.0,0.0,7,5,71.4,1.05,0.75,0.0,0.0,32,17.6,63,0,13,17,7,1.11,7,9,-2,-0.3,0.15,0,0,9,2,8,3,6,,,0
ESP-La Liga,1819,Huesca,Cristian Rivera,ESP,MF,21,1997,22,19,1692,18.8,2,0,2,2,0,0,2,0,0.11,0.0,0.11,0.11,0.11,14,7,50.0,0.74,0.37,0.14,0.29,77,49.5,85,14,3,25,3,0.91,25,31,-6,-0.32,0.51,0,18,11,1,9,31,25,,,0
ESP-La Liga,1819,Leganés,Youssef En-Nesyri,MAR,FW,21,1997,31,22,2106,23.4,9,2,11,9,0,0,7,0,0.38,0.09,0.47,0.38,0.47,74,24,32.4,3.16,1.03,0.12,0.38,68,61.6,87,13,9,21,2,1.06,24,28,-4,-0.17,-0.03,0,36,40,17,34,6,8,,,1
ESP-La Liga,1819,Levante,Borja Mayoral,ESP,FW,21,1997,29,16,1621,18.0,3,2,5,3,0,0,1,0,0.17,0.11,0.28,0.17,0.28,24,15,62.5,1.33,0.83,0.13,0.2,56,47.4,86,10,13,19,5,1.0,28,35,-7,-0.39,-0.39,0,16,33,16,5,5,4,,,0
ESP-La Liga,1819,Levante,Fran Manzanara,ESP,DF,21,1996,4,1,157,1.7,0,0,0,0,0,0,0,0,0.0,0.0,0.0,0.0,0.0,1,0,0.0,0.57,0.0,0.0,,39,4.6,93,1,3,21,2,1.25,2,7,-5,-2.87,-2.81,0,1,1,0,0,1,5,,,0
ESP-La Liga,1819,Rayo Vallecano,Santi Comesaña,ESP,MF,21,1996,25,23,2032,22.6,1,1,2,1,0,0,6,0,0.04,0.04,0.09,0.04,0.09,8,1,12.5,0.35,0.04,0.13,1.0,81,59.4,88,21,2,7,6,0.84,25,37,-12,-0.53,0.57,0,28,28,1,7,30,35,,,0
ESP-La Liga,1819,Real Betis,Junior Firpo,DOM,"MF,DF",21,1996,24,22,1937,21.5,3,4,7,3,0,0,7,0,0.14,0.19,0.33,0.14,0.33,19,7,36.8,0.88,0.33,0.16,0.43,81,56.6,87,20,2,17,1,1.46,22,30,-8,-0.37,-0.37,0,30,26,4,35,23,25,,,0
ESP-La Liga,1819,Real Madrid,Dani Ceballos,ESP,"MF,FW",21,1996,23,13,1248,13.9,3,0,3,3,0,0,3,0,0.22,0.0,0.22,0.22,0.22,22,5,22.7,1.59,0.36,0.14,0.6,54,36.5,76,5,10,26,10,1.91,24,13,11,0.79,0.54,0,16,40,1,8,15,21,,,0
ESP-La Liga,1819,Real Madrid,Javi Sánchez,ESP,DF,21,1997,1,0,46,0.5,0,0,0,0,0,0,1,0,0.0,0.0,0.0,0.0,0.0,0,0,,0.0,0.0,,,46,1.3,,0,1,45,5,3.0,3,2,1,1.96,1.53,0,2,0,0,0,0,0,,,0
ESP-La Liga,1819,Real Madrid,Jesús Vallejo,ESP,DF,21,1997,5,4,311,3.5,1,0,1,1,0,0,1,1,0.29,0.0,0.29,0.29,0.29,1,1,100.0,0.29,0.29,1.0,1.0,62,9.1,77,3,1,2,9,1.8,7,4,3,0.87,0.46,0,3,2,0,0,7,5,,,0
ESP-La Liga,1819,Real Madrid,Sergio Reguilón,ESP,DF,21,1996,14,13,1119,12.4,0,2,2,0,0,0,3,0,0.0,0.16,0.16,0.0,0.16,6,0,0.0,0.48,0.0,0.0,,80,32.7,85,10,1,13,10,2.43,26,9,17,1.37,1.37,0,24,29,0,34,20,14,,,0
ESP-La Liga,1819,Real Sociedad,Ander Guevara,ESP,MF,21,1997,1,1,90,1.0,0,0,0,0,0,0,0,0,0.0,0.0,0.0,0.0,0.0,3,0,0.0,3.0,0.0,0.0,,90,2.6,90,1,0,,2,1.0,1,1,0,0.0,0.03,0,2,1,0,1,1,1,,,0
ESP-La Liga,1819,Real Sociedad,Andoni Gorosabel,ESP,"DF,MF",21,1996,7,6,455,5.1,0,0,0,0,0,0,0,0,0.0,0.0,0.0,0.0,0.0,2,0,0.0,0.4,0.0,0.0,,65,13.3,75,4,1,4,6,1.43,3,6,-3,-0.59,-0.65,0,5,5,0,9,4,9,,,0
ESP-La Liga,1819,Real Sociedad,Igor Zubeldia,ESP,MF,21,1997,33,29,2549,28.3,0,1,1,0,0,0,7,0,0.0,0.04,0.04,0.0,0.04,15,4,26.7,0.53,0.14,0.0,0.0,77,74.5,85,23,4,18,2,1.39,28,37,-9,-0.32,-1.14,0,37,13,0,2,45,35,,,0
ESP-La Liga,1819,Real Sociedad,Mikel Oyarzabal,ESP,"MF,FW",21,1997,37,36,3153,35.0,13,2,15,10,3,3,2,0,0.37,0.06,0.43,0.29,0.34,66,28,42.4,1.88,0.8,0.15,0.36,85,92.2,87,28,1,25,0,1.35,42,41,1,0.03,0.7,0,32,38,11,64,14,20,,,1
ESP-La Liga,1819,Real Sociedad,Robin Le Normand,ESP,DF,21,1996,4,3,284,3.2,0,1,1,0,0,0,1,0,0.0,0.32,0.32,0.0,0.32,2,0,0.0,0.63,0.0,0.0,,71,8.3,90,3,1,13,4,0.0,1,5,-4,-1.27,-1.35,0,3,2,0,0,4,2,,,0
ESP-La Liga,1819,Sevilla,Guilherme Arana,BRA,MF,21,1997,9,8,629,7.0,0,0,0,0,0,0,3,0,0.0,0.0,0.0,0.0,0.0,6,2,33.3,0.86,0.29,0.0,0.0,70,18.4,79,4,1,0,14,1.78,12,8,4,0.57,0.22,0,5,8,0,19,9,6,,,0
ESP-La Liga,1819,Sevilla,Javier Díaz,ESP,GK,21,1997,1,1,90,1.0,0,0,0,0,0,0,0,0,0.0,0.0,0.0,0.0,0.0,0,0,,0.0,0.0,,,90,2.6,90,1,0,,3,0.0,0,1,-1,-1.0,-1.43,0,0,0,0,0,0,0,,,0
ESP-La Liga,1819,Sevilla,Joris Gnagnon,FRA,DF,21,1997,7,4,446,5.0,0,0,0,0,0,0,2,0,0.0,0.0,0.0,0.0,0.0,3,1,33.3,0.61,0.2,0.0,0.0,64,13.0,90,3,3,28,13,0.86,4,6,-2,-0.4,-0.92,0,8,7,0,1,10,8,,,0
ESP-La Liga,1819,Valencia,Carlos Soler,ESP,MF,21,1997,31,27,2460,27.3,2,6,8,2,0,0,9,0,0.07,0.22,0.29,0.07,0.29,41,14,34.1,1.5,0.51,0.05,0.14,79,71.9,85,18,4,42,6,1.74,35,26,9,0.33,-0.33,0,52,50,1,67,19,28,,,1
ESP-La Liga,1819,Valencia,Gonçalo Guedes,POR,"MF,FW",21,1996,25,18,1465,16.3,5,3,8,5,0,0,2,0,0.31,0.18,0.49,0.31,0.49,35,14,40.0,2.15,0.86,0.14,0.36,59,42.8,71,5,7,26,1,1.76,26,10,16,0.98,0.98,0,19,50,7,52,7,13,,,0
ESP-La Liga,1819,Valencia,Mouctar Diakhaby,GUI,DF,21,1996,22,16,1580,17.6,2,0,2,2,0,0,9,0,0.11,0.0,0.11,0.11,0.11,11,4,36.4,0.63,0.23,0.18,0.5,72,46.2,90,16,6,22,9,1.73,28,18,10,0.57,0.28,0,24,9,1,0,20,8,,,0
ESP-La Liga,1819,Valladolid,Chris Ramos,ESP,FW,21,1997,1,1,63,0.7,0,0,0,0,0,0,0,0,0.0,0.0,0.0,0.0,0.0,0,0,,0.0,0.0,,,63,1.8,63,0,0,,0,1.0,0,0,0,0.0,0.51,0,2,2,0,0,0,1,,,0
ESP-La Liga,1819,Valladolid,Enes Ünal,TUR,FW,21,1997,33,24,2148,23.9,6,3,9,3,3,3,7,0,0.25,0.13,0.38,0.13,0.25,53,16,30.2,2.22,0.67,0.06,0.19,65,62.8,82,11,9,20,1,1.0,26,30,-4,-0.17,0.89,0,42,39,17,8,2,10,,,0
ESP-La Liga,1819,Villarreal,Santiago Cáseres,ARG,MF,21,1997,23,17,1588,17.6,0,1,1,0,0,0,10,0,0.0,0.06,0.06,0.0,0.06,5,1,20.0,0.28,0.06,0.0,0.0,69,46.4,84,10,6,27,6,1.17,19,25,-6,-0.34,-0.49,0,34,13,0,0,14,35,,,0
ESP-La Liga,1819,Villarreal,Xavi Quintillà,ESP,"DF,MF",21,1996,7,7,627,7.0,0,0,0,0,0,0,1,0,0.0,0.0,0.0,0.0,0.0,3,0,0.0,0.43,0.0,0.0,,90,18.3,90,6,0,,5,1.57,11,10,1,0.14,0.27,0,7,0,0,19,8,4,,,0
ESP-La Liga,1819,Alavés,Martin Agirregabiria,ESP,"DF,MF",22,1996,27,23,2032,22.6,0,0,0,0,0,0,4,0,0.0,0.0,0.0,0.0,0.0,1,0,0.0,0.04,0.0,0.0,,75,59.4,88,18,4,5,4,1.37,24,30,-6,-0.27,0.06,0,24,28,0,42,26,29,,,0
ESP-La Liga,1819,Alavés,Rubén Duarte,ESP,DF,22,1995,33,33,2772,30.8,0,0,0,0,0,0,10,1,0.0,0.0,0.0,0.0,0.0,23,8,34.8,0.75,0.26,0.0,0.0,84,81.1,84,28,0,,1,1.12,26,41,-15,-0.49,-1.04,0,35,61,1,80,57,35,,,0
ESP-La Liga,1819,Athletic Club,Unai López,ESP,MF,22,1995,7,3,328,3.6,0,0,0,0,0,0,1,0,0.0,0.0,0.0,0.0,0.0,4,2,50.0,1.1,0.55,0.0,0.0,47,9.6,86,1,4,18,9,1.29,4,7,-3,-0.82,-0.79,0,1,4,1,12,1,5,,,0
ESP-La Liga,1819,Atlético Madrid,Lucas Hernández,FRA,DF,22,1996,14,13,1117,12.4,1,0,1,1,0,0,5,0,0.08,0.0,0.08,0.08,0.08,5,1,20.0,0.4,0.08,0.2,1.0,80,32.7,82,10,1,51,2,2.0,16,8,8,0.64,-0.06,0,13,20,0,10,14,25,,,0
ESP-La Liga,1819,Atlético Madrid,Rodri,ESP,MF,22,1996,34,32,2735,30.4,3,1,4,3,0,0,5,0,0.1,0.03,0.13,0.1,0.13,27,7,25.9,0.89,0.23,0.11,0.43,80,80.0,83,23,2,35,3,2.03,42,20,22,0.72,0.2,0,59,43,1,2,41,70,,,0
ESP-La Liga,1819,Atlético Madrid,Thomas Lemar,FRA,MF,22,1995,31,22,1817,20.2,2,3,5,2,0,0,4,0,0.1,0.15,0.25,0.1,0.25,26,12,46.2,1.29,0.59,0.08,0.17,59,53.1,70,5,9,30,1,1.97,29,11,18,0.89,0.44,0,23,33,7,73,22,21,,,0
ESP-La Liga,1819,Barcelona,Munir El Haddadi,MAR,FW,22,1995,7,1,152,1.7,1,1,2,1,0,0,0,0,0.59,0.59,1.18,0.59,1.18,4,1,25.0,2.37,0.59,0.25,1.0,22,4.4,66,0,6,14,8,1.86,8,5,3,1.78,0.37,0,2,2,4,1,0,3,,,0
ESP-La Liga,1819,Celta Vigo,Mathias Jensen,DEN,MF,22,1996,6,3,235,2.6,0,0,0,0,0,0,0,0,0.0,0.0,0.0,0.0,0.0,4,1,25.0,1.53,0.38,0.0,0.0,39,6.9,71,0,3,8,9,0.33,2,1,1,0.38,0.67,0,3,4,0,3,4,2,,,0
ESP-La Liga,1819,Eibar,Jordi Calavera,ESP,DF,22,1995,1,0,1,0.0,0,0,0,0,0,0,0,0,0.0,0.0,0.0,0.0,0.0,0,0,,0.0,0.0,,,1,0.0,,0,1,0,4,3.0,0,0,0,0.0,0.11,0,0,0,0,0,0,0,,,0
ESP-La Liga,1819,Getafe,Amath,SEN,MF,22,1996,15,13,1002,11.1,1,2,3,1,0,0,4,0,0.09,0.18,0.27,0.09,0.27,15,6,40.0,1.35,0.54,0.07,0.17,67,29.3,72,2,2,32,0,1.4,13,10,3,0.27,-0.1,0,27,21,3,11,10,13,,,0
ESP-La Liga,1819,Getafe,Mauro Arambarri,URU,MF,22,1995,33,32,2676,29.7,1,2,3,1,0,0,8,0,0.03,0.07,0.1,0.03,0.1,29,9,31.0,0.98,0.3,0.03,0.11,81,78.2,83,20,1,10,2,1.48,32,25,7,0.24,-0.49,0,65,57,1,24,30,33,,,1
ESP-La Liga,1819,Huesca,Adrián Diéguez,ESP,DF,22,1996,9,8,749,8.3,0,0,0,0,0,0,3,0,0.0,0.0,0.0,0.0,0.0,1,1,100.0,0.12,0.12,0.0,0.0,83,21.9,87,7,1,51,6,1.22,11,13,-2,-0.24,0.43,0,9,9,0,0,12,10,,,0
ESP-La Liga,1819,Huesca,Axel Werner,ARG,GK,22,1996,6,6,540,6.0,0,0,0,0,0,0,0,0,0.0,0.0,0.0,0.0,0.0,0,0,,0.0,0.0,,,90,15.8,90,6,0,,8,0.67,6,16,-10,-1.67,-1.29,0,1,0,0,0,0,0,,,0
ESP-La Liga,1819,Leganés,Rodrigo Tarín,ESP,DF,22,1996,18,15,1429,15.9,0,0,0,0,0,0,3,0,0.0,0.0,0.0,0.0,0.0,4,0,0.0,0.25,0.0,0.0,,79,41.8,88,13,3,35,8,1.44,16,16,0,0.0,0.27,0,15,7,0,8,31,14,,,0
ESP-La Liga,1819,Levante,Emmanuel Boateng,GHA,FW,22,1996,16,7,699,7.8,1,0,1,1,0,0,2,0,0.13,0.0,0.13,0.13,0.13,18,3,16.7,2.32,0.39,0.06,0.33,44,20.4,77,2,9,18,2,1.19,11,15,-4,-0.52,-0.42,0,14,19,9,3,1,3,,,0
ESP-La Liga,1819,Levante,Koke Vegas,ESP,GK,22,1995,1,1,90,1.0,0,0,0,0,0,0,0,0,0.0,0.0,0.0,0.0,0.0,0,0,,0.0,0.0,,,90,2.6,90,1,0,,3,1.0,2,2,0,0.0,0.19,0,0,0,0,0,0,0,,,0
ESP-La Liga,1819,Levante,Raphael Dwamena,GHA,FW,22,1995,12,1,222,2.5,0,1,1,0,0,0,0,0,0.0,0.41,0.41,0.0,0.41,4,2,50.0,1.62,0.81,0.0,0.0,19,6.5,101,1,11,11,9,1.08,7,7,0,0.0,0.2,0,8,6,4,3,0,0,,,0
ESP-La Liga,1819,Rayo Vallecano,José Pozo,ESP,MF,22,1996,29,16,1617,18.0,3,0,3,3,0,0,4,0,0.17,0.0,0.17,0.17,0.17,22,10,45.5,1.22,0.56,0.14,0.3,56,47.3,82,8,13,23,8,0.66,18,34,-16,-0.89,-0.24,0,12,23,2,20,4,10,,,0
ESP-La Liga,1819,Rayo Vallecano,Uche Henry Agbo,NGA,MF,22,1995,6,5,372,4.1,0,0,0,0,0,0,2,0,0.0,0.0,0.0,0.0,0.0,1,0,0.0,0.24,0.0,0.0,,62,10.9,71,3,1,17,3,1.17,4,8,-4,-0.97,-0.23,0,12,4,0,0,6,4,,,0
ESP-La Liga,1819,Real Betis,Antonio Sanabria,PAR,FW,22,1996,15,8,811,9.0,2,0,2,1,1,1,2,0,0.22,0.0,0.22,0.11,0.11,17,3,17.6,1.89,0.33,0.06,0.33,54,23.7,84,4,7,20,4,1.33,14,13,1,0.11,0.42,0,10,13,6,2,3,6,,,0
ESP-La Liga,1819,Real Betis,Francis Guerrero,ESP,"MF,DF",22,1996,22,22,1778,19.8,0,1,1,0,0,0,2,0,0.0,0.05,0.05,0.0,0.05,10,3,30.0,0.51,0.15,0.0,0.0,81,52.0,81,10,0,,4,1.32,19,21,-2,-0.1,0.23,0,9,39,1,66,21,28,,,0
ESP-La Liga,1819,Real Betis,Giovani Lo Celso,ARG,"MF,FW",22,1996,32,27,2397,26.6,9,4,13,7,2,4,5,0,0.34,0.15,0.49,0.26,0.41,64,29,45.3,2.4,1.09,0.11,0.24,75,70.1,85,19,5,21,1,1.25,35,39,-4,-0.15,0.2,0,36,67,1,15,17,31,,,0
ESP-La Liga,1819,Real Betis,Wilfrid Kaptoum,CMR,MF,22,1996,10,9,773,8.6,0,0,0,0,0,0,2,0,0.0,0.0,0.0,0.0,0.0,3,1,33.3,0.35,0.12,0.0,0.0,77,22.6,83,5,1,22,11,1.4,7,12,-5,-0.58,-0.48,0,16,12,0,1,10,6,,,0
ESP-La Liga,1819,Real Madrid,Marco Asensio,ESP,"FW,MF",22,1996,30,19,1779,19.8,1,4,5,1,0,0,3,0,0.05,0.2,0.25,0.05,0.25,45,18,40.0,2.28,0.91,0.02,0.06,59,52.0,81,9,11,22,2,1.73,31,26,5,0.25,-0.41,0,18,21,8,78,14,8,,,0
ESP-La Liga,1819,Real Madrid,Álvaro Odriozola,ESP,DF,22,1995,14,14,1178,13.1,0,2,2,0,0,0,2,0,0.0,0.15,0.15,0.0,0.15,1,1,100.0,0.08,0.08,0.0,0.0,84,34.4,84,12,0,,6,1.93,24,15,9,0.69,0.37,0,15,19,5,53,11,25,,,0
ESP-La Liga,1819,Real Sociedad,Mikel Merino,ESP,MF,22,1996,29,24,2055,22.8,3,3,6,3,0,0,10,1,0.13,0.13,0.26,0.13,0.26,24,10,41.7,1.05,0.44,0.13,0.3,71,60.1,81,14,5,23,1,1.38,27,29,-2,-0.09,-0.15,1,70,37,1,15,29,28,,,0
ESP-La Liga,1819,Sevilla,André Silva,POR,FW,22,1995,27,25,2159,24.0,9,0,9,9,0,0,4,0,0.38,0.0,0.38,0.38,0.38,63,27,42.9,2.63,1.13,0.14,0.33,80,63.1,85,18,2,14,1,1.67,34,26,8,0.33,-0.17,0,42,28,17,11,3,5,,,0
ESP-La Liga,1819,Sevilla,Munir El Haddadi,MAR,"FW,MF",22,1995,16,12,1042,11.6,5,1,6,5,0,0,2,0,0.43,0.09,0.52,0.43,0.52,34,11,32.4,2.94,0.95,0.15,0.45,65,30.5,80,6,4,21,2,1.38,20,17,3,0.26,-0.2,0,17,24,9,21,6,10,,,0
ESP-La Liga,1819,Valencia,Santi Mina,ESP,FW,22,1995,30,23,1852,20.6,7,5,12,7,0,0,4,0,0.34,0.24,0.58,0.34,0.58,43,22,51.2,2.09,1.07,0.16,0.32,62,54.2,77,9,7,10,2,1.63,30,21,9,0.44,0.04,0,40,41,13,9,4,10,,,0
ESP-La Liga,1819,Valladolid,Daniele Verde,ITA,"MF,FW",22,1996,22,4,657,7.3,2,0,2,1,1,1,1,0,0.27,0.0,0.27,0.14,0.14,24,9,37.5,3.29,1.23,0.04,0.11,30,19.2,77,2,18,19,4,0.59,7,14,-7,-0.96,-0.57,0,3,11,8,68,7,3,,,0
ESP-La Liga,1819,Valladolid,Fernando Calero,ESP,DF,22,1995,36,35,3130,34.8,1,0,1,1,0,0,7,0,0.03,0.0,0.03,0.03,0.03,10,2,20.0,0.29,0.06,0.1,0.5,87,91.5,89,34,1,6,0,1.11,30,46,-16,-0.46,0.47,0,35,12,0,4,55,31,,,0
ESP-La Liga,1819,Valladolid,Joaquín Fernández,ESP,"DF,MF",22,1996,13,9,839,9.3,1,0,1,1,0,0,2,0,0.11,0.0,0.11,0.11,0.11,7,2,28.6,0.75,0.21,0.14,0.5,65,24.5,88,8,4,12,12,0.92,5,16,-11,-1.18,-0.9,0,8,8,0,0,17,9,,,1
ESP-La Liga,1819,Valladolid,Leonardo Suárez,ARG,"FW,MF",22,1996,12,7,517,5.7,2,0,2,2,0,0,0,0,0.35,0.0,0.35,0.35,0.35,10,3,30.0,1.74,0.52,0.2,0.67,43,15.1,68,1,5,9,6,1.33,5,3,2,0.35,1.0,0,5,9,3,6,1,3,,,0
ESP-La Liga,1819,Valladolid,Waldo Rubio,ESP,"MF,FW",22,1995,8,5,492,5.5,1,0,1,1,0,0,1,0,0.18,0.0,0.18,0.18,0.18,12,7,58.3,2.2,1.28,0.08,0.14,62,14.4,72,1,3,43,2,1.38,6,4,2,0.37,1.01,0,7,2,4,12,1,2,,,0
ESP-La Liga,1819,Villarreal,Alfonso Pedraza,ESP,"MF,DF",22,1996,34,22,2095,23.3,3,3,6,3,0,0,3,0,0.13,0.13,0.26,0.13,0.26,36,13,36.1,1.55,0.56,0.08,0.23,62,61.3,86,17,12,17,4,1.09,32,41,-9,-0.39,-0.79,0,42,12,7,95,29,44,,,0
ESP-La Liga,1819,Villarreal,Dani Raba,ESP,MF,22,1995,8,2,191,2.1,0,1,1,0,0,0,0,0,0.0,0.47,0.47,0.0,0.47,2,0,0.0,0.94,0.0,0.0,,24,5.6,71,1,6,8,8,0.63,2,4,-2,-0.94,-0.91,0,5,4,0,6,1,5,,,0
ESP-La Liga,1819,Villarreal,Miguel Juan Llambrich,ESP,"DF,MF",22,1996,8,5,544,6.0,0,0,0,0,0,0,1,0,0.0,0.0,0.0,0.0,0.0,2,0,0.0,0.33,0.0,0.0,,68,15.9,88,3,3,35,4,1.63,11,9,2,0.33,0.49,0,14,10,0,20,12,14,,,0
ESP-La Liga,1819,Villarreal,Pablo Fornals,ESP,"MF,FW",22,1996,35,28,2479,27.5,2,3,5,2,0,0,4,0,0.07,0.11,0.18,0.07,0.18,58,17,29.3,2.11,0.62,0.03,0.12,71,72.5,84,19,7,19,1,1.2,33,38,-5,-0.18,-0.37,0,31,43,4,36,24,26,,,0
FRA-Ligue 1,1819,Nice,Pedro Brazão,POR,MF,15,2002,1,0,14,0.2,0,0,0,0,0,0,0,0,0.0,0.0,0.0,0.0,0.0,0,0,,0.0,0.0,,,14,0.4,,0,1,14,0,0.0,0,0,0,0.0,0.13,0,0,0,0,1,0,0,0,0,0
FRA-Ligue 1,1819,Rennes,Eduardo Camavinga,FRA,MF,15,2002,7,4,364,4.0,0,0,0,0,0,0,1,0,0.0,0.0,0.0,0.0,0.0,2,1,50.0,0.49,0.25,0.0,0.0,52,10.6,81,1,3,14,7,1.43,8,5,3,0.74,0.74,0,9,11,0,0,3,16,0,0,0
FRA-Ligue 1,1819,Bordeaux,Albert Lottin,FRA,MF,16,2001,2,0,22,0.2,0,0,0,0,0,0,0,0,0.0,0.0,0.0,0.0,0.0,0,0,,0.0,0.0,,,11,0.6,,0,2,11,3,1.5,0,0,0,0.0,0.21,0,1,0,0,0,0,0,0,0,0
FRA-Ligue 1,1819,Monaco,Willem Geubbels,FRA,FW,16,2001,1,0,8,0.1,0,0,0,0,0,0,0,0,0.0,0.0,0.0,0.0,0.0,0,0,,0.0,0.0,,,8,0.2,,0,1,8,1,1.0,0,0,0,0.0,0.5,0,0,0,0,0,0,0,0,0,0
FRA-Ligue 1,1819,Angers,Rayan Aït-Nouri,ALG,"DF,MF",17,2001,3,0,57,0.6,0,0,0,0,0,0,1,0,0.0,0.0,0.0,0.0,0.0,0,0,,0.0,0.0,,,19,1.7,,0,3,19,16,0.33,1,3,-2,-3.16,-3.08,0,1,1,0,0,0,2,0,1,0
FRA-Ligue 1,1819,Dijon,Enzo Loiodice,FRA,MF,17,2000,12,10,850,9.4,0,1,1,0,0,0,4,1,0.0,0.11,0.11,0.0,0.11,5,2,40.0,0.53,0.21,0.0,0.0,71,24.9,83,6,2,9,9,0.92,11,16,-5,-0.53,0.31,1,13,18,0,3,9,15,0,0,0
FRA-Ligue 1,1819,Guingamp,Louis Carnot,FRA,MF,17,2001,1,0,8,0.1,0,0,0,0,0,0,0,0,0.0,0.0,0.0,0.0,0.0,0,0,,0.0,0.0,,,8,0.2,,0,1,8,1,1.0,0,0,0,0.0,1.06,0,0,0,0,2,0,0,0,0,0
FRA-Ligue 1,1819,Lyon,Lenny Pintor,FRA,MF,17,2000,1,0,1,0.0,0,0,0,0,0,0,0,0,0.0,0.0,0.0,0.0,0.0,0,0,,0.0,0.0,,,1,0.0,,0,1,1,3,3.0,0,0,0,0.0,-0.61,0,0,0,0,0,0,0,0,0,0
FRA-Ligue 1,1819,Monaco,Benoît Badiashile,FRA,DF,17,2001,20,20,1762,19.6,1,0,1,1,0,0,4,0,0.05,0.0,0.05,0.05,0.05,6,2,33.3,0.31,0.1,0.17,0.5,88,51.5,88,19,0,,5,1.05,20,33,-13,-0.66,-0.34,0,13,5,0,2,21,18,1,1,1
FRA-Ligue 1,1819,Monaco,Han-Noah Massengo,FRA,MF,17,2001,3,0,61,0.7,0,0,0,0,0,0,0,0,0.0,0.0,0.0,0.0,0.0,0,0,,0.0,0.0,,,20,1.8,,0,3,20,3,1.0,1,0,1,1.48,2.01,0,0,1,0,0,2,2,0,0,0
FRA-Ligue 1,1819,Monaco,Pietro Pellegri,ITA,FW,17,2001,3,0,82,0.9,1,0,1,1,0,0,1,0,1.1,0.0,1.1,1.1,1.1,1,1,100.0,1.1,1.1,1.0,1.0,27,2.4,,0,3,27,0,0.0,1,2,-1,-1.1,-0.61,0,4,2,0,0,1,1,0,0,0
FRA-Ligue 1,1819,Monaco,Wilson Isidor,HAI,"FW,MF",17,2000,1,0,42,0.5,0,0,0,0,0,0,0,0,0.0,0.0,0.0,0.0,0.0,2,0,0.0,4.29,0.0,0.0,,42,1.2,,0,1,42,3,0.0,0,2,-2,-4.29,-3.83,0,1,0,0,2,0,0,0,0,0
FRA-Ligue 1,1819,Nantes,Abdoulaye Dabo,FRA,"MF,FW",17,2001,2,2,116,1.3,0,0,0,0,0,0,0,0,0.0,0.0,0.0,0.0,0.0,0,0,,0.0,0.0,,,58,3.4,58,0,0,,2,0.5,0,2,-2,-1.55,-1.61,0,2,2,0,1,0,1,0,0,0
FRA-Ligue 1,1819,Nice,Mohamed Lamine Diaby,FRA,FW,17,2001,6,2,162,1.8,0,0,0,0,0,0,0,0,0.0,0.0,0.0,0.0,0.0,2,0,0.0,1.11,0.0,0.0,,27,4.7,40,0,4,21,2,0.67,1,4,-3,-1.67,-1.61,0,4,3,3,0,1,1,0,0,0
FRA-Ligue 1,1819,Paris Saint-Germain,Loïc Mbe Soh,FRA,DF,17,2001,2,2,180,2.0,0,0,0,0,0,0,0,0,0.0,0.0,0.0,0.0,0.0,1,0,0.0,0.5,0.0,0.0,,90,5.3,90,2,0,,3,3.0,6,1,5,2.5,0.69,0,1,0,0,0,1,1,0,0,0
FRA-Ligue 1,1819,Rennes,Sacha Boey,FRA,DF,17,2000,1,0,14,0.2,0,0,0,0,0,0,0,0,0.0,0.0,0.0,0.0,0.0,0,0,,0.0,0.0,,,14,0.4,,0,1,14,4,1.0,0,0,0,0.0,-0.08,0,0,0,0,0,0,0,0,0,0
FRA-Ligue 1,1819,Saint-Étienne,Wesley Fofana,FRA,DF,17,2000,2,1,161,1.8,0,0,0,0,0,0,0,0,0.0,0.0,0.0,0.0,0.0,0,0,,0.0,0.0,,,81,4.7,90,1,1,71,2,2.0,4,1,3,1.68,1.26,0,2,4,0,0,4,6,0,0,0
FRA-Ligue 1,1819,Saint-Étienne,William Saliba,FRA,DF,17,2001,16,13,1277,14.2,0,0,0,0,0,0,1,0,0.0,0.0,0.0,0.0,0.0,4,2,50.0,0.28,0.14,0.0,0.0,80,37.3,89,11,3,41,14,2.0,28,11,17,1.2,1.16,0,10,10,0,2,24,20,0,2,0
FRA-Ligue 1,1819,Toulouse,Bafodé Diakité,FRA,"DF,MF",17,2001,9,7,633,7.0,1,0,1,1,0,0,2,0,0.14,0.0,0.14,0.14,0.14,1,1,100.0,0.14,0.14,1.0,1.0,70,18.5,89,6,2,4,11,1.22,7,9,-2,-0.28,0.36,0,8,7,0,6,10,9,0,1,0
FRA-Ligue 1,1819,Toulouse,Manu Koné,FRA,MF,17,2001,1,1,68,0.8,0,0,0,0,0,0,0,0,0.0,0.0,0.0,0.0,0.0,0,0,,0.0,0.0,,,68,2.0,68,0,0,,0,0.0,1,2,-1,-1.32,-0.76,0,1,1,0,0,0,1,0,0,0
FRA-Ligue 1,1819,Amiens,Gaoussou Traoré,MLI,MF,18,1999,3,1,107,1.2,0,0,0,0,0,0,1,0,0.0,0.0,0.0,0.0,0.0,1,1,100.0,0.84,0.84,0.0,0.0,36,3.1,61,0,2,23,12,1.0,0,3,-3,-2.52,-2.03,0,1,4,0,1,0,5,0,0,0
FRA-Ligue 1,1819,Bordeaux,Aurélien Tchouaméni,FRA,MF,18,2000,10,8,704,7.8,0,0,0,0,0,0,3,0,0.0,0.0,0.0,0.0,0.0,6,1,16.7,0.77,0.13,0.0,0.0,70,20.6,81,4,2,30,7,1.2,6,6,0,0.0,0.27,0,17,8,1,1,24,13,0,0,0
FRA-Ligue 1,1819,Bordeaux,Till Cissokho,FRA,DF,18,2000,1,1,78,0.9,0,0,0,0,0,0,0,0,0.0,0.0,0.0,0.0,0.0,0,0,,0.0,0.0,,,78,2.3,78,0,0,,2,0.0,0,2,-2,-2.31,-2.15,0,1,1,0,0,2,1,0,0,0
FRA-Ligue 1,1819,Bordeaux,Yacine Adli,FRA,MF,18,2000,7,2,216,2.4,0,0,0,0,0,0,1,0,0.0,0.0,0.0,0.0,0.0,1,0,0.0,0.42,0.0,0.0,,31,6.3,71,0,5,15,3,0.57,0,2,-2,-0.83,-0.66,0,4,1,0,9,2,3,0,0,0
FRA-Ligue 1,1819,Guingamp,Djégui Koita,FRA,DF,18,1999,2,1,173,1.9,0,0,0,0,0,0,0,0,0.0,0.0,0.0,0.0,0.0,0,0,,0.0,0.0,,,87,5.1,90,1,1,83,1,1.0,0,1,-1,-0.52,0.56,0,1,1,0,0,0,6,0,0,0
FRA-Ligue 1,1819,Guingamp,Matthias Phaeton,GLP,"FW,MF",18,2000,4,0,56,0.6,0,0,0,0,0,0,0,0,0.0,0.0,0.0,0.0,0.0,1,1,100.0,1.61,1.61,0.0,0.0,14,1.6,,0,4,14,2,0.0,2,1,1,1.61,2.7,0,1,2,0,0,0,1,0,0,0
FRA-Ligue 1,1819,Lille,Arton Zekaj,KVX,MF,18,2000,1,0,1,0.0,0,0,0,0,0,0,0,0,0.0,0.0,0.0,0.0,0.0,0,0,,0.0,0.0,,,1,0.0,,0,1,1,1,3.0,0,0,0,0.0,-0.92,0,0,0,0,0,0,0,0,0,0
FRA-Ligue 1,1819,Lyon,Oumar Solet,FRA,DF,18,2000,1,1,59,0.7,0,0,0,0,0,0,1,0,0.0,0.0,0.0,0.0,0.0,0,0,,0.0,0.0,,,59,1.7,59,0,0,,7,1.0,0,1,-1,-1.53,-2.17,0,2,0,0,0,1,0,0,0,0
FRA-Ligue 1,1819,Marseille,Boubacar Kamara,FRA,DF,18,1999,31,27,2411,26.8,1,0,1,1,0,0,6,0,0.04,0.0,0.04,0.04,0.04,10,4,40.0,0.37,0.15,0.1,0.25,78,70.5,88,25,4,11,4,1.65,40,38,2,0.07,-0.46,0,25,31,1,6,43,37,0,1,0
FRA-Ligue 1,1819,Monaco,Giulian Biancone,FRA,DF,18,2000,1,1,90,1.0,0,0,0,0,0,0,0,0,0.0,0.0,0.0,0.0,0.0,1,0,0.0,1.0,0.0,0.0,,90,2.6,90,1,0,,5,0.0,0,2,-2,-2.0,-1.54,0,2,0,0,1,3,3,0,0,0
FRA-Ligue 1,1819,Monaco,Moussa Sylla,MLI,"FW,MF",18,1999,18,7,769,8.5,0,0,0,0,0,0,1,0,0.0,0.0,0.0,0.0,0.0,16,5,31.3,1.87,0.59,0.0,0.0,43,22.5,79,4,11,20,7,0.5,8,18,-10,-1.17,-0.86,0,8,13,1,8,1,5,1,0,0
FRA-Ligue 1,1819,Monaco,Sofiane Diop,MAR,"MF,FW",18,2000,13,9,741,8.2,0,0,0,0,0,0,1,0,0.0,0.0,0.0,0.0,0.0,10,3,30.0,1.21,0.36,0.0,0.0,57,21.7,75,4,4,17,6,0.77,5,12,-7,-0.85,-0.45,0,18,11,1,16,8,7,0,0,0
FRA-Ligue 1,1819,Nice,Andy Pelmard,MAD,DF,18,2000,4,4,275,3.1,0,0,0,0,0,0,0,0,0.0,0.0,0.0,0.0,0.0,0,0,,0.0,0.0,,,69,8.0,69,1,0,,8,1.0,1,4,-3,-0.98,-0.92,0,4,2,0,1,3,5,0,0,0
FRA-Ligue 1,1819,Nice,Assil Jaziri,TUN,MF,18,1999,3,0,37,0.4,0,0,0,0,0,0,0,0,0.0,0.0,0.0,0.0,0.0,4,2,50.0,9.73,4.86,0.0,0.0,12,1.1,,0,3,12,2,2.0,0,0,0,0.0,0.13,0,2,1,0,3,1,2,0,0,0
FRA-Ligue 1,1819,Nice,Eddy Sylvestre,FRA,FW,18,1999,5,3,266,3.0,0,1,1,0,0,0,0,0,0.0,0.34,0.34,0.0,0.34,3,1,33.3,1.02,0.34,0.0,0.0,53,7.8,72,1,2,25,4,1.4,4,2,2,0.68,0.88,0,4,6,0,1,0,2,0,0,0
FRA-Ligue 1,1819,Nice,Paul Wade,FRA,DF,18,2000,1,0,8,0.1,0,0,0,0,0,0,0,0,0.0,0.0,0.0,0.0,0.0,0,0,,0.0,0.0,,,8,0.2,,0,1,8,0,3.0,0,0,0,0.0,0.13,0,0,0,0,0,0,0,0,0,0
FRA-Ligue 1,1819,Paris Saint-Germain,Timothy Weah,USA,FW,18,2000,2,1,54,0.6,1,0,1,1,0,0,1,0,1.67,0.0,1.67,1.67,1.67,2,2,100.0,3.33,3.33,0.5,0.5,27,1.6,45,0,1,9,0,3.0,1,1,0,0.0,-1.87,0,2,0,0,1,0,1,0,0,0
FRA-Ligue 1,1819,Saint-Étienne,Charles Abi,FRA,FW,18,2000,3,0,32,0.4,0,0,0,0,0,0,0,0,0.0,0.0,0.0,0.0,0.0,1,0,0.0,2.81,0.0,0.0,,11,0.9,,0,3,11,4,1.67,0,0,0,0.0,-0.48,0,2,1,0,0,0,4,0,0,0
FRA-Ligue 1,1819,Saint-Étienne,Kenny Rocha Santos,CPV,"FW,MF",18,2000,1,0,1,0.0,0,0,0,0,0,0,0,0,0.0,0.0,0.0,0.0,0.0,0,0,,0.0,0.0,,,1,0.0,,0,1,1,7,1.0,0,0,0,0.0,-0.47,0,0,0,0,0,0,0,0,0,0
FRA-Ligue 1,1819,Strasbourg,Mootaz Zemzemi,TUN,MF,18,1999,2,0,3,0.0,0,0,0,0,0,0,0,0,0.0,0.0,0.0,0.0,0.0,0,0,,0.0,0.0,,,2,0.1,,0,2,2,7,1.0,0,0,0,0.0,-0.26,0,0,0,0,0,0,0,0,0,0
FRA-Ligue 1,1819,Toulouse,Jean-Clair Todibo,FRA,DF,18,1999,10,10,834,9.3,1,0,1,1,0,0,3,1,0.11,0.0,0.11,0.11,0.11,2,2,100.0,0.22,0.22,0.5,0.5,83,24.4,83,8,0,,1,1.3,10,14,-4,-0.43,0.19,1,12,5,0,0,13,19,1,1,0
FRA-Ligue 1,1819,Toulouse,Nathan N'Goumou,CMR,FW,18,2000,1,1,70,0.8,0,0,0,0,0,0,0,0,0.0,0.0,0.0,0.0,0.0,1,0,0.0,1.29,0.0,0.0,,70,2.0,70,0,0,,0,0.0,1,2,-1,-1.29,-0.72,0,1,0,0,0,0,1,0,0,0
FRA-Ligue 1,1819,Amiens,Sanasi Sy,FRA,DF,19,1999,1,0,1,0.0,0,0,0,0,0,0,0,0,0.0,0.0,0.0,0.0,0.0,0,0,,0.0,0.0,,,1,0.0,,0,1,1,8,0.0,0,0,0,0.0,0.55,0,0,0,0,0,0,0,0,0,0
FRA-Ligue 1,1819,Bordeaux,Gaëtan Poussin,FRA,GK,19,1999,1,1,90,1.0,0,0,0,0,0,0,0,0,0.0,0.0,0.0,0.0,0.0,0,0,,0.0,0.0,,,90,2.6,90,1,0,,37,3.0,1,0,1,1.0,1.24,0,0,1,0,0,0,0,0,0,0
FRA-Ligue 1,1819,Bordeaux,Josh Maja,NGA,FW,19,1998,7,3,198,2.2,1,0,1,1,0,0,1,0,0.45,0.0,0.45,0.45,0.45,5,2,40.0,2.27,0.91,0.2,0.5,28,5.8,52,0,4,11,4,0.71,2,2,0,0.0,0.22,0,4,2,0,1,0,1,0,1,0
FRA-Ligue 1,1819,Bordeaux,Jules Koundé,FRA,DF,19,1998,37,37,3330,37.0,0,1,1,0,0,0,4,0,0.0,0.03,0.03,0.0,0.03,14,1,7.1,0.38,0.03,0.0,0.0,90,97.4,90,37,0,,0,1.11,34,41,-7,-0.19,0.81,0,26,22,0,5,48,30,0,2,0
FRA-Ligue 1,1819,Bordeaux,Yassine Benrahou,FRA,MF,19,1999,4,1,177,2.0,0,0,0,0,0,0,0,0,0.0,0.0,0.0,0.0,0.0,6,3,50.0,3.05,1.53,0.0,0.0,44,5.2,90,1,3,29,2,0.0,0,2,-2,-1.02,-0.85,0,2,4,0,16,2,5,0,0,0
FRA-Ligue 1,1819,Bordeaux,Zaydou Youssouf,COM,"MF,FW",19,1999,11,7,422,4.7,0,0,0,0,0,0,1,0,0.0,0.0,0.0,0.0,0.0,6,3,50.0,1.28,0.64,0.0,0.0,38,12.3,55,0,4,10,8,1.0,2,6,-4,-0.85,-0.73,0,9,12,1,8,4,5,0,0,0
FRA-Ligue 1,1819,Caen,Evens Joseph,FRA,MF,19,1999,13,2,340,3.8,0,0,0,0,0,0,0,0,0.0,0.0,0.0,0.0,0.0,3,1,33.3,0.79,0.26,0.0,0.0,26,9.9,58,0,11,20,2,0.46,4,6,-2,-0.53,0.14,0,4,12,0,4,1,2,1,0,0
FRA-Ligue 1,1819,Caen,Herman Moussaki,FRA,MF,19,1999,6,2,204,2.3,0,1,1,0,0,0,1,0,0.0,0.44,0.44,0.0,0.44,3,0,0.0,1.32,0.0,0.0,,34,6.0,71,1,4,16,2,1.17,3,5,-2,-0.88,-0.24,0,4,6,0,1,0,3,0,0,0
FRA-Ligue 1,1819,Caen,Timo Stavitski,FIN,"FW,MF",19,1999,1,0,14,0.2,0,0,0,0,0,0,0,0,0.0,0.0,0.0,0.0,0.0,0,0,,0.0,0.0,,,14,0.4,,0,1,14,1,0.0,0,1,-1,-6.43,-5.79,0,0,0,0,0,0,0,0,0,0
FRA-Ligue 1,1819,Caen,Younn Zahary,COM,DF,19,1998,12,7,736,8.2,0,0,0,0,0,0,3,0,0.0,0.0,0.0,0.0,0.0,0,0,,0.0,0.0,,,61,21.5,88,6,5,24,3,1.17,4,12,-8,-0.98,-0.41,0,12,3,0,6,17,10,0,2,0
FRA-Ligue 1,1819,Lille,Boubakary Soumaré,FRA,MF,19,1999,18,5,564,6.3,1,1,2,1,0,0,2,0,0.16,0.16,0.32,0.16,0.32,3,1,33.3,0.48,0.16,0.33,1.0,31,16.5,90,5,13,9,15,2.0,19,7,12,1.91,1.19,0,6,8,0,0,6,13,0,0,0
FRA-Ligue 1,1819,Lille,Rafael Leão,POR,FW,19,1999,24,16,1287,14.3,8,3,11,8,0,0,3,0,0.56,0.21,0.77,0.56,0.77,37,21,56.8,2.59,1.47,0.22,0.38,54,37.6,70,0,8,21,3,1.83,20,7,13,0.91,-0.02,0,25,17,3,11,4,4,1,0,0
FRA-Ligue 1,1819,Monaco,Jordi Mboula,ESP,MF,19,1999,7,3,276,3.1,0,0,0,0,0,0,1,0,0.0,0.0,0.0,0.0,0.0,9,2,22.2,2.93,0.65,0.0,0.0,39,8.1,60,0,4,24,3,0.71,2,3,-1,-0.33,0.19,0,6,4,0,28,1,0,0,0,0
FRA-Ligue 1,1819,Montpellier,Bilal Boutobba,FRA,"FW,MF",19,1998,2,0,32,0.4,0,0,0,0,0,0,0,0,0.0,0.0,0.0,0.0,0.0,3,0,0.0,8.44,0.0,0.0,,16,0.9,,0,2,16,5,0.5,0,2,-2,-5.63,-5.97,0,0,3,0,1,0,0,0,0,0
FRA-Ligue 1,1819,Montpellier,Nicolas Cozza,FRA,DF,19,1999,12,11,984,10.9,0,1,1,0,0,0,0,0,0.0,0.09,0.09,0.0,0.09,0,0,,0.0,0.0,,,82,28.8,83,8,1,72,17,1.08,17,17,0,0.0,-0.41,0,11,10,0,2,22,15,0,1,0
FRA-Ligue 1,1819,Montpellier,Yanis Ammour,FRA,FW,19,1999,1,0,2,0.0,0,0,0,0,0,0,0,0,0.0,0.0,0.0,0.0,0.0,0,0,,0.0,0.0,,,2,0.1,,0,1,2,2,3.0,0,0,0,0.0,-0.29,0,1,0,0,0,0,0,0,0,0
FRA-Ligue 1,1819,Nantes,Elie Youan,FRA,"FW,MF",19,1999,1,0,19,0.2,0,0,0,0,0,0,0,0,0.0,0.0,0.0,0.0,0.0,0,0,,0.0,0.0,,,19,0.6,,0,1,19,1,0.0,0,0,0,0.0,0.0,0,0,0,0,0,0,1,0,0,0
FRA-Ligue 1,1819,Nantes,Imran Louza,MAR,MF,19,1999,1,1,88,1.0,0,0,0,0,0,0,1,0,0.0,0.0,0.0,0.0,0.0,1,0,0.0,1.02,0.0,0.0,,88,2.6,88,0,0,,6,0.0,0,1,-1,-1.02,-1.05,0,4,0,0,2,0,0,0,0,0
FRA-Ligue 1,1819,Nantes,Randal Kolo Muani,FRA,FW,19,1998,6,1,122,1.4,0,0,0,0,0,0,1,0,0.0,0.0,0.0,0.0,0.0,3,1,33.3,2.21,0.74,0.0,0.0,20,3.6,89,0,5,7,4,1.0,0,3,-3,-2.21,-2.29,0,8,1,0,1,0,0,0,0,0
FRA-Ligue 1,1819,Nantes,Thomas Basila,FRA,DF,19,1999,2,1,92,1.0,0,0,0,0,0,0,0,0,0.0,0.0,0.0,0.0,0.0,0,0,,0.0,0.0,,,46,2.7,90,1,1,2,2,3.0,2,1,1,0.98,1.01,0,0,1,0,0,0,1,0,0,0
FRA-Ligue 1,1819,Nice,Ignatius Ganago,CMR,"FW,MF",19,1999,20,9,1036,11.5,2,0,2,2,0,0,1,0,0.17,0.0,0.17,0.17,0.17,27,10,37.0,2.35,0.87,0.07,0.2,52,30.3,78,3,11,30,2,1.55,10,11,-1,-0.09,0.06,0,9,12,2,3,1,1,1,0,0
FRA-Ligue 1,1819,Nice,Malang Sarr,FRA,DF,19,1999,35,34,2994,33.3,1,1,2,1,0,0,1,0,0.03,0.03,0.06,0.03,0.06,9,1,11.1,0.27,0.03,0.11,1.0,86,87.5,88,32,1,2,2,1.51,27,29,-2,-0.06,0.57,0,31,30,0,10,71,35,0,1,1
FRA-Ligue 1,1819,Nice,Myziane Maolida,COM,FW,19,1999,14,10,952,10.6,0,3,3,0,0,0,2,0,0.0,0.28,0.28,0.0,0.28,18,7,38.9,1.7,0.66,0.0,0.0,68,27.8,83,2,4,31,1,1.64,8,11,-3,-0.28,-0.21,0,5,7,3,7,2,8,0,0,0
FRA-Ligue 1,1819,Nîmes,Théo Sainte-Luce,FRA,DF,19,1998,1,0,1,0.0,0,0,0,0,0,0,0,0,0.0,0.0,0.0,0.0,0.0,0,0,,0.0,0.0,,,1,0.0,,0,1,1,0,3.0,0,0,0,0.0,0.03,0,0,0,0,0,0,0,0,0,0
FRA-Ligue 1,1819,Paris Saint-Germain,Antoine Bernede,FRA,MF,19,1999,2,2,169,1.9,0,0,0,0,0,0,0,0,0.0,0.0,0.0,0.0,0.0,1,1,100.0,0.53,0.53,0.0,0.0,85,4.9,85,1,0,,2,3.0,4,1,3,1.6,-0.26,0,2,1,0,0,3,7,0,0,0
FRA-Ligue 1,1819,Paris Saint-Germain,Colin Dagba,FRA,"DF,MF",19,1998,17,9,918,10.2,0,2,2,0,0,0,2,0,0.0,0.2,0.2,0.0,0.2,3,2,66.7,0.29,0.2,0.0,0.0,54,26.8,80,7,8,24,4,2.35,26,15,11,1.08,-1.04,0,19,6,1,18,10,11,0,0,0
FRA-Ligue 1,1819,Paris Saint-Germain,Kylian Mbappé,FRA,"FW,MF",19,1998,29,24,2343,26.0,33,7,40,32,1,2,5,1,1.27,0.27,1.54,1.23,1.5,125,70,56.0,4.8,2.69,0.26,0.46,81,68.5,90,22,5,39,0,2.48,80,21,59,2.27,1.35,0,19,44,30,25,5,4,4,0,0
FRA-Ligue 1,1819,Paris Saint-Germain,Metehan Güçlü,TUR,FW,19,1999,1,0,17,0.2,1,0,1,1,0,0,0,0,5.29,0.0,5.29,5.29,5.29,2,2,100.0,10.59,10.59,0.5,0.5,17,0.5,,0,1,17,0,0.0,1,0,1,5.29,3.47,0,1,0,0,0,0,0,0,0,0
FRA-Ligue 1,1819,Paris Saint-Germain,Moussa Diaby,FRA,MF,19,1999,25,10,1141,12.7,2,6,8,2,0,0,1,0,0.16,0.47,0.63,0.16,0.63,23,8,34.8,1.81,0.63,0.09,0.25,46,33.4,83,6,15,21,11,2.48,32,12,20,1.58,-0.4,0,15,6,2,30,10,8,0,0,0
FRA-Ligue 1,1819,Paris Saint-Germain,Stanley N'Soki,FRA,DF,19,1999,12,8,698,7.8,0,0,0,0,0,0,2,0,0.0,0.0,0.0,0.0,0.0,0,0,,0.0,0.0,,,58,20.4,78,5,4,20,15,2.42,18,9,9,1.16,-0.86,0,9,3,1,6,16,14,0,0,0
FRA-Ligue 1,1819,Rennes,Armand Lauriente,FRA,"FW,MF",19,1998,1,0,4,0.0,0,0,0,0,0,0,0,0,0.0,0.0,0.0,0.0,0.0,0,0,,0.0,0.0,,,4,0.1,,0,1,4,11,0.0,0,0,0,0.0,-0.08,0,0,0,0,0,0,0,0,0,0
FRA-Ligue 1,1819,Rennes,Nicolas Janvier,FRA,MF,19,1998,1,0,3,0.0,0,0,0,0,0,0,0,0,0.0,0.0,0.0,0.0,0.0,0,0,,0.0,0.0,,,3,0.1,,0,1,3,7,3.0,0,1,-1,-30.0,-30.11,0,0,0,0,0,0,0,0,0,0
FRA-Ligue 1,1819,Saint-Étienne,Lamine Ghezali,FRA,MF,19,1999,6,0,44,0.5,1,0,1,1,0,0,1,0,2.05,0.0,2.05,2.05,2.05,1,1,100.0,2.05,2.05,1.0,1.0,7,1.3,,0,6,7,3,2.17,2,0,2,4.09,3.66,0,3,2,0,3,0,1,0,0,0
FRA-Ligue 1,1819,Strasbourg,Ismael Aaneba,FRA,"MF,DF",19,1999,3,3,204,2.3,0,0,0,0,0,0,3,0,0.0,0.0,0.0,0.0,0.0,0,0,,0.0,0.0,,,68,6.0,68,1,0,,7,0.33,0,2,-2,-0.88,-1.22,0,6,0,0,10,7,7,0,0,0
FRA-Ligue 1,1819,Strasbourg,Youssouf Fofana,FRA,MF,19,1999,17,10,912,10.1,2,1,3,2,0,0,0,0,0.2,0.1,0.3,0.2,0.3,12,3,25.0,1.18,0.3,0.17,0.67,54,26.7,83,7,7,11,10,1.35,19,14,5,0.49,0.31,0,17,9,0,5,14,18,0,0,0
FRA-Ligue 1,1819,Toulouse,Hakim El Mokeddem,,,19,1999,2,0,25,0.3,0,0,0,0,0,0,0,0,0.0,0.0,0.0,0.0,0.0,0,0,,0.0,0.0,,,13,0.7,,0,2,13,2,0.5,1,0,1,3.6,4.21,0,0,0,0,1,0,0,0,0,0
FRA-Ligue 1,1819,Toulouse,Kalidou Sidibé,MLI,MF,19,1999,20,18,1259,14.0,1,0,1,1,0,0,8,0,0.07,0.0,0.07,0.07,0.07,4,2,50.0,0.29,0.14,0.25,0.5,63,36.8,69,5,2,6,5,1.1,11,18,-7,-0.5,0.12,0,38,14,0,1,15,17,0,0,0
FRA-Ligue 1,1819,Amiens,Cheick Timite,CIV,"MF,FW",20,1997,27,15,1456,16.2,1,1,2,1,0,0,2,0,0.06,0.06,0.12,0.06,0.12,35,9,25.7,2.16,0.56,0.03,0.11,54,42.6,86,8,12,14,9,0.93,12,16,-4,-0.25,0.53,0,43,25,1,24,9,14,0,1,0
FRA-Ligue 1,1819,Angers,Jeff Reine-Adélaïde,FRA,"FW,MF",20,1998,35,29,2556,28.4,3,3,6,3,0,1,2,0,0.11,0.11,0.21,0.11,0.21,38,16,42.1,1.34,0.56,0.08,0.19,73,74.7,82,14,6,28,0,1.14,31,39,-8,-0.28,-0.59,0,31,68,4,18,19,27,1,0,0
FRA-Ligue 1,1819,Angers,Wilfried Kanga,CIV,FW,20,1998,18,4,493,5.5,2,0,2,2,0,0,3,0,0.37,0.0,0.37,0.37,0.37,20,8,40.0,3.65,1.46,0.1,0.25,27,14.4,65,1,14,17,11,1.33,6,5,1,0.18,0.37,0,11,7,0,5,0,0,1,0,0
FRA-Ligue 1,1819,Bordeaux,Samuel Kalu,NGA,"MF,FW",20,1997,21,14,1281,14.2,3,2,5,3,0,1,3,1,0.21,0.14,0.35,0.21,0.35,41,15,36.6,2.88,1.05,0.07,0.2,61,37.5,79,9,7,25,0,1.29,13,14,-1,-0.07,0.22,0,19,38,2,95,8,18,1,0,0
FRA-Ligue 1,1819,Bordeaux,Yann Karamoh,FRA,"FW,MF",20,1998,22,13,1224,13.6,3,1,4,3,0,0,2,0,0.22,0.07,0.29,0.22,0.29,37,12,32.4,2.72,0.88,0.08,0.25,56,35.8,79,5,9,21,5,1.18,13,14,-1,-0.07,0.21,0,12,27,3,67,6,3,0,0,0
FRA-Ligue 1,1819,Caen,Jessy Deminguet,FRA,MF,20,1998,20,15,1269,14.1,0,0,0,0,0,0,2,0,0.0,0.0,0.0,0.0,0.0,8,2,25.0,0.57,0.14,0.0,0.0,63,37.1,77,7,5,22,11,1.0,10,18,-8,-0.57,0.14,0,22,14,0,14,21,27,0,0,0
FRA-Ligue 1,1819,Caen,Yoël Armougom,FRA,"DF,MF",20,1998,29,20,1853,20.6,0,1,1,0,0,0,5,1,0.0,0.05,0.05,0.0,0.05,11,1,9.1,0.53,0.05,0.0,0.0,64,54.2,86,16,9,16,6,0.97,18,29,-11,-0.53,0.27,1,20,15,1,71,22,24,0,1,0
FRA-Ligue 1,1819,Dijon,Jules Keita,GUI,MF,20,1998,17,2,456,5.1,2,1,3,2,0,0,3,0,0.39,0.2,0.59,0.39,0.59,16,5,31.3,3.16,0.99,0.13,0.4,27,13.3,79,1,15,20,7,0.76,7,8,-1,-0.2,0.65,0,12,8,4,1,2,4,0,0,0
FRA-Ligue 1,1819,Guingamp,Ludovic Blas,FRA,MF,20,1997,34,27,2372,26.4,1,6,7,0,1,1,5,0,0.04,0.23,0.27,0.0,0.23,41,9,22.0,1.56,0.34,0.0,0.0,70,69.4,82,15,7,22,2,0.76,20,42,-22,-0.83,0.71,0,38,35,2,20,24,39,0,0,0
FRA-Ligue 1,1819,Guingamp,Marcus Thuram,FRA,"MF,FW",20,1997,32,32,2571,28.6,9,1,10,5,4,5,4,2,0.32,0.04,0.35,0.18,0.21,59,24,40.7,2.07,0.84,0.08,0.21,80,75.2,80,20,0,,0,0.63,22,56,-34,-1.19,-0.55,0,44,43,8,46,13,31,2,1,0
FRA-Ligue 1,1819,Lille,Gabriel Magalhães,BRA,DF,20,1997,14,11,1066,11.8,1,0,1,1,0,0,1,0,0.08,0.0,0.08,0.08,0.08,10,3,30.0,0.84,0.25,0.1,0.33,76,31.2,90,11,3,25,7,2.0,22,5,17,1.44,0.75,0,14,13,0,1,20,11,0,0,0
FRA-Ligue 1,1819,Lille,Jonathan Ikone,FRA,MF,20,1998,38,34,2796,31.1,3,9,12,3,0,0,3,0,0.1,0.29,0.39,0.1,0.39,50,17,34.0,1.61,0.55,0.06,0.18,74,81.8,81,12,4,9,0,1.97,49,25,24,0.77,-0.81,0,36,29,2,24,5,16,0,0,0
FRA-Ligue 1,1819,Lyon,Houssem Aouar,ALG,MF,20,1998,37,35,3061,34.0,7,7,14,7,0,0,2,0,0.21,0.21,0.41,0.21,0.41,69,22,31.9,2.03,0.65,0.1,0.32,83,89.5,87,26,2,12,1,1.86,62,45,17,0.5,-1.0,0,30,53,11,7,32,37,2,0,0
FRA-Ligue 1,1819,Lyon,Pape Cheikh Diop,SEN,MF,20,1997,12,5,454,5.0,0,0,0,0,0,0,3,0,0.0,0.0,0.0,0.0,0.0,4,1,25.0,0.79,0.2,0.0,0.0,38,13.3,72,0,7,13,24,1.75,10,6,4,0.79,0.22,0,13,8,0,0,2,2,0,0,0
FRA-Ligue 1,1819,Marseille,Christopher Rocchia,FRA,DF,20,1998,1,0,3,0.0,0,0,0,0,0,0,0,0,0.0,0.0,0.0,0.0,0.0,0,0,,0.0,0.0,,,3,0.1,,0,1,3,3,0.0,1,1,0,0.0,-0.21,0,0,0,0,1,0,0,0,0,0
FRA-Ligue 1,1819,Marseille,Maxime Lopez,FRA,MF,20,1997,32,25,2180,24.2,1,3,4,1,0,0,4,0,0.04,0.12,0.17,0.04,0.17,13,4,30.8,0.54,0.17,0.08,0.25,68,63.7,82,12,7,20,6,1.81,38,24,14,0.58,1.01,0,31,15,0,66,23,26,0,0,0
FRA-Ligue 1,1819,Monaco,Julien Serrano,FRA,MF,20,1998,3,1,119,1.3,0,0,0,0,0,0,1,0,0.0,0.0,0.0,0.0,0.0,1,0,0.0,0.76,0.0,0.0,,40,3.5,90,1,2,15,3,1.67,1,2,-1,-0.76,-0.27,0,2,1,1,2,3,5,0,0,0
FRA-Ligue 1,1819,Monaco,Romain Faivre,FRA,MF,20,1998,1,1,90,1.0,0,0,0,0,0,0,1,0,0.0,0.0,0.0,0.0,0.0,2,0,0.0,2.0,0.0,0.0,,90,2.6,90,1,0,,1,0.0,0,2,-2,-2.0,-1.54,0,3,2,0,0,1,0,0,0,0
FRA-Ligue 1,1819,Monaco,Ronaël Pierre-Gabriel,FRA,DF,20,1998,4,4,355,3.9,0,0,0,0,0,0,1,0,0.0,0.0,0.0,0.0,0.0,0,0,,0.0,0.0,,,89,10.4,89,3,0,,3,2.25,7,3,4,1.01,1.69,0,5,6,0,1,3,8,0,0,0
FRA-Ligue 1,1819,Montpellier,Dimitry Bertaud,COD,GK,20,1998,1,1,90,1.0,0,0,0,0,0,0,0,0,0.0,0.0,0.0,0.0,0.0,0,0,,0.0,0.0,,,90,2.6,90,1,0,,30,1.0,0,0,0,0.0,-0.3,0,0,0,0,0,0,0,0,0,0
FRA-Ligue 1,1819,Nice,Jean-Victor Makengo,FRA,"MF,FW",20,1998,25,11,1029,11.4,1,0,1,1,0,0,3,0,0.09,0.0,0.09,0.09,0.09,13,5,38.5,1.14,0.44,0.08,0.2,41,30.1,70,2,14,19,7,1.28,9,11,-2,-0.17,-0.06,0,12,14,0,5,8,9,0,0,0
FRA-Ligue 1,1819,Nice,Maxime Pélican,FRA,FW,20,1998,2,1,91,1.0,0,0,0,0,0,0,0,0,0.0,0.0,0.0,0.0,0.0,0,0,,0.0,0.0,,,46,2.7,65,0,1,26,0,1.5,1,1,0,0.0,0.14,0,1,1,0,1,0,1,0,0,0
FRA-Ligue 1,1819,Nice,Olivier Boscagli,FRA,"DF,MF",20,1997,14,10,863,9.6,0,1,1,0,0,0,1,0,0.0,0.1,0.1,0.0,0.1,4,0,0.0,0.42,0.0,0.0,,62,25.2,82,7,4,10,14,1.36,4,12,-8,-0.83,-0.94,0,6,22,0,32,17,12,0,0,0
FRA-Ligue 1,1819,Nîmes,Faitout Maouassa,FRA,DF,20,1998,27,25,2137,23.7,0,1,1,0,0,0,2,1,0.0,0.04,0.04,0.0,0.04,8,3,37.5,0.34,0.13,0.0,0.0,79,62.5,84,22,2,13,4,1.33,38,30,8,0.34,0.97,1,13,26,0,79,25,31,0,0,0
FRA-Ligue 1,1819,Nîmes,Sofiane Alakouch,MAR,DF,20,1998,25,23,1895,21.1,1,0,1,1,0,0,4,0,0.05,0.0,0.05,0.05,0.05,13,3,23.1,0.62,0.14,0.08,0.33,76,55.4,80,14,2,26,3,1.24,28,36,-8,-0.38,-0.79,0,29,31,0,41,41,45,0,0,0
FRA-Ligue 1,1819,Paris Saint-Germain,Christopher Nkunku,FRA,"MF,FW",20,1997,22,13,1156,12.8,3,2,5,3,0,0,0,0,0.23,0.16,0.39,0.23,0.39,23,6,26.1,1.79,0.47,0.13,0.5,53,33.8,81,7,9,12,14,2.59,35,9,26,2.02,0.28,0,21,30,0,15,8,15,0,0,0
FRA-Ligue 1,1819,Reims,Axel Disasi,FRA,DF,20,1998,4,1,159,1.8,0,0,0,0,0,0,0,0,0.0,0.0,0.0,0.0,0.0,0,0,,0.0,0.0,,,40,4.6,90,1,3,23,18,1.75,4,4,0,0.0,0.08,0,0,0,0,0,2,1,0,0,0
FRA-Ligue 1,1819,Reims,Moreto Cassamã,GNB,MF,20,1998,1,1,59,0.7,0,0,0,0,0,0,0,0,0.0,0.0,0.0,0.0,0.0,0,0,,0.0,0.0,,,59,1.7,59,0,0,,0,1.0,0,0,0,0.0,0.08,0,2,0,0,0,1,3,0,0,0
FRA-Ligue 1,1819,Rennes,Ismaila Sarr,SEN,"MF,FW",20,1998,35,32,2788,31.0,8,6,14,7,1,1,6,0,0.26,0.19,0.45,0.23,0.42,54,21,38.9,1.74,0.68,0.13,0.33,80,81.5,84,22,3,37,0,1.46,48,39,9,0.29,1.14,0,40,98,10,45,13,28,3,0,0
FRA-Ligue 1,1819,Saint-Étienne,Arnaud Nordin,FRA,MF,20,1998,25,11,1050,11.7,3,1,4,3,0,0,2,0,0.26,0.09,0.34,0.26,0.34,41,19,46.3,3.51,1.63,0.07,0.16,42,30.7,72,1,14,19,11,1.96,23,11,12,1.03,0.8,0,14,35,2,33,6,12,0,0,0
FRA-Ligue 1,1819,Saint-Étienne,Assane Dioussé,SEN,MF,20,1997,7,2,217,2.4,0,0,0,0,0,0,0,0,0.0,0.0,0.0,0.0,0.0,2,0,0.0,0.83,0.0,0.0,,31,6.3,77,1,5,13,12,1.57,3,4,-1,-0.41,-0.95,0,2,3,0,0,1,4,0,0,0
FRA-Ligue 1,1819,Saint-Étienne,Mahdi Camara,FRA,MF,20,1998,1,0,10,0.1,0,0,0,0,0,0,0,0,0.0,0.0,0.0,0.0,0.0,0,0,,0.0,0.0,,,10,0.3,,0,1,10,4,3.0,0,0,0,0.0,-0.48,0,1,0,0,0,0,0,0,0,0
FRA-Ligue 1,1819,Saint-Étienne,Makhtar Gueye,SEN,FW,20,1997,5,0,50,0.6,1,1,2,1,0,0,0,0,1.8,1.8,3.6,1.8,3.6,2,1,50.0,3.6,1.8,0.5,1.0,10,1.5,,0,5,10,9,1.2,3,2,1,1.8,1.35,0,1,1,0,1,1,1,0,0,0
FRA-Ligue 1,1819,Strasbourg,Ibrahima Sissoko,MLI,MF,20,1997,32,30,2665,29.6,3,2,5,3,0,0,9,0,0.1,0.07,0.17,0.1,0.17,28,8,28.6,0.95,0.27,0.11,0.38,83,77.9,88,24,2,18,3,1.34,42,35,7,0.24,-0.12,0,73,28,0,17,31,40,1,0,0
FRA-Ligue 1,1819,Toulouse,Aaron Leya Iseka,BEL,FW,20,1997,28,15,1444,16.0,4,0,4,4,0,0,2,1,0.25,0.0,0.25,0.25,0.25,31,11,35.5,1.93,0.69,0.13,0.36,52,42.2,80,9,13,19,5,1.04,15,23,-8,-0.5,0.14,0,23,14,7,3,2,4,0,0,0
FRA-Ligue 1,1819,Toulouse,Ibrahim Sangaré,CIV,MF,20,1997,28,27,2467,27.4,1,3,4,1,0,0,7,0,0.04,0.11,0.15,0.04,0.15,37,6,16.2,1.35,0.22,0.03,0.17,88,72.1,90,27,1,37,0,1.04,27,41,-14,-0.51,0.24,0,51,38,3,14,31,66,0,0,0
FRA-Ligue 1,1819,Toulouse,Kelvin Amian,FRA,DF,20,1998,32,32,2880,32.0,0,1,1,0,0,0,6,0,0.0,0.03,0.03,0.0,0.03,18,4,22.2,0.56,0.12,0.0,0.0,90,84.2,90,32,0,,1,1.09,31,47,-16,-0.5,0.5,0,40,11,3,23,36,47,0,1,0
FRA-Ligue 1,1819,Toulouse,Manu García,ESP,MF,20,1998,31,21,1843,20.5,0,4,4,0,0,0,2,1,0.0,0.2,0.2,0.0,0.2,18,3,16.7,0.88,0.15,0.0,0.0,59,53.9,79,7,10,19,6,1.03,19,30,-11,-0.54,0.09,1,29,47,0,8,15,24,0,0,0
FRA-Ligue 1,1819,Amiens,Alexis Blin,FRA,MF,21,1996,27,25,1990,22.1,1,1,2,1,0,0,4,0,0.05,0.05,0.09,0.05,0.09,6,1,16.7,0.27,0.05,0.17,1.0,74,58.2,79,14,2,7,3,1.0,15,27,-12,-0.54,0.02,0,29,31,1,6,31,46,0,1,0
FRA-Ligue 1,1819,Angers,Angelo Fulgini,NCL,"MF,FW",21,1996,31,18,1635,18.2,4,1,5,4,0,0,1,0,0.22,0.06,0.28,0.22,0.28,28,11,39.3,1.54,0.61,0.14,0.36,53,47.8,78,4,13,18,2,1.1,25,29,-4,-0.22,-0.17,0,20,46,1,50,27,22,1,0,0
FRA-Ligue 1,1819,Angers,Farid El Melali,ALG,MF,21,1997,18,0,328,3.6,0,1,1,0,0,0,1,0,0.0,0.27,0.27,0.0,0.27,8,1,12.5,2.2,0.27,0.0,0.0,18,9.6,,0,18,18,8,1.39,7,4,3,0.82,1.06,0,7,8,0,7,6,6,1,0,0
FRA-Ligue 1,1819,Bordeaux,Alexandre Lauray,FRA,DF,21,1997,3,3,257,2.9,0,0,0,0,0,0,1,0,0.0,0.0,0.0,0.0,0.0,0,0,,0.0,0.0,,,86,7.5,86,2,0,,2,0.0,1,6,-5,-1.75,-1.67,0,2,1,0,0,4,8,0,0,0
FRA-Ligue 1,1819,Bordeaux,Toma Bašić,CRO,MF,21,1996,23,16,1333,14.8,2,0,2,2,0,0,3,0,0.14,0.0,0.14,0.14,0.14,21,7,33.3,1.42,0.47,0.1,0.29,58,39.0,75,6,7,19,8,0.78,11,18,-7,-0.47,-0.43,0,24,23,0,49,13,16,0,0,0
FRA-Ligue 1,1819,Dijon,Valentin Rosier,FRA,"DF,MF",21,1996,18,16,1460,16.2,0,4,4,0,0,0,2,0,0.0,0.25,0.25,0.0,0.25,13,3,23.1,0.8,0.18,0.0,0.0,81,42.7,90,16,2,10,0,0.89,16,28,-12,-0.74,0.04,0,36,19,3,28,28,26,0,0,0
FRA-Ligue 1,1819,Guingamp,Félix Eboa Eboa,CMR,DF,21,1997,27,27,2426,27.0,3,0,3,3,0,0,5,0,0.11,0.0,0.11,0.11,0.11,11,6,54.5,0.41,0.22,0.27,0.5,90,70.9,90,26,0,,7,0.74,20,50,-30,-1.11,-0.21,0,25,18,0,10,37,34,0,1,0
FRA-Ligue 1,1819,Guingamp,Mehdi Merghem,ALG,"MF,FW",21,1997,9,9,721,8.0,0,1,1,0,0,0,3,0,0.0,0.12,0.12,0.0,0.12,24,4,16.7,3.0,0.5,0.0,0.0,80,21.1,80,4,0,,1,0.78,7,12,-5,-0.62,0.54,0,12,7,0,27,10,18,0,0,0
FRA-Ligue 1,1819,Lille,Fodé Ballo-Touré,SEN,DF,21,1997,18,18,1593,17.7,0,1,1,0,0,0,3,0,0.0,0.06,0.06,0.0,0.06,4,2,50.0,0.23,0.11,0.0,0.0,89,46.6,89,16,0,,0,1.89,29,17,12,0.68,-0.46,0,14,30,2,27,26,37,1,1,0
FRA-Ligue 1,1819,Lille,Kouadio-Yves Dabila,CIV,DF,21,1997,12,8,782,8.7,0,0,0,0,0,0,2,0,0.0,0.0,0.0,0.0,0.0,2,0,0.0,0.23,0.0,0.0,,65,22.9,90,8,4,16,20,1.92,16,10,6,0.69,-0.3,0,6,3,0,1,6,8,0,1,0
FRA-Ligue 1,1819,Lille,Thiago Maia,BRA,MF,21,1997,24,10,1021,11.3,0,1,1,0,0,0,4,0,0.0,0.09,0.09,0.0,0.09,2,1,50.0,0.18,0.09,0.0,0.0,43,29.9,85,5,14,12,9,1.75,15,19,-4,-0.35,-1.82,0,18,14,1,2,23,21,0,0,0
FRA-Ligue 1,1819,Lille,Zeki Çelik,TUR,DF,21,1997,34,34,2971,33.0,1,5,6,1,0,0,5,1,0.03,0.15,0.18,0.03,0.18,15,4,26.7,0.45,0.12,0.07,0.25,87,86.9,87,29,0,,1,2.06,60,26,34,1.03,0.83,0,55,29,1,87,37,60,2,3,0
FRA-Ligue 1,1819,Lyon,Lucas Tousart,FRA,MF,21,1997,30,20,1727,19.2,0,0,0,0,0,0,3,2,0.0,0.0,0.0,0.0,0.0,23,5,21.7,1.2,0.26,0.0,0.0,58,50.5,79,11,10,16,5,1.97,35,22,13,0.68,0.15,2,26,18,1,2,23,40,0,0,1
FRA-Ligue 1,1819,Lyon,Martin Terrier,FRA,"MF,FW",21,1997,32,16,1486,16.5,9,0,9,9,0,0,2,0,0.55,0.0,0.55,0.55,0.55,36,16,44.4,2.18,0.97,0.25,0.56,46,43.5,76,5,16,16,4,2.0,36,21,15,0.91,0.54,0,13,12,5,16,4,15,0,0,0
FRA-Ligue 1,1819,Lyon,Maxwel Cornet,CIV,"MF,FW",21,1996,27,12,1281,14.2,7,5,12,7,0,0,2,0,0.49,0.35,0.84,0.49,0.84,47,22,46.8,3.3,1.55,0.15,0.32,47,37.5,79,5,15,23,2,1.7,25,22,3,0.21,-0.63,0,8,18,9,53,6,11,0,0,0
FRA-Ligue 1,1819,Lyon,Tanguy Ndombele,FRA,MF,21,1996,34,31,2690,29.9,1,7,8,1,0,0,3,0,0.03,0.23,0.27,0.03,0.27,31,7,22.6,1.04,0.23,0.03,0.14,79,78.7,84,26,3,27,3,1.88,56,35,21,0.7,0.46,0,44,73,0,6,32,46,0,1,0
FRA-Ligue 1,1819,Lyon,Yassin Fekir,FRA,FW,21,1997,1,0,12,0.1,0,0,0,0,0,0,0,0,0.0,0.0,0.0,0.0,0.0,1,0,0.0,7.5,0.0,0.0,,12,0.4,,0,1,12,3,3.0,0,0,0,0.0,-0.61,0,0,0,0,1,0,0,0,0,0
FRA-Ligue 1,1819,Marseille,Duje Ćaleta-Car,CRO,DF,21,1996,20,17,1547,17.2,0,0,0,0,0,0,1,2,0.0,0.0,0.0,0.0,0.0,9,5,55.6,0.52,0.29,0.0,0.0,77,45.2,88,15,3,16,14,1.65,23,22,1,0.06,-0.28,0,13,5,1,1,20,17,0,0,0
FRA-Ligue 1,1819,Monaco,Benjamin Henrichs,GER,"DF,MF",21,1997,22,21,1824,20.3,1,2,3,1,0,0,3,0,0.05,0.1,0.15,0.05,0.15,10,2,20.0,0.49,0.1,0.1,0.5,83,53.3,86,17,1,12,13,0.59,17,35,-18,-0.89,-0.83,0,35,42,4,53,31,39,0,0,0
FRA-Ligue 1,1819,Monaco,Fodé Ballo-Touré,SEN,"DF,MF",21,1997,18,18,1594,17.7,0,3,3,0,0,0,4,0,0.0,0.17,0.17,0.0,0.17,3,1,33.3,0.17,0.06,0.0,0.0,89,46.6,89,17,0,,0,1.22,21,26,-5,-0.28,0.41,0,17,25,1,69,26,33,0,0,1
FRA-Ligue 1,1819,Monaco,Samuel Grandsir,FRA,MF,21,1996,12,4,469,5.2,0,1,1,0,0,0,1,1,0.0,0.19,0.19,0.0,0.19,6,1,16.7,1.15,0.19,0.0,0.0,39,13.7,74,1,8,22,2,0.75,5,10,-5,-0.96,-0.53,0,10,2,2,39,1,7,0,0,0
FRA-Ligue 1,1819,Monaco,Youri Tielemans,BEL,MF,21,1997,20,20,1680,18.7,5,1,6,4,1,1,5,0,0.27,0.05,0.32,0.21,0.27,34,7,20.6,1.82,0.37,0.12,0.57,84,49.1,84,15,0,,0,0.75,18,30,-12,-0.64,-0.28,0,23,31,1,54,16,24,0,0,0
FRA-Ligue 1,1819,Montpellier,Junior Sambia,FRA,"MF,FW",21,1996,30,7,926,10.3,0,1,1,0,0,0,3,0,0.0,0.1,0.1,0.0,0.1,23,6,26.1,2.24,0.58,0.0,0.0,31,27.1,78,2,23,17,5,1.6,12,10,2,0.19,-0.13,0,20,24,4,58,6,8,0,0,0
FRA-Ligue 1,1819,Montpellier,Morgan Poaty,CGO,MF,21,1997,1,1,90,1.0,0,0,0,0,0,0,0,0,0.0,0.0,0.0,0.0,0.0,1,0,0.0,1.0,0.0,0.0,,90,2.6,90,1,0,,2,0.0,1,2,-1,-1.0,-1.32,0,0,3,0,7,0,3,0,0,0
FRA-Ligue 1,1819,Nantes,Alexis Alegue,FRA,"FW,MF",21,1996,1,0,5,0.1,0,0,0,0,0,0,0,0,0.0,0.0,0.0,0.0,0.0,0,0,,0.0,0.0,,,5,0.1,,0,1,5,0,0.0,1,0,1,18.0,18.03,0,0,0,0,0,0,0,0,0,0
FRA-Ligue 1,1819,Nantes,Enock Kwateng,FRA,"DF,MF",21,1997,30,22,2040,22.7,0,1,1,0,0,0,4,0,0.0,0.04,0.04,0.0,0.04,5,0,0.0,0.22,0.0,0.0,,68,59.6,86,18,8,18,4,1.33,26,28,-2,-0.09,-0.22,0,26,21,1,73,75,43,0,0,0
FRA-Ligue 1,1819,Nantes,Samuel Moutoussamy,COD,"MF,FW",21,1996,28,19,1648,18.3,2,3,5,2,0,0,0,0,0.11,0.16,0.27,0.11,0.27,26,9,34.6,1.42,0.49,0.08,0.22,59,48.2,80,8,9,14,5,1.32,20,26,-6,-0.33,-0.63,0,17,11,3,17,8,21,0,0,0
FRA-Ligue 1,1819,Nice,Allan Saint-Maximin,FRA,FW,21,1997,34,34,2900,32.2,5,3,8,4,1,2,2,0,0.16,0.09,0.25,0.12,0.22,76,19,25.0,2.36,0.59,0.05,0.21,85,84.8,85,21,0,,0,1.47,28,29,-1,-0.03,0.66,0,12,68,8,81,6,9,2,0,0
FRA-Ligue 1,1819,Nice,Bassem Srarfi,TUN,"FW,MF",21,1997,22,8,817,9.1,1,0,1,1,0,0,2,0,0.11,0.0,0.11,0.11,0.11,11,3,27.3,1.21,0.33,0.09,0.33,37,23.9,74,1,14,16,8,0.91,5,9,-4,-0.44,-0.41,0,14,21,4,20,5,11,0,0,0
FRA-Ligue 1,1819,Nice,Ihsan Sacko,FRA,FW,21,1997,13,4,442,4.9,0,1,1,0,0,0,0,1,0.0,0.2,0.2,0.0,0.2,6,1,16.7,1.22,0.2,0.0,0.0,34,12.9,75,1,9,16,6,1.46,6,2,4,0.81,1.09,0,12,6,4,6,2,4,1,0,0
FRA-Ligue 1,1819,Nîmes,Florian Miguel,FRA,DF,21,1996,13,12,1117,12.4,0,1,1,0,0,0,2,1,0.0,0.08,0.08,0.0,0.08,3,0,0.0,0.24,0.0,0.0,,86,32.7,89,11,1,49,11,1.38,19,22,-3,-0.24,-0.32,1,14,19,1,10,21,15,0,0,0
FRA-Ligue 1,1819,Nîmes,Paul Bernardoni,FRA,GK,21,1997,38,38,3420,38.0,0,0,0,0,0,0,0,0,0.0,0.0,0.0,0.0,0.0,0,0,,0.0,0.0,,,90,100.0,90,38,0,,0,1.39,57,58,-1,-0.03,,0,0,7,0,0,2,1,0,0,0
FRA-Ligue 1,1819,Nîmes,Umut Bozok,TUR,FW,21,1996,25,14,1235,13.7,2,3,5,2,0,2,1,0,0.15,0.22,0.36,0.15,0.36,31,10,32.3,2.26,0.73,0.06,0.2,49,36.1,76,2,11,16,11,0.96,21,22,-1,-0.07,-0.07,0,16,29,11,4,4,7,0,0,0
FRA-Ligue 1,1819,Paris Saint-Germain,Thilo Kehrer,GER,DF,21,1996,27,19,1902,21.1,1,2,3,1,0,0,4,0,0.05,0.09,0.14,0.05,0.14,14,4,28.6,0.66,0.19,0.07,0.25,70,55.6,87,17,8,31,4,2.33,64,23,41,1.94,0.22,0,26,18,0,7,32,46,0,3,0
FRA-Ligue 1,1819,Reims,Boulaye Dia,SEN,FW,21,1996,18,8,747,8.3,3,0,3,3,0,0,2,0,0.36,0.0,0.36,0.36,0.36,21,10,47.6,2.53,1.2,0.14,0.3,42,21.8,67,0,10,22,1,1.61,10,11,-1,-0.12,-0.05,0,9,13,2,1,5,3,1,0,0
FRA-Ligue 1,1819,Reims,Mathieu Cafaro,FRA,MF,21,1997,34,24,2095,23.3,7,3,10,7,0,0,5,0,0.3,0.13,0.43,0.3,0.43,70,24,34.3,3.01,1.03,0.1,0.29,62,61.3,79,8,10,20,1,1.38,22,22,0,0.0,0.2,0,36,29,3,144,19,29,0,0,0
FRA-Ligue 1,1819,Reims,Remi Oudin,FRA,"MF,FW",21,1996,37,32,2612,29.0,10,4,14,10,0,0,4,0,0.34,0.14,0.48,0.34,0.48,79,24,30.4,2.72,0.83,0.13,0.42,71,76.4,77,10,5,32,1,1.46,31,33,-2,-0.07,0.04,0,32,17,8,58,38,29,0,0,0
FRA-Ligue 1,1819,Reims,Sheyi Ojo,ENG,"MF,FW",21,1997,15,3,468,5.2,0,0,0,0,0,0,0,0,0.0,0.0,0.0,0.0,0.0,14,7,50.0,2.69,1.35,0.0,0.0,31,13.7,77,1,12,20,7,0.87,4,6,-2,-0.38,-0.35,0,3,10,0,21,3,6,0,0,0
FRA-Ligue 1,1819,Rennes,Denis-Will Poha,FRA,MF,21,1997,2,0,29,0.3,0,0,0,0,0,0,0,0,0.0,0.0,0.0,0.0,0.0,0,0,,0.0,0.0,,,15,0.8,,0,2,15,13,1.5,1,0,1,3.1,3.05,0,1,1,0,1,1,0,0,0,0
FRA-Ligue 1,1819,Rennes,Gerzino Nyamsi,CMR,DF,21,1997,8,6,539,6.0,0,0,0,0,0,0,1,1,0.0,0.0,0.0,0.0,0.0,0,0,,0.0,0.0,,,67,15.8,88,5,2,6,7,0.88,9,12,-3,-0.5,-0.69,1,13,2,0,1,4,3,0,0,0
FRA-Ligue 1,1819,Rennes,Jérémy Gélin,FRA,"DF,MF",21,1997,22,12,1278,14.2,0,0,0,0,0,0,3,1,0.0,0.0,0.0,0.0,0.0,7,2,28.6,0.49,0.14,0.0,0.0,58,37.4,88,11,10,23,8,1.36,18,25,-7,-0.49,-0.91,0,18,8,0,0,19,18,0,0,0
FRA-Ligue 1,1819,Rennes,Souleyman Doumbia,CIV,DF,21,1996,7,7,605,6.7,0,0,0,0,0,0,0,0,0.0,0.0,0.0,0.0,0.0,0,0,,0.0,0.0,,,86,17.7,86,6,0,,3,1.14,9,9,0,0.0,-0.1,0,7,7,1,7,3,8,0,0,0
FRA-Ligue 1,1819,Saint-Étienne,Mickaël Panos,FRA,DF,21,1997,1,0,25,0.3,0,0,0,0,0,0,0,0,0.0,0.0,0.0,0.0,0.0,0,0,,0.0,0.0,,,25,0.7,,0,1,25,7,3.0,0,0,0,0.0,-0.48,0,0,0,0,0,1,0,0,0,0
FRA-Ligue 1,1819,Strasbourg,Anthony Caci,FRA,"DF,MF",21,1997,29,26,2298,25.5,0,1,1,0,0,0,1,0,0.0,0.04,0.04,0.0,0.04,6,0,0.0,0.23,0.0,0.0,,79,67.2,86,20,3,17,5,1.45,39,29,10,0.39,0.39,0,27,9,1,39,47,30,0,1,0
FRA-Ligue 1,1819,Strasbourg,Kévin Zohi,MLI,"MF,FW",21,1996,20,6,627,7.0,1,1,2,1,0,0,0,0,0.14,0.14,0.29,0.14,0.29,17,5,29.4,2.44,0.72,0.06,0.2,31,18.3,66,0,14,17,6,1.3,10,4,6,0.86,0.73,0,7,10,2,14,6,11,0,0,0
FRA-Ligue 1,1819,Strasbourg,Samuel Grandsir,FRA,"MF,FW",21,1996,8,2,237,2.6,0,0,0,0,0,0,0,1,0.0,0.0,0.0,0.0,0.0,1,1,100.0,0.38,0.38,0.0,0.0,30,6.9,76,0,6,14,3,0.88,5,4,1,0.38,0.13,0,2,3,2,9,0,7,0,0,0
FRA-Ligue 1,1819,Toulouse,Clément Michelin,FRA,DF,21,1997,1,1,90,1.0,0,0,0,0,0,0,0,0,0.0,0.0,0.0,0.0,0.0,0,0,,0.0,0.0,,,90,2.6,90,1,0,,0,0.0,0,4,-4,-4.0,-3.51,0,1,0,0,1,3,2,0,0,0
FRA-Ligue 1,1819,Amiens,Serhou Guirassy,GUI,FW,22,1996,13,13,1111,12.3,3,1,4,3,0,0,0,1,0.24,0.08,0.32,0.24,0.32,27,10,37.0,2.19,0.81,0.11,0.3,85,32.5,85,9,0,,0,1.31,11,11,0,0.0,0.82,0,16,38,8,11,4,7,0,0,0
FRA-Ligue 1,1819,Bordeaux,François Kamano,GUI,"MF,FW",22,1996,37,29,2561,28.5,10,1,11,6,4,4,6,0,0.35,0.04,0.39,0.21,0.25,82,33,40.2,2.88,1.16,0.07,0.18,69,74.9,80,12,8,30,0,1.03,26,32,-6,-0.21,0.0,0,51,50,11,33,17,19,1,0,0
FRA-Ligue 1,1819,Bordeaux,Milan Gajić,SRB,DF,22,1996,1,1,90,1.0,0,0,0,0,0,0,0,0,0.0,0.0,0.0,0.0,0.0,0,0,,0.0,0.0,,,90,2.6,90,1,0,,1,0.0,0,2,-2,-2.0,-1.84,0,1,1,0,3,1,1,0,0,0
FRA-Ligue 1,1819,Bordeaux,Sergi Palencia,ESP,DF,22,1996,25,22,1986,22.1,0,3,3,0,0,0,6,0,0.0,0.14,0.14,0.0,0.14,7,1,14.3,0.32,0.05,0.0,0.0,79,58.1,89,21,3,8,7,1.24,22,28,-6,-0.27,-0.15,0,27,26,1,75,20,50,0,1,0
FRA-Ligue 1,1819,Bordeaux,Valentín Vada,ARG,"FW,MF",22,1996,2,0,36,0.4,0,0,0,0,0,0,0,0,0.0,0.0,0.0,0.0,0.0,0,0,,0.0,0.0,,,18,1.1,,0,2,18,3,0.5,0,0,0,0.0,0.21,0,0,1,0,0,0,1,0,0,0
FRA-Ligue 1,1819,Bordeaux,Vukašin Jovanović,SRB,DF,22,1996,16,15,1377,15.3,0,0,0,0,0,0,7,1,0.0,0.0,0.0,0.0,0.0,1,1,100.0,0.07,0.07,0.0,0.0,86,40.3,89,14,1,45,13,1.31,15,11,4,0.26,0.79,0,18,16,0,1,36,21,0,1,0
FRA-Ligue 1,1819,Caen,Aly Ndom,FRA,MF,22,1996,1,1,45,0.5,0,0,0,0,0,0,1,0,0.0,0.0,0.0,0.0,0.0,0,0,,0.0,0.0,,,45,1.3,45,0,0,,0,3.0,1,0,1,2.0,2.69,0,1,0,0,0,1,0,0,0,0
FRA-Ligue 1,1819,Dijon,Nayef Aguerd,MAR,DF,22,1996,13,12,1050,11.7,3,0,3,3,0,0,4,1,0.26,0.0,0.26,0.26,0.26,10,4,40.0,0.86,0.34,0.3,0.75,81,30.7,87,10,1,3,7,0.85,11,17,-6,-0.51,0.36,0,20,8,1,3,13,11,0,2,0
FRA-Ligue 1,1819,Guingamp,Marcus Coco,FRA,"MF,FW",22,1996,33,21,1840,20.4,1,2,3,1,0,0,3,1,0.05,0.1,0.15,0.05,0.15,28,7,25.0,1.37,0.34,0.04,0.14,56,53.8,77,8,12,18,1,0.64,17,41,-24,-1.17,-0.26,0,48,50,7,62,24,25,1,0,0
FRA-Ligue 1,1819,Guingamp,Nathaël Julan,FRA,FW,22,1996,10,3,434,4.8,0,0,0,0,0,0,1,0,0.0,0.0,0.0,0.0,0.0,14,6,42.9,2.9,1.24,0.0,0.0,43,12.7,72,0,7,31,0,0.7,5,10,-5,-1.04,0.02,0,4,9,1,5,0,0,0,0,0
FRA-Ligue 1,1819,Lille,Jonathan Bamba,CIV,MF,22,1996,38,35,3004,33.4,13,3,16,12,1,1,4,0,0.39,0.09,0.48,0.36,0.45,67,29,43.3,2.01,0.87,0.18,0.41,79,87.8,84,25,3,20,0,1.97,62,29,33,0.99,0.56,0,26,68,2,55,37,20,1,0,0
FRA-Ligue 1,1819,Lille,Lebo Mothiba,RSA,FW,22,1996,3,3,253,2.8,1,0,1,1,0,0,0,0,0.36,0.0,0.36,0.36,0.36,2,2,100.0,0.71,0.71,0.5,0.5,84,7.4,84,1,0,,0,2.33,6,1,5,1.78,0.93,0,9,1,2,1,0,1,0,0,0
FRA-Ligue 1,1819,Lille,Luiz Araújo,BRA,MF,22,1996,25,6,781,8.7,3,2,5,3,0,0,2,1,0.35,0.23,0.58,0.35,0.58,24,8,33.3,2.77,0.92,0.13,0.38,31,22.8,74,1,19,18,11,1.76,12,11,1,0.12,-1.04,0,22,9,1,30,4,17,0,0,0
FRA-Ligue 1,1819,Lyon,Bertrand Traoré,BFA,"MF,FW",22,1995,34,24,2117,23.5,7,2,9,7,0,0,5,0,0.3,0.09,0.38,0.3,0.38,66,28,42.4,2.81,1.19,0.11,0.25,62,61.9,82,9,10,16,3,1.85,40,32,8,0.34,-0.7,0,20,45,18,32,15,21,4,0,0
FRA-Ligue 1,1819,Lyon,Kenny Tete,NED,"MF,DF",22,1995,13,12,1048,11.6,0,3,3,0,0,0,1,0,0.0,0.26,0.26,0.0,0.26,8,2,25.0,0.69,0.17,0.0,0.0,81,30.6,87,9,1,5,11,1.69,22,18,4,0.34,-0.38,0,20,12,1,47,17,21,0,0,0
FRA-Ligue 1,1819,Lyon,Moussa Dembélé,FRA,FW,22,1996,33,21,2016,22.4,15,4,19,14,1,2,1,0,0.67,0.18,0.85,0.62,0.8,90,41,45.6,4.02,1.83,0.16,0.34,61,58.9,84,12,12,22,1,2.0,49,26,23,1.03,1.03,0,35,13,17,8,3,5,3,0,0
FRA-Ligue 1,1819,Marseille,Nemanja Radonjić,SRB,"MF,FW",22,1996,17,7,681,7.6,0,0,0,0,0,0,2,0,0.0,0.0,0.0,0.0,0.0,16,2,12.5,2.11,0.26,0.0,0.0,40,19.9,80,5,10,12,10,1.41,5,11,-6,-0.79,-1.25,0,6,3,5,12,5,4,0,1,0
FRA-Ligue 1,1819,Monaco,Aleksandr Golovin,RUS,"MF,FW",22,1996,30,27,2290,25.4,3,3,6,3,0,0,7,1,0.12,0.12,0.24,0.12,0.24,50,16,32.0,1.97,0.63,0.06,0.19,76,67.0,82,14,3,24,0,0.93,26,36,-10,-0.39,0.32,0,45,43,1,67,19,16,0,0,0
FRA-Ligue 1,1819,Monaco,Almamy Touré,MLI,DF,22,1996,4,4,346,3.8,0,0,0,0,0,0,0,0,0.0,0.0,0.0,0.0,0.0,2,1,50.0,0.52,0.26,0.0,0.0,87,10.1,87,3,0,,0,0.25,2,4,-2,-0.52,-0.02,0,5,2,0,4,8,8,0,0,0
FRA-Ligue 1,1819,Monaco,Kévin N'Doram,FRA,DF,22,1996,4,2,195,2.2,0,0,0,0,0,0,2,0,0.0,0.0,0.0,0.0,0.0,1,1,100.0,0.46,0.46,0.0,0.0,49,5.7,90,2,2,8,10,0.75,1,4,-3,-1.38,-0.94,0,8,2,0,0,5,4,0,0,0
FRA-Ligue 1,1819,Monaco,Rony Lopes,POR,"MF,FW",22,1995,24,22,1849,20.5,2,2,4,2,0,0,1,0,0.1,0.1,0.19,0.1,0.19,51,24,47.1,2.48,1.17,0.04,0.08,77,54.1,83,12,2,16,0,1.13,24,30,-6,-0.29,0.45,0,16,28,5,146,10,23,0,0,0
FRA-Ligue 1,1819,Monaco,Seydou Sy,SEN,GK,22,1995,3,2,226,2.5,0,0,0,0,0,0,0,0,0.0,0.0,0.0,0.0,0.0,0,0,,0.0,0.0,,,75,6.6,90,2,1,46,12,0.33,4,7,-3,-1.19,-0.74,0,0,0,0,0,0,0,0,0,0
FRA-Ligue 1,1819,Monaco,Youssef Aït Bennasser,MAR,MF,22,1996,13,12,1073,11.9,0,2,2,0,0,0,2,0,0.0,0.17,0.17,0.0,0.17,8,1,12.5,0.67,0.08,0.0,0.0,83,31.4,88,10,1,20,4,0.85,13,18,-5,-0.42,0.12,0,11,11,0,2,17,15,0,0,0
FRA-Ligue 1,1819,Montpellier,Mathías Suárez,URU,MF,22,1996,10,7,550,6.1,0,0,0,0,0,0,2,0,0.0,0.0,0.0,0.0,0.0,0,0,,0.0,0.0,,,55,16.1,67,2,3,27,4,1.9,8,10,-2,-0.33,-0.73,0,15,16,1,16,9,11,0,0,0
FRA-Ligue 1,1819,Montpellier,Mihailo Ristić,SRB,MF,22,1995,10,3,326,3.6,1,0,1,1,0,0,0,0,0.28,0.0,0.28,0.28,0.28,5,2,40.0,1.38,0.55,0.2,0.5,33,9.5,65,1,7,19,4,1.3,6,3,3,0.83,0.6,0,3,5,0,11,8,9,0,0,0
FRA-Ligue 1,1819,Nantes,Alexandre Olliero,FRA,GK,22,1996,1,1,90,1.0,0,0,0,0,0,0,0,0,0.0,0.0,0.0,0.0,0.0,0,0,,0.0,0.0,,,90,2.6,90,1,0,,11,0.0,0,1,-1,-1.0,-1.03,0,0,0,0,0,0,0,0,0,0
FRA-Ligue 1,1819,Nantes,Antonio Mance,CRO,FW,22,1995,5,0,50,0.6,0,0,0,0,0,0,1,0,0.0,0.0,0.0,0.0,0.0,0,0,,0.0,0.0,,,10,1.5,,0,5,10,4,0.2,0,1,-1,-1.8,-1.83,0,3,0,0,1,0,1,0,0,0
FRA-Ligue 1,1819,Nantes,Gabriel Boschilia,BRA,"FW,MF",22,1996,29,14,1319,14.7,4,4,8,4,0,0,1,0,0.27,0.27,0.55,0.27,0.55,40,17,42.5,2.73,1.16,0.1,0.24,45,38.6,75,1,15,18,4,1.17,19,23,-4,-0.27,-0.44,0,19,24,0,65,9,27,0,0,0
FRA-Ligue 1,1819,Nice,Danilo Barbosa,BRA,MF,22,1996,22,18,1548,17.2,0,0,0,0,0,0,1,1,0.0,0.0,0.0,0.0,0.0,23,6,26.1,1.34,0.35,0.0,0.0,70,45.3,81,10,4,21,5,1.55,15,17,-2,-0.12,0.03,0,18,34,0,2,15,21,1,0,0
FRA-Ligue 1,1819,Nice,Patrick Burner,MTQ,"DF,MF",22,1996,17,15,1352,15.0,0,0,0,0,0,0,3,0,0.0,0.0,0.0,0.0,0.0,8,0,0.0,0.53,0.0,0.0,,80,39.5,84,11,2,45,12,1.35,10,16,-6,-0.4,-0.44,0,14,12,0,24,31,24,0,1,0
FRA-Ligue 1,1819,Nice,Racine Coly,SEN,"MF,DF",22,1995,9,6,503,5.6,0,1,1,0,0,0,2,0,0.0,0.18,0.18,0.0,0.18,4,0,0.0,0.72,0.0,0.0,,56,14.7,83,5,3,3,17,1.89,6,8,-2,-0.36,-0.27,0,7,7,0,10,9,3,0,0,0
FRA-Ligue 1,1819,Nice,Youcef Atal,ALG,"MF,FW",22,1996,29,25,2263,25.1,6,0,6,6,0,1,8,0,0.24,0.0,0.24,0.24,0.24,37,15,40.5,1.47,0.6,0.16,0.4,78,66.2,87,23,4,21,0,1.38,21,21,0,0.0,0.39,0,42,58,9,71,57,44,4,0,0
FRA-Ligue 1,1819,Nîmes,Antonin Bobichon,FRA,MF,22,1995,30,24,2153,23.9,7,2,9,7,0,0,2,0,0.29,0.08,0.38,0.29,0.38,36,11,30.6,1.5,0.46,0.19,0.64,72,63.0,86,17,6,15,8,1.4,36,34,2,0.08,0.3,0,35,11,1,49,16,20,0,0,0
FRA-Ligue 1,1819,Nîmes,Theo Valls,FRA,MF,22,1995,31,20,1770,19.7,0,0,0,0,0,0,2,0,0.0,0.0,0.0,0.0,0.0,23,4,17.4,1.17,0.2,0.0,0.0,57,51.8,79,9,11,17,7,1.52,24,33,-9,-0.46,-0.89,0,19,12,0,20,22,22,1,0,0
FRA-Ligue 1,1819,Paris Saint-Germain,Giovani Lo Celso,ARG,"FW,MF",22,1996,1,0,11,0.1,0,0,0,0,0,0,0,0,0.0,0.0,0.0,0.0,0.0,0,0,,0.0,0.0,,,11,0.3,,0,1,11,2,3.0,2,0,2,16.36,14.57,0,1,2,0,0,0,1,0,0,0
FRA-Ligue 1,1819,Paris Saint-Germain,Presnel Kimpembe,FRA,DF,22,1995,24,23,2005,22.3,0,1,1,0,0,0,4,1,0.0,0.04,0.04,0.0,0.04,4,1,25.0,0.18,0.04,0.0,0.0,84,58.6,87,21,1,6,4,2.25,55,25,30,1.35,-1.2,0,30,41,1,7,27,34,0,0,1
FRA-Ligue 1,1819,Reims,Aly Ndom,FRA,MF,22,1996,11,3,363,4.0,0,0,0,0,0,0,1,0,0.0,0.0,0.0,0.0,0.0,4,1,25.0,0.99,0.25,0.0,0.0,33,10.6,90,3,8,12,7,1.55,3,6,-3,-0.74,-0.74,0,8,2,0,1,3,9,0,0,0
FRA-Ligue 1,1819,Reims,Ghislain Konan,CIV,DF,22,1995,20,20,1800,20.0,0,1,1,0,0,0,0,0,0.0,0.05,0.05,0.0,0.05,1,0,0.0,0.05,0.0,0.0,,90,52.6,90,20,0,,0,1.35,16,19,-3,-0.15,-0.15,0,15,29,3,68,38,29,0,1,0
FRA-Ligue 1,1819,Reims,Grejohn Kyei,FRA,FW,22,1995,1,0,2,0.0,0,0,0,0,0,0,0,0,0.0,0.0,0.0,0.0,0.0,0,0,,0.0,0.0,,,2,0.1,,0,1,2,1,3.0,0,0,0,0.0,0.08,0,0,0,0,0,0,0,0,0,0
FRA-Ligue 1,1819,Reims,Virgile Pinson,FRA,FW,22,1996,1,0,5,0.1,0,0,0,0,0,0,0,0,0.0,0.0,0.0,0.0,0.0,0,0,,0.0,0.0,,,5,0.1,,0,1,5,0,0.0,0,0,0,0.0,0.08,0,0,0,0,0,0,0,0,0,0
FRA-Ligue 1,1819,Rennes,James Lea Siliki,CMR,MF,22,1996,24,14,1220,13.6,0,3,3,0,0,0,2,0,0.0,0.22,0.22,0.0,0.22,21,4,19.0,1.55,0.3,0.0,0.0,51,35.7,75,5,10,17,4,1.33,14,17,-3,-0.22,-0.47,0,25,25,0,58,11,18,0,0,0
FRA-Ligue 1,1819,Rennes,Jordan Pefok,USA,FW,22,1996,15,7,608,6.8,3,1,4,3,0,0,0,0,0.44,0.15,0.59,0.44,0.59,20,10,50.0,2.96,1.48,0.15,0.3,41,17.8,67,1,8,17,5,1.47,11,9,2,0.3,0.26,0,13,7,2,1,4,2,1,0,0
FRA-Ligue 1,1819,Rennes,Romain Del Castillo,FRA,MF,22,1996,29,15,1343,14.9,0,3,3,0,0,0,1,0,0.0,0.2,0.2,0.0,0.2,20,7,35.0,1.34,0.47,0.0,0.0,46,39.3,75,6,14,16,9,1.21,21,27,-6,-0.4,-0.79,0,31,21,3,61,19,20,0,0,0
FRA-Ligue 1,1819,Saint-Étienne,Valentín Vada,ARG,MF,22,1996,12,3,404,4.5,1,1,2,1,0,0,1,0,0.22,0.22,0.45,0.22,0.45,7,1,14.3,1.56,0.22,0.14,1.0,34,11.8,77,0,9,19,1,1.83,9,7,2,0.45,-0.03,0,8,9,0,6,9,4,0,0,0
FRA-Ligue 1,1819,Saint-Étienne,Youssef Aït Bennasser,MAR,MF,22,1996,13,11,936,10.4,0,0,0,0,0,0,0,0,0.0,0.0,0.0,0.0,0.0,7,1,14.3,0.67,0.1,0.0,0.0,72,27.4,82,7,2,16,1,1.85,16,9,7,0.67,0.27,0,10,9,0,4,21,15,0,0,0
FRA-Ligue 1,1819,Strasbourg,Lebo Mothiba,RSA,FW,22,1996,32,18,1771,19.7,9,2,11,8,1,1,3,0,0.46,0.1,0.56,0.41,0.51,35,19,54.3,1.78,0.97,0.23,0.42,55,51.8,82,8,14,21,2,1.19,34,26,8,0.41,0.3,0,50,26,9,10,1,9,2,0,0
ITA-Serie A,1819,Chievo,Angelo Ndrecka,ALB,MF,16,2001,1,1,90,1.0,0,0,0,0,0,0,0,0,0.0,0.0,0.0,0.0,0.0,1,0,0.0,1.0,0.0,0.0,,90,2.6,90,1,0,,6,0.0,0,4,-4,-4.0,-2.76,0,1,1,0,1,0,1,0,0,0
ITA-Serie A,1819,Chievo,Musa Juwara,GAM,MF,16,2001,1,0,12,0.1,0,0,0,0,0,0,0,0,0.0,0.0,0.0,0.0,0.0,0,0,,0.0,0.0,,,12,0.4,,0,1,12,1,1.0,0,0,0,0.0,1.32,0,0,0,0,0,1,0,0,0,0
ITA-Serie A,1819,Atalanta,Roberto Piccoli,ITA,FW,17,2001,2,0,48,0.5,0,0,0,0,0,0,0,0,0.0,0.0,0.0,0.0,0.0,2,0,0.0,3.75,0.0,0.0,,24,1.4,,0,2,24,10,2.0,2,0,2,3.75,2.98,0,0,0,0,0,0,2,0,0,0
ITA-Serie A,1819,Chievo,Emanuel Vignato,ITA,MF,17,2000,10,8,655,7.3,1,1,2,1,0,0,0,0,0.14,0.14,0.27,0.14,0.27,9,4,44.4,1.24,0.55,0.11,0.25,66,19.2,74,0,2,33,12,0.6,3,12,-9,-1.24,0.1,0,2,5,0,24,9,4,0,0,0
ITA-Serie A,1819,Chievo,Ibrahim Karamoko,FRA,MF,17,2001,2,0,65,0.7,0,0,0,0,0,0,0,0,0.0,0.0,0.0,0.0,0.0,2,0,0.0,2.77,0.0,0.0,,33,1.9,,0,2,33,3,0.5,0,3,-3,-4.15,-2.89,0,4,0,0,2,0,0,0,0,0
ITA-Serie A,1819,Juventus,Paolo Gozzi Iweru,ITA,DF,17,2001,1,1,90,1.0,0,0,0,0,0,0,0,0,0.0,0.0,0.0,0.0,0.0,0,0,,0.0,0.0,,,90,2.6,90,1,0,,0,0.0,1,2,-1,-1.0,-2.11,0,0,1,0,0,3,2,0,0,0
ITA-Serie A,1819,Lazio,Nicolò Armini,ITA,DF,17,2001,1,0,38,0.4,0,0,0,0,0,0,0,0,0.0,0.0,0.0,0.0,0.0,0,0,,0.0,0.0,,,38,1.1,,0,1,38,1,1.0,2,1,1,2.37,2.13,0,1,0,0,0,0,1,0,0,0
ITA-Serie A,1819,Torino,Vincenzo Millico,ITA,FW,17,2000,1,0,1,0.0,0,0,0,0,0,0,0,0,0.0,0.0,0.0,0.0,0.0,0,0,,0.0,0.0,,,1,0.0,,0,1,1,9,3.0,0,0,0,0.0,-0.39,0,0,0,0,0,0,0,0,0,0
ITA-Serie A,1819,Atalanta,Dejan Kulusevski,SWE,"FW,MF",18,2000,3,0,105,1.2,0,0,0,0,0,0,0,0,0.0,0.0,0.0,0.0,0.0,2,1,50.0,1.71,0.86,0.0,0.0,35,3.1,,0,3,35,12,1.0,1,3,-2,-1.71,-2.61,0,4,1,0,3,0,3,0,0,0
ITA-Serie A,1819,Bologna,Gabriele Corbo,ITA,DF,18,2000,1,0,5,0.1,0,0,0,0,0,0,0,0,0.0,0.0,0.0,0.0,0.0,0,0,,0.0,0.0,,,5,0.1,,0,1,5,7,3.0,0,0,0,0.0,0.21,0,0,0,0,0,0,0,0,0,0
ITA-Serie A,1819,Chievo,Sergej Grubac,MNE,FW,18,2000,3,2,157,1.7,0,0,0,0,0,0,1,0,0.0,0.0,0.0,0.0,0.0,2,0,0.0,1.15,0.0,0.0,,52,4.6,70,1,1,17,22,0.0,1,6,-5,-2.87,-1.63,0,1,3,0,0,0,1,0,0,0
ITA-Serie A,1819,Empoli,Hamed Junior Traorè,CIV,MF,18,2000,32,26,2259,25.1,2,2,4,2,0,0,4,0,0.08,0.08,0.16,0.08,0.16,44,12,27.3,1.75,0.48,0.05,0.17,71,66.1,83,13,6,16,6,0.94,37,50,-13,-0.52,-0.05,0,39,24,7,20,28,40,0,0,0
ITA-Serie A,1819,Fiorentina,Cristóbal Montiel,ESP,MF,18,2000,1,0,6,0.1,0,0,0,0,0,0,0,0,0.0,0.0,0.0,0.0,0.0,1,0,0.0,15.0,0.0,0.0,,6,0.2,,0,1,6,11,1.0,0,0,0,0.0,-0.05,0,0,0,0,0,0,0,0,0,0
ITA-Serie A,1819,Fiorentina,Dušan Vlahović,SRB,FW,18,2000,10,1,160,1.8,0,0,0,0,0,0,0,0,0.0,0.0,0.0,0.0,0.0,10,1,10.0,5.63,0.56,0.0,0.0,16,4.7,54,0,9,12,16,0.5,0,2,-2,-1.13,-1.24,0,5,2,0,3,0,0,0,0,0
ITA-Serie A,1819,Fiorentina,Nicky Beloko,SUI,MF,18,2000,1,0,45,0.5,0,0,0,0,0,0,1,0,0.0,0.0,0.0,0.0,0.0,0,0,,0.0,0.0,,,45,1.3,,0,1,45,2,0.0,0,0,0,0.0,-0.05,0,1,0,1,0,0,0,0,0,0
ITA-Serie A,1819,Juventus,Hans Nicolussi Caviglia,ITA,MF,18,2000,3,0,57,0.6,0,0,0,0,0,0,0,0,0.0,0.0,0.0,0.0,0.0,1,1,100.0,1.58,1.58,0.0,0.0,19,1.7,,0,3,19,9,1.0,0,4,-4,-6.32,-7.49,0,1,0,0,3,0,1,0,0,0
ITA-Serie A,1819,Juventus,Manolo Portanova,ITA,"FW,MF",18,2000,1,0,33,0.4,0,0,0,0,0,0,1,0,0.0,0.0,0.0,0.0,0.0,0,0,,0.0,0.0,,,33,1.0,,0,1,33,0,0.0,0,2,-2,-5.45,-6.57,0,1,0,0,0,1,1,0,0,0
ITA-Serie A,1819,Juventus,Moise Kean,ITA,FW,18,2000,13,5,541,6.0,6,0,6,6,0,0,2,0,1.0,0.0,1.0,1.0,1.0,20,10,50.0,3.33,1.66,0.3,0.6,42,15.8,83,3,8,16,19,1.85,11,5,6,1.0,-0.06,0,9,6,3,2,3,0,1,0,0
ITA-Serie A,1819,Lazio,Luan Capanni,BRA,MF,18,2000,1,0,9,0.1,0,0,0,0,0,0,1,0,0.0,0.0,0.0,0.0,0.0,1,0,0.0,10.0,0.0,0.0,,9,0.3,,0,1,9,3,0.0,0,0,0,0.0,-0.26,0,1,1,0,0,0,1,0,0,0
ITA-Serie A,1819,Lazio,Pedro Neto,POR,"FW,MF",18,2000,4,0,46,0.5,0,0,0,0,0,0,1,0,0.0,0.0,0.0,0.0,0.0,1,0,0.0,1.96,0.0,0.0,,12,1.3,,0,4,12,11,1.5,0,1,-1,-1.96,-2.25,0,2,2,0,2,0,0,0,0,0
ITA-Serie A,1819,Napoli,Gianluca Gaetano,ITA,MF,18,2000,2,0,8,0.1,0,0,0,0,0,0,0,0,0.0,0.0,0.0,0.0,0.0,1,0,0.0,11.25,0.0,0.0,,4,0.2,,0,2,4,6,1.5,0,1,-1,-11.25,-12.28,0,1,1,0,0,0,0,0,0,0
ITA-Serie A,1819,Sassuolo,Giacomo Raspadori,ITA,"FW,MF",18,2000,1,0,1,0.0,0,0,0,0,0,0,0,0,0.0,0.0,0.0,0.0,0.0,0,0,,0.0,0.0,,,1,0.0,,0,1,1,1,0.0,0,0,0,0.0,0.18,0,0,0,0,0,0,0,0,0,0
ITA-Serie A,1819,Udinese,Ben Wilmot,ENG,"MF,DF",18,1999,5,2,199,2.2,0,0,0,0,0,0,1,0,0.0,0.0,0.0,0.0,0.0,1,0,0.0,0.45,0.0,0.0,,40,5.8,68,1,3,21,12,1.0,1,4,-3,-1.36,-1.05,0,2,2,0,1,2,0,0,0,0
ITA-Serie A,1819,Atalanta,Marco Tumminello,ITA,FW,19,1998,2,0,9,0.1,0,0,0,0,0,0,1,0,0.0,0.0,0.0,0.0,0.0,1,0,0.0,10.0,0.0,0.0,,5,0.3,,0,2,5,10,0.5,0,0,0,0.0,-0.82,0,2,1,0,0,0,0,0,0,0
ITA-Serie A,1819,Atalanta,Musa Barrow,GAM,FW,19,1998,22,6,601,6.7,1,2,3,1,0,0,0,0,0.15,0.3,0.45,0.15,0.45,30,9,30.0,4.49,1.35,0.03,0.11,27,17.6,58,0,16,16,13,1.41,14,8,6,0.9,0.1,0,7,5,3,9,0,5,0,0,0
ITA-Serie A,1819,Atalanta,Roger Ibanez,BRA,DF,19,1998,1,0,2,0.0,0,0,0,0,0,0,0,0,0.0,0.0,0.0,0.0,0.0,0,0,,0.0,0.0,,,2,0.1,,0,1,2,15,3.0,0,0,0,0.0,-0.82,0,0,0,0,0,0,0,0,0,0
ITA-Serie A,1819,Bologna,Mattias Svanberg,SWE,MF,19,1999,23,13,1176,13.1,0,3,3,0,0,0,2,0,0.0,0.23,0.23,0.0,0.23,22,3,13.6,1.68,0.23,0.0,0.0,51,34.4,76,5,10,19,14,1.09,15,24,-9,-0.69,-0.73,0,27,33,1,20,12,11,0,0,0
ITA-Serie A,1819,Cagliari,Francesco Verde,ITA,FW,19,1999,1,0,12,0.1,0,0,0,0,0,0,0,0,0.0,0.0,0.0,0.0,0.0,0,0,,0.0,0.0,,,12,0.4,,0,1,12,4,0.0,0,0,0,0.0,0.48,0,1,1,0,0,0,1,0,0,0
ITA-Serie A,1819,Cagliari,Luca Pellegrini,ITA,DF,19,1999,12,11,940,10.4,0,1,1,0,0,0,3,1,0.0,0.1,0.1,0.0,0.1,2,0,0.0,0.19,0.0,0.0,,78,27.5,84,9,1,18,2,1.17,10,15,-5,-0.48,-0.01,1,17,9,1,58,18,20,0,1,0
ITA-Serie A,1819,Cagliari,Riccardo Doratiotto,ITA,FW,19,1999,1,1,78,0.9,0,0,0,0,0,0,0,0,0.0,0.0,0.0,0.0,0.0,0,0,,0.0,0.0,,,78,2.3,78,0,0,,7,0.0,0,1,-1,-1.15,-0.7,0,2,0,0,0,0,1,0,0,0
ITA-Serie A,1819,Empoli,Dimitris Nikolaou,GRE,DF,19,1998,4,4,348,3.9,0,0,0,0,0,0,0,0,0.0,0.0,0.0,0.0,0.0,0,0,,0.0,0.0,,,87,10.2,87,3,0,,13,1.0,4,7,-3,-0.78,-0.31,0,2,0,0,1,3,3,0,1,0
ITA-Serie A,1819,Fiorentina,Alban Lafont,CIV,GK,19,1999,34,34,3015,33.5,0,0,0,0,0,0,2,0,0.0,0.0,0.0,0.0,0.0,0,0,,0.0,0.0,,,89,88.2,89,33,0,,3,1.15,43,40,3,0.09,0.31,0,0,8,0,0,1,1,0,0,1
ITA-Serie A,1819,Fiorentina,Riccardo Sottil,ITA,"FW,MF",19,1999,2,0,20,0.2,0,0,0,0,0,0,0,0,0.0,0.0,0.0,0.0,0.0,1,0,0.0,4.5,0.0,0.0,,10,0.6,,0,2,10,11,0.5,0,0,0,0.0,-0.05,0,0,0,0,1,0,1,0,0,0
ITA-Serie A,1819,Frosinone,Andrea Pinamonti,ITA,FW,19,1999,27,17,1625,18.1,5,3,8,5,0,0,2,0,0.28,0.17,0.44,0.28,0.44,60,16,26.7,3.32,0.89,0.08,0.31,60,47.5,83,9,10,21,9,0.7,17,32,-15,-0.83,0.42,0,30,31,8,11,5,6,0,0,0
ITA-Serie A,1819,Frosinone,Joaquín Ardaiz,URU,FW,19,1999,1,0,20,0.2,0,0,0,0,0,0,0,0,0.0,0.0,0.0,0.0,0.0,0,0,,0.0,0.0,,,20,0.6,,0,1,20,1,0.0,0,0,0,0.0,1.06,0,1,0,0,0,0,0,0,0,0
ITA-Serie A,1819,Lazio,Bruno Jordão,POR,MF,19,1998,3,1,88,1.0,0,0,0,0,0,0,0,0,0.0,0.0,0.0,0.0,0.0,1,0,0.0,1.02,0.0,0.0,,29,2.6,57,0,2,16,14,1.0,0,4,-4,-4.09,-4.47,0,2,0,1,0,0,3,0,0,0
ITA-Serie A,1819,Milan,Gianluigi Donnarumma,ITA,GK,19,1999,36,36,3090,34.3,0,0,0,0,0,0,4,0,0.0,0.0,0.0,0.0,0.0,0,0,,0.0,0.0,,,86,90.4,86,34,0,,0,1.81,50,31,19,0.55,0.55,0,0,3,0,0,1,1,0,0,0
ITA-Serie A,1819,Parma,Abdou Lahat Diakhate,SEN,MF,19,1998,1,0,1,0.0,0,0,0,0,0,0,0,0,0.0,0.0,0.0,0.0,0.0,0,0,,0.0,0.0,,,1,0.0,,0,1,1,13,0.0,0,0,0,0.0,0.53,0,0,0,0,0,0,0,0,0,0
ITA-Serie A,1819,Parma,Alessandro Bastoni,ITA,DF,19,1999,24,18,1690,18.8,1,0,1,1,0,0,2,0,0.05,0.0,0.05,0.05,0.05,4,2,50.0,0.21,0.11,0.25,0.5,70,49.4,89,17,6,13,9,1.21,22,31,-9,-0.48,0.09,0,16,19,0,3,22,14,0,1,0
ITA-Serie A,1819,Parma,Nicolás Schiappacasse,URU,FW,19,1999,3,1,81,0.9,0,0,0,0,0,0,0,0,0.0,0.0,0.0,0.0,0.0,1,0,0.0,1.11,0.0,0.0,,27,2.4,51,0,2,15,7,0.0,1,5,-4,-4.44,-4.01,0,0,3,0,1,0,0,0,0,0
ITA-Serie A,1819,Roma,Justin Kluivert,NED,"MF,FW",19,1999,29,14,1341,14.9,1,6,7,1,0,0,2,0,0.07,0.4,0.47,0.07,0.47,21,7,33.3,1.41,0.47,0.05,0.14,46,39.2,71,1,15,23,8,1.62,26,15,11,0.74,0.44,0,25,22,2,68,8,26,0,0,0
ITA-Serie A,1819,Roma,Luca Pellegrini,ITA,DF,19,1999,4,2,161,1.8,0,1,1,0,0,0,2,0,0.0,0.56,0.56,0.0,0.56,0,0,,0.0,0.0,,,40,4.7,68,0,2,13,13,1.75,2,4,-2,-1.12,-1.67,0,4,1,0,6,3,1,0,1,0
ITA-Serie A,1819,Roma,Nicolò Zaniolo,ITA,"MF,FW",19,1999,27,20,1766,19.6,4,2,6,4,0,0,8,0,0.2,0.1,0.31,0.2,0.31,47,17,36.2,2.4,0.87,0.09,0.24,65,51.6,79,9,7,28,10,1.78,35,23,12,0.61,0.29,0,46,33,2,34,16,23,0,0,0
ITA-Serie A,1819,Roma,Žan Celar,SVN,FW,19,1999,1,0,5,0.1,0,0,0,0,0,0,0,0,0.0,0.0,0.0,0.0,0.0,0,0,,0.0,0.0,,,5,0.1,,0,1,5,3,3.0,0,0,0,0.0,-0.47,0,0,0,0,0,0,0,0,0,0
ITA-Serie A,1819,Sassuolo,Enrico Brignola,ITA,"MF,FW",19,1999,7,2,175,1.9,1,0,1,1,0,0,2,0,0.51,0.0,0.51,0.51,0.51,6,2,33.3,3.09,1.03,0.17,0.5,25,5.1,54,0,5,14,24,1.57,3,5,-2,-1.03,-0.89,0,6,1,1,4,2,2,0,0,0
ITA-Serie A,1819,Sassuolo,Jens Odgaard,DEN,"FW,MF",19,1999,1,0,16,0.2,0,0,0,0,0,0,0,0,0.0,0.0,0.0,0.0,0.0,0,0,,0.0,0.0,,,16,0.5,,0,1,16,15,1.0,0,0,0,0.0,0.19,0,0,0,0,0,0,0,0,0,0
ITA-Serie A,1819,Torino,Vitalie Damașcan,MDA,"FW,MF",19,1999,1,0,4,0.0,0,0,0,0,0,0,0,0,0.0,0.0,0.0,0.0,0.0,0,0,,0.0,0.0,,,4,0.1,,0,1,4,25,1.0,0,0,0,0.0,-0.4,0,0,0,0,0,0,1,0,0,0
ITA-Serie A,1819,Udinese,Petar Mićin,SRB,MF,19,1998,1,0,3,0.0,0,0,0,0,0,0,0,0,0.0,0.0,0.0,0.0,0.0,0,0,,0.0,0.0,,,3,0.1,,0,1,3,28,3.0,0,0,0,0.0,0.37,0,1,0,0,0,0,0,0,0,0
ITA-Serie A,1819,Bologna,Juan Manuel Valencia,COL,MF,20,1998,1,0,28,0.3,0,0,0,0,0,0,1,0,0.0,0.0,0.0,0.0,0.0,1,0,0.0,3.21,0.0,0.0,,28,0.8,,0,1,28,11,0.0,0,0,0,0.0,0.21,0,1,0,0,1,1,0,0,0,0
ITA-Serie A,1819,Bologna,Orji Okwonkwo,NGA,FW,20,1998,8,2,257,2.9,0,0,0,0,0,0,2,0,0.0,0.0,0.0,0.0,0.0,5,0,0.0,1.75,0.0,0.0,,32,7.5,77,1,6,17,13,0.88,1,4,-3,-1.05,-0.91,0,6,4,0,2,1,3,0,0,0
ITA-Serie A,1819,Chievo,Adrian Šemper,CRO,GK,20,1998,6,6,540,6.0,0,0,0,0,0,0,0,0,0.0,0.0,0.0,0.0,0.0,0,0,,0.0,0.0,,,90,15.8,90,6,0,,31,1.0,3,8,-5,-0.83,0.57,0,0,1,0,0,1,0,0,0,0
ITA-Serie A,1819,Chievo,Assane Dioussé,SEN,MF,20,1997,14,9,892,9.9,0,0,0,0,0,0,5,0,0.0,0.0,0.0,0.0,0.0,7,2,28.6,0.71,0.2,0.0,0.0,64,26.1,80,6,5,34,1,0.57,3,22,-19,-1.92,-0.81,0,16,8,2,8,20,16,0,0,0
ITA-Serie A,1819,Chievo,Mauro Antonio Burruchaga,ARG,MF,20,1998,1,0,58,0.6,0,0,0,0,0,0,0,0,0.0,0.0,0.0,0.0,0.0,1,1,100.0,1.55,1.55,0.0,0.0,58,1.7,,0,1,58,24,1.0,0,0,0,0.0,1.34,0,1,0,0,0,0,2,0,0,0
ITA-Serie A,1819,Chievo,Mehdi Léris,ALG,MF,20,1998,23,18,1607,17.9,0,2,2,0,0,0,5,0,0.0,0.11,0.11,0.0,0.11,31,9,29.0,1.74,0.5,0.0,0.0,70,47.0,83,11,5,22,12,0.39,10,36,-26,-1.46,-0.26,0,42,15,1,45,26,32,0,0,0
ITA-Serie A,1819,Chievo,Sofian Kiyine,MAR,"MF,DF",20,1997,23,9,816,9.1,0,1,1,0,0,0,7,0,0.0,0.11,0.11,0.0,0.11,20,3,15.0,2.21,0.33,0.0,0.0,35,23.9,65,2,14,16,13,0.7,5,20,-15,-1.65,-0.44,0,32,12,0,36,10,13,0,0,0
ITA-Serie A,1819,Empoli,Bartłomiej Drągowski,POL,GK,20,1997,14,14,1260,14.0,0,0,0,0,0,0,2,0,0.0,0.0,0.0,0.0,0.0,0,0,,0.0,0.0,,,90,36.8,90,14,0,,1,1.21,22,24,-2,-0.14,0.57,0,1,3,0,0,0,0,0,1,0
ITA-Serie A,1819,Empoli,Dimitri Oberlin,SUI,"FW,MF",20,1997,5,0,139,1.5,0,0,0,0,0,0,0,0,0.0,0.0,0.0,0.0,0.0,0,0,,0.0,0.0,,,28,4.1,,0,5,28,11,0.6,1,0,1,0.65,1.2,0,5,0,1,0,0,1,0,0,0
ITA-Serie A,1819,Empoli,Ismaël Bennacer,ALG,MF,20,1997,37,32,2961,32.9,0,5,5,0,0,0,7,0,0.0,0.15,0.15,0.0,0.15,20,5,25.0,0.61,0.15,0.0,0.0,80,86.6,88,28,5,27,0,1.0,44,59,-15,-0.46,0.33,0,48,59,0,76,55,59,0,1,0
ITA-Serie A,1819,Fiorentina,Bartłomiej Drągowski,POL,GK,20,1997,3,2,225,2.5,0,0,0,0,0,0,0,0,0.0,0.0,0.0,0.0,0.0,0,0,,0.0,0.0,,,75,6.6,90,2,1,45,17,1.33,2,2,0,0.0,-0.06,0,0,1,0,0,0,1,0,0,0
ITA-Serie A,1819,Fiorentina,Dávid Hancko,SVK,DF,20,1997,5,3,282,3.1,0,0,0,0,0,0,0,0,0.0,0.0,0.0,0.0,0.0,2,0,0.0,0.64,0.0,0.0,,56,8.2,79,2,2,23,33,2.0,6,5,1,0.32,0.29,0,1,3,0,5,4,7,0,0,0
ITA-Serie A,1819,Fiorentina,Federico Chiesa,ITA,"FW,MF",20,1997,37,34,3034,33.7,6,3,9,6,0,0,4,0,0.18,0.09,0.27,0.18,0.27,131,41,31.3,3.89,1.22,0.05,0.15,82,88.7,86,29,3,35,0,1.08,41,40,1,0.03,-0.2,0,57,58,10,97,11,25,4,0,0
ITA-Serie A,1819,Fiorentina,Nikola Milenković,SRB,DF,20,1997,34,34,3008,33.4,3,0,3,3,0,0,8,1,0.09,0.0,0.09,0.09,0.09,29,12,41.4,0.87,0.36,0.1,0.25,88,88.0,88,32,0,,1,0.97,36,37,-1,-0.03,-0.69,1,60,19,1,21,51,41,0,0,0
ITA-Serie A,1819,Frosinone,Luca Matarese,ITA,MF,20,1998,2,0,16,0.2,0,0,0,0,0,0,1,0,0.0,0.0,0.0,0.0,0.0,0,0,,0.0,0.0,,,8,0.5,,0,2,8,5,0.0,0,1,-1,-5.63,-4.59,0,1,0,0,0,0,0,0,0,0
ITA-Serie A,1819,Genoa,Christian Kouamé,CIV,"FW,MF",20,1997,38,33,3066,34.1,4,5,9,4,0,0,4,0,0.12,0.15,0.26,0.12,0.26,87,25,28.7,2.55,0.73,0.05,0.16,81,89.6,86,24,5,44,0,1.0,35,53,-18,-0.53,-0.53,0,37,82,18,29,25,20,0,0,0
ITA-Serie A,1819,Genoa,Cristian Romero,ARG,DF,20,1998,27,27,2336,26.0,2,2,4,2,0,0,12,2,0.08,0.08,0.15,0.08,0.15,20,7,35.0,0.77,0.27,0.1,0.29,87,68.3,87,24,0,,0,0.85,23,35,-12,-0.46,0.04,1,37,21,0,0,38,37,1,2,0
ITA-Serie A,1819,Genoa,Giuseppe Pezzella,ITA,DF,20,1997,5,1,112,1.2,0,0,0,0,0,0,0,1,0.0,0.0,0.0,0.0,0.0,1,0,0.0,0.8,0.0,0.0,,22,3.3,90,1,4,6,13,1.2,1,4,-3,-2.41,-2.0,0,3,1,1,4,1,1,0,0,0
ITA-Serie A,1819,Genoa,Nicola Dalmonte,ITA,"FW,MF",20,1997,3,0,44,0.5,0,0,0,0,0,0,0,0,0.0,0.0,0.0,0.0,0.0,3,0,0.0,6.14,0.0,0.0,,15,1.3,,0,3,15,26,0.33,2,0,2,4.09,4.62,0,1,1,0,3,0,1,0,0,0
ITA-Serie A,1819,Genoa,Pedro Pereira,POR,"MF,DF",20,1998,26,15,1384,15.4,0,0,0,0,0,0,1,0,0.0,0.0,0.0,0.0,0.0,3,0,0.0,0.2,0.0,0.0,,53,40.5,81,9,11,15,12,1.15,13,25,-12,-0.78,-0.52,0,19,10,0,59,15,17,0,0,0
ITA-Serie A,1819,Inter,Lautaro Martínez,ARG,FW,20,1997,27,13,1344,14.9,6,2,8,5,1,1,4,0,0.4,0.13,0.54,0.33,0.47,64,21,32.8,4.29,1.41,0.08,0.24,50,39.3,85,9,14,17,7,1.74,29,17,12,0.8,0.28,0,27,43,3,12,4,5,0,0,0
ITA-Serie A,1819,Inter,Yann Karamoh,FRA,"FW,MF",20,1998,1,0,5,0.1,0,0,0,0,0,0,0,0,0.0,0.0,0.0,0.0,0.0,0,0,,0.0,0.0,,,5,0.1,,0,1,5,0,0.0,0,0,0,0.0,-0.63,0,0,0,0,0,0,0,0,0,0
ITA-Serie A,1819,Juventus,Grigoris Kastanos,CYP,MF,20,1998,1,1,60,0.7,0,0,0,0,0,0,0,0,0.0,0.0,0.0,0.0,0.0,0,0,,0.0,0.0,,,60,1.8,60,0,0,,4,0.0,1,1,0,0.0,-1.07,0,1,2,0,0,0,1,0,0,0
ITA-Serie A,1819,Juventus,Matheus Pereira da Silva,BRA,MF,20,1998,3,1,92,1.0,0,0,0,0,0,0,0,0,0.0,0.0,0.0,0.0,0.0,2,0,0.0,1.96,0.0,0.0,,31,2.7,74,0,2,9,1,0.67,1,0,1,0.98,-0.08,0,1,1,0,5,0,2,0,0,0
ITA-Serie A,1819,Juventus,Stephy Mavididi,ENG,"FW,MF",20,1998,1,0,22,0.2,0,0,0,0,0,0,0,0,0.0,0.0,0.0,0.0,0.0,0,0,,0.0,0.0,,,22,0.6,,0,1,22,3,0.0,0,1,-1,-4.09,-5.18,0,0,0,0,1,0,0,0,0,0
ITA-Serie A,1819,Milan,Lucas Paquetá,BRA,MF,20,1997,13,12,842,9.4,1,1,2,1,0,0,5,1,0.11,0.11,0.21,0.11,0.21,14,7,50.0,1.5,0.75,0.07,0.14,65,24.6,69,2,1,20,1,1.85,16,6,10,1.07,0.75,0,17,23,1,7,4,11,0,0,0
ITA-Serie A,1819,Milan,Patrick Cutrone,ITA,FW,20,1998,34,12,1457,16.2,3,2,5,3,0,0,2,0,0.19,0.12,0.31,0.19,0.31,34,14,41.2,2.1,0.86,0.09,0.21,43,42.6,85,9,22,20,2,1.76,20,13,7,0.43,-0.12,0,27,20,13,19,7,7,0,0,0
ITA-Serie A,1819,Parma,Federico Dimarco,ITA,"DF,MF",20,1997,13,10,892,9.9,1,0,1,1,0,0,4,0,0.1,0.0,0.1,0.1,0.1,14,3,21.4,1.41,0.3,0.07,0.33,69,26.1,83,6,3,21,11,1.54,11,13,-2,-0.2,0.44,0,13,6,1,46,16,7,0,1,0
ITA-Serie A,1819,Sampdoria,Ronaldo Vieira,GNB,MF,20,1998,14,6,599,6.7,0,0,0,0,0,0,3,0,0.0,0.0,0.0,0.0,0.0,7,3,42.9,1.05,0.45,0.0,0.0,43,17.5,83,3,8,13,24,1.71,13,12,1,0.15,-0.1,0,19,6,0,8,7,10,0,0,0
ITA-Serie A,1819,Sassuolo,Claud Adjapong,ITA,MF,20,1998,5,3,270,3.0,1,0,1,1,0,0,1,0,0.33,0.0,0.33,0.33,0.33,2,1,50.0,0.67,0.33,0.5,1.0,54,7.9,81,1,2,14,21,1.4,3,2,1,0.33,0.56,0,3,6,2,5,1,2,0,0,0
ITA-Serie A,1819,Sassuolo,Manuel Locatelli,ITA,MF,20,1998,29,21,1847,20.5,2,4,6,2,0,0,7,0,0.1,0.19,0.29,0.1,0.29,30,6,20.0,1.46,0.29,0.07,0.33,64,54.0,81,11,8,19,8,1.0,31,34,-3,-0.15,0.08,0,35,29,0,37,29,28,0,1,0
ITA-Serie A,1819,Sassuolo,Merih Demiral,TUR,DF,20,1998,14,14,1260,14.0,2,0,2,2,0,0,3,0,0.14,0.0,0.14,0.14,0.14,8,4,50.0,0.57,0.29,0.25,0.5,90,36.8,90,14,0,,2,0.93,19,21,-2,-0.14,0.07,0,27,5,1,1,21,17,0,1,0
ITA-Serie A,1819,Sassuolo,Pol Lirola,ESP,"DF,MF",20,1997,35,32,2975,33.1,2,6,8,2,0,0,2,0,0.06,0.18,0.24,0.06,0.24,17,3,17.6,0.51,0.09,0.12,0.67,85,87.0,90,30,3,36,3,1.17,47,53,-6,-0.18,0.02,0,17,11,3,125,32,24,0,0,2
ITA-Serie A,1819,Sassuolo,Rogério,BRA,"DF,MF",20,1998,33,29,2672,29.7,1,2,3,1,0,0,9,1,0.03,0.07,0.1,0.03,0.1,14,5,35.7,0.47,0.17,0.07,0.2,81,78.1,89,27,4,21,2,1.24,41,48,-7,-0.24,-0.24,0,28,28,2,110,35,39,0,0,0
ITA-Serie A,1819,Udinese,Andrija Balić,CRO,MF,20,1997,4,0,27,0.3,0,0,0,0,0,0,0,0,0.0,0.0,0.0,0.0,0.0,1,0,0.0,3.33,0.0,0.0,,7,0.8,,0,4,7,8,1.0,0,1,-1,-3.33,-2.99,0,1,0,0,1,0,0,,,
ITA-Serie A,1819,Udinese,Giuseppe Pezzella,ITA,"MF,DF",20,1997,4,2,184,2.0,0,0,0,0,0,0,1,0,0.0,0.0,0.0,0.0,0.0,1,0,0.0,0.49,0.0,0.0,,46,5.4,81,1,2,11,12,1.75,1,2,-1,-0.49,-0.13,0,4,2,0,4,1,4,0,0,0
ITA-Serie A,1819,Udinese,Nicholas Opoku,GHA,DF,20,1997,12,9,910,10.1,0,0,0,0,0,0,5,0,0.0,0.0,0.0,0.0,0.0,5,0,0.0,0.49,0.0,0.0,,76,26.6,87,7,3,41,2,1.25,10,16,-6,-0.59,-0.31,0,8,4,0,0,19,9,0,1,0
ITA-Serie A,1819,Udinese,Svante Ingelsson,SWE,MF,20,1998,3,1,97,1.1,0,0,0,0,0,0,0,0,0.0,0.0,0.0,0.0,0.0,2,0,0.0,1.86,0.0,0.0,,32,2.8,45,0,2,26,9,0.0,0,3,-3,-2.78,-2.49,0,1,1,0,0,0,1,0,0,0
ITA-Serie A,1819,Atalanta,Matteo Pessina,ITA,MF,21,1997,12,1,235,2.6,0,1,1,0,0,0,0,0,0.0,0.38,0.38,0.0,0.38,3,1,33.3,1.15,0.38,0.0,0.0,20,6.9,49,0,11,17,26,2.08,8,6,2,0.77,-0.05,0,4,6,0,5,1,2,0,0,0
ITA-Serie A,1819,Bologna,Lyanco,BRA,DF,21,1997,13,13,1119,12.4,1,0,1,1,0,0,2,1,0.08,0.0,0.08,0.08,0.08,8,2,25.0,0.64,0.16,0.13,0.5,86,32.7,86,10,0,,1,2.0,27,16,11,0.88,1.63,1,11,3,2,1,22,18,0,0,0
ITA-Serie A,1819,Bologna,Riccardo Orsolini,ITA,"MF,FW",21,1997,35,19,1964,21.8,8,5,13,8,0,0,2,0,0.37,0.23,0.6,0.37,0.6,65,30,46.2,2.98,1.37,0.12,0.27,56,57.4,83,12,16,25,1,1.14,39,31,8,0.37,1.36,0,24,53,15,119,18,24,0,0,0
ITA-Serie A,1819,Bologna,Simone Edera,ITA,"FW,MF",21,1997,4,3,196,2.2,0,0,0,0,0,0,1,0,0.0,0.0,0.0,0.0,0.0,8,4,50.0,3.67,1.84,0.0,0.0,49,5.7,62,0,1,11,9,0.25,1,2,-1,-0.46,-0.26,0,3,1,1,12,0,4,0,0,0
ITA-Serie A,1819,Cagliari,Filippo Romagna,ITA,DF,21,1997,18,16,1474,16.4,0,0,0,0,0,0,2,0,0.0,0.0,0.0,0.0,0.0,4,1,25.0,0.24,0.06,0.0,0.0,82,43.1,89,15,2,23,19,1.0,15,23,-8,-0.49,-0.03,0,8,14,0,3,19,10,0,1,0
ITA-Serie A,1819,Cagliari,Kiril Despodov,BUL,"FW,MF",21,1996,4,0,105,1.2,0,0,0,0,0,0,0,0,0.0,0.0,0.0,0.0,0.0,0,0,,0.0,0.0,,,26,3.1,,0,4,26,10,1.5,2,1,1,0.86,1.37,0,3,1,2,3,0,0,1,0,0
ITA-Serie A,1819,Cagliari,Nicolò Barella,ITA,MF,21,1997,35,35,3107,34.5,1,3,4,1,0,1,10,2,0.03,0.09,0.12,0.03,0.12,54,12,22.2,1.56,0.35,0.02,0.08,89,90.8,89,30,0,,0,1.06,32,50,-18,-0.52,-0.52,2,61,82,4,93,39,64,0,1,0
ITA-Serie A,1819,Chievo,Fabio Depaoli,ITA,"DF,MF",21,1997,33,27,2468,27.4,0,4,4,0,0,0,12,2,0.0,0.15,0.15,0.0,0.15,12,3,25.0,0.44,0.11,0.0,0.0,75,72.2,84,21,6,33,1,0.52,21,55,-34,-1.24,0.27,2,52,23,1,104,37,43,0,0,0
ITA-Serie A,1819,Chievo,Strahinja Tanasijević,SRB,DF,21,1997,1,0,17,0.2,0,0,0,0,0,0,2,1,0.0,0.0,0.0,0.0,0.0,1,0,0.0,5.29,0.0,0.0,,17,0.5,,0,1,17,23,0.5,1,1,0,0.0,1.32,1,2,0,0,0,0,0,0,0,0
ITA-Serie A,1819,Empoli,Jacob Rasmussen,DEN,"DF,MF",21,1997,14,10,1016,11.3,0,1,1,0,0,0,3,0,0.0,0.09,0.09,0.0,0.09,3,0,0.0,0.27,0.0,0.0,,73,29.7,88,8,4,35,22,0.5,12,21,-9,-0.8,-0.42,0,8,5,0,1,10,12,0,0,0
ITA-Serie A,1819,Empoli,Samuel Mráz,SVK,FW,21,1997,6,2,170,1.9,1,0,1,1,0,0,0,0,0.53,0.0,0.53,0.53,0.53,2,1,50.0,1.06,0.53,0.5,1.0,28,5.0,54,0,4,16,15,0.17,1,4,-3,-1.59,-1.15,0,1,0,0,0,0,0,0,0,0
ITA-Serie A,1819,Fiorentina,Gerson,BRA,"MF,FW",21,1997,36,27,2426,27.0,3,3,6,3,0,0,9,0,0.11,0.11,0.22,0.11,0.22,41,7,17.1,1.52,0.26,0.07,0.43,67,70.9,80,12,9,30,1,1.11,35,29,6,0.22,0.58,0,51,85,4,16,16,27,0,1,1
ITA-Serie A,1819,Frosinone,Francesco Cassata,ITA,MF,21,1997,19,14,1124,12.5,2,2,4,2,0,0,9,1,0.16,0.16,0.32,0.16,0.32,14,4,28.6,1.12,0.32,0.14,0.5,59,32.9,71,4,5,27,15,0.74,13,25,-12,-0.96,0.14,0,31,22,0,8,6,10,0,0,0
ITA-Serie A,1819,Frosinone,Paolo Ghiglione,ITA,MF,21,1997,9,6,514,5.7,1,0,1,1,0,0,4,0,0.18,0.0,0.18,0.18,0.18,8,3,37.5,1.4,0.53,0.13,0.33,57,15.0,76,3,3,20,21,0.44,4,11,-7,-1.23,-0.2,0,12,2,0,29,4,5,0,0,0
ITA-Serie A,1819,Genoa,Andrea Favilli,ITA,FW,21,1997,6,0,170,1.9,0,2,2,0,0,0,0,0,0.0,1.06,1.06,0.0,1.06,5,3,60.0,2.65,1.59,0.0,0.0,28,5.0,,0,6,28,9,0.17,2,3,-1,-0.53,-0.06,0,7,2,1,1,0,1,0,0,0
ITA-Serie A,1819,Genoa,Ionuț Radu,ROU,GK,21,1997,33,33,2970,33.0,0,0,0,0,0,0,0,0,0.0,0.0,0.0,0.0,0.0,0,0,,0.0,0.0,,,90,86.8,90,33,0,,4,0.97,32,46,-14,-0.42,0.38,0,0,2,0,0,1,0,0,0,0
ITA-Serie A,1819,Juventus,Rodrigo Bentancur,URU,MF,21,1997,31,21,2003,22.3,2,3,5,2,0,0,8,1,0.09,0.13,0.22,0.09,0.22,21,3,14.3,0.94,0.13,0.1,0.67,65,58.6,86,18,10,20,3,2.42,39,16,23,1.03,-0.05,1,39,15,2,18,44,36,0,0,0
ITA-Serie A,1819,Lazio,Alessandro Murgia,ITA,MF,21,1996,1,0,9,0.1,0,0,0,0,0,0,0,0,0.0,0.0,0.0,0.0,0.0,0,0,,0.0,0.0,,,9,0.3,,0,1,9,19,3.0,0,0,0,0.0,-0.26,0,0,1,0,0,0,0,0,0,0
ITA-Serie A,1819,Lazio,Luiz Felipe,ITA,DF,21,1997,17,15,1289,14.3,1,1,2,1,0,0,4,0,0.07,0.07,0.14,0.07,0.14,8,2,25.0,0.56,0.14,0.13,0.5,76,37.7,79,10,2,55,13,1.59,20,16,4,0.28,0.03,0,21,14,1,4,24,19,0,0,0
ITA-Serie A,1819,Milan,Davide Calabria,ITA,DF,21,1996,26,22,1950,21.7,1,2,3,1,0,0,5,0,0.05,0.09,0.14,0.05,0.14,10,2,20.0,0.46,0.09,0.1,0.5,75,57.0,85,15,4,20,4,1.54,27,20,7,0.32,-0.41,0,16,20,1,67,31,51,0,0,0
ITA-Serie A,1819,Milan,Franck Kessié,CIV,MF,21,1996,34,34,3018,33.5,8,2,10,5,3,3,8,0,0.24,0.06,0.3,0.15,0.21,52,17,32.7,1.55,0.51,0.1,0.29,89,88.2,89,31,0,,1,1.88,51,32,19,0.57,0.57,0,47,32,3,29,27,28,0,1,0
ITA-Serie A,1819,Napoli,Adam Ounas,ALG,"MF,FW",21,1996,18,6,538,6.0,3,0,3,3,0,0,0,0,0.5,0.0,0.5,0.5,0.5,21,8,38.1,3.51,1.34,0.14,0.38,30,15.7,62,0,12,14,11,2.06,9,4,5,0.84,-0.19,0,4,10,0,19,3,2,0,0,0
ITA-Serie A,1819,Napoli,Alex Meret,ITA,GK,21,1997,14,13,1151,12.8,0,0,0,0,0,0,0,1,0.0,0.0,0.0,0.0,0.0,0,0,,0.0,0.0,,,82,33.7,85,12,1,47,11,2.21,28,9,19,1.49,0.73,0,2,4,0,0,0,0,0,1,0
ITA-Serie A,1819,Napoli,Amadou Diawara,GUI,MF,21,1997,13,8,661,7.3,0,0,0,0,0,0,4,0,0.0,0.0,0.0,0.0,0.0,9,1,11.1,1.23,0.14,0.0,0.0,51,19.3,73,3,5,15,14,2.46,15,5,10,1.36,0.45,0,15,2,0,0,10,4,0,0,0
ITA-Serie A,1819,Napoli,Sebastiano Luperto,ITA,DF,21,1996,12,6,728,8.1,0,0,0,0,0,0,0,0,0.0,0.0,0.0,0.0,0.0,2,0,0.0,0.25,0.0,0.0,,61,21.3,87,5,6,34,22,2.08,19,10,9,1.11,0.14,0,10,7,0,2,13,7,0,2,0
ITA-Serie A,1819,Parma,Alessio da Cruz,CPV,FW,21,1997,3,1,144,1.6,0,0,0,0,0,0,0,0,0.0,0.0,0.0,0.0,0.0,1,0,0.0,0.62,0.0,0.0,,48,4.2,90,1,2,27,7,1.0,0,1,-1,-0.62,-0.1,0,3,4,0,1,1,2,0,0,0
ITA-Serie A,1819,Parma,Francisco Sierralta,CHI,DF,21,1997,6,2,269,3.0,0,0,0,0,0,0,2,0,0.0,0.0,0.0,0.0,0.0,2,0,0.0,0.67,0.0,0.0,,45,7.9,90,2,4,22,8,1.17,4,7,-3,-1.0,-0.52,0,7,3,0,2,4,7,0,0,1
ITA-Serie A,1819,Parma,Pepín,EQG,MF,21,1996,2,1,77,0.9,0,1,1,0,0,0,0,0,0.0,1.17,1.17,0.0,1.17,2,0,0.0,2.34,0.0,0.0,,39,2.3,52,0,1,25,15,0.0,1,3,-2,-2.34,-1.85,0,1,0,0,3,3,2,0,0,0
ITA-Serie A,1819,Roma,Ante Ćorić,CRO,MF,21,1997,2,0,24,0.3,0,0,0,0,0,0,0,0,0.0,0.0,0.0,0.0,0.0,1,0,0.0,3.75,0.0,0.0,,12,0.7,,0,2,12,23,1.5,0,0,0,0.0,-0.48,0,1,0,0,4,0,0,0,0,0
ITA-Serie A,1819,Roma,Cengiz Ünder,TUR,"MF,FW",21,1997,26,17,1375,15.3,3,7,10,3,0,0,1,0,0.2,0.46,0.65,0.2,0.65,40,13,32.5,2.62,0.85,0.08,0.23,53,40.2,72,5,9,17,4,1.73,29,17,12,0.79,0.52,0,9,28,4,61,12,4,0,1,0
ITA-Serie A,1819,SPAL,Alessandro Murgia,ITA,MF,21,1996,15,11,1072,11.9,0,3,3,0,0,0,1,0,0.0,0.25,0.25,0.0,0.25,13,3,23.1,1.09,0.25,0.0,0.0,71,31.3,84,7,4,36,1,1.4,22,19,3,0.25,0.83,0,16,30,1,29,20,15,0,1,0
ITA-Serie A,1819,SPAL,Lorenzo Dickmann,ITA,MF,21,1996,6,2,175,1.9,0,0,0,0,0,0,1,0,0.0,0.0,0.0,0.0,0.0,1,0,0.0,0.51,0.0,0.0,,29,5.1,58,0,4,15,28,0.33,2,5,-3,-1.54,-1.29,0,3,3,0,1,1,4,0,0,0
ITA-Serie A,1819,SPAL,Vanja Milinković-Savić,SRB,GK,21,1997,2,2,164,1.8,0,0,0,0,0,0,1,1,0.0,0.0,0.0,0.0,0.0,0,0,,0.0,0.0,,,82,4.8,82,1,0,,16,1.5,3,4,-1,-0.55,-0.24,1,0,0,0,0,0,0,0,0,0
ITA-Serie A,1819,Sampdoria,Dawid Kownacki,POL,"FW,MF",21,1997,13,0,168,1.9,1,1,2,0,1,2,0,0,0.54,0.54,1.07,0.0,0.54,6,3,50.0,3.21,1.61,0.0,0.0,13,4.9,,0,13,13,6,1.46,4,4,0,0.0,-0.25,0,3,2,1,3,0,1,1,0,0
ITA-Serie A,1819,Sampdoria,Emil Audero,IDN,GK,21,1997,36,36,3240,36.0,0,0,0,0,0,0,4,0,0.0,0.0,0.0,0.0,0.0,0,0,,0.0,0.0,,,90,94.7,90,36,0,,2,1.36,58,51,7,0.19,-0.81,0,2,5,0,1,1,3,0,2,0
ITA-Serie A,1819,Sampdoria,Júnior Tavares,BRA,DF,21,1996,3,2,184,2.0,0,0,0,0,0,0,1,0,0.0,0.0,0.0,0.0,0.0,1,1,100.0,0.49,0.49,0.0,0.0,61,5.4,85,1,1,14,33,1.33,1,1,0,0.0,-0.25,0,4,4,0,9,2,1,0,0,0
ITA-Serie A,1819,Sassuolo,Jeremie Boga,CIV,"FW,MF",21,1997,25,14,1443,16.0,3,1,4,3,0,0,0,0,0.19,0.06,0.25,0.19,0.25,27,8,29.6,1.68,0.5,0.11,0.38,58,42.2,83,7,11,26,2,1.12,22,27,-5,-0.31,-0.22,0,9,29,8,15,5,3,0,0,0
ITA-Serie A,1819,Sassuolo,Leonardo Sernicola,ITA,"DF,MF",21,1997,1,0,6,0.1,0,0,0,0,0,0,0,0,0.0,0.0,0.0,0.0,0.0,0,0,,0.0,0.0,,,6,0.2,,0,1,6,20,0.0,0,0,0,0.0,0.18,0,0,0,0,0,0,0,0,0,0
ITA-Serie A,1819,Torino,Gleison Bremer,BRA,DF,21,1997,5,2,183,2.0,0,0,0,0,0,0,1,0,0.0,0.0,0.0,0.0,0.0,1,0,0.0,0.49,0.0,0.0,,37,5.4,84,1,3,5,33,2.0,3,3,0,0.0,-0.42,0,3,4,0,0,8,1,0,0,0
ITA-Serie A,1819,Torino,Lyanco,BRA,DF,21,1997,2,1,90,1.0,0,0,0,0,0,0,0,0,0.0,0.0,0.0,0.0,0.0,0,0,,0.0,0.0,,,45,2.6,82,0,1,8,9,0.5,2,3,-1,-1.0,-1.43,0,1,1,0,0,5,1,0,0,0
ITA-Serie A,1819,Torino,Ola Aina,NGA,MF,21,1996,30,22,2160,24.0,1,3,4,1,0,0,5,1,0.04,0.12,0.17,0.04,0.17,25,6,24.0,1.04,0.25,0.04,0.17,72,63.2,86,15,8,34,2,1.63,31,23,8,0.33,-0.17,0,31,39,4,62,39,35,0,0,0
ITA-Serie A,1819,Torino,Saša Lukić,SRB,MF,21,1996,24,11,989,11.0,2,0,2,2,0,0,7,0,0.18,0.0,0.18,0.18,0.18,9,4,44.4,0.82,0.36,0.22,0.5,41,28.9,77,5,13,11,13,1.83,12,6,6,0.55,0.21,0,35,13,0,26,12,10,0,0,0
ITA-Serie A,1819,Torino,Simone Edera,ITA,MF,21,1997,3,1,77,0.9,0,0,0,0,0,0,0,0,0.0,0.0,0.0,0.0,0.0,1,0,0.0,1.17,0.0,0.0,,26,2.3,57,0,2,10,17,1.0,0,0,0,0.0,-0.4,0,2,1,0,2,1,0,0,0,0
ITA-Serie A,1819,Udinese,Felipe Vizeu,BRA,FW,21,1997,5,0,32,0.4,0,0,0,0,0,0,0,0,0.0,0.0,0.0,0.0,0.0,1,0,0.0,2.81,0.0,0.0,,6,0.9,,0,5,6,12,0.0,0,1,-1,-2.81,-2.47,0,1,0,0,0,0,0,0,0,0
ITA-Serie A,1819,Udinese,Hidde ter Avest,NED,MF,21,1997,13,12,973,10.8,0,1,1,0,0,0,0,0,0.0,0.09,0.09,0.0,0.09,3,1,33.3,0.28,0.09,0.0,0.0,75,28.5,79,4,1,28,21,1.0,11,16,-5,-0.46,-0.13,0,5,6,0,23,11,14,0,0,0
ITA-Serie A,1819,Udinese,Rolando Mandragora,ITA,MF,21,1997,35,33,2918,32.4,3,2,5,3,0,0,8,1,0.09,0.06,0.15,0.09,0.15,46,11,23.9,1.42,0.34,0.07,0.27,83,85.3,88,27,2,13,0,1.23,33,41,-8,-0.25,0.83,0,46,40,1,47,43,38,0,0,0
ITA-Serie A,1819,Atalanta,Gianluca Mancini,ITA,DF,22,1996,30,25,2246,25.0,5,2,7,5,0,0,5,0,0.2,0.08,0.28,0.2,0.28,41,13,31.7,1.64,0.52,0.12,0.38,75,65.7,82,17,5,37,7,1.83,48,32,16,0.64,-0.51,0,37,15,2,3,47,29,0,1,0
ITA-Serie A,1819,Atalanta,Luca Valzania,ITA,MF,22,1996,2,1,73,0.8,0,0,0,0,0,0,0,0,0.0,0.0,0.0,0.0,0.0,1,0,0.0,1.23,0.0,0.0,,37,2.1,53,0,1,20,17,0.5,3,2,1,1.23,0.43,0,0,0,0,0,1,4,0,0,0
ITA-Serie A,1819,Atalanta,Timothy Castagne,BEL,MF,22,1995,28,21,2006,22.3,4,3,7,4,0,0,3,0,0.18,0.13,0.31,0.18,0.31,19,8,42.1,0.85,0.36,0.21,0.5,72,58.7,88,18,7,23,10,1.89,48,29,19,0.85,0.09,0,21,14,0,58,27,38,0,0,0
ITA-Serie A,1819,Bologna,Arturo Calabresi,ITA,DF,22,1996,18,16,1412,15.7,1,0,1,1,0,0,8,0,0.06,0.0,0.06,0.06,0.06,2,2,100.0,0.13,0.13,0.5,0.5,78,41.3,85,14,2,23,19,0.89,14,27,-13,-0.83,-1.05,0,18,12,2,19,34,27,0,2,0
ITA-Serie A,1819,Bologna,Godfred Donsah,GHA,MF,22,1996,6,1,153,1.7,0,0,0,0,0,0,0,0,0.0,0.0,0.0,0.0,0.0,2,0,0.0,1.18,0.0,0.0,,26,4.5,90,1,5,13,20,1.17,2,6,-4,-2.35,-2.24,0,0,1,0,0,1,1,0,0,0
ITA-Serie A,1819,Cagliari,Alberto Cerri,ITA,FW,22,1996,15,7,670,7.4,0,0,0,0,0,0,3,0,0.0,0.0,0.0,0.0,0.0,24,4,16.7,3.22,0.54,0.0,0.0,45,19.6,71,2,8,22,15,0.73,6,11,-5,-0.67,-0.25,0,23,10,3,5,3,5,0,0,0
ITA-Serie A,1819,Cagliari,Alessandro Deiola,ITA,MF,22,1995,10,5,450,5.0,0,0,0,0,0,0,2,0,0.0,0.0,0.0,0.0,0.0,7,1,14.3,1.4,0.2,0.0,0.0,45,13.2,75,2,5,15,6,1.2,2,7,-5,-1.0,-0.61,0,5,2,0,6,6,3,0,0,0
ITA-Serie A,1819,Empoli,Antonino La Gumina,ITA,FW,22,1996,22,12,1090,12.1,2,2,4,2,0,0,1,0,0.17,0.17,0.33,0.17,0.33,27,10,37.0,2.23,0.83,0.07,0.2,50,31.9,75,3,10,20,0,0.91,16,26,-10,-0.83,-0.48,0,17,21,20,1,6,5,1,0,0
ITA-Serie A,1819,Fiorentina,Edimilson Fernandes,SUI,MF,22,1996,29,23,1970,21.9,2,0,2,2,0,0,9,1,0.09,0.0,0.09,0.09,0.09,21,5,23.8,0.96,0.23,0.1,0.4,68,57.6,77,13,6,34,3,1.0,23,26,-3,-0.14,-0.45,1,38,17,0,16,27,24,0,2,0
ITA-Serie A,1819,Frosinone,Luca Valzania,ITA,MF,22,1996,13,11,897,10.0,2,1,3,2,0,0,4,0,0.2,0.1,0.3,0.2,0.3,20,7,35.0,2.01,0.7,0.1,0.29,69,26.2,76,2,2,31,6,0.62,6,17,-11,-1.1,-0.07,0,13,18,0,9,17,14,0,0,0
ITA-Serie A,1819,Genoa,Antonio Sanabria,PAR,FW,22,1996,15,9,766,8.5,3,0,3,3,0,1,1,0,0.35,0.0,0.35,0.35,0.35,32,11,34.4,3.76,1.29,0.09,0.27,51,22.4,75,4,6,16,2,1.07,9,6,3,0.35,1.06,0,19,15,2,2,4,4,1,0,0
ITA-Serie A,1819,Genoa,Luca Mazzitelli,ITA,MF,22,1995,10,3,323,3.6,0,0,0,0,0,0,3,0,0.0,0.0,0.0,0.0,0.0,5,0,0.0,1.39,0.0,0.0,,32,9.4,65,0,7,18,12,1.4,2,4,-2,-0.56,-0.09,0,13,5,0,7,4,2,0,0,0
ITA-Serie A,1819,Genoa,Stephane Omeonga,BEL,MF,22,1996,3,0,57,0.6,0,0,0,0,0,0,1,0,0.0,0.0,0.0,0.0,0.0,0,0,,0.0,0.0,,,19,1.7,,0,3,19,12,0.0,0,5,-5,-7.89,-7.55,0,3,1,0,0,0,1,0,0,0
ITA-Serie A,1819,Lazio,Guido Guerrieri,ITA,GK,22,1996,1,1,90,1.0,0,0,0,0,0,0,0,0,0.0,0.0,0.0,0.0,0.0,0,0,,0.0,0.0,,,90,2.6,90,1,0,,32,1.0,3,3,0,0.0,-0.27,0,0,0,0,0,0,0,0,0,0
ITA-Serie A,1819,Milan,José Mauri,ITA,MF,22,1996,5,2,208,2.3,0,0,0,0,0,0,0,0,0.0,0.0,0.0,0.0,0.0,4,0,0.0,1.73,0.0,0.0,,42,6.1,59,0,3,30,27,2.0,3,2,1,0.43,-0.07,0,5,4,0,0,5,4,0,0,0
ITA-Serie A,1819,Napoli,Fabián Ruiz Peña,ESP,MF,22,1996,27,20,1992,22.1,5,4,9,5,0,0,3,1,0.23,0.18,0.41,0.23,0.41,51,15,29.4,2.3,0.68,0.1,0.33,74,58.2,86,15,7,39,8,1.96,41,19,22,0.99,-0.01,1,11,22,3,29,21,32,0,0,0
ITA-Serie A,1819,Parma,Alessandro Deiola,ITA,MF,22,1995,10,5,545,6.1,0,1,1,0,0,0,3,0,0.0,0.17,0.17,0.0,0.17,7,1,14.3,1.16,0.17,0.0,0.0,55,15.9,86,4,5,23,9,1.9,4,6,-2,-0.33,0.23,0,9,5,0,4,11,8,0,0,0
ITA-Serie A,1819,Roma,Lorenzo Pellegrini,ITA,MF,22,1996,25,21,1821,20.2,3,3,6,3,0,0,6,0,0.15,0.15,0.3,0.15,0.3,45,14,31.1,2.22,0.69,0.07,0.21,73,53.2,80,11,4,37,4,1.8,32,25,7,0.35,-0.27,0,33,33,4,125,12,23,0,0,0
ITA-Serie A,1819,Roma,Patrik Schick,CZE,"FW,MF",22,1996,24,15,1314,14.6,3,0,3,3,0,0,4,0,0.21,0.0,0.21,0.21,0.21,34,14,41.2,2.33,0.96,0.09,0.21,55,38.4,78,6,9,17,11,1.75,29,16,13,0.89,0.68,0,27,19,9,3,4,6,2,0,0
ITA-Serie A,1819,SPAL,Gabriele Moncini,ITA,FW,22,1996,1,0,8,0.1,0,0,0,0,0,0,0,0,0.0,0.0,0.0,0.0,0.0,0,0,,0.0,0.0,,,8,0.2,,0,1,8,11,0.0,0,0,0,0.0,0.32,0,0,0,0,0,0,1,0,0,0
ITA-Serie A,1819,SPAL,Kevin Bonifazi,ITA,DF,22,1996,27,26,2301,25.6,2,1,3,2,0,0,2,0,0.08,0.04,0.12,0.08,0.12,12,4,33.3,0.47,0.16,0.17,0.5,85,67.3,88,23,1,22,7,1.07,34,39,-5,-0.2,0.37,0,20,19,0,6,37,27,0,0,0
ITA-Serie A,1819,SPAL,Lorenco Šimić,CRO,DF,22,1996,8,2,238,2.6,0,0,0,0,0,0,0,0,0.0,0.0,0.0,0.0,0.0,5,0,0.0,1.89,0.0,0.0,,30,7.0,79,1,6,14,22,1.63,1,6,-5,-1.89,-1.69,0,4,2,1,0,12,3,0,1,0
ITA-Serie A,1819,SPAL,Mohamed Fares,ALG,"MF,DF",22,1996,35,32,2949,32.8,3,0,3,3,0,0,12,0,0.09,0.0,0.09,0.09,0.09,57,17,29.8,1.74,0.52,0.05,0.18,84,86.2,90,31,3,26,0,1.11,34,45,-11,-0.34,-0.14,0,52,41,0,161,53,45,0,1,0
ITA-Serie A,1819,Sampdoria,Jakub Jankto,CZE,MF,22,1996,25,7,963,10.7,0,0,0,0,0,0,2,0,0.0,0.0,0.0,0.0,0.0,23,6,26.1,2.15,0.56,0.0,0.0,39,28.2,85,5,18,21,12,1.32,14,22,-8,-0.75,-1.37,0,9,6,0,43,9,5,0,0,0
ITA-Serie A,1819,Sampdoria,Joachim Andersen,DEN,DF,22,1996,32,32,2880,32.0,0,1,1,0,0,0,7,0,0.0,0.03,0.03,0.0,0.03,13,5,38.5,0.41,0.16,0.0,0.0,90,84.2,90,32,0,,1,1.5,52,42,10,0.31,0.48,0,31,14,0,1,36,29,0,2,0
ITA-Serie A,1819,Sassuolo,Giangiacomo Magnani,ITA,DF,22,1995,19,17,1516,16.8,0,1,1,0,0,0,2,0,0.0,0.06,0.06,0.0,0.06,2,0,0.0,0.12,0.0,0.0,,80,44.3,87,16,2,16,14,1.37,24,27,-3,-0.18,0.01,0,20,12,0,0,15,10,0,0,0
ITA-Serie A,1819,Sassuolo,Marlon,BRA,DF,22,1995,18,18,1508,16.8,1,0,1,1,0,0,4,1,0.06,0.0,0.06,0.06,0.06,6,2,33.3,0.36,0.12,0.17,0.5,84,44.1,84,15,0,,6,1.06,21,24,-3,-0.18,0.01,1,19,8,0,7,26,19,0,0,0
ITA-Serie A,1819,Sassuolo,Mauricio Lemos,URU,DF,22,1995,3,3,179,2.0,0,0,0,0,0,0,0,0,0.0,0.0,0.0,0.0,0.0,0,0,,0.0,0.0,,,60,5.2,60,0,0,,31,1.33,5,7,-2,-1.01,-0.87,0,2,1,0,0,3,1,0,0,0
ITA-Serie A,1819,Sassuolo,Stefano Sensi,ITA,MF,22,1995,28,23,1972,21.9,2,4,6,2,0,0,8,0,0.09,0.18,0.27,0.09,0.27,36,7,19.4,1.64,0.32,0.06,0.29,70,57.7,81,11,5,24,7,1.04,29,40,-11,-0.5,-0.75,0,25,68,1,97,31,22,1,0,0
ITA-Serie A,1819,Torino,Vittorio Parigini,ITA,"MF,FW",22,1996,17,2,377,4.2,0,0,0,0,0,0,2,0,0.0,0.0,0.0,0.0,0.0,9,4,44.4,2.15,0.95,0.0,0.0,22,11.0,72,0,15,16,14,1.35,3,5,-2,-0.48,-0.98,0,7,16,1,25,2,10,0,0,0
ITA-Serie A,1819,Udinese,Ignacio Pussetto,ARG,"FW,MF",22,1995,35,24,2178,24.2,4,4,8,4,0,0,8,0,0.17,0.17,0.33,0.17,0.33,58,20,34.5,2.4,0.83,0.07,0.2,62,63.7,80,10,11,24,1,1.14,22,30,-8,-0.33,0.1,0,53,57,22,31,28,41,2,0,0
ITA-Serie A,1819,Udinese,Simone Scuffet,ITA,GK,22,1996,9,9,810,9.0,0,0,0,0,0,0,0,0,0.0,0.0,0.0,0.0,0.0,0,0,,0.0,0.0,,,90,23.7,90,9,0,,10,0.89,8,13,-5,-0.56,-0.25,0,0,1,0,1,0,0,0,0,0
,1819,Augsburg,Simon Asta,GER,DF,17,2001,1,1,90,1.0,0,0,0,0,0,0,1,0,0.0,0.0,0.0,0.0,0.0,2,0,0.0,2.0,0.0,0.0,,90,2.9,90,1,0,,1,0.0,1,8,-7,-7.0,-6.61,0,1,0,0,1,3,3,0,0,0
,1819,Bayern Munich,Alphonso Davies,CAN,"DF,FW",17,2000,6,0,80,0.9,1,0,1,1,0,0,1,0,1.13,0.0,1.13,1.13,1.13,2,1,50.0,2.25,1.13,0.5,1.0,13,2.6,,0,6,12,7,2.17,3,1,2,2.25,0.62,0,1,0,0,1,2,2,0,1,0
,1819,Schalke 04,Rabbi Matondo,WAL,MF,17,2000,7,1,189,2.1,0,0,0,0,0,0,0,0,0.0,0.0,0.0,0.0,0.0,3,1,33.3,1.43,0.48,0.0,0.0,27,6.2,94,0,6,16,4,1.0,1,3,-2,-0.95,-0.45,0,3,0,0,4,0,1,0,0,0
,1819,Stuttgart,Antonis Aidonis,GER,DF,17,2001,2,1,80,0.9,0,0,0,0,0,0,1,0,0.0,0.0,0.0,0.0,0.0,0,0,,0.0,0.0,,,40,2.6,80,0,1,0,4,1.5,0,2,-2,-2.25,-1.16,0,1,0,0,6,2,1,0,0,0
,1819,Stuttgart,Leon Dajaku,GER,"FW,MF",17,2001,2,0,27,0.3,0,0,0,0,0,0,0,0,0.0,0.0,0.0,0.0,0.0,0,0,,0.0,0.0,,,14,0.9,,0,2,13,3,0.0,0,2,-2,-6.67,-5.6,0,0,1,0,0,0,1,0,0,0
,1819,Bayern Munich,Jeong Woo-yeong,KOR,"FW,MF",18,1999,1,0,5,0.1,0,0,0,0,0,0,0,0,0.0,0.0,0.0,0.0,0.0,1,1,100.0,18.0,18.0,0.0,0.0,5,0.2,,0,1,4,3,3.0,1,0,1,18.0,16.38,0,0,0,0,0,0,0,0,0,0
,1819,Dortmund,Jadon Sancho,ENG,MF,18,2000,34,26,2461,27.3,12,14,26,12,0,0,2,0,0.44,0.51,0.95,0.44,0.95,40,22,55.0,1.46,0.8,0.3,0.55,72,80.4,88,17,8,23,0,2.24,68,36,32,1.17,0.42,0,5,38,4,110,15,13,2,0,0
,1819,Eintracht Frankfurt,Obite N'Dicka,CIV,DF,18,1999,27,24,2304,25.6,1,1,2,1,0,0,3,0,0.04,0.04,0.08,0.04,0.08,13,2,15.4,0.51,0.08,0.08,0.5,85,75.3,88,23,3,65,4,1.67,50,37,13,0.51,0.63,0,27,9,1,2,32,32,0,0,0
,1819,Freiburg,Nico Schlotterbeck,GER,DF,18,1999,4,2,226,2.5,0,0,0,0,0,0,1,0,0.0,0.0,0.0,0.0,0.0,2,1,50.0,0.8,0.4,0.0,0.0,57,7.4,91,2,2,23,2,1.0,3,5,-2,-0.8,-0.38,0,4,7,0,0,5,6,0,0,0
,1819,Gladbach,Jordan Beyer,GER,DF,18,2000,9,8,720,8.0,0,0,0,0,0,0,1,0,0.0,0.0,0.0,0.0,0.0,5,1,20.0,0.62,0.12,0.0,0.0,80,23.5,84,7,1,45,5,1.67,14,7,7,0.87,0.64,0,7,4,0,2,11,20,0,0,0
,1819,Gladbach,Mickaël Cuisance,FRA,MF,18,1999,11,1,279,3.1,0,1,1,0,0,0,3,0,0.0,0.32,0.32,0.0,0.32,8,1,12.5,2.58,0.32,0.0,0.0,25,9.1,100,1,10,18,16,1.09,3,2,1,0.32,-0.07,0,8,2,0,4,5,5,0,0,0
,1819,Hannover 96,Sebastian Soto,USA,FW,18,2000,3,0,29,0.3,0,0,0,0,0,0,0,0,0.0,0.0,0.0,0.0,0.0,0,0,,0.0,0.0,,,10,0.9,,0,3,9,0,0.33,0,0,0,0.0,1.19,0,2,0,0,1,0,0,0,0,0
,1819,Hertha BSC,Dennis Jastrzembski,POL,"FW,MF",18,2000,5,0,61,0.7,0,0,0,0,0,0,1,0,0.0,0.0,0.0,0.0,0.0,1,0,0.0,1.48,0.0,0.0,,12,2.0,,0,5,11,7,1.8,2,1,1,1.48,1.75,0,4,1,0,2,1,0,0,0,0
,1819,Hoffenheim,Alfonso,MOZ,"DF,MF",18,1999,1,0,9,0.1,0,0,0,0,0,0,0,0,0.0,0.0,0.0,0.0,0.0,1,0,0.0,10.0,0.0,0.0,,9,0.3,,0,1,8,1,0.0,0,2,-2,-20.0,-20.59,0,0,0,0,0,1,1,0,0,0
,1819,Hoffenheim,Christoph Baumgartner,AUT,MF,18,1999,2,1,85,0.9,0,0,0,0,0,0,2,1,0.0,0.0,0.0,0.0,0.0,2,0,0.0,2.12,0.0,0.0,,43,2.8,40,0,1,45,5,0.0,2,0,2,2.12,1.63,1,2,3,0,1,0,1,0,0,0
,1819,Hoffenheim,Reiss Nelson,ENG,"FW,MF",18,1999,23,5,643,7.1,7,0,7,7,0,0,0,0,0.98,0.0,0.98,0.98,0.98,21,11,52.4,2.94,1.54,0.33,0.64,28,21.0,71,1,18,16,4,1.26,19,11,8,1.12,0.75,0,8,6,3,12,5,12,0,0,0
,1819,Leverkusen,Paulinho,BRA,"FW,MF",18,2000,15,0,180,2.0,0,0,0,0,0,0,0,0,0.0,0.0,0.0,0.0,0.0,6,0,0.0,3.0,0.0,0.0,,12,5.9,,0,15,11,14,1.33,1,6,-5,-2.5,-3.19,0,1,1,1,3,2,5,0,0,0
,1819,Mainz 05,Jonathan Burkardt,GER,"FW,MF",18,2000,4,4,259,2.9,0,0,0,0,0,0,0,0,0.0,0.0,0.0,0.0,0.0,6,2,33.3,2.08,0.69,0.0,0.0,65,8.5,65,1,0,,1,1.0,2,4,-2,-0.69,-0.41,0,2,2,0,6,2,3,0,0,0
,1819,Mainz 05,Leandro Barreiro Martins,LUX,MF,18,2000,1,1,90,1.0,0,0,0,0,0,0,1,0,0.0,0.0,0.0,0.0,0.0,1,0,0.0,1.0,0.0,0.0,,90,2.9,90,1,0,,2,0.0,1,5,-4,-4.0,-3.79,0,1,0,0,0,2,4,0,0,0
,1819,RB Leipzig,Emile Smith Rowe,ENG,MF,18,2000,3,0,29,0.3,0,0,0,0,0,0,0,0,0.0,0.0,0.0,0.0,0.0,0,0,,0.0,0.0,,,10,0.9,,0,3,9,1,1.33,1,1,0,0.0,-1.01,0,0,1,0,0,1,0,0,0,0
,1819,Schalke 04,Ahmed Kutucu,TUR,FW,18,2000,13,3,425,4.7,2,0,2,2,0,0,0,0,0.42,0.0,0.42,0.42,0.42,13,7,53.8,2.75,1.48,0.15,0.29,33,13.9,75,0,10,20,4,1.0,3,11,-8,-1.69,-1.35,0,10,9,2,7,1,3,0,0,0
,1819,Stuttgart,Ozan Kabak,TUR,DF,18,2000,15,15,1350,15.0,3,0,3,3,0,0,4,0,0.2,0.0,0.2,0.2,0.2,11,5,45.5,0.73,0.33,0.27,0.6,90,44.1,90,15,0,,1,0.87,18,32,-14,-0.93,0.33,0,21,13,0,3,25,20,0,0,0
,1819,Werder Bremen,Josh Sargent,USA,FW,18,2000,10,1,212,2.4,2,0,2,2,0,0,1,0,0.85,0.0,0.85,0.85,0.85,4,2,50.0,1.7,0.85,0.5,1.0,21,6.9,68,0,9,16,8,1.6,6,3,3,1.27,1.08,0,6,6,1,0,0,1,0,0,0
,1819,Werder Bremen,Luca Plogmann,GER,GK,18,2000,1,0,38,0.4,0,0,0,0,0,0,0,0,0.0,0.0,0.0,0.0,0.0,0,0,,0.0,0.0,,,38,1.2,,0,1,37,16,3.0,1,1,0,0.0,-0.27,0,0,0,0,0,0,0,0,0,0
,1819,Wolfsburg,John Yeboah,ECU,"FW,MF",18,2000,2,0,55,0.6,0,0,0,0,0,0,0,0,0.0,0.0,0.0,0.0,0.0,1,1,100.0,1.64,1.64,0.0,0.0,28,1.8,,0,2,27,5,0.0,1,1,0,0.0,-0.36,0,0,3,0,1,0,0,0,0,0
,1819,Augsburg,Jozo Stanić,CRO,DF,19,1999,1,0,3,0.0,0,0,0,0,0,0,0,0,0.0,0.0,0.0,0.0,0.0,0,0,,0.0,0.0,,,3,0.1,,0,1,2,6,0.0,0,0,0,0.0,0.59,0,0,0,0,0,0,0,0,0,0
,1819,Augsburg,Kevin Danso,AUT,DF,19,1998,18,13,1247,13.9,1,1,2,1,0,0,3,0,0.07,0.07,0.14,0.07,0.14,10,5,50.0,0.72,0.36,0.1,0.2,69,40.8,88,12,5,21,15,1.17,24,31,-7,-0.51,0.14,0,16,16,0,1,19,15,1,0,1
,1819,Augsburg,Reece Oxford,ENG,DF,19,1998,8,6,505,5.6,0,1,1,0,0,0,0,1,0.0,0.18,0.18,0.0,0.18,4,0,0.0,0.71,0.0,0.0,,63,16.5,80,4,2,14,3,0.75,8,25,-17,-3.03,-2.92,0,4,2,0,1,11,9,0,1,0
,1819,Bayern Munich,Meritan Shabani,ALB,MF,19,1999,1,0,1,0.0,0,0,0,0,0,0,0,0,0.0,0.0,0.0,0.0,0.0,0,0,,0.0,0.0,,,1,0.0,,0,1,0,1,3.0,0,0,0,0.0,-1.65,0,0,0,0,0,0,0,0,0,0
,1819,Dortmund,Achraf Hakimi,MAR,DF,19,1998,21,19,1740,19.3,2,4,6,2,0,0,4,0,0.1,0.21,0.31,0.1,0.31,20,5,25.0,1.03,0.26,0.1,0.4,83,56.9,90,18,2,19,6,2.57,53,23,30,1.55,1.07,0,14,35,0,45,29,19,0,0,0
,1819,Dortmund,Christian Pulisic,USA,"MF,FW",19,1998,20,9,932,10.4,4,4,8,4,0,0,2,0,0.39,0.39,0.77,0.39,0.77,27,10,37.0,2.61,0.97,0.15,0.4,47,30.5,87,6,11,14,4,2.3,28,13,15,1.45,0.52,0,9,26,7,39,6,7,0,0,0
,1819,Dortmund,Dan-Axel Zagadou,FRA,DF,19,1999,17,15,1267,14.1,2,0,2,2,0,0,4,0,0.14,0.0,0.14,0.14,0.14,10,3,30.0,0.71,0.21,0.2,0.67,75,41.4,84,13,2,7,4,2.41,37,21,16,1.14,0.08,0,13,5,0,0,26,10,0,1,0
,1819,Dortmund,Jacob Bruun Larsen,DEN,MF,19,1998,24,16,1265,14.1,2,2,4,2,0,0,0,0,0.14,0.14,0.28,0.14,0.28,26,10,38.5,1.85,0.71,0.08,0.2,53,41.3,74,3,8,10,7,2.17,32,21,11,0.78,-0.52,0,3,9,5,16,13,9,0,0,0
,1819,Düsseldorf,Davor Lovren,CRO,FW,19,1998,2,0,46,0.5,0,0,0,0,0,0,0,0,0.0,0.0,0.0,0.0,0.0,1,1,100.0,1.96,1.96,0.0,0.0,23,1.5,,0,2,22,4,0.0,0,3,-3,-5.87,-5.48,0,0,1,0,1,0,1,0,0,0
,1819,Hannover 96,Benjamin Hadžić,BIH,FW,19,1999,3,0,25,0.3,0,1,1,0,0,0,0,0,0.0,3.6,3.6,0.0,3.6,1,1,100.0,3.6,3.6,0.0,0.0,8,0.8,,0,3,7,0,0.33,1,2,-1,-3.6,-2.44,0,2,0,0,0,0,1,0,0,0
,1819,Hannover 96,Linton Maina,GER,"MF,FW",19,1999,20,17,1414,15.7,1,3,4,1,0,0,0,0,0.06,0.19,0.25,0.06,0.25,21,3,14.3,1.34,0.19,0.05,0.33,71,46.2,78,4,3,27,1,0.65,14,27,-13,-0.83,0.65,0,11,15,1,27,14,17,0,0,0
,1819,Hertha BSC,Arne Maier,GER,MF,19,1999,24,23,2064,22.9,0,0,0,0,0,0,2,0,0.0,0.0,0.0,0.0,0.0,20,6,30.0,0.87,0.26,0.0,0.0,86,67.5,88,18,1,45,0,1.29,35,40,-5,-0.22,0.05,0,19,16,0,10,31,18,0,1,0
,1819,Hertha BSC,Florian Baak,GER,DF,19,1999,1,0,1,0.0,0,0,0,0,0,0,0,0,0.0,0.0,0.0,0.0,0.0,0,0,,0.0,0.0,,,1,0.0,,0,1,0,6,3.0,0,0,0,0.0,0.24,0,0,0,0,0,0,0,0,0,0
,1819,Hertha BSC,Palkó Dárdai,HUN,MF,19,1999,7,1,113,1.3,0,0,0,0,0,0,0,0,0.0,0.0,0.0,0.0,0.0,1,0,0.0,0.8,0.0,0.0,,16,3.7,69,0,6,7,15,1.0,1,2,-1,-0.8,-0.58,0,3,2,0,5,0,1,1,0,0
,1819,Hoffenheim,David Otto,GER,"FW,MF",19,1999,3,0,28,0.3,0,0,0,0,0,0,0,0,0.0,0.0,0.0,0.0,0.0,0,0,,0.0,0.0,,,9,0.9,,0,3,8,6,3.0,1,0,1,3.21,2.71,0,0,0,0,0,0,1,0,0,0
,1819,Leverkusen,Kai Havertz,GER,"MF,FW",19,1999,34,33,2894,32.2,17,3,20,14,3,3,2,0,0.53,0.09,0.62,0.44,0.53,87,42,48.3,2.71,1.31,0.16,0.33,85,94.6,86,27,1,45,0,1.71,65,49,16,0.5,-0.04,0,24,52,4,23,16,20,0,0,0
,1819,Mainz 05,Abass Issah,GHA,"FW,MF",19,1998,1,0,9,0.1,0,0,0,0,0,0,0,0,0.0,0.0,0.0,0.0,0.0,1,0,0.0,10.0,0.0,0.0,,9,0.3,,0,1,8,2,1.0,0,0,0,0.0,0.32,0,0,1,0,0,0,0,0,0,0
,1819,Mainz 05,Ahmet Gürleyen,GER,DF,19,1999,1,0,13,0.1,0,0,0,0,0,0,0,0,0.0,0.0,0.0,0.0,0.0,1,1,100.0,6.92,6.92,0.0,0.0,13,0.4,,0,1,12,0,3.0,2,1,1,6.92,7.28,0,0,1,0,0,0,0,0,0,0
,1819,Nürnberg,Kevin Goden,GER,"DF,MF",19,1999,5,3,273,3.0,0,0,0,0,0,0,1,0,0.0,0.0,0.0,0.0,0.0,0,0,,0.0,0.0,,,55,8.9,75,2,2,24,1,0.6,2,5,-3,-0.99,0.27,0,2,0,0,3,4,2,0,0,0
,1819,Nürnberg,Timothy Tillman,USA,MF,19,1999,6,1,206,2.3,0,0,0,0,0,0,0,0,0.0,0.0,0.0,0.0,0.0,4,1,25.0,1.75,0.44,0.0,0.0,34,6.7,62,0,5,29,6,0.17,2,10,-8,-3.5,-2.42,0,3,7,0,1,3,2,0,0,0
,1819,RB Leipzig,Dayot Upamecano,FRA,DF,19,1998,15,14,1293,14.4,0,0,0,0,0,0,5,0,0.0,0.0,0.0,0.0,0.0,10,1,10.0,0.7,0.07,0.0,0.0,86,42.3,90,14,1,32,3,1.6,24,17,7,0.49,-0.89,0,17,4,0,0,35,14,0,2,0
,1819,RB Leipzig,Ibrahima Konaté,FRA,DF,19,1999,28,27,2431,27.0,1,1,2,1,0,0,7,0,0.04,0.04,0.07,0.04,0.07,12,4,33.3,0.44,0.15,0.08,0.25,87,79.4,90,27,1,0,2,2.04,52,25,27,1.0,0.0,0,38,26,0,2,61,31,0,1,0
,1819,RB Leipzig,Matheus Cunha,BRA,"FW,MF",19,1999,25,9,853,9.5,2,0,2,2,0,0,1,0,0.21,0.0,0.21,0.21,0.21,34,11,32.4,3.59,1.16,0.06,0.18,34,27.9,75,2,16,11,9,1.8,13,8,5,0.53,-0.66,0,33,15,5,10,4,6,1,0,0
,1819,RB Leipzig,Tyler Adams,USA,MF,19,1999,10,8,721,8.0,0,2,2,0,0,0,0,0,0.0,0.25,0.25,0.0,0.25,2,1,50.0,0.25,0.12,0.0,0.0,72,23.6,85,6,2,23,1,2.1,18,2,16,2.0,1.3,0,12,11,0,4,18,17,0,0,0
,1819,Schalke 04,Nassim Boujellab,MAR,MF,19,1999,7,4,378,4.2,0,1,1,0,0,0,0,0,0.0,0.24,0.24,0.0,0.24,9,1,11.1,2.14,0.24,0.0,0.0,54,12.4,85,2,3,12,0,1.0,3,2,1,0.24,0.88,0,11,8,0,0,3,5,0,0,0
,1819,Schalke 04,Weston McKennie,USA,"MF,DF",19,1998,24,19,1746,19.4,1,4,5,1,0,0,6,0,0.05,0.21,0.26,0.05,0.26,26,10,38.5,1.34,0.52,0.04,0.1,73,57.1,86,14,5,21,1,1.0,18,32,-14,-0.72,-0.45,0,34,17,5,11,35,14,1,0,0
,1819,Stuttgart,Hans Nunoo Sarpei,GHA,MF,19,1998,2,0,42,0.5,0,0,0,0,0,0,0,0,0.0,0.0,0.0,0.0,0.0,0,0,,0.0,0.0,,,21,1.4,,0,2,20,11,0.0,0,3,-3,-6.43,-5.38,0,1,0,0,0,0,1,0,0,0
,1819,Wolfsburg,Gian-Luca Itter,GER,DF,19,1999,2,1,94,1.0,0,0,0,0,0,0,0,0,0.0,0.0,0.0,0.0,0.0,0,0,,0.0,0.0,,,47,3.1,91,1,1,3,4,3.0,3,2,1,0.96,0.62,0,1,3,0,2,1,3,0,0,0
,1819,Augsburg,Felix Götze,GER,"DF,MF",20,1998,6,0,126,1.4,1,0,1,1,0,0,0,0,0.71,0.0,0.71,0.71,0.71,2,2,100.0,1.43,1.43,0.5,0.5,21,4.1,,0,6,20,10,1.5,4,5,-1,-0.71,-0.13,0,2,2,0,1,2,2,0,0,0
,1819,Augsburg,Fredrik Jensen,FIN,"MF,FW",20,1997,6,2,207,2.3,0,0,0,0,0,0,0,0,0.0,0.0,0.0,0.0,0.0,2,0,0.0,0.87,0.0,0.0,,35,6.8,66,0,4,19,4,1.17,0,4,-4,-1.74,-1.23,0,4,0,0,3,2,4,0,0,0
,1819,Augsburg,Gregor Kobel,SUI,GK,20,1997,16,16,1389,15.4,0,0,0,0,0,0,0,0,0.0,0.0,0.0,0.0,0.0,0,0,,0.0,0.0,,,87,45.4,87,15,0,,0,0.88,18,42,-24,-1.56,-1.77,0,0,2,0,0,2,1,0,0,0
,1819,Augsburg,Marco Richter,GER,"MF,FW",20,1997,25,17,1426,15.8,4,6,10,4,0,0,4,0,0.25,0.38,0.63,0.25,0.63,55,23,41.8,3.47,1.45,0.07,0.17,57,46.6,72,4,8,26,5,0.92,29,35,-6,-0.38,0.39,0,22,26,8,36,14,10,0,0,0
,1819,Augsburg,Sergio Córdova,VEN,FW,20,1997,20,3,531,5.9,3,0,3,3,0,0,1,0,0.51,0.0,0.51,0.51,0.51,13,4,30.8,2.2,0.68,0.23,0.75,27,17.4,85,2,17,16,4,0.65,12,19,-7,-1.19,-0.72,0,16,19,4,5,3,7,0,0,0
,1819,Bayern Munich,Renato Sanches,POR,MF,20,1997,17,4,577,6.4,1,1,2,1,0,0,2,1,0.16,0.16,0.31,0.16,0.31,17,4,23.5,2.65,0.62,0.06,0.25,34,18.9,84,2,13,19,13,1.94,16,9,7,1.09,-0.68,1,10,12,1,20,7,6,0,0,0
,1819,Düsseldorf,Aymen Barkok,MAR,MF,20,1998,12,4,510,5.7,0,0,0,0,0,0,0,0,0.0,0.0,0.0,0.0,0.0,5,0,0.0,0.88,0.0,0.0,,43,16.7,80,2,8,24,6,1.0,8,16,-8,-1.41,-1.13,0,9,0,0,12,5,6,0,0,0
,1819,Düsseldorf,Dodi Lukebakio,BEL,"MF,FW",20,1997,31,22,1972,21.9,10,3,13,6,4,6,6,0,0.46,0.14,0.59,0.27,0.41,56,31,55.4,2.56,1.41,0.11,0.19,64,64.4,81,7,9,22,1,1.29,34,44,-10,-0.46,0.04,0,30,50,14,41,8,17,2,1,0
,1819,Eintracht Frankfurt,Luka Jović,SRB,"FW,MF",20,1997,32,25,2243,24.9,17,5,22,16,1,1,1,0,0.68,0.2,0.88,0.64,0.84,96,43,44.8,3.85,1.73,0.17,0.37,70,73.3,82,14,7,27,2,1.59,46,30,16,0.64,1.08,0,30,45,17,18,5,5,0,0,0
,1819,Freiburg,Christoph Daferner,GER,FW,20,1998,1,0,25,0.3,0,0,0,0,0,0,0,0,0.0,0.0,0.0,0.0,0.0,0,0,,0.0,0.0,,,25,0.8,,0,1,24,0,0.0,0,2,-2,-7.2,-6.81,0,0,0,0,0,1,0,0,0,0
,1819,Gladbach,László Bénes,SVK,MF,20,1997,1,0,27,0.3,0,0,0,0,0,0,0,0,0.0,0.0,0.0,0.0,0.0,0,0,,0.0,0.0,,,27,0.9,,0,1,26,4,1.0,0,0,0,0.0,-0.39,0,0,1,0,0,1,1,0,0,0
,1819,Hannover 96,Florent Muslija,KVX,"MF,FW",20,1998,17,6,679,7.5,2,0,2,2,0,0,1,0,0.27,0.0,0.27,0.27,0.27,20,11,55.0,2.65,1.46,0.1,0.18,40,22.2,67,0,11,25,10,0.18,7,12,-5,-0.66,0.66,0,5,15,2,32,4,11,0,0,0
,1819,Hertha BSC,Javairô Dilrosun,NED,MF,20,1998,17,7,898,10.0,2,3,5,2,0,0,2,0,0.2,0.3,0.5,0.2,0.5,11,5,45.5,1.1,0.5,0.18,0.4,53,29.3,85,4,10,31,1,1.24,17,19,-2,-0.2,0.05,0,8,21,0,32,8,11,0,0,0
,1819,Hertha BSC,Jordan Torunarigha,GER,DF,20,1997,14,13,1158,12.9,2,2,4,2,0,0,3,1,0.16,0.16,0.31,0.16,0.31,7,2,28.6,0.54,0.16,0.29,1.0,83,37.8,86,10,1,45,8,1.5,21,16,5,0.39,1.0,1,26,7,1,3,33,29,0,0,0
,1819,Hoffenheim,Dennis Geiger,GER,"MF,FW",20,1998,4,2,246,2.7,0,1,1,0,0,0,1,0,0.0,0.37,0.37,0.0,0.37,4,2,50.0,1.46,0.73,0.0,0.0,62,8.0,84,1,2,40,0,1.25,8,5,3,1.1,0.62,0,5,6,0,7,4,1,1,0,0
,1819,Hoffenheim,Gregor Kobel,SUI,GK,20,1997,1,1,90,1.0,0,0,0,0,0,0,0,0,0.0,0.0,0.0,0.0,0.0,0,0,,0.0,0.0,,,90,2.9,90,1,0,,12,3.0,3,1,2,2.0,1.52,0,0,0,0,0,0,0,0,0,0
,1819,Hoffenheim,Justin Hoogma,NED,DF,20,1998,2,1,111,1.2,0,0,0,0,0,0,0,0,0.0,0.0,0.0,0.0,0.0,0,0,,0.0,0.0,,,56,3.6,91,1,1,20,4,1.5,1,2,-1,-0.81,-1.39,0,0,0,0,0,2,2,0,0,0
,1819,Leverkusen,Leon Bailey,JAM,"FW,MF",20,1997,29,21,1914,21.3,5,1,6,5,0,0,4,0,0.24,0.05,0.28,0.24,0.28,57,18,31.6,2.68,0.85,0.09,0.28,66,62.5,80,8,8,30,1,1.55,36,36,0,0.0,-1.34,0,20,34,6,165,16,10,0,0,0
,1819,Mainz 05,Florian Müller,GER,GK,20,1997,24,24,2160,24.0,0,0,0,0,0,0,0,0,0.0,0.0,0.0,0.0,0.0,0,0,,0.0,0.0,,,90,70.6,90,24,0,,0,1.13,30,43,-13,-0.54,-0.74,0,0,0,0,0,3,1,0,0,0
,1819,Mainz 05,Ridle Baku,GER,MF,20,1998,15,10,937,10.4,0,0,0,0,0,0,1,0,0.0,0.0,0.0,0.0,0.0,11,3,27.3,1.06,0.29,0.0,0.0,62,30.6,84,5,5,20,9,1.2,6,14,-8,-0.77,-0.64,0,9,14,1,4,9,10,0,0,0
,1819,Nürnberg,Simon Rhein,GER,MF,20,1998,8,7,494,5.5,0,0,0,0,0,0,1,1,0.0,0.0,0.0,0.0,0.0,1,0,0.0,0.18,0.0,0.0,,62,16.1,68,3,1,17,7,0.25,4,14,-10,-1.82,-0.7,0,6,2,0,9,6,5,0,0,0
,1819,Nürnberg,Törles Knöll,GER,FW,20,1997,16,2,370,4.1,1,0,1,1,0,0,0,0,0.24,0.0,0.24,0.24,0.24,7,3,42.9,1.7,0.73,0.14,0.33,23,12.1,82,0,14,15,6,0.56,4,6,-2,-0.49,0.85,0,11,1,2,1,0,2,0,0,0
,1819,RB Leipzig,Amadou Haidara,MLI,MF,20,1998,9,4,378,4.2,1,0,1,1,0,0,1,0,0.24,0.0,0.24,0.24,0.24,12,2,16.7,2.86,0.48,0.08,0.5,42,12.4,75,2,5,16,0,2.22,8,6,2,0.48,-0.6,0,10,5,1,6,4,10,0,0,0
,1819,RB Leipzig,Marcelo Saracchi,URU,DF,20,1998,9,7,653,7.3,0,1,1,0,0,0,2,0,0.0,0.14,0.14,0.0,0.14,1,0,0.0,0.14,0.0,0.0,,73,21.3,90,6,2,13,16,1.22,12,11,1,0.14,-1.1,0,14,4,1,44,12,12,0,0,0
,1819,RB Leipzig,Nordi Mukiele,FRA,DF,20,1997,19,14,1225,13.6,1,1,2,1,0,0,3,0,0.07,0.07,0.15,0.07,0.15,8,3,37.5,0.59,0.22,0.13,0.33,64,40.0,82,9,5,14,11,2.21,30,11,19,1.4,0.66,0,19,21,0,32,23,23,0,0,0
,1819,Schalke 04,Haji Wright,USA,FW,20,1998,7,2,197,2.2,1,0,1,1,0,0,0,0,0.46,0.0,0.46,0.46,0.46,3,1,33.3,1.37,0.46,0.33,1.0,28,6.4,63,0,5,14,2,1.57,3,5,-2,-0.91,-0.41,0,2,1,4,2,0,2,0,0,0
,1819,Schalke 04,Hamza Mendyl,MAR,"DF,MF",20,1997,9,7,544,6.0,0,0,0,0,0,0,5,0,0.0,0.0,0.0,0.0,0.0,3,2,66.7,0.5,0.33,0.0,0.0,60,17.8,70,4,2,29,8,0.89,4,8,-4,-0.66,-0.16,0,11,6,0,19,10,17,0,0,0
,1819,Stuttgart,Berkay Özcan,TUR,MF,20,1998,3,0,51,0.6,0,0,0,0,0,0,0,0,0.0,0.0,0.0,0.0,0.0,0,0,,0.0,0.0,,,17,1.7,,0,3,17,2,0.33,0,0,0,0.0,1.14,0,0,2,0,1,1,0,0,0,0
,1819,Stuttgart,Borna Sosa,CRO,"DF,MF",20,1998,12,7,616,6.8,0,1,1,0,0,0,3,0,0.0,0.15,0.15,0.0,0.15,6,3,50.0,0.88,0.44,0.0,0.0,51,20.1,84,6,5,5,5,0.92,5,11,-6,-0.88,0.3,0,14,7,0,39,6,7,0,0,0
,1819,Stuttgart,Nicolás González,ARG,"FW,MF",20,1998,30,23,2162,24.0,2,3,5,2,0,0,2,1,0.08,0.12,0.21,0.08,0.21,58,11,19.0,2.41,0.46,0.03,0.18,72,70.7,84,16,7,33,1,0.8,23,48,-25,-1.04,0.26,0,29,49,10,46,12,16,0,0,0
,1819,Werder Bremen,Johannes Eggestein,GER,"FW,MF",20,1998,23,12,1113,12.4,4,1,5,4,0,0,0,0,0.32,0.08,0.4,0.32,0.4,34,12,35.3,2.75,0.97,0.12,0.33,48,36.4,71,1,11,23,7,1.57,21,18,3,0.24,-0.03,0,15,15,1,18,6,11,0,0,0
,1819,Werder Bremen,Marco Friedl,AUT,DF,20,1998,7,5,474,5.3,0,0,0,0,0,0,3,0,0.0,0.0,0.0,0.0,0.0,1,0,0.0,0.19,0.0,0.0,,68,15.5,81,4,2,34,27,2.0,11,9,2,0.38,0.14,0,8,5,0,2,12,7,0,1,0
,1819,Wolfsburg,Elvis Rexhbeçaj,KVX,MF,20,1997,24,13,1144,12.7,2,2,4,2,0,0,4,0,0.16,0.16,0.31,0.16,0.31,10,4,40.0,0.79,0.31,0.2,0.5,48,37.4,77,2,11,13,8,1.67,21,15,6,0.47,0.19,0,12,34,0,14,14,17,0,0,0
,1819,Wolfsburg,Josip Brekalo,CRO,"FW,MF",20,1998,25,15,1415,15.7,3,3,6,3,0,0,2,0,0.19,0.19,0.38,0.19,0.38,26,14,53.8,1.65,0.89,0.12,0.21,57,46.2,79,6,10,22,7,1.52,25,28,-3,-0.19,-1.01,0,17,21,2,58,12,8,0,0,0
,1819,Wolfsburg,Ohis Felix Uduokhai,GER,DF,20,1997,11,2,244,2.7,0,0,0,0,0,0,2,0,0.0,0.0,0.0,0.0,0.0,1,0,0.0,0.37,0.0,0.0,,22,8.0,95,2,9,6,20,2.64,6,3,3,1.11,0.82,0,8,5,0,4,5,8,0,0,0
,1819,Düsseldorf,Dawid Kownacki,POL,"MF,FW",21,1997,10,7,575,6.4,4,0,4,4,0,0,2,0,0.63,0.0,0.63,0.63,0.63,12,5,41.7,1.88,0.78,0.33,0.8,58,18.8,72,3,3,24,1,1.3,11,12,-1,-0.16,0.39,0,4,9,2,7,4,6,0,0,0
,1819,Eintracht Frankfurt,Allan,BRA,MF,21,1997,4,2,176,2.0,0,0,0,0,0,0,1,0,0.0,0.0,0.0,0.0,0.0,2,0,0.0,1.02,0.0,0.0,,44,5.8,69,1,2,20,3,2.0,7,2,5,2.56,2.34,0,5,5,0,3,0,4,0,0,0
,1819,Freiburg,Chima Okoroji,NGA,DF,21,1997,2,1,104,1.2,0,0,0,0,0,0,0,0,0.0,0.0,0.0,0.0,0.0,0,0,,0.0,0.0,,,52,3.4,86,0,1,18,9,2.0,5,1,4,3.46,4.04,0,2,1,0,2,1,0,0,0,0
,1819,Freiburg,Keven Schlotterbeck,GER,DF,21,1997,9,8,773,8.6,0,0,0,0,0,0,1,0,0.0,0.0,0.0,0.0,0.0,2,1,50.0,0.23,0.12,0.0,0.0,86,25.3,90,8,1,52,4,0.44,6,21,-15,-1.75,-1.75,0,6,5,0,0,15,17,0,1,0
,1819,Freiburg,Patrick Kammerbauer,GER,"DF,MF",21,1997,1,0,2,0.0,0,0,0,0,0,0,0,0,0.0,0.0,0.0,0.0,0.0,0,0,,0.0,0.0,,,2,0.1,,0,1,1,8,1.0,0,1,-1,-45.0,-44.59,0,0,0,0,1,1,0,0,0,0
,1819,Freiburg,Roland Sallai,HUN,MF,21,1997,10,5,527,5.9,2,0,2,2,0,0,3,0,0.34,0.0,0.34,0.34,0.34,15,6,40.0,2.56,1.02,0.13,0.33,53,17.2,77,3,5,29,1,1.5,7,8,-1,-0.17,0.33,0,17,19,1,10,3,9,1,0,0
,1819,Gladbach,Denis Zakaria,SUI,MF,21,1996,31,21,1959,21.8,4,0,4,4,0,0,7,0,0.18,0.0,0.18,0.18,0.18,36,14,38.9,1.65,0.64,0.11,0.29,63,64.0,83,14,10,22,1,1.65,28,26,2,0.09,-0.81,0,31,19,1,13,23,22,0,0,0
,1819,Gladbach,Florian Neuhaus,GER,MF,21,1997,32,25,2062,22.9,3,8,11,3,0,0,5,0,0.13,0.35,0.48,0.13,0.48,51,13,25.5,2.23,0.57,0.06,0.23,64,67.4,77,9,7,19,1,1.63,39,32,7,0.31,-0.24,0,26,40,1,22,10,18,3,0,0
,1819,Gladbach,Nico Elvedi,SUI,DF,21,1996,30,30,2623,29.1,2,1,3,2,0,0,1,0,0.07,0.03,0.1,0.07,0.1,14,3,21.4,0.48,0.1,0.14,0.67,87,85.7,87,27,0,,0,1.7,46,37,9,0.31,-0.51,0,18,14,1,1,52,21,0,0,0
,1819,Hannover 96,Noah Joel Sarenren Bazee,NGA,"MF,FW",21,1996,3,3,155,1.7,0,0,0,0,0,0,0,0,0.0,0.0,0.0,0.0,0.0,5,0,0.0,2.9,0.0,0.0,,52,5.1,52,0,0,,1,1.0,3,3,0,0.0,1.24,0,2,2,2,4,1,0,0,0,0
,1819,Hertha BSC,Maximilian Mittelstädt,GER,"MF,DF",21,1997,25,20,1804,20.0,1,1,2,1,0,0,3,1,0.05,0.05,0.1,0.05,0.1,23,7,30.4,1.15,0.35,0.04,0.14,72,59.0,84,16,5,23,7,1.16,24,32,-8,-0.4,-0.4,1,16,23,1,51,50,37,0,0,0
,1819,Hoffenheim,Joelinton,BRA,"FW,MF",21,1996,28,25,2130,23.7,7,5,12,7,0,0,5,0,0.3,0.21,0.51,0.3,0.51,56,24,42.9,2.37,1.01,0.13,0.29,76,69.6,82,15,3,26,0,1.43,50,32,18,0.76,0.76,0,56,28,4,6,14,24,1,0,0
,1819,Hoffenheim,Nadiem Amiri,GER,MF,21,1996,13,10,754,8.4,3,1,4,3,0,0,1,0,0.36,0.12,0.48,0.36,0.48,18,8,44.4,2.15,0.95,0.17,0.38,58,24.6,69,2,3,22,4,1.85,21,8,13,1.55,1.36,0,14,14,0,12,9,9,0,0,0
,1819,Hoffenheim,Stefan Posch,AUT,DF,21,1997,17,16,1402,15.6,0,0,0,0,0,0,5,0,0.0,0.0,0.0,0.0,0.0,6,2,33.3,0.39,0.13,0.0,0.0,82,45.8,86,13,1,26,8,1.06,21,22,-1,-0.06,-1.1,0,31,13,0,4,20,28,0,0,0
,1819,Leverkusen,Benjamin Henrichs,GER,DF,21,1997,1,1,63,0.7,0,0,0,0,0,0,1,0,0.0,0.0,0.0,0.0,0.0,0,0,,0.0,0.0,,,63,2.1,63,0,0,,0,0.0,0,2,-2,-2.86,-3.43,0,3,1,0,2,3,0,0,1,0
,1819,Mainz 05,Aarón Martín,ESP,DF,21,1997,33,32,2878,32.0,0,3,3,0,0,0,3,0,0.0,0.09,0.09,0.0,0.09,18,5,27.8,0.56,0.16,0.0,0.0,87,94.1,89,30,1,27,1,1.3,46,50,-4,-0.13,3.34,0,29,28,6,236,42,33,1,0,0
,1819,Mainz 05,Jean-Philippe Mateta,FRA,FW,21,1997,34,29,2483,27.6,14,2,16,14,0,0,2,0,0.51,0.07,0.58,0.51,0.58,96,35,36.5,3.48,1.27,0.15,0.4,73,81.1,81,15,5,29,0,1.26,38,49,-11,-0.4,-0.4,0,33,30,36,29,6,8,1,0,0
,1819,Nürnberg,Alexander Fuchs,GER,MF,21,1997,9,8,655,7.3,1,0,1,1,0,0,3,0,0.14,0.0,0.14,0.14,0.14,9,1,11.1,1.24,0.14,0.11,1.0,73,21.4,78,2,1,30,12,0.67,2,14,-12,-1.65,-0.53,0,14,12,0,4,6,12,0,0,0
,1819,Nürnberg,Eduard Löwen,GER,"MF,FW",21,1997,22,17,1623,18.0,3,2,5,3,0,0,3,0,0.17,0.11,0.28,0.17,0.28,37,14,37.8,2.05,0.78,0.08,0.21,74,53.0,88,13,5,26,1,0.68,17,37,-20,-1.11,0.27,0,19,27,0,17,11,22,0,0,0
,1819,Nürnberg,Lukas Mühl,GER,DF,21,1997,31,31,2790,31.0,1,0,1,1,0,0,4,0,0.03,0.0,0.03,0.03,0.03,12,2,16.7,0.39,0.06,0.08,0.5,90,91.2,90,31,0,,2,0.58,23,62,-39,-1.26,-0.26,0,25,9,0,4,53,38,0,0,1
,1819,RB Leipzig,Jean-Kévin Augustin,FRA,FW,21,1997,17,4,461,5.1,3,0,3,3,0,0,0,0,0.59,0.0,0.59,0.59,0.59,13,8,61.5,2.54,1.56,0.23,0.38,27,15.1,78,1,13,11,10,1.35,5,6,-1,-0.2,-1.41,0,10,17,5,2,4,1,0,0,0
,1819,RB Leipzig,Konrad Laimer,AUT,"MF,DF",21,1997,29,20,1874,20.8,1,1,2,1,0,0,7,0,0.05,0.05,0.1,0.05,0.1,14,5,35.7,0.67,0.24,0.07,0.2,65,61.2,84,9,9,22,4,2.0,32,15,17,0.82,-0.47,0,42,18,2,22,33,39,1,0,0
,1819,Schalke 04,Alexander Nübel,GER,GK,21,1996,18,18,1588,17.6,0,0,0,0,0,0,1,1,0.0,0.0,0.0,0.0,0.0,0,0,,0.0,0.0,,,88,51.9,88,17,0,,14,1.0,19,29,-10,-0.57,-0.08,0,2,3,0,0,1,0,0,1,0
,1819,Schalke 04,Amine Harit,MAR,"MF,FW",21,1997,18,12,1082,12.0,1,1,2,1,0,0,1,0,0.08,0.08,0.17,0.08,0.17,12,5,41.7,1.0,0.42,0.08,0.2,60,35.4,80,5,6,21,7,0.67,12,20,-8,-0.67,-0.21,0,11,50,2,3,10,8,1,0,0
,1819,Schalke 04,Breel Embolo,SUI,"FW,MF",21,1997,20,15,1345,14.9,5,1,6,5,0,0,4,0,0.33,0.07,0.4,0.33,0.4,26,13,50.0,1.74,0.87,0.19,0.38,67,44.0,82,6,5,23,1,0.85,17,26,-9,-0.6,-0.13,0,30,31,9,6,6,18,3,0,0
,1819,Schalke 04,Cedric Teuchert,GER,FW,21,1997,5,2,160,1.8,0,0,0,0,0,0,0,0,0.0,0.0,0.0,0.0,0.0,1,1,100.0,0.56,0.56,0.0,0.0,32,5.2,60,0,3,13,8,0.4,3,4,-1,-0.56,-0.03,0,2,2,6,0,1,0,0,0,0
,1819,Schalke 04,George Timotheou,AUS,DF,21,1997,1,1,90,1.0,0,0,0,0,0,0,0,0,0.0,0.0,0.0,0.0,0.0,2,1,50.0,2.0,1.0,0.0,0.0,90,2.9,90,1,0,,3,1.0,0,0,0,0.0,0.55,0,0,1,0,0,1,3,0,0,0
,1819,Schalke 04,Jonas Carls,GER,MF,21,1997,1,1,90,1.0,0,0,0,0,0,0,0,0,0.0,0.0,0.0,0.0,0.0,0,0,,0.0,0.0,,,90,2.9,90,1,0,,5,0.0,2,5,-3,-3.0,-2.55,0,0,0,0,5,1,2,0,0,0
,1819,Schalke 04,Suat Serdar,GER,MF,21,1997,26,20,1729,19.2,2,1,3,2,0,0,4,2,0.1,0.05,0.16,0.1,0.16,30,9,30.0,1.56,0.47,0.07,0.22,67,56.5,77,7,6,32,1,1.08,17,22,-5,-0.26,0.62,1,40,28,2,6,23,32,0,0,0
,1819,Stuttgart,Anastasios Donis,GRE,"FW,MF",21,1996,24,11,962,10.7,5,2,7,5,0,0,4,0,0.47,0.19,0.65,0.47,0.65,30,11,36.7,2.81,1.03,0.17,0.45,40,31.4,64,1,13,20,2,0.96,12,19,-7,-0.65,0.67,0,21,13,15,25,5,13,0,0,0
,1819,Stuttgart,Pablo Maffeo,ESP,"DF,MF",21,1997,8,8,597,6.6,0,0,0,0,0,0,1,0,0.0,0.0,0.0,0.0,0.0,4,1,25.0,0.6,0.15,0.0,0.0,75,19.5,75,3,0,,3,0.38,1,15,-14,-2.11,-1.23,0,4,12,0,23,15,13,0,0,0
,1819,Stuttgart,Santiago Ascacíbar,ARG,MF,21,1997,27,27,2428,27.0,0,0,0,0,0,0,10,1,0.0,0.0,0.0,0.0,0.0,19,5,26.3,0.7,0.19,0.0,0.0,90,79.3,90,25,0,,0,0.78,27,55,-28,-1.04,0.39,0,25,33,0,11,44,49,0,0,1
,1819,Werder Bremen,Maximilian Eggestein,GER,MF,21,1996,34,34,3052,33.9,5,4,9,5,0,0,4,0,0.15,0.12,0.27,0.15,0.27,46,15,32.6,1.36,0.44,0.11,0.33,90,99.7,90,33,0,,0,1.56,58,49,9,0.27,0.27,0,37,40,0,38,32,42,0,0,0
,1819,Augsburg,Raphael Framberger,GER,"MF,DF",22,1995,7,6,548,6.1,0,0,0,0,0,0,2,0,0.0,0.0,0.0,0.0,0.0,0,0,,0.0,0.0,,,78,17.9,90,6,1,7,11,0.14,7,13,-6,-0.99,-0.48,0,6,7,0,26,11,8,0,0,0
,1819,Bayern Munich,Kingsley Coman,FRA,"MF,FW",22,1996,21,17,1378,15.3,6,4,10,6,0,0,2,0,0.39,0.26,0.65,0.39,0.65,31,19,61.3,2.02,1.24,0.19,0.32,66,45.0,76,5,4,22,0,2.57,42,13,29,1.89,0.45,0,17,41,3,56,6,7,0,0,0
,1819,Bayern Munich,Niklas Süle,GER,DF,22,1995,31,29,2654,29.5,2,0,2,2,0,0,3,0,0.07,0.0,0.07,0.07,0.07,21,7,33.3,0.71,0.24,0.1,0.29,86,86.7,90,29,2,21,3,2.23,73,29,44,1.49,-1.17,0,17,7,0,0,48,25,0,0,0
,1819,Dortmund,Abdou Diallo,SEN,DF,22,1996,28,27,2379,26.4,1,1,2,1,0,0,1,1,0.04,0.04,0.08,0.04,0.08,11,4,36.4,0.42,0.15,0.09,0.25,85,77.7,88,24,1,7,0,2.07,58,38,20,0.76,-1.49,0,21,13,1,24,31,22,0,0,0
,1819,Dortmund,Julian Weigl,GER,"DF,MF",22,1995,18,16,1455,16.2,1,0,1,1,0,0,3,0,0.06,0.0,0.06,0.06,0.06,3,1,33.3,0.19,0.06,0.33,1.0,81,47.5,86,14,2,37,10,2.22,37,23,14,0.87,-0.42,0,14,16,0,2,19,19,0,2,0
,1819,Dortmund,Mahmoud Dahoud,GER,MF,22,1996,14,7,697,7.7,1,0,1,1,0,0,2,0,0.13,0.0,0.13,0.13,0.13,11,2,18.2,1.42,0.26,0.09,0.5,50,22.8,81,4,7,18,17,2.07,22,14,8,1.03,-0.07,0,12,7,0,1,18,9,0,0,0
,1819,Düsseldorf,Robin Bormuth,GER,DF,22,1995,10,6,616,6.8,0,0,0,0,0,0,2,0,0.0,0.0,0.0,0.0,0.0,1,0,0.0,0.15,0.0,0.0,,62,20.1,91,6,4,18,15,1.4,9,16,-7,-1.02,-0.69,0,5,3,1,1,10,5,0,0,0
,1819,Eintracht Frankfurt,Almamy Touré,MLI,"DF,MF",22,1996,7,6,519,5.8,0,0,0,0,0,0,0,0,0.0,0.0,0.0,0.0,0.0,2,0,0.0,0.35,0.0,0.0,,74,17.0,87,5,1,0,3,1.86,10,11,-1,-0.17,-0.63,0,6,1,0,6,10,10,0,0,0
,1819,Eintracht Frankfurt,Marc Stendera,GER,MF,22,1995,7,0,110,1.2,0,0,0,0,0,0,0,0,0.0,0.0,0.0,0.0,0.0,0,0,,0.0,0.0,,,16,3.6,,0,7,15,5,2.43,6,1,5,4.09,3.88,0,2,0,0,0,0,4,0,0,0
,1819,Freiburg,Luca Waldschmidt,GER,"FW,MF",22,1996,30,16,1717,19.1,9,1,10,6,3,3,1,0,0.47,0.05,0.52,0.31,0.37,64,30,46.9,3.35,1.57,0.09,0.2,57,56.1,82,5,14,29,2,1.03,29,35,-6,-0.31,0.29,0,32,27,2,35,16,14,1,0,0
,1819,Freiburg,Pascal Stenzel,GER,"DF,MF",22,1996,21,16,1449,16.1,0,2,2,0,0,0,5,1,0.0,0.12,0.12,0.0,0.12,25,9,36.0,1.55,0.56,0.0,0.0,69,47.4,81,9,5,31,9,0.86,18,31,-13,-0.81,-0.7,1,21,10,0,29,31,25,0,2,0
,1819,Freiburg,Philipp Lienhart,AUT,DF,22,1996,14,7,614,6.8,0,0,0,0,0,0,0,0,0.0,0.0,0.0,0.0,0.0,4,1,25.0,0.59,0.15,0.0,0.0,44,20.1,78,5,7,10,9,1.64,12,10,2,0.29,0.92,0,4,5,0,5,11,6,0,1,0
,1819,Freiburg,Robin Koch,GER,"MF,DF",22,1996,24,21,1901,21.1,1,0,1,1,0,0,3,0,0.05,0.0,0.05,0.05,0.05,11,2,18.2,0.52,0.09,0.09,0.5,79,62.1,90,21,3,3,4,1.13,31,35,-4,-0.19,0.66,0,20,18,2,0,32,16,0,1,0
,1819,Freiburg,Tim Kleindienst,GER,FW,22,1995,4,2,200,2.2,0,0,0,0,0,0,0,0,0.0,0.0,0.0,0.0,0.0,5,1,20.0,2.25,0.45,0.0,0.0,50,6.5,87,1,2,13,1,0.25,1,6,-5,-2.25,-1.94,0,8,1,3,1,0,3,0,0,0
,1819,Hannover 96,Iver Fossum,NOR,MF,22,1996,9,5,455,5.1,0,0,0,0,0,0,0,0,0.0,0.0,0.0,0.0,0.0,5,1,20.0,0.99,0.2,0.0,0.0,51,14.9,82,3,4,11,14,0.78,5,15,-10,-1.98,-0.94,0,2,3,0,27,7,4,0,0,0
,1819,Hannover 96,Tim Dierßen,GER,MF,22,1996,1,0,16,0.2,0,0,0,0,0,0,0,0,0.0,0.0,0.0,0.0,0.0,0,0,,0.0,0.0,,,16,0.5,,0,1,15,1,0.0,1,1,0,0.0,1.18,0,0,0,0,0,0,0,0,0,0
,1819,Hannover 96,Waldemar Anton,GER,DF,22,1996,34,34,3060,34.0,1,0,1,1,0,0,4,0,0.03,0.0,0.03,0.03,0.03,23,4,17.4,0.68,0.12,0.04,0.25,90,100.0,90,34,0,,0,0.62,31,71,-40,-1.18,,0,25,21,1,6,73,32,0,1,1
,1819,Hertha BSC,Lukas Klünter,GER,"DF,MF",22,1996,10,7,592,6.6,0,0,0,0,0,0,2,1,0.0,0.0,0.0,0.0,0.0,5,1,20.0,0.76,0.15,0.0,0.0,59,19.3,79,4,3,13,6,1.0,8,12,-4,-0.61,-0.46,1,9,8,0,21,12,7,0,0,0
,1819,Hertha BSC,Marko Grujić,SRB,MF,22,1996,22,20,1780,19.8,5,1,6,5,0,0,5,0,0.25,0.05,0.3,0.25,0.3,46,21,45.7,2.33,1.06,0.11,0.24,81,58.2,87,18,2,16,0,1.59,33,35,-2,-0.1,0.32,0,45,22,0,9,31,35,0,1,0
,1819,Hertha BSC,Pascal Köpke,GER,FW,22,1995,7,0,74,0.8,0,0,0,0,0,0,0,0,0.0,0.0,0.0,0.0,0.0,4,1,25.0,4.86,1.22,0.0,0.0,11,2.4,,0,7,10,11,1.29,1,1,0,0.0,0.24,0,1,1,0,1,0,0,1,0,0
,1819,Hertha BSC,Valentino Lazaro,AUT,"MF,DF",22,1996,31,31,2741,30.5,3,6,9,3,0,0,6,0,0.1,0.2,0.3,0.1,0.3,20,8,40.0,0.66,0.26,0.15,0.38,88,89.6,88,29,0,,0,1.26,45,54,-9,-0.3,-0.58,0,23,28,5,154,43,33,0,0,0
,1819,Hoffenheim,Florian Grillitsch,AUT,MF,22,1995,30,27,2394,26.6,0,3,3,0,0,0,8,0,0.0,0.11,0.11,0.0,0.11,32,10,31.3,1.2,0.38,0.0,0.0,80,78.2,84,23,3,39,1,1.43,51,43,8,0.3,-1.05,0,42,47,0,16,70,50,0,1,0
,1819,Leverkusen,Jonathan Tah,GER,DF,22,1996,33,33,2937,32.6,3,1,4,3,0,0,3,0,0.09,0.03,0.12,0.09,0.12,12,4,33.3,0.37,0.12,0.25,0.75,89,96.0,89,31,0,,0,1.73,67,51,16,0.49,-0.24,0,16,14,2,3,47,30,0,3,0
,1819,Leverkusen,Julian Brandt,GER,MF,22,1996,33,30,2666,29.6,7,11,18,7,0,0,0,0,0.24,0.37,0.61,0.24,0.61,65,25,38.5,2.19,0.84,0.11,0.28,81,87.1,85,20,3,35,1,1.67,64,46,18,0.61,0.84,0,13,22,4,148,16,18,0,0,0
,1819,Leverkusen,Tin Jedvaj,CRO,DF,22,1995,16,13,1121,12.5,0,0,0,0,0,0,3,0,0.0,0.0,0.0,0.0,0.0,10,3,30.0,0.8,0.24,0.0,0.0,70,36.6,81,10,3,21,15,1.56,16,23,-7,-0.56,-1.68,0,13,8,1,11,21,17,0,0,0
,1819,Mainz 05,Jean-Philippe Gbamin,CIV,MF,22,1995,31,30,2672,29.7,2,1,3,2,0,0,3,0,0.07,0.03,0.1,0.07,0.1,35,7,20.0,1.18,0.24,0.06,0.29,86,87.3,88,27,1,35,0,1.26,39,48,-9,-0.3,0.16,0,40,30,1,26,35,37,0,1,0
,1819,Mainz 05,Levin Öztunalı,GER,"MF,FW",22,1996,15,11,921,10.2,0,1,1,0,0,0,3,0,0.0,0.1,0.1,0.0,0.1,16,7,43.8,1.56,0.68,0.0,0.0,61,30.1,75,4,4,23,10,1.0,14,22,-8,-0.78,-0.66,0,18,2,0,11,8,7,0,0,0
,1819,Mainz 05,Moussa Niakhate,SEN,DF,22,1996,33,32,2789,31.0,1,1,2,1,0,0,3,0,0.03,0.03,0.06,0.03,0.06,10,3,30.0,0.32,0.1,0.1,0.33,85,91.1,87,30,1,3,1,1.21,41,53,-12,-0.39,-0.72,0,36,19,0,6,53,32,0,1,0
,1819,Nürnberg,Matheus Pereira,BRA,"MF,FW",22,1996,19,16,1232,13.7,3,2,5,3,0,0,3,1,0.22,0.15,0.37,0.22,0.37,29,10,34.5,2.12,0.73,0.1,0.3,65,40.3,75,8,3,10,6,0.63,9,18,-9,-0.66,0.97,0,29,48,1,25,13,13,1,0,0
,1819,RB Leipzig,Lukas Klostermann,GER,"DF,MF",22,1996,26,22,2003,22.3,5,1,6,5,0,0,1,0,0.22,0.04,0.27,0.22,0.27,13,6,46.2,0.58,0.27,0.38,0.83,77,65.5,88,20,4,18,4,1.96,36,21,15,0.67,-0.94,0,17,11,1,40,28,29,0,0,0
,1819,RB Leipzig,Timo Werner,GER,FW,22,1996,30,29,2509,27.9,16,7,23,16,0,1,1,0,0.57,0.25,0.83,0.57,0.83,107,40,37.4,3.84,1.43,0.15,0.4,84,82.0,85,13,1,45,0,1.97,53,22,31,1.11,0.62,0,25,39,37,47,3,13,2,0,0
,1819,Stuttgart,Benjamin Pavard,FRA,DF,22,1996,29,29,2610,29.0,0,0,0,0,0,0,3,0,0.0,0.0,0.0,0.0,0.0,12,4,33.3,0.41,0.14,0.0,0.0,90,85.3,90,29,0,,0,0.86,26,57,-31,-1.07,0.33,0,19,14,1,20,52,22,0,0,1
,1819,Stuttgart,Timo Baumgartl,GER,DF,22,1996,18,18,1620,18.0,1,0,1,1,0,0,2,0,0.06,0.0,0.06,0.06,0.06,5,2,40.0,0.28,0.11,0.2,0.5,90,52.9,90,18,0,,8,0.83,14,41,-27,-1.5,-0.81,0,12,14,1,6,29,23,0,0,0
,1819,Werder Bremen,Milot Rashica,KVX,FW,22,1996,26,19,1550,17.2,9,5,14,8,1,1,1,0,0.52,0.29,0.81,0.46,0.75,59,25,42.4,3.43,1.45,0.14,0.32,60,50.7,74,4,7,21,4,1.54,28,22,6,0.35,0.17,0,33,34,8,115,5,17,0,0,0
,1819,Werder Bremen,Miloš Veljković,SRB,DF,22,1995,23,21,1877,20.9,1,0,1,1,0,0,7,2,0.05,0.0,0.05,0.05,0.05,9,3,33.3,0.43,0.14,0.11,0.33,82,61.3,85,18,2,51,5,1.48,37,34,3,0.14,-0.31,2,21,8,1,9,33,23,0,0,0
ENG-Premier League,1920,Liverpool,Harvey Elliott,ENG,"FW,MF",16,2003,2,0,8,0.1,0,0,0,0,0,0,0,0,0.0,0.0,0.0,0.0,0.0,0,0,,0.0,0.0,,,4,0.2,,0,2,4,10,3.0,0,0,0,0.0,-1.37,0,0,0,0,3,0,0,,,0
ENG-Premier League,1920,Arsenal,Bukayo Saka,ENG,"MF,DF",17,2001,26,19,1753,19.5,1,5,6,1,0,0,6,0,0.05,0.26,0.31,0.05,0.31,13,4,30.8,0.67,0.21,0.08,0.25,67,51.3,80,10,7,33,6,1.42,22,18,4,0.21,-0.01,0,22,28,10,67,12,21,,,0
ENG-Premier League,1920,Burnley,Max Thompson,ENG,FW,17,2002,1,0,3,0.0,0,0,0,0,0,0,0,0,0.0,0.0,0.0,0.0,0.0,0,0,,0.0,0.0,,,3,0.1,,0,1,3,8,0.0,0,0,0,0.0,0.18,0,0,0,0,0,0,0,,,0
ENG-Premier League,1920,Chelsea,Armando Broja,ALB,FW,17,2001,1,0,5,0.1,0,0,0,0,0,0,0,0,0.0,0.0,0.0,0.0,0.0,0,0,,0.0,0.0,,,5,0.1,,0,1,5,0,3.0,0,0,0,0.0,-0.4,0,0,1,0,0,0,0,,,0
ENG-Premier League,1920,Chelsea,Faustino Anjorin,ENG,MF,17,2001,1,0,20,0.2,0,0,0,0,0,0,0,0,0.0,0.0,0.0,0.0,0.0,1,0,0.0,4.5,0.0,0.0,,20,0.6,,0,1,20,0,3.0,0,0,0,0.0,-0.4,0,0,1,0,0,0,0,,,0
ENG-Premier League,1920,Crystal Palace,Brandon Pierrick,ENG,MF,17,2001,2,0,15,0.2,0,0,0,0,0,0,0,0,0.0,0.0,0.0,0.0,0.0,0,0,,0.0,0.0,,,8,0.4,,0,2,8,15,0.5,1,0,1,6.0,6.53,0,0,0,0,2,1,0,,,0
ENG-Premier League,1920,Everton,Jarrad Branthwaite,ENG,DF,17,2002,4,2,300,3.3,0,0,0,0,0,0,0,0,0.0,0.0,0.0,0.0,0.0,0,0,,0.0,0.0,,,75,8.8,90,2,2,60,5,1.0,3,5,-2,-0.6,-0.31,0,3,3,0,0,1,8,,,0
ENG-Premier League,1920,Manchester City,Tommy Doyle,ENG,MF,17,2001,1,0,16,0.2,0,0,0,0,0,0,0,0,0.0,0.0,0.0,0.0,0.0,1,1,100.0,5.63,5.63,0.0,0.0,16,0.5,,0,1,16,5,3.0,1,0,1,5.63,3.88,0,0,1,0,0,0,0,,,0
ENG-Premier League,1920,Manchester Utd,Mason Greenwood,ENG,"MF,FW",17,2001,31,12,1320,14.7,10,1,11,10,0,0,0,0,0.68,0.07,0.75,0.68,0.75,38,20,52.6,2.59,1.36,0.26,0.5,43,38.6,79,3,19,19,6,1.61,35,13,22,1.5,1.16,0,12,8,3,10,8,11,,,0
ENG-Premier League,1920,Norwich City,Josh Martin,ENG,MF,17,2001,5,0,37,0.4,0,0,0,0,0,0,0,0,0.0,0.0,0.0,0.0,0.0,1,1,100.0,2.43,2.43,0.0,0.0,7,1.1,,0,5,7,3,0.0,0,2,-2,-4.86,-3.61,0,1,0,0,0,1,0,,,0
ENG-Premier League,1920,Tottenham Hotspur,Troy Parrott,IRL,FW,17,2002,2,0,7,0.1,0,0,0,0,0,0,0,0,0.0,0.0,0.0,0.0,0.0,0,0,,0.0,0.0,,,4,0.2,,0,2,4,1,1.5,0,0,0,0.0,-0.37,0,0,0,0,0,0,0,,,0
ENG-Premier League,1920,Watford,João Pedro,BRA,"FW,MF",17,2001,3,0,25,0.3,0,0,0,0,0,0,0,0,0.0,0.0,0.0,0.0,0.0,1,0,0.0,3.6,0.0,0.0,,8,0.7,,0,3,8,6,0.0,1,1,0,0.0,0.74,0,1,0,0,3,0,0,,,0
ENG-Premier League,1920,Arsenal,Gabriel Martinelli,BRA,MF,18,2001,14,6,663,7.4,3,0,3,3,0,0,1,0,0.41,0.0,0.41,0.41,0.41,12,5,41.7,1.63,0.68,0.25,0.6,47,19.4,90,5,8,16,10,1.21,7,9,-2,-0.27,-0.6,0,9,10,2,22,3,16,,,0
ENG-Premier League,1920,Aston Villa,Indiana Vassilev,USA,"FW,MF",18,2001,4,0,51,0.6,0,0,0,0,0,0,0,0,0.0,0.0,0.0,0.0,0.0,1,0,0.0,1.76,0.0,0.0,,13,1.5,,0,4,13,8,1.0,2,1,1,1.76,2.49,0,0,1,2,0,0,0,,,0
ENG-Premier League,1920,Brighton,Tariq Lamptey,GHA,"DF,MF",18,2000,8,7,588,6.5,0,1,1,0,0,0,2,0,0.0,0.15,0.15,0.0,0.15,2,0,0.0,0.31,0.0,0.0,,74,17.2,79,3,1,32,1,1.13,5,8,-3,-0.46,-0.08,0,13,17,0,22,18,6,,,0
ENG-Premier League,1920,Chelsea,Billy Gilmour,SCO,MF,18,2001,6,2,194,2.2,0,0,0,0,0,0,0,0,0.0,0.0,0.0,0.0,0.0,1,0,0.0,0.46,0.0,0.0,,32,5.7,85,1,4,6,5,2.67,8,3,5,2.32,2.04,0,3,1,0,1,3,2,,,0
ENG-Premier League,1920,Chelsea,Callum Hudson-Odoi,ENG,"MF,FW",18,2000,22,7,863,9.6,1,5,6,1,0,0,1,0,0.1,0.52,0.63,0.1,0.63,21,4,19.0,2.19,0.42,0.05,0.25,39,25.2,85,4,15,18,3,1.77,17,14,3,0.31,-0.11,0,11,13,3,63,2,6,,,0
ENG-Premier League,1920,Chelsea,Tariq Lamptey,GHA,"DF,MF",18,2000,1,0,32,0.4,0,0,0,0,0,0,0,0,0.0,0.0,0.0,0.0,0.0,0,0,,0.0,0.0,,,32,0.9,,0,1,32,1,3.0,2,0,2,5.63,5.28,0,0,1,0,2,0,2,,,0
ENG-Premier League,1920,Everton,Anthony Gordon,ENG,MF,18,2001,11,4,440,4.9,0,1,1,0,0,0,0,0,0.0,0.2,0.2,0.0,0.2,6,1,16.7,1.23,0.2,0.0,0.0,40,12.9,66,0,7,25,5,1.18,4,6,-2,-0.41,-0.11,0,9,12,1,8,8,8,,,0
ENG-Premier League,1920,Leicester City,Luke Thomas,ENG,MF,18,2001,3,3,267,3.0,0,1,1,0,0,0,0,0,0.0,0.34,0.34,0.0,0.34,0,0,,0.0,0.0,,,89,7.8,89,2,0,,0,1.0,2,4,-2,-0.67,-1.47,0,1,3,0,16,4,0,,,0
ENG-Premier League,1920,Liverpool,Curtis Jones,ENG,MF,18,2001,6,1,126,1.4,1,0,1,1,0,0,0,0,0.71,0.0,0.71,0.71,0.71,6,2,33.3,4.29,1.43,0.17,0.5,21,3.7,68,0,5,12,10,2.67,4,2,2,1.43,0.06,0,3,0,0,0,2,4,,,0
ENG-Premier League,1920,Liverpool,Neco Williams,WAL,DF,18,2001,6,3,230,2.6,0,0,0,0,0,0,1,0,0.0,0.0,0.0,0.0,0.0,7,1,14.3,2.74,0.39,0.0,0.0,38,6.7,66,0,3,11,9,2.17,5,3,2,0.78,-0.63,0,5,2,0,14,8,4,,,0
ENG-Premier League,1920,Manchester City,Eric García,ESP,DF,18,2001,13,8,793,8.8,0,0,0,0,0,0,1,0,0.0,0.0,0.0,0.0,0.0,2,1,50.0,0.23,0.11,0.0,0.0,61,23.2,82,6,5,27,7,2.54,24,7,17,1.93,0.22,0,9,2,0,1,18,1,,,0
ENG-Premier League,1920,Manchester Utd,Angel Gomes,ENG,"FW,MF",18,2000,2,0,21,0.2,0,0,0,0,0,0,0,0,0.0,0.0,0.0,0.0,0.0,0,0,,0.0,0.0,,,11,0.6,,0,2,11,3,1.5,0,1,-1,-4.29,-5.11,0,1,0,0,0,0,0,,,0
ENG-Premier League,1920,Manchester Utd,Brandon Williams,ENG,"DF,MF",18,2000,17,11,1006,11.2,1,0,1,1,0,0,6,0,0.09,0.0,0.09,0.09,0.09,6,2,33.3,0.54,0.18,0.17,0.5,59,29.4,84,6,6,14,12,1.76,20,11,9,0.81,0.02,0,13,15,1,13,11,15,,,0
ENG-Premier League,1920,Manchester Utd,James Garner,ENG,MF,18,2001,1,0,9,0.1,0,0,0,0,0,0,0,0,0.0,0.0,0.0,0.0,0.0,0,0,,0.0,0.0,,,9,0.3,,0,1,9,6,3.0,0,1,-1,-10.0,-10.82,0,0,1,0,0,0,0,,,0
ENG-Premier League,1920,Norwich City,Adam Idah,IRL,FW,18,2001,12,1,228,2.5,0,0,0,0,0,0,0,0,0.0,0.0,0.0,0.0,0.0,6,2,33.3,2.37,0.79,0.0,0.0,19,6.7,64,0,11,15,5,0.08,0,9,-9,-3.55,-2.42,0,2,4,1,0,0,2,,,0
ENG-Premier League,1920,Norwich City,Jordan Thomas,ENG,DF,18,2001,1,0,1,0.0,0,0,0,0,0,0,0,0,0.0,0.0,0.0,0.0,0.0,0,0,,0.0,0.0,,,1,0.0,,0,1,1,3,0.0,0,0,0,0.0,1.29,0,0,0,0,0,0,0,,,0
ENG-Premier League,1920,Tottenham Hotspur,Oliver Skipp,ENG,MF,18,2000,7,1,77,0.9,0,0,0,0,0,0,0,0,0.0,0.0,0.0,0.0,0.0,0,0,,0.0,0.0,,,11,2.3,45,0,6,5,17,2.14,0,1,-1,-1.17,-1.57,0,1,0,0,0,0,2,,,0
ENG-Premier League,1920,West Ham United,Jeremy Ngakia,,DF,18,2000,5,5,440,4.9,0,0,0,0,0,0,0,0,0.0,0.0,0.0,0.0,0.0,1,1,100.0,0.2,0.2,0.0,0.0,88,12.9,88,4,0,,2,0.6,5,8,-3,-0.61,-0.31,0,4,1,1,12,7,8,,,0
ENG-Premier League,1920,Arsenal,Emile Smith Rowe,ENG,MF,19,2000,2,1,97,1.1,0,0,0,0,0,0,0,0,0.0,0.0,0.0,0.0,0.0,0,0,,0.0,0.0,,,49,2.8,65,0,1,32,2,0.5,0,0,0,0.0,-0.22,0,0,1,0,1,1,1,,,0
ENG-Premier League,1920,Arsenal,Joe Willock,ENG,MF,19,1999,29,8,857,9.5,1,1,2,1,0,0,2,0,0.11,0.11,0.21,0.11,0.21,15,5,33.3,1.58,0.53,0.07,0.2,30,25.1,64,1,21,16,6,1.34,16,16,0,0.0,-0.28,0,10,13,0,7,3,15,,,0
ENG-Premier League,1920,Arsenal,Reiss Nelson,ENG,"MF,FW",19,1999,17,7,631,7.0,1,0,1,1,0,0,1,0,0.14,0.0,0.14,0.14,0.14,11,4,36.4,1.57,0.57,0.09,0.25,37,18.5,69,1,10,15,10,1.71,9,7,2,0.29,0.09,0,8,8,4,26,3,8,,,0
ENG-Premier League,1920,Brighton,Aaron Connolly,IRL,FW,19,2000,24,14,1258,14.0,3,1,4,3,0,0,0,0,0.21,0.07,0.29,0.21,0.29,36,13,36.1,2.58,0.93,0.08,0.23,52,36.8,72,0,10,26,4,1.13,18,22,-4,-0.29,0.17,0,16,38,14,9,0,7,,,0
ENG-Premier League,1920,Burnley,Dwight McNeil,ENG,MF,19,1999,38,38,3338,37.1,2,6,8,2,0,0,5,0,0.05,0.16,0.22,0.05,0.22,48,14,29.2,1.29,0.38,0.04,0.14,88,97.6,88,31,0,,0,1.42,41,48,-7,-0.19,-0.19,0,29,41,0,256,28,34,,,0
ENG-Premier League,1920,Chelsea,Reece James,ENG,"DF,MF",19,1999,24,16,1515,16.8,0,2,2,0,0,0,1,0,0.0,0.12,0.12,0.0,0.12,18,3,16.7,1.07,0.18,0.0,0.0,63,44.3,87,13,8,15,5,1.88,26,23,3,0.18,-0.39,0,22,21,1,110,23,24,,,0
ENG-Premier League,1920,Crystal Palace,Tyrick Mitchell,ENG,DF,19,1999,4,2,195,2.2,0,0,0,0,0,0,1,0,0.0,0.0,0.0,0.0,0.0,0,0,,0.0,0.0,,,49,5.7,90,2,2,8,7,0.25,1,4,-3,-1.38,-0.94,0,1,1,0,4,3,2,,,0
ENG-Premier League,1920,Everton,Moise Kean,ITA,FW,19,2000,29,6,852,9.5,2,2,4,2,0,0,1,0,0.21,0.21,0.42,0.21,0.42,30,13,43.3,3.17,1.37,0.07,0.15,29,24.9,73,1,23,18,7,1.03,12,15,-3,-0.32,0.0,0,27,11,4,12,6,6,,,0
ENG-Premier League,1920,Manchester City,Phil Foden,ENG,"FW,MF",19,2000,23,9,901,10.0,5,2,7,5,0,0,0,0,0.5,0.2,0.7,0.5,0.7,34,15,44.1,3.4,1.5,0.15,0.33,39,26.3,76,4,14,16,13,2.65,34,7,27,2.7,1.27,0,12,13,1,28,7,9,,,0
ENG-Premier League,1920,Manchester Utd,Tahith Chong,CUW,"FW,MF",19,1999,3,0,37,0.4,0,0,0,0,0,0,0,0,0.0,0.0,0.0,0.0,0.0,1,0,0.0,2.43,0.0,0.0,,12,1.1,,0,3,12,4,2.0,0,0,0,0.0,-0.8,0,2,1,0,0,0,0,,,0
ENG-Premier League,1920,Newcastle United,Kelland Watts,ENG,DF,19,1999,1,0,17,0.2,0,0,0,0,0,0,0,0,0.0,0.0,0.0,0.0,0.0,0,0,,0.0,0.0,,,17,0.5,,0,1,17,2,0.0,0,1,-1,-5.29,-4.79,0,0,0,0,0,0,0,,,0
ENG-Premier League,1920,Newcastle United,Matthew Longstaff,ENG,MF,19,2000,9,6,575,6.4,2,0,2,2,0,0,1,0,0.31,0.0,0.31,0.31,0.31,4,2,50.0,0.63,0.31,0.5,1.0,64,16.8,90,5,3,12,13,1.0,7,11,-4,-0.63,-0.12,0,6,6,0,2,6,2,,,0
ENG-Premier League,1920,Norwich City,Max Aarons,ENG,DF,19,2000,36,36,3240,36.0,0,1,1,0,0,0,7,0,0.0,0.03,0.03,0.0,0.03,14,4,28.6,0.39,0.11,0.0,0.0,90,94.7,90,36,0,,0,0.5,23,71,-48,-1.33,-0.83,0,29,49,3,72,35,28,,,0
ENG-Premier League,1920,Southampton,Jake Vokins,ENG,DF,19,2000,1,1,90,1.0,0,0,0,0,0,0,0,0,0.0,0.0,0.0,0.0,0.0,1,0,0.0,1.0,0.0,0.0,,90,2.6,90,1,0,,7,1.0,1,1,0,0.0,0.24,0,0,1,0,1,0,2,,,0
ENG-Premier League,1920,Southampton,Michael Obafemi,IRL,FW,19,2000,21,8,665,7.4,3,2,5,3,0,0,1,0,0.41,0.27,0.68,0.41,0.68,12,5,41.7,1.62,0.68,0.25,0.6,32,19.4,65,0,13,11,10,1.43,12,12,0,0.0,0.29,0,11,7,3,2,4,3,,,0
ENG-Premier League,1920,Southampton,William Smallbone,IRL,MF,19,2000,9,4,393,4.4,0,2,2,0,0,0,0,0,0.0,0.46,0.46,0.0,0.46,6,0,0.0,1.37,0.0,0.0,,44,11.5,74,0,5,19,5,2.0,8,4,4,0.92,1.3,0,2,6,0,5,2,6,,,0
ENG-Premier League,1920,Tottenham Hotspur,Ryan Sessegnon,ENG,"MF,DF",19,2000,6,4,342,3.8,0,0,0,0,0,0,0,0,0.0,0.0,0.0,0.0,0.0,1,0,0.0,0.26,0.0,0.0,,57,10.0,81,3,2,9,13,1.83,5,5,0,0.0,-0.41,0,4,2,2,13,1,4,,,0
ENG-Premier League,1920,Watford,Domingos Quina,POR,MF,19,1999,4,0,22,0.2,0,0,0,0,0,0,0,0,0.0,0.0,0.0,0.0,0.0,1,1,100.0,4.09,4.09,0.0,0.0,6,0.6,,0,4,6,12,0.75,1,2,-1,-4.09,-3.38,0,1,1,0,0,0,0,,,0
ENG-Premier League,1920,West Ham United,Ben Johnson,ENG,DF,19,2000,3,3,270,3.0,0,0,0,0,0,0,0,0,0.0,0.0,0.0,0.0,0.0,1,0,0.0,0.33,0.0,0.0,,90,7.9,90,3,0,,6,1.67,5,3,2,0.67,1.1,0,8,1,0,11,3,4,,,0
ENG-Premier League,1920,Wolves,Morgan Gibbs-White,ENG,MF,19,2000,7,1,129,1.4,0,0,0,0,0,0,0,0,0.0,0.0,0.0,0.0,0.0,2,0,0.0,1.4,0.0,0.0,,18,3.8,66,0,6,11,19,1.43,2,2,0,0.0,-0.3,0,2,1,0,3,1,0,,,0
ENG-Premier League,1920,Wolves,Pedro Neto,POR,"FW,MF",19,2000,29,9,939,10.4,3,3,6,3,0,0,3,0,0.29,0.29,0.58,0.29,0.58,17,6,35.3,1.63,0.58,0.18,0.5,32,27.5,69,1,20,16,6,1.69,19,12,7,0.67,0.53,0,14,16,4,47,7,4,,,0
ENG-Premier League,1920,Arsenal,Eddie Nketiah,ENG,FW,20,1999,13,7,633,7.0,2,0,2,2,0,0,0,1,0.28,0.0,0.28,0.28,0.28,15,5,33.3,2.13,0.71,0.13,0.4,49,18.5,78,2,6,14,1,1.85,8,8,0,0.0,-0.26,0,16,10,3,1,1,5,,,0
ENG-Premier League,1920,Arsenal,Mattéo Guendouzi,FRA,MF,20,1999,24,19,1748,19.4,0,1,1,0,0,0,6,0,0.0,0.05,0.05,0.0,0.05,11,5,45.5,0.57,0.26,0.0,0.0,73,51.1,87,15,5,21,5,1.29,24,31,-7,-0.36,-1.17,0,17,49,0,6,30,17,,,0
ENG-Premier League,1920,Bournemouth,Lloyd Kelly,ENG,DF,20,1998,8,7,639,7.1,0,0,0,0,0,0,2,0,0.0,0.0,0.0,0.0,0.0,1,0,0.0,0.14,0.0,0.0,,80,18.7,90,7,1,9,6,0.88,11,15,-4,-0.56,0.12,0,7,2,0,6,6,5,,,0
ENG-Premier League,1920,Bournemouth,Mark Travers,IRL,GK,20,1999,1,1,90,1.0,0,0,0,0,0,0,0,0,0.0,0.0,0.0,0.0,0.0,0,0,,0.0,0.0,,,90,2.6,90,1,0,,1,0.0,0,3,-3,-3.0,-2.41,0,0,0,0,0,0,0,,,0
ENG-Premier League,1920,Brighton,Alexis Mac Allister,ARG,"MF,FW",20,1998,9,4,352,3.9,0,0,0,0,0,0,0,0,0.0,0.0,0.0,0.0,0.0,7,1,14.3,1.79,0.26,0.0,0.0,39,10.3,70,0,5,14,1,1.44,4,6,-2,-0.51,-0.13,0,4,4,1,23,1,5,,,0
ENG-Premier League,1920,Brighton,Steven Alzate,COL,"MF,DF",20,1998,19,12,1188,13.2,0,0,0,0,0,0,1,0,0.0,0.0,0.0,0.0,0.0,13,3,23.1,0.98,0.23,0.0,0.0,63,34.7,90,10,7,16,3,1.11,19,18,1,0.08,0.72,0,17,18,3,9,13,19,,,0
ENG-Premier League,1920,Chelsea,Christian Pulisic,USA,"FW,MF",20,1998,25,19,1722,19.1,9,4,13,9,0,0,0,0,0.47,0.21,0.68,0.47,0.68,63,26,41.3,3.29,1.36,0.14,0.35,69,50.4,82,8,6,27,4,1.68,38,28,10,0.52,0.26,0,13,30,3,34,7,13,,,0
ENG-Premier League,1920,Chelsea,Mason Mount,ENG,"MF,FW",20,1999,37,32,2867,31.9,7,5,12,7,0,0,3,0,0.22,0.16,0.38,0.22,0.38,78,29,37.2,2.45,0.91,0.09,0.24,77,83.8,83,20,5,40,1,1.7,60,44,16,0.5,0.67,0,37,38,4,135,15,16,,,0
ENG-Premier League,1920,Leicester City,George Hirst,SCO,FW,20,1999,2,0,11,0.1,0,0,0,0,0,0,0,0,0.0,0.0,0.0,0.0,0.0,3,1,33.3,24.55,8.18,0.0,0.0,6,0.3,,0,2,6,1,0.0,0,1,-1,-8.18,-8.89,0,0,2,0,0,0,0,,,0
ENG-Premier League,1920,Liverpool,Trent Alexander-Arnold,ENG,DF,20,1998,38,35,3175,35.3,4,13,17,4,0,0,5,0,0.11,0.37,0.48,0.11,0.48,44,13,29.5,1.25,0.37,0.09,0.31,84,92.8,88,31,3,26,0,2.61,80,31,49,1.39,0.29,0,22,9,3,377,46,33,,,0
ENG-Premier League,1920,Manchester Utd,Diogo Dalot,POR,DF,20,1999,4,1,67,0.7,0,0,0,0,0,0,0,0,0.0,0.0,0.0,0.0,0.0,1,0,0.0,1.34,0.0,0.0,,17,2.0,59,0,3,3,4,1.0,0,1,-1,-1.34,-2.18,0,1,0,0,3,2,2,,,0
ENG-Premier League,1920,Norwich City,Akin Famewo,ENG,DF,20,1998,1,0,1,0.0,0,0,0,0,0,0,0,0,0.0,0.0,0.0,0.0,0.0,0,0,,0.0,0.0,,,1,0.0,,0,1,1,2,0.0,0,0,0,0.0,1.29,0,0,0,0,0,0,0,,,0
ENG-Premier League,1920,Southampton,Kevin Danso,AUT,DF,20,1998,6,3,277,3.1,0,1,1,0,0,0,2,1,0.0,0.32,0.32,0.0,0.32,1,0,0.0,0.32,0.0,0.0,,46,8.1,69,1,3,23,16,0.83,3,8,-5,-1.62,-1.51,1,4,2,0,4,3,3,,,0
ENG-Premier League,1920,Southampton,Nathan Tella,NGA,"FW,MF",20,1999,1,0,3,0.0,0,0,0,0,0,0,0,0,0.0,0.0,0.0,0.0,0.0,1,1,100.0,30.0,30.0,0.0,0.0,3,0.1,,0,1,3,2,3.0,0,0,0,0.0,0.24,0,0,1,0,0,0,0,,,0
ENG-Premier League,1920,Southampton,Yan Valery,TUN,"DF,MF",20,1999,11,10,779,8.7,0,0,0,0,0,0,1,0,0.0,0.0,0.0,0.0,0.0,3,2,66.7,0.35,0.23,0.0,0.0,71,22.8,76,4,1,15,10,0.91,9,20,-11,-1.27,-1.34,0,7,8,3,12,12,8,,,0
ENG-Premier League,1920,Tottenham Hotspur,Gedson Fernandes,POR,MF,20,1999,7,0,68,0.8,0,0,0,0,0,0,0,0,0.0,0.0,0.0,0.0,0.0,2,0,0.0,2.65,0.0,0.0,,10,2.0,,0,7,10,8,1.71,2,1,1,1.32,0.97,0,0,2,0,6,1,0,,,0
ENG-Premier League,1920,Tottenham Hotspur,Japhet Tanganga,ENG,"DF,MF",20,1999,6,6,525,5.8,0,0,0,0,0,0,1,0,0.0,0.0,0.0,0.0,0.0,3,1,33.3,0.51,0.17,0.0,0.0,88,15.4,88,5,0,,9,0.83,6,7,-1,-0.17,-0.64,0,8,4,0,2,11,8,,,0
ENG-Premier League,1920,West Ham United,Declan Rice,ENG,MF,20,1999,38,38,3420,38.0,1,3,4,1,0,0,6,0,0.03,0.08,0.11,0.03,0.11,31,9,29.0,0.82,0.24,0.03,0.11,90,100.0,90,38,0,,0,1.03,49,62,-13,-0.34,,0,41,7,2,26,78,59,,,0
ENG-Premier League,1920,Wolves,Bruno Jordão,POR,MF,20,1998,1,0,7,0.1,0,0,0,0,0,0,0,0,0.0,0.0,0.0,0.0,0.0,0,0,,0.0,0.0,,,7,0.2,,0,1,7,11,0.0,0,0,0,0.0,-0.29,0,0,0,0,0,0,0,,,0
ENG-Premier League,1920,Wolves,Rúben Vinagre,POR,MF,20,1999,16,6,652,7.2,0,0,0,0,0,0,1,0,0.0,0.0,0.0,0.0,0.0,5,0,0.0,0.69,0.0,0.0,,41,19.1,86,4,10,14,18,1.5,10,6,4,0.55,0.32,0,7,8,0,30,8,12,,,0
ENG-Premier League,1920,Arsenal,Ainsley Maitland-Niles,ENG,DF,21,1997,20,15,1386,15.4,0,2,2,0,0,0,6,1,0.0,0.13,0.13,0.0,0.13,4,1,25.0,0.26,0.06,0.0,0.0,69,40.5,87,14,5,17,8,1.7,22,21,1,0.06,-0.24,1,15,13,0,17,29,21,,,0
ENG-Premier League,1920,Aston Villa,Douglas Luiz,BRA,MF,21,1998,36,28,2612,29.0,3,2,5,3,0,0,8,0,0.1,0.07,0.17,0.1,0.17,38,12,31.6,1.31,0.41,0.08,0.25,73,76.4,87,24,8,20,1,0.94,29,51,-22,-0.76,-0.31,0,51,36,0,24,36,26,,,0
ENG-Premier League,1920,Aston Villa,Ezri Konsa,ENG,DF,21,1997,25,24,2039,22.7,1,2,3,1,0,0,3,0,0.04,0.09,0.13,0.04,0.13,11,4,36.4,0.49,0.18,0.09,0.25,82,59.6,84,19,1,16,13,1.08,23,39,-16,-0.71,-0.05,0,17,32,1,13,21,10,,,0
ENG-Premier League,1920,Aston Villa,Keinan Davis,ENG,FW,21,1998,18,4,548,6.1,0,0,0,0,0,0,0,0,0.0,0.0,0.0,0.0,0.0,17,5,29.4,2.79,0.82,0.0,0.0,30,16.0,70,0,14,19,3,0.83,6,7,-1,-0.16,0.62,0,12,11,3,1,0,1,,,0
ENG-Premier League,1920,Bournemouth,Aaron Ramsdale,ENG,GK,21,1998,37,37,3330,37.0,0,1,1,0,0,0,0,0,0.0,0.03,0.03,0.0,0.03,0,0,,0.0,0.0,,,90,97.4,90,37,0,,0,0.92,40,62,-22,-0.59,2.41,0,0,3,0,1,0,2,,,0
ENG-Premier League,1920,Bournemouth,Chris Mepham,WAL,DF,21,1997,12,10,912,10.1,1,0,1,1,0,0,1,0,0.1,0.0,0.1,0.1,0.1,7,2,28.6,0.69,0.2,0.14,0.5,76,26.7,90,10,2,6,11,0.67,6,19,-13,-1.28,-0.85,0,11,5,1,3,17,9,,,0
ENG-Premier League,1920,Bournemouth,Dominic Solanke,ENG,FW,21,1997,32,17,1651,18.3,3,1,4,3,0,0,1,0,0.16,0.05,0.22,0.16,0.22,32,8,25.0,1.74,0.44,0.09,0.38,52,48.3,81,10,15,18,6,0.78,22,39,-17,-0.93,-0.52,0,15,23,4,6,8,3,,,0
ENG-Premier League,1920,Bournemouth,Sam Surridge,ENG,FW,21,1998,4,0,27,0.3,0,0,0,0,0,0,0,0,0.0,0.0,0.0,0.0,0.0,2,0,0.0,6.67,0.0,0.0,,7,0.8,,0,4,7,8,0.75,0,2,-2,-6.67,-6.06,0,1,1,0,1,1,0,,,0
ENG-Premier League,1920,Chelsea,Fikayo Tomori,ENG,DF,21,1997,15,15,1291,14.3,1,0,1,1,0,0,3,0,0.07,0.0,0.07,0.07,0.07,7,3,42.9,0.49,0.21,0.14,0.33,86,37.7,86,13,0,,12,1.93,27,18,9,0.63,0.37,0,7,6,1,4,20,16,,,0
ENG-Premier League,1920,Chelsea,Tammy Abraham,ENG,FW,21,1997,34,25,2215,24.6,15,3,18,15,0,0,2,0,0.61,0.12,0.73,0.61,0.73,88,40,45.5,3.58,1.63,0.17,0.38,65,64.8,81,9,9,20,0,1.82,45,34,11,0.45,0.15,0,17,24,23,10,5,4,,,1
ENG-Premier League,1920,Everton,Tom Davies,ENG,MF,21,1998,30,23,2027,22.5,1,0,1,1,0,0,8,0,0.04,0.0,0.04,0.04,0.04,17,5,29.4,0.75,0.22,0.06,0.2,68,59.3,83,16,7,16,6,1.33,21,34,-13,-0.58,-0.64,0,29,40,1,8,34,17,,,0
ENG-Premier League,1920,Leicester City,Hamza Choudhury,BAN,MF,21,1997,20,10,893,9.9,1,1,2,1,0,0,4,1,0.1,0.1,0.2,0.1,0.2,7,2,28.6,0.71,0.2,0.14,0.5,45,26.1,76,4,10,13,9,1.6,16,12,4,0.4,-0.38,1,12,7,0,4,27,8,,,0
ENG-Premier League,1920,Leicester City,Harvey Barnes,ENG,MF,21,1997,36,24,2083,23.1,6,8,14,6,0,0,0,0,0.26,0.35,0.6,0.26,0.6,61,28,45.9,2.64,1.21,0.1,0.21,58,60.9,74,4,12,26,2,1.61,38,24,14,0.6,-0.2,0,21,29,4,42,5,10,,,0
ENG-Premier League,1920,Leicester City,James Justin,ENG,"DF,MF",21,1998,13,11,1012,11.2,0,1,1,0,0,0,1,0,0.0,0.09,0.09,0.0,0.09,7,0,0.0,0.62,0.0,0.0,,78,29.6,90,11,2,11,25,1.62,16,14,2,0.18,-0.72,0,8,20,1,38,9,18,,,1
ENG-Premier League,1920,Manchester Utd,Aaron Wan-Bissaka,COD,"DF,MF",21,1997,35,34,3070,34.1,0,4,4,0,0,0,8,0,0.0,0.12,0.12,0.0,0.12,7,1,14.3,0.21,0.03,0.0,0.0,88,89.8,89,32,1,45,1,1.77,63,33,30,0.88,0.88,0,22,19,1,102,65,82,,,0
ENG-Premier League,1920,Manchester Utd,Axel Tuanzebe,COD,DF,21,1997,5,2,189,2.1,0,0,0,0,0,0,0,0,0.0,0.0,0.0,0.0,0.0,0,0,,0.0,0.0,,,38,5.5,90,2,3,3,9,1.6,1,3,-2,-0.95,-1.84,0,3,3,0,1,5,2,,,0
ENG-Premier League,1920,Manchester Utd,Daniel James,WAL,"MF,FW",21,1997,33,26,2287,25.4,3,6,9,3,0,0,4,0,0.12,0.24,0.35,0.12,0.35,42,20,47.6,1.65,0.79,0.07,0.15,69,66.9,84,15,7,15,4,1.67,33,29,4,0.16,-1.91,0,14,55,2,96,8,9,,,0
ENG-Premier League,1920,Manchester Utd,Marcus Rashford,ENG,"MF,FW",21,1997,31,31,2643,29.4,17,7,24,11,6,8,3,0,0.58,0.24,0.82,0.37,0.61,95,44,46.3,3.23,1.5,0.12,0.25,85,77.3,85,19,0,,0,1.77,56,29,27,0.92,0.57,0,21,45,13,32,9,9,,,0
ENG-Premier League,1920,Manchester Utd,Timothy Fosu-Mensah,NED,DF,21,1998,3,2,136,1.5,0,0,0,0,0,0,1,0,0.0,0.0,0.0,0.0,0.0,1,0,0.0,0.66,0.0,0.0,,45,4.0,68,1,1,1,0,2.33,3,1,2,1.32,0.56,0,5,0,1,2,5,1,,,0
ENG-Premier League,1920,Newcastle United,Sean Longstaff,ENG,MF,21,1997,23,14,1378,15.3,1,1,2,1,0,0,2,1,0.07,0.07,0.13,0.07,0.13,25,7,28.0,1.63,0.46,0.04,0.14,60,40.3,84,11,9,23,3,1.13,14,26,-12,-0.78,-0.43,0,17,26,0,30,21,19,,,0
ENG-Premier League,1920,Norwich City,Ben Godfrey,ENG,DF,21,1998,30,30,2644,29.4,0,0,0,0,0,0,3,1,0.0,0.0,0.0,0.0,0.0,15,6,40.0,0.51,0.2,0.0,0.0,88,77.3,88,28,0,,1,0.6,21,62,-41,-1.4,-0.47,0,14,9,0,3,26,15,,,1
ENG-Premier League,1920,Norwich City,Jamal Lewis,NIR,DF,21,1998,28,25,2304,25.6,1,0,1,1,0,0,4,0,0.04,0.0,0.04,0.04,0.04,9,4,44.4,0.35,0.16,0.11,0.25,82,67.4,88,21,3,31,9,0.39,14,56,-42,-1.64,-1.08,0,15,23,2,44,28,34,,,0
ENG-Premier League,1920,Norwich City,Todd Cantwell,ENG,MF,21,1998,37,30,2489,27.7,6,2,8,6,0,0,6,0,0.22,0.07,0.29,0.22,0.29,42,16,38.1,1.52,0.58,0.14,0.38,67,72.8,79,9,7,16,0,0.57,18,53,-35,-1.27,0.09,0,33,66,3,25,16,31,,,0
ENG-Premier League,1920,Sheffield United,Sander Berge,NOR,MF,21,1998,14,12,943,10.5,1,1,2,1,0,0,0,0,0.1,0.1,0.19,0.1,0.19,5,2,40.0,0.48,0.19,0.2,0.5,67,27.6,75,5,2,23,0,1.5,11,11,0,0.0,0.0,0,18,5,1,23,10,16,,,0
ENG-Premier League,1920,Southampton,Moussa Djenepo,MLI,"MF,FW",21,1998,18,10,928,10.3,2,2,4,2,0,0,4,1,0.19,0.19,0.39,0.19,0.39,20,8,40.0,1.94,0.78,0.1,0.25,52,27.1,74,4,8,23,3,1.28,15,13,2,0.19,0.59,0,23,30,3,23,10,21,,,0
ENG-Premier League,1920,Tottenham Hotspur,Juan Foyth,ARG,DF,21,1998,4,1,68,0.8,0,0,0,0,0,0,1,0,0.0,0.0,0.0,0.0,0.0,0,0,,0.0,0.0,,,17,2.0,45,0,3,8,7,1.5,0,3,-3,-3.97,-4.43,0,2,1,0,0,2,3,,,0
ENG-Premier League,1920,Tottenham Hotspur,Steven Bergwijn,NED,"MF,FW",21,1997,14,8,704,7.8,3,1,4,3,0,0,2,0,0.38,0.13,0.51,0.38,0.51,9,4,44.4,1.15,0.51,0.33,0.75,50,20.6,73,2,6,20,0,1.79,10,9,1,0.13,-0.3,0,7,10,0,10,3,5,,,0
ENG-Premier League,1920,Watford,Ismaila Sarr,SEN,MF,21,1998,28,22,2028,22.5,5,4,9,5,0,0,1,0,0.22,0.18,0.4,0.22,0.4,44,13,29.5,1.95,0.58,0.11,0.38,72,59.3,86,14,6,24,2,0.96,24,35,-11,-0.49,0.61,0,22,47,12,97,15,7,,,0
ENG-Premier League,1920,West Ham United,Nathan Holland,ENG,"FW,MF",21,1998,2,0,33,0.4,0,0,0,0,0,0,0,0,0.0,0.0,0.0,0.0,0.0,1,1,100.0,2.73,2.73,0.0,0.0,17,1.0,,0,2,17,0,0.0,0,1,-1,-2.73,-2.41,0,0,1,0,2,0,1,,,0
ENG-Premier League,1920,Wolves,Patrick Cutrone,ITA,FW,21,1998,12,3,297,3.3,2,0,2,2,0,0,0,0,0.61,0.0,0.61,0.61,0.61,11,3,27.3,3.33,0.91,0.18,0.67,25,8.7,65,0,9,11,8,1.67,6,6,0,0.0,-0.32,0,5,9,4,6,2,2,,,0
ENG-Premier League,1920,Arsenal,Dani Ceballos,ESP,MF,22,1996,24,18,1692,18.8,0,2,2,0,0,0,1,0,0.0,0.11,0.11,0.0,0.11,13,3,23.1,0.69,0.16,0.0,0.0,71,49.5,80,6,6,42,4,1.75,29,21,8,0.43,0.43,0,19,35,0,72,30,25,,,0
ENG-Premier League,1920,Arsenal,Kieran Tierney,SCO,"DF,MF",22,1997,15,12,989,11.0,1,1,2,1,0,0,2,0,0.09,0.09,0.18,0.09,0.18,6,2,33.3,0.55,0.18,0.17,0.5,66,28.9,78,6,3,18,4,1.47,18,16,2,0.18,-0.04,0,8,12,0,44,9,15,,,0
ENG-Premier League,1920,Aston Villa,Wesley Moraes,BRA,FW,22,1996,21,21,1782,19.8,5,1,6,5,0,1,3,0,0.25,0.05,0.3,0.25,0.3,36,18,50.0,1.82,0.91,0.14,0.28,85,52.1,85,13,0,,0,1.0,26,31,-5,-0.25,0.9,0,43,14,14,7,4,7,,,0
ENG-Premier League,1920,Bournemouth,Arnaut Danjuma,NED,MF,22,1997,14,6,630,7.0,0,0,0,0,0,0,0,0,0.0,0.0,0.0,0.0,0.0,13,4,30.8,1.86,0.57,0.0,0.0,45,18.4,68,2,8,28,5,0.43,4,12,-8,-1.14,-0.59,0,0,5,5,9,8,2,,,0
ENG-Premier League,1920,Bournemouth,David Brooks,WAL,MF,22,1997,9,8,506,5.6,1,0,1,1,0,0,1,0,0.18,0.0,0.18,0.18,0.18,6,2,33.3,1.07,0.36,0.17,0.5,56,14.8,61,0,1,22,0,0.78,6,12,-6,-1.07,-0.48,0,4,6,0,24,3,4,,,0
ENG-Premier League,1920,Bournemouth,Harry Wilson,WAL,"MF,FW",22,1997,31,20,1646,18.3,7,0,7,7,0,0,2,0,0.38,0.0,0.38,0.38,0.38,56,19,33.9,3.06,1.04,0.13,0.37,53,48.1,67,2,11,28,3,0.84,21,32,-11,-0.6,0.11,0,12,41,1,35,12,14,,,0
ENG-Premier League,1920,Bournemouth,Jack Simpson,ENG,DF,22,1996,4,1,241,2.7,0,0,0,0,0,0,0,0,0.0,0.0,0.0,0.0,0.0,1,0,0.0,0.37,0.0,0.0,,60,7.0,90,1,3,50,17,0.25,1,5,-4,-1.49,-0.9,0,1,1,0,0,2,2,,,0
ENG-Premier League,1920,Bournemouth,Lewis Cook,ENG,MF,22,1997,27,14,1352,15.0,0,0,0,0,0,0,5,0,0.0,0.0,0.0,0.0,0.0,9,2,22.2,0.6,0.13,0.0,0.0,50,39.5,81,8,13,17,7,0.81,18,30,-12,-0.8,-0.23,0,23,11,0,9,21,14,,,0
ENG-Premier League,1920,Brighton,Neal Maupay,FRA,FW,22,1996,37,30,2766,30.7,10,3,13,9,1,2,3,0,0.33,0.1,0.42,0.29,0.39,96,38,39.6,3.12,1.24,0.09,0.24,75,80.9,86,20,7,29,1,1.08,33,36,-3,-0.1,1.55,0,37,46,15,12,5,11,,,0
ENG-Premier League,1920,Brighton,Yves Bissouma,MLI,MF,22,1996,22,15,1259,14.0,1,0,1,1,0,0,4,0,0.07,0.0,0.07,0.07,0.07,16,7,43.8,1.14,0.5,0.06,0.14,57,36.8,76,4,7,17,7,1.05,8,18,-10,-0.71,-0.51,0,31,15,0,6,22,37,,,0
ENG-Premier League,1920,Crystal Palace,Jaïro Riedewald,NED,"DF,MF",22,1996,17,7,769,8.5,0,0,0,0,0,0,0,0,0.0,0.0,0.0,0.0,0.0,3,0,0.0,0.35,0.0,0.0,,45,22.5,79,4,10,22,11,1.12,7,9,-2,-0.23,0.34,0,3,2,0,6,15,10,,,0
ENG-Premier League,1920,Everton,Dominic Calvert-Lewin,ENG,FW,22,1997,36,30,2626,29.2,13,1,14,13,0,0,9,0,0.45,0.03,0.48,0.45,0.48,85,38,44.7,2.91,1.3,0.15,0.34,73,76.8,84,20,6,18,2,1.28,36,43,-7,-0.24,0.33,0,57,44,13,19,6,4,,,0
ENG-Premier League,1920,Everton,Mason Holgate,JAM,DF,22,1996,27,24,2054,22.8,0,3,3,0,0,0,5,0,0.0,0.13,0.13,0.0,0.13,12,5,41.7,0.53,0.22,0.0,0.0,76,60.1,85,22,3,8,7,1.52,30,34,-4,-0.18,0.35,0,17,25,1,2,32,26,,,0
ENG-Premier League,1920,Everton,Richarlison,BRA,"FW,MF",22,1997,36,36,3070,34.1,13,3,16,13,0,0,8,0,0.38,0.09,0.47,0.38,0.47,89,31,34.8,2.61,0.91,0.15,0.42,85,89.8,85,26,0,,0,1.31,39,51,-12,-0.35,-0.35,0,43,72,17,56,12,49,,,0
ENG-Premier League,1920,Leicester City,Ben Chilwell,ENG,DF,22,1996,27,27,2373,26.4,3,3,6,3,0,0,3,0,0.11,0.11,0.23,0.11,0.23,16,6,37.5,0.61,0.23,0.19,0.5,88,69.4,88,25,0,,1,1.67,48,26,22,0.83,0.49,0,28,30,1,104,28,26,,,0
ENG-Premier League,1920,Leicester City,James Maddison,ENG,"MF,FW",22,1996,31,29,2624,29.2,6,3,9,6,0,0,4,0,0.21,0.1,0.31,0.21,0.31,74,18,24.3,2.54,0.62,0.08,0.33,85,76.7,88,23,2,36,0,1.68,51,26,25,0.86,0.74,0,36,88,4,220,10,32,,,0
ENG-Premier League,1920,Leicester City,Kelechi Iheanacho,NGA,FW,22,1996,20,12,960,10.7,5,3,8,5,0,0,1,0,0.47,0.28,0.75,0.47,0.75,35,19,54.3,3.28,1.78,0.14,0.26,48,28.1,61,2,8,28,9,1.3,18,9,9,0.84,0.22,0,24,13,9,2,4,1,,,0
ENG-Premier League,1920,Leicester City,Wilfred Ndidi,NGA,MF,22,1996,32,29,2674,29.7,2,1,3,2,0,0,6,0,0.07,0.03,0.1,0.07,0.1,26,3,11.5,0.88,0.1,0.08,0.67,84,78.2,89,26,3,34,0,1.78,56,32,24,0.81,0.57,0,56,27,1,3,84,70,,,0
ENG-Premier League,1920,Leicester City,Youri Tielemans,BEL,MF,22,1997,37,32,2828,31.4,3,6,9,3,0,0,2,0,0.1,0.19,0.29,0.1,0.29,54,13,24.1,1.72,0.41,0.06,0.23,76,82.7,86,21,5,17,1,1.59,57,35,22,0.7,0.09,0,33,49,1,82,29,29,,,0
ENG-Premier League,1920,Liverpool,Joe Gomez,ENG,DF,22,1997,28,22,2004,22.3,0,0,0,0,0,0,7,0,0.0,0.0,0.0,0.0,0.0,1,0,0.0,0.04,0.0,0.0,,72,58.6,88,21,6,12,9,2.64,53,16,37,1.66,0.71,0,21,13,0,9,41,16,,,0
ENG-Premier League,1920,Manchester City,Angeliño,ESP,DF,22,1997,6,4,423,4.7,0,0,0,0,0,0,1,0,0.0,0.0,0.0,0.0,0.0,5,0,0.0,1.06,0.0,0.0,,71,12.4,90,4,2,32,9,2.0,11,7,4,0.85,-1.04,0,2,2,0,42,9,2,,,0
ENG-Premier League,1920,Manchester City,Gabriel Jesus,BRA,FW,22,1997,34,21,2030,22.6,14,7,21,14,0,1,3,0,0.62,0.31,0.93,0.62,0.93,101,48,47.5,4.48,2.13,0.14,0.29,60,59.4,81,12,13,26,1,2.12,63,14,49,2.17,1.01,0,26,29,18,6,14,13,,,0
ENG-Premier League,1920,Manchester City,Oleksandr Zinchenko,UKR,DF,22,1996,19,13,1276,14.2,0,0,0,0,0,0,2,1,0.0,0.0,0.0,0.0,0.0,16,3,18.8,1.13,0.21,0.0,0.0,67,37.3,87,11,6,25,5,1.95,34,13,21,1.48,-0.45,1,13,2,1,53,15,20,,,0
ENG-Premier League,1920,Manchester Utd,Scott McTominay,SCO,MF,22,1996,27,20,1772,19.7,4,1,5,4,0,0,2,0,0.2,0.05,0.25,0.2,0.25,29,10,34.5,1.47,0.51,0.14,0.4,66,51.8,84,13,7,14,2,1.85,28,20,8,0.41,-0.8,0,36,53,0,14,33,24,,,0
ENG-Premier League,1920,Newcastle United,Allan Saint-Maximin,FRA,MF,22,1997,26,23,1863,20.7,3,4,7,3,0,0,0,0,0.14,0.19,0.34,0.14,0.34,46,21,45.7,2.22,1.01,0.07,0.14,72,54.5,79,9,3,18,1,1.46,26,22,4,0.19,1.58,0,18,48,3,44,9,8,,,0
ENG-Premier League,1920,Newcastle United,Joelinton,BRA,"FW,MF",22,1996,38,32,2683,29.8,2,2,4,2,0,0,7,0,0.07,0.07,0.13,0.07,0.13,50,15,30.0,1.68,0.5,0.04,0.13,71,78.5,79,11,6,25,0,1.16,23,46,-23,-0.77,-1.14,0,32,39,20,5,11,19,,,0
ENG-Premier League,1920,Norwich City,Emi Buendía,ARG,MF,22,1996,36,28,2464,27.4,1,7,8,1,0,0,6,1,0.04,0.26,0.29,0.04,0.29,40,11,27.5,1.46,0.4,0.03,0.09,68,72.0,83,19,8,16,0,0.58,21,52,-31,-1.13,0.56,0,36,54,2,166,22,36,,,0
ENG-Premier League,1920,Norwich City,Patrick Roberts,ENG,"FW,MF",22,1997,3,0,26,0.3,0,0,0,0,0,0,0,0,0.0,0.0,0.0,0.0,0.0,0,0,,0.0,0.0,,,9,0.8,,0,3,9,4,0.0,1,2,-1,-3.46,-2.19,0,1,2,0,0,0,0,,,0
ENG-Premier League,1920,Sheffield United,Dean Henderson,ENG,GK,22,1997,36,36,3240,36.0,0,0,0,0,0,0,2,0,0.0,0.0,0.0,0.0,0.0,1,0,0.0,0.03,0.0,0.0,,90,94.7,90,36,0,,0,1.47,36,33,3,0.08,1.58,0,0,2,0,0,0,0,,,0
ENG-Premier League,1920,Sheffield United,Richairo Živković,CUW,FW,22,1996,5,0,112,1.2,0,0,0,0,0,0,0,0,0.0,0.0,0.0,0.0,0.0,1,0,0.0,0.8,0.0,0.0,,22,3.3,,0,5,22,4,0.6,1,4,-3,-2.41,-2.49,0,1,1,0,1,0,2,,,0
ENG-Premier League,1920,Southampton,Kyle Walker-Peters,ENG,DF,22,1997,10,7,703,7.8,0,0,0,0,0,0,1,0,0.0,0.0,0.0,0.0,0.0,2,0,0.0,0.26,0.0,0.0,,70,20.6,87,6,3,30,2,1.8,14,8,6,0.77,1.27,0,6,21,1,12,13,8,,,0
ENG-Premier League,1920,Tottenham Hotspur,Kyle Walker-Peters,ENG,DF,22,1997,3,3,241,2.7,0,0,0,0,0,0,0,0,0.0,0.0,0.0,0.0,0.0,1,0,0.0,0.37,0.0,0.0,,80,7.0,80,2,0,,2,1.33,5,4,1,0.37,0.01,0,1,5,1,8,2,5,,,0
ENG-Premier League,1920,Tottenham Hotspur,Tanguy Ndombele,FRA,MF,22,1996,21,12,1009,11.2,2,2,4,2,0,0,3,0,0.18,0.18,0.36,0.18,0.36,9,4,44.4,0.8,0.36,0.22,0.5,48,29.5,66,2,9,24,6,1.05,17,17,0,0.0,-0.52,0,14,29,0,12,13,15,,,0
ENG-Premier League,1920,West Ham United,Albian Ajeti,SUI,FW,22,1997,9,0,139,1.5,0,0,0,0,0,0,0,0,0.0,0.0,0.0,0.0,0.0,3,0,0.0,1.94,0.0,0.0,,15,4.1,,0,9,15,19,0.22,2,3,-1,-0.65,-0.32,0,6,0,2,0,1,0,,,0
ENG-Premier League,1920,West Ham United,Issa Diop,MAR,DF,22,1997,32,31,2766,30.7,3,1,4,3,0,0,8,0,0.1,0.03,0.13,0.1,0.13,15,7,46.7,0.49,0.23,0.2,0.43,86,80.9,89,30,1,3,4,1.03,39,54,-15,-0.49,-0.76,0,31,11,1,1,46,16,,,0
ENG-Premier League,1920,West Ham United,Jarrod Bowen,ENG,MF,22,1996,13,11,917,10.2,1,4,5,1,0,0,0,0,0.1,0.39,0.49,0.1,0.49,24,7,29.2,2.36,0.69,0.04,0.14,71,26.8,82,4,2,9,0,1.15,15,13,2,0.2,0.74,0,4,20,1,59,13,16,,,0
ENG-Premier League,1920,Wolves,Diogo Jota,POR,FW,22,1996,34,27,2284,25.4,7,1,8,7,0,0,4,0,0.28,0.04,0.32,0.28,0.32,68,25,36.8,2.68,0.99,0.1,0.28,67,66.8,78,6,7,26,0,1.44,26,28,-2,-0.08,-1.11,0,41,60,3,33,8,16,,,0
ENG-Premier League,1920,Wolves,Jesús Vallejo,ESP,DF,22,1997,2,1,163,1.8,0,0,0,0,0,0,1,0,0.0,0.0,0.0,0.0,0.0,0,0,,0.0,0.0,,,82,4.8,90,1,1,73,10,0.5,3,6,-3,-1.66,-2.04,0,2,1,0,0,1,1,,,0
ENG-Premier League,1920,Wolves,Max Kilman,ENG,DF,22,1997,3,2,185,2.1,0,0,0,0,0,0,0,0,0.0,0.0,0.0,0.0,0.0,0,0,,0.0,0.0,,,62,5.4,90,2,1,5,30,1.33,1,2,-1,-0.49,-0.82,0,2,0,0,0,4,2,,,0
ENG-Premier League,1920,Wolves,Rúben Neves,POR,MF,22,1997,38,35,3056,34.0,2,2,4,2,0,0,9,0,0.06,0.06,0.12,0.06,0.12,61,10,16.4,1.8,0.29,0.03,0.2,80,89.4,85,27,3,25,0,1.55,48,35,13,0.38,0.88,0,29,16,0,31,55,33,,,0
ESP-La Liga,1920,Mallorca,Luka Romero,ARG,MF,14,2004,1,0,8,0.1,0,0,0,0,0,0,0,0,0.0,0.0,0.0,0.0,0.0,0,0,,0.0,0.0,,,8,0.2,,0,1,8,9,0.0,0,0,0,0.0,0.66,0,1,1,0,0,0,0,,,0
ESP-La Liga,1920,Mallorca,Rafel Obrador,ESP,DF,15,2004,1,0,4,0.0,0,0,0,0,0,0,0,0,0.0,0.0,0.0,0.0,0.0,0,0,,0.0,0.0,,,4,0.1,,0,1,4,2,1.0,0,0,0,0.0,0.66,0,0,0,0,1,0,0,,,0
ESP-La Liga,1920,Barcelona,Ansu Fati,ESP,"FW,MF",16,2002,24,11,1027,11.4,7,1,8,7,0,0,2,1,0.61,0.09,0.7,0.61,0.7,33,12,36.4,2.89,1.05,0.21,0.58,43,30.0,71,1,13,19,9,2.04,27,14,13,1.14,-0.18,0,19,19,4,20,5,9,,,0
ESP-La Liga,1920,Alavés,Javi López,ESP,DF,17,2002,1,1,90,1.0,0,0,0,0,0,0,0,0,0.0,0.0,0.0,0.0,0.0,0,0,,0.0,0.0,,,90,2.6,90,1,0,,3,0.0,0,6,-6,-6.0,-5.49,0,1,0,0,5,1,6,,,0
ESP-La Liga,1920,Atlético Madrid,Germán Valera,ESP,"FW,MF",17,2002,1,0,4,0.0,0,0,0,0,0,0,0,0,0.0,0.0,0.0,0.0,0.0,0,0,,0.0,0.0,,,4,0.1,,0,1,4,0,3.0,0,0,0,0.0,-0.63,0,0,0,0,0,0,0,,,0
ESP-La Liga,1920,Celta Vigo,Iker Losada,ESP,MF,17,2001,2,0,13,0.1,1,0,1,1,0,0,0,0,6.92,0.0,6.92,6.92,6.92,1,1,100.0,6.92,6.92,1.0,1.0,7,0.4,,0,2,7,5,0.0,1,0,1,6.92,7.27,0,0,0,0,3,0,0,,,0
ESP-La Liga,1920,Levante,Alejandro Blesa,ESP,MF,17,2002,1,0,2,0.0,0,0,0,0,0,0,0,0,0.0,0.0,0.0,0.0,0.0,0,0,,0.0,0.0,,,2,0.1,,0,1,2,4,3.0,1,0,1,45.0,45.18,0,1,0,0,0,0,0,,,0
ESP-La Liga,1920,Osasuna,Aimar Oroz,ESP,MF,17,2001,1,0,11,0.1,0,0,0,0,0,0,0,0,0.0,0.0,0.0,0.0,0.0,0,0,,0.0,0.0,,,11,0.3,,0,1,11,8,1.0,0,0,0,0.0,0.21,0,2,0,0,0,0,0,,,0
ESP-La Liga,1920,Real Sociedad,Ander Barrenetxea,ESP,MF,17,2001,17,3,442,4.9,0,0,0,0,0,0,1,0,0.0,0.0,0.0,0.0,0.0,15,4,26.7,3.05,0.81,0.0,0.0,26,12.9,66,1,14,17,9,1.41,7,6,1,0.2,-0.01,0,14,5,1,23,4,9,,,0
ESP-La Liga,1920,Alavés,Borja Sainz,ESP,MF,18,2001,19,5,573,6.4,1,0,1,1,0,0,1,0,0.16,0.0,0.16,0.16,0.16,10,4,40.0,1.57,0.63,0.1,0.25,30,16.8,66,0,14,18,17,0.74,5,9,-4,-0.63,0.04,0,22,8,4,13,3,9,,,0
ESP-La Liga,1920,Athletic Club,Unai Vencedor Paris,ESP,MF,18,2000,1,1,73,0.8,0,0,0,0,0,0,1,0,0.0,0.0,0.0,0.0,0.0,1,0,0.0,1.23,0.0,0.0,,73,2.1,73,0,0,,2,0.0,0,1,-1,-1.23,-1.34,0,0,1,0,4,0,0,,,0
ESP-La Liga,1920,Atlético Madrid,Manu Sánchez,ESP,DF,18,2000,5,4,325,3.6,0,0,0,0,0,0,1,0,0.0,0.0,0.0,0.0,0.0,0,0,,0.0,0.0,,,65,9.5,76,2,1,22,10,2.6,5,0,5,1.38,0.83,0,8,3,2,7,7,6,,,0
ESP-La Liga,1920,Atlético Madrid,Sergio Camello,ESP,FW,18,2001,2,0,25,0.3,0,0,0,0,0,0,0,0,0.0,0.0,0.0,0.0,0.0,0,0,,0.0,0.0,,,13,0.7,,0,2,13,3,0.0,0,1,-1,-3.6,-4.26,0,0,1,0,0,0,0,,,0
ESP-La Liga,1920,Espanyol,Nico Ribaudo,ESP,MF,18,2001,6,2,182,2.0,0,0,0,0,0,0,1,0,0.0,0.0,0.0,0.0,0.0,4,3,75.0,1.98,1.48,0.0,0.0,30,5.3,62,0,4,15,3,0.17,1,0,1,0.49,1.38,0,5,7,0,4,1,1,,,0
ESP-La Liga,1920,Leganés,Bryan Gil,ESP,"MF,FW",18,2001,12,4,558,6.2,1,0,1,1,0,0,2,0,0.16,0.0,0.16,0.16,0.16,14,4,28.6,2.26,0.65,0.07,0.25,47,16.3,80,2,8,30,4,0.92,8,5,3,0.48,1.24,0,10,12,4,34,2,5,,,0
ESP-La Liga,1920,Leganés,Manuel Garrido,ESP,FW,18,2000,4,2,115,1.3,0,0,0,0,0,0,1,0,0.0,0.0,0.0,0.0,0.0,1,1,100.0,0.78,0.78,0.0,0.0,29,3.4,52,0,2,6,3,1.0,1,3,-2,-1.57,-1.05,0,4,0,0,0,1,0,,,0
ESP-La Liga,1920,Mallorca,Takefusa Kubo,JPN,"MF,FW",18,2001,35,23,2312,25.7,4,4,8,4,0,0,4,0,0.16,0.16,0.31,0.16,0.31,55,25,45.5,2.14,0.97,0.07,0.16,66,67.6,84,14,12,31,1,0.83,28,49,-21,-0.82,-0.49,0,35,64,4,82,22,23,,,0
ESP-La Liga,1920,Real Betis,Ismael,ESP,MF,18,2000,3,1,83,0.9,0,0,0,0,0,0,1,0,0.0,0.0,0.0,0.0,0.0,0,0,,0.0,0.0,,,28,2.4,70,0,2,7,7,1.67,1,1,0,0.0,0.32,0,1,1,0,0,2,1,,,0
ESP-La Liga,1920,Real Betis,Raúl,ESP,FW,18,2000,3,0,19,0.2,0,0,0,0,0,0,0,0,0.0,0.0,0.0,0.0,0.0,0,0,,0.0,0.0,,,6,0.6,,0,3,6,3,1.33,0,2,-2,-9.47,-9.21,0,0,0,0,0,0,0,,,0
ESP-La Liga,1920,Real Madrid,Rodrygo,BRA,FW,18,2001,19,12,1019,11.3,2,0,2,2,0,0,0,0,0.18,0.0,0.18,0.18,0.18,16,8,50.0,1.41,0.71,0.13,0.25,54,29.8,72,1,7,23,9,2.42,21,2,19,1.68,0.7,0,8,19,5,37,9,2,,,0
ESP-La Liga,1920,Real Sociedad,Jon Pacheco,ESP,DF,18,2001,1,1,77,0.9,0,0,0,0,0,0,0,0,0.0,0.0,0.0,0.0,0.0,0,0,,0.0,0.0,,,77,2.3,77,0,0,,9,0.0,1,1,0,0.0,-0.22,0,2,0,0,1,0,0,,,0
ESP-La Liga,1920,Sevilla,Bryan Gil,ESP,"FW,MF",18,2001,2,0,65,0.7,0,0,0,0,0,0,2,0,0.0,0.0,0.0,0.0,0.0,0,0,,0.0,0.0,,,33,1.9,,0,2,33,5,2.0,2,1,1,1.38,0.87,0,1,0,0,2,0,1,,,0
ESP-La Liga,1920,Valencia,Lee Kang-in,KOR,"MF,FW",18,2001,17,3,454,5.0,2,0,2,2,0,0,1,2,0.4,0.0,0.4,0.4,0.4,11,4,36.4,2.18,0.79,0.18,0.5,27,13.3,67,0,14,18,12,0.94,9,9,0,0.0,0.21,0,8,8,0,22,2,2,,,0
ESP-La Liga,1920,Villarreal,Alex Baena,ESP,"FW,MF",18,2001,1,0,15,0.2,0,0,0,0,0,0,0,0,0.0,0.0,0.0,0.0,0.0,0,0,,0.0,0.0,,,15,0.4,,0,1,15,8,0.0,1,0,1,6.0,5.66,0,0,0,0,0,0,0,,,0
ESP-La Liga,1920,Villarreal,Fernando Niño,ESP,FW,18,2000,5,1,83,0.9,1,0,1,1,0,0,1,0,1.08,0.0,1.08,1.08,1.08,1,1,100.0,1.08,1.08,1.0,1.0,17,2.4,45,0,4,10,10,1.8,1,1,0,0.0,-0.38,0,7,0,0,1,0,0,,,0
ESP-La Liga,1920,Alavés,Abdallahi Mahmoud,MTN,MF,19,2000,3,1,152,1.7,0,0,0,0,0,0,1,0,0.0,0.0,0.0,0.0,0.0,0,0,,0.0,0.0,,,51,4.4,90,1,2,31,6,0.0,1,3,-2,-1.18,-0.55,0,3,4,0,0,6,4,,,0
ESP-La Liga,1920,Athletic Club,Oihan Sancet,ESP,MF,19,2000,17,9,741,8.2,1,1,2,1,0,0,1,0,0.12,0.12,0.24,0.12,0.24,10,5,50.0,1.21,0.61,0.1,0.2,44,21.7,64,0,8,21,4,1.65,11,7,4,0.49,0.52,0,16,15,0,2,2,7,,,0
ESP-La Liga,1920,Atlético Madrid,João Félix,POR,"FW,MF",19,1999,27,21,1745,19.4,6,1,7,6,0,0,6,0,0.31,0.05,0.36,0.31,0.36,64,18,28.1,3.3,0.93,0.09,0.33,65,51.0,75,4,6,29,0,1.85,22,8,14,0.72,0.18,0,33,39,6,18,11,3,,,0
ESP-La Liga,1920,Atlético Madrid,Rodrigo Riquelme,ESP,MF,19,2000,1,0,13,0.1,0,0,0,0,0,0,0,0,0.0,0.0,0.0,0.0,0.0,1,0,0.0,6.92,0.0,0.0,,13,0.4,,0,1,13,10,3.0,1,0,1,6.92,6.32,0,0,1,0,1,0,0,,,0
ESP-La Liga,1920,Barcelona,Jean-Clair Todibo,FRA,DF,19,1999,2,1,77,0.9,0,0,0,0,0,0,0,0,0.0,0.0,0.0,0.0,0.0,0,0,,0.0,0.0,,,39,2.3,72,0,1,5,7,3.0,3,0,3,3.51,2.3,0,1,0,0,0,0,0,,,0
ESP-La Liga,1920,Barcelona,Riqui Puig,ESP,MF,19,1999,11,5,510,5.7,0,2,2,0,0,0,1,0,0.0,0.35,0.35,0.0,0.35,8,5,62.5,1.41,0.88,0.0,0.0,46,14.9,80,2,6,19,4,2.18,14,5,9,1.59,0.38,0,9,11,0,1,5,7,,,0
ESP-La Liga,1920,Espanyol,Pol Lozano,ESP,MF,19,1999,5,2,173,1.9,0,0,0,0,0,0,0,1,0.0,0.0,0.0,0.0,0.0,0,0,,0.0,0.0,,,35,5.1,71,1,3,10,12,0.2,0,1,-1,-0.52,0.31,0,7,0,0,1,1,3,,,0
ESP-La Liga,1920,Espanyol,Victor Gomez,ESP,"MF,DF",19,2000,18,14,1270,14.1,0,0,0,0,0,0,2,0,0.0,0.0,0.0,0.0,0.0,5,0,0.0,0.35,0.0,0.0,,71,37.1,87,12,4,13,6,0.56,8,25,-17,-1.2,-0.62,0,20,22,0,61,19,6,,,1
ESP-La Liga,1920,Getafe,Hugo Duro,ESP,FW,19,1999,12,4,378,4.2,1,1,2,1,0,0,3,0,0.24,0.24,0.48,0.24,0.48,5,3,60.0,1.19,0.71,0.2,0.33,32,11.1,70,0,8,12,5,1.25,3,8,-5,-1.19,-1.52,0,11,16,1,4,1,5,,,0
ESP-La Liga,1920,Granada,Antonio Cortés,ESP,"MF,FW",19,2000,8,2,181,2.0,1,0,1,1,0,0,2,0,0.5,0.0,0.5,0.5,0.5,3,2,66.7,1.49,0.99,0.33,0.5,23,5.3,45,0,6,15,5,1.38,4,0,4,1.99,1.91,0,6,3,0,4,2,1,,,0
ESP-La Liga,1920,Osasuna,Javi Martínez,ESP,MF,19,1999,1,0,10,0.1,0,0,0,0,0,0,0,0,0.0,0.0,0.0,0.0,0.0,0,0,,0.0,0.0,,,10,0.3,,0,1,10,7,1.0,0,0,0,0.0,0.21,0,0,0,0,0,0,0,,,0
ESP-La Liga,1920,Real Betis,Diego Lainez,MEX,"MF,FW",19,2000,15,2,348,3.9,0,0,0,0,0,0,0,0,0.0,0.0,0.0,0.0,0.0,6,2,33.3,1.55,0.52,0.0,0.0,23,10.2,64,0,13,17,14,1.07,10,8,2,0.52,0.93,0,8,14,0,12,1,5,,,0
ESP-La Liga,1920,Real Madrid,Brahim Díaz,MAR,"FW,MF",19,1999,6,0,65,0.7,0,0,0,0,0,0,1,0,0.0,0.0,0.0,0.0,0.0,3,2,66.7,4.15,2.77,0.0,0.0,11,1.9,,0,6,11,10,2.17,0,1,-1,-1.38,-2.62,0,1,6,0,0,0,0,,,0
ESP-La Liga,1920,Real Madrid,Vinicius Júnior,BRA,"MF,FW",19,2000,29,12,1364,15.2,3,1,4,3,0,0,4,0,0.2,0.07,0.26,0.2,0.26,37,17,45.9,2.44,1.12,0.08,0.18,47,39.9,81,5,17,23,5,2.21,27,14,13,0.86,-0.54,0,19,26,9,30,6,16,,,0
ESP-La Liga,1920,Real Sociedad,Alexander Isak,SWE,FW,19,1999,37,14,1507,16.7,9,1,10,9,0,0,3,0,0.54,0.06,0.6,0.54,0.6,44,22,50.0,2.63,1.31,0.2,0.41,41,44.1,71,1,23,22,1,1.51,25,21,4,0.24,0.05,0,22,15,14,9,3,3,,,0
ESP-La Liga,1920,Real Sociedad,Naïs Djouahra,FRA,MF,19,1999,2,0,29,0.3,0,1,1,0,0,0,0,0,0.0,3.1,3.1,0.0,3.1,1,0,0.0,3.1,0.0,0.0,,15,0.8,,0,2,15,8,0.0,1,1,0,0.0,-0.21,0,1,0,0,5,0,0,,,0
ESP-La Liga,1920,Real Sociedad,Roberto López,ESP,"FW,MF",19,2000,3,0,51,0.6,0,1,1,0,0,0,0,0,0.0,1.76,1.76,0.0,1.76,0,0,,0.0,0.0,,,17,1.5,,0,3,17,8,0.0,2,2,0,0.0,-0.21,0,0,0,0,3,0,1,,,0
ESP-La Liga,1920,Valencia,Ferrán Torres,ESP,MF,19,2000,34,26,2251,25.0,4,5,9,4,0,0,5,0,0.16,0.2,0.36,0.16,0.36,33,10,30.3,1.32,0.4,0.12,0.4,66,65.8,79,11,8,24,3,1.38,27,30,-3,-0.12,0.19,0,19,39,16,90,14,16,,,0
ESP-La Liga,1920,Valencia,Hugo Guillamón,ESP,DF,19,2000,6,5,495,5.5,0,0,0,0,0,0,3,0,0.0,0.0,0.0,0.0,0.0,0,0,,0.0,0.0,,,83,14.5,90,5,1,45,8,1.17,4,7,-3,-0.55,-0.42,0,8,9,0,1,7,2,,,0
ESP-La Liga,1920,Valladolid,Miguel,ESP,FW,19,1999,7,2,232,2.6,0,0,0,0,0,0,1,0,0.0,0.0,0.0,0.0,0.0,2,1,50.0,0.78,0.39,0.0,0.0,33,6.8,68,0,5,19,6,0.86,1,2,-1,-0.39,-0.11,0,5,8,1,4,0,1,,,0
ESP-La Liga,1920,Valladolid,Pedro Porro,ESP,"DF,MF",19,1999,13,7,739,8.2,0,0,0,0,0,0,1,0,0.0,0.0,0.0,0.0,0.0,1,0,0.0,0.12,0.0,0.0,,57,21.6,88,6,6,20,10,0.62,5,17,-12,-1.46,-1.5,0,4,12,0,34,8,10,,,0
ESP-La Liga,1920,Atlético Madrid,Óscar Clemente,ESP,MF,20,1999,1,0,4,0.0,0,0,0,0,0,0,0,0,0.0,0.0,0.0,0.0,0.0,0,0,,0.0,0.0,,,4,0.1,,0,1,4,0,0.0,0,1,-1,-22.5,-23.16,0,0,0,0,0,0,0,,,0
ESP-La Liga,1920,Barcelona,Moussa Wagué,SEN,DF,20,1998,1,1,90,1.0,0,0,0,0,0,0,0,0,0.0,0.0,0.0,0.0,0.0,0,0,,0.0,0.0,,,90,2.6,90,1,0,,4,3.0,2,1,1,1.0,-0.27,0,1,0,0,6,1,1,,,0
ESP-La Liga,1920,Barcelona,Ronald Araújo,URU,DF,20,1999,6,2,238,2.6,0,0,0,0,0,0,0,1,0.0,0.0,0.0,0.0,0.0,1,0,0.0,0.38,0.0,0.0,,40,7.0,90,2,4,15,9,3.0,11,0,11,4.16,3.11,0,2,1,0,0,1,2,,,0
ESP-La Liga,1920,Barcelona,Álex Collado,ESP,MF,20,1999,1,0,6,0.1,0,0,0,0,0,0,0,0,0.0,0.0,0.0,0.0,0.0,0,0,,0.0,0.0,,,6,0.2,,0,1,6,11,0.0,0,0,0,0.0,-1.27,0,0,0,0,0,0,0,,,0
ESP-La Liga,1920,Celta Vigo,Fran Beltrán,ESP,MF,20,1999,28,22,1830,20.3,1,0,1,1,0,0,2,1,0.05,0.0,0.05,0.05,0.05,14,4,28.6,0.69,0.2,0.07,0.25,65,53.5,78,11,6,18,6,1.14,19,22,-3,-0.15,0.36,0,12,11,1,19,15,18,,,0
ESP-La Liga,1920,Eibar,Miguel Atienza,ESP,MF,20,1999,3,0,30,0.3,0,0,0,0,0,0,0,0,0.0,0.0,0.0,0.0,0.0,2,0,0.0,6.0,0.0,0.0,,10,0.9,,0,3,10,6,1.0,0,0,0,0.0,0.45,0,2,1,0,0,2,1,,,0
ESP-La Liga,1920,Levante,Giorgi Kochorashvili,GEO,MF,20,1999,1,0,2,0.0,0,0,0,0,0,0,0,0,0.0,0.0,0.0,0.0,0.0,0,0,,0.0,0.0,,,2,0.1,,0,1,2,8,0.0,0,0,0,0.0,0.16,0,0,2,0,0,0,0,,,0
ESP-La Liga,1920,Mallorca,Alejandro Pozo Pozo,ESP,"DF,MF",20,1999,19,16,1498,16.6,1,2,3,1,0,0,0,0,0.06,0.12,0.18,0.06,0.18,7,2,28.6,0.42,0.12,0.14,0.5,79,43.8,89,13,3,27,0,0.95,19,29,-10,-0.6,0.1,0,21,17,1,69,23,26,,,0
ESP-La Liga,1920,Mallorca,Cucho,COL,"FW,MF",20,1999,22,17,1487,16.5,5,1,6,5,0,0,5,1,0.3,0.06,0.36,0.3,0.36,46,14,30.4,2.78,0.85,0.11,0.36,68,43.5,78,7,5,32,0,0.82,20,25,-5,-0.3,0.63,1,16,37,4,24,12,8,,,0
ESP-La Liga,1920,Real Betis,Emerson,BRA,DF,20,1999,33,32,2839,31.5,3,6,9,3,0,0,11,0,0.1,0.19,0.29,0.1,0.29,26,5,19.2,0.82,0.16,0.12,0.6,86,83.0,88,29,1,21,1,1.12,39,49,-10,-0.32,-0.01,0,46,94,1,80,33,48,,,0
ESP-La Liga,1920,Real Sociedad,Martin Ødegaard,NOR,MF,20,1998,31,29,2527,28.1,4,6,10,4,0,0,3,0,0.14,0.21,0.36,0.14,0.36,50,16,32.0,1.78,0.57,0.08,0.25,82,73.9,84,22,2,40,3,1.45,42,35,7,0.25,0.15,0,24,37,0,117,15,18,,,0
ESP-La Liga,1920,Real Sociedad,Martín Zubimendi,ESP,MF,20,1999,9,6,524,5.8,0,0,0,0,0,0,3,0,0.0,0.0,0.0,0.0,0.0,4,0,0.0,0.69,0.0,0.0,,58,15.3,84,5,3,7,4,0.9,9,1,8,1.37,1.37,0,9,6,0,2,8,12,,,0
ESP-La Liga,1920,Sevilla,Alejandro Pozo Pozo,ESP,"DF,MF",20,1999,3,0,37,0.4,0,0,0,0,0,0,0,0,0.0,0.0,0.0,0.0,0.0,0,0,,0.0,0.0,,,12,1.1,,0,3,12,1,1.33,1,2,-1,-2.43,-2.99,0,0,0,0,1,0,1,,,0
ESP-La Liga,1920,Sevilla,Jules Koundé,FRA,DF,20,1998,29,25,2309,25.7,1,1,2,1,0,0,6,0,0.04,0.04,0.08,0.04,0.08,23,5,21.7,0.9,0.19,0.04,0.2,80,67.5,89,24,4,23,8,2.03,39,22,17,0.66,0.42,0,21,11,0,16,25,13,,,0
ESP-La Liga,1920,Valencia,Thierry Correia,POR,DF,20,1999,4,3,259,2.9,0,0,0,0,0,0,0,0,0.0,0.0,0.0,0.0,0.0,1,0,0.0,0.35,0.0,0.0,,65,7.6,83,2,1,9,21,1.0,5,6,-1,-0.35,-0.18,0,3,8,0,3,2,3,,,0
ESP-La Liga,1920,Valencia,Vicente Esquerdo,ESP,MF,20,1999,3,0,15,0.2,0,0,0,0,0,0,0,0,0.0,0.0,0.0,0.0,0.0,0,0,,0.0,0.0,,,5,0.4,,0,3,5,11,2.33,1,0,1,6.0,6.21,0,0,0,0,0,0,0,,,0
ESP-La Liga,1920,Valladolid,Mohammed Salisu,GHA,DF,20,1999,31,30,2725,30.3,1,1,2,1,0,0,4,0,0.03,0.03,0.07,0.03,0.07,7,1,14.3,0.23,0.03,0.14,1.0,88,79.7,89,28,1,59,3,1.13,24,33,-9,-0.3,-0.04,0,22,13,1,1,36,24,,,0
ESP-La Liga,1920,Villarreal,Manu Morlanes,ESP,MF,20,1999,9,3,253,2.8,0,1,1,0,0,0,0,0,0.0,0.36,0.36,0.0,0.36,0,0,,0.0,0.0,,,28,7.4,63,0,6,11,10,2.11,5,3,2,0.71,0.37,0,6,3,0,1,4,3,,,0
ESP-La Liga,1920,Villarreal,Samuel Chukwueze,NGA,MF,20,1999,37,20,2048,22.8,3,2,5,3,0,0,2,0,0.13,0.09,0.22,0.13,0.22,48,11,22.9,2.11,0.48,0.06,0.27,55,59.9,79,10,17,27,0,1.54,36,35,1,0.04,-0.81,0,16,50,12,36,11,15,,,0
ESP-La Liga,1920,Alavés,José Luis Rodríguez,PAN,"FW,MF",21,1998,1,0,22,0.2,0,0,0,0,0,0,0,0,0.0,0.0,0.0,0.0,0.0,1,1,100.0,4.09,4.09,0.0,0.0,22,0.6,,0,1,22,6,0.0,0,0,0,0.0,0.66,0,2,0,0,0,0,0,,,0
ESP-La Liga,1920,Alavés,Tachi,ESP,DF,21,1997,6,2,238,2.6,0,0,0,0,0,0,1,0,0.0,0.0,0.0,0.0,0.0,0,0,,0.0,0.0,,,40,7.0,90,1,4,15,14,1.33,3,4,-1,-0.38,0.3,0,5,6,0,0,4,2,,,0
ESP-La Liga,1920,Athletic Club,Asier Villalibre,ESP,FW,21,1997,19,5,531,5.9,3,0,3,3,0,0,0,0,0.51,0.0,0.51,0.51,0.51,17,6,35.3,2.88,1.02,0.18,0.5,28,15.5,62,0,14,16,2,1.11,5,9,-4,-0.68,-0.9,0,16,10,5,8,1,0,,,0
ESP-La Liga,1920,Athletic Club,Larra,ESP,MF,21,1997,10,2,250,2.8,0,0,0,0,0,0,0,0,0.0,0.0,0.0,0.0,0.0,3,1,33.3,1.08,0.36,0.0,0.0,25,7.3,72,0,8,13,21,0.9,3,3,0,0.0,-0.09,0,6,3,1,14,0,2,,,0
ESP-La Liga,1920,Atlético Madrid,Ivan Šaponjić,SRB,FW,21,1997,2,0,6,0.1,0,0,0,0,0,0,0,0,0.0,0.0,0.0,0.0,0.0,1,0,0.0,15.0,0.0,0.0,,3,0.2,,0,2,3,17,1.0,0,0,0,0.0,-0.63,0,1,0,1,0,0,0,,,0
ESP-La Liga,1920,Atlético Madrid,Renan Lodi,BRA,DF,21,1998,32,28,2396,26.6,1,2,3,1,0,0,6,1,0.04,0.08,0.11,0.04,0.11,17,3,17.6,0.64,0.11,0.06,0.33,75,70.1,82,21,4,22,3,1.69,37,21,16,0.6,-0.1,1,42,44,11,89,45,46,,,0
ESP-La Liga,1920,Atlético Madrid,Toni Moya,ESP,MF,21,1998,1,0,4,0.0,0,0,0,0,0,0,0,0,0.0,0.0,0.0,0.0,0.0,0,0,,0.0,0.0,,,4,0.1,,0,1,4,10,3.0,0,0,0,0.0,-0.63,0,0,0,0,0,0,0,,,0
ESP-La Liga,1920,Barcelona,Carles Aleñá,ESP,MF,21,1998,4,2,172,1.9,0,0,0,0,0,0,0,0,0.0,0.0,0.0,0.0,0.0,1,1,100.0,0.52,0.52,0.0,0.0,43,5.0,68,1,2,19,6,1.75,5,1,4,2.09,0.87,0,3,2,0,4,0,1,,,0
ESP-La Liga,1920,Barcelona,Carles Pérez,ESP,FW,21,1998,10,5,476,5.3,1,2,3,1,0,0,0,0,0.19,0.38,0.57,0.19,0.57,14,6,42.9,2.65,1.13,0.07,0.17,48,13.9,77,2,5,18,6,1.9,14,10,4,0.76,-0.59,0,4,4,2,16,1,4,,,0
ESP-La Liga,1920,Celta Vigo,Pape Cheikh Diop,SEN,MF,21,1997,16,6,599,6.7,0,1,1,0,0,0,5,1,0.0,0.15,0.15,0.0,0.15,2,0,0.0,0.3,0.0,0.0,,37,17.5,74,2,10,15,15,0.88,5,8,-3,-0.45,-0.16,1,24,17,0,0,5,6,,,0
ESP-La Liga,1920,Celta Vigo,Sergio Bermejo,ESP,"FW,MF",21,1997,1,0,5,0.1,0,0,0,0,0,0,0,0,0.0,0.0,0.0,0.0,0.0,0,0,,0.0,0.0,,,5,0.1,,0,1,5,8,0.0,0,1,-1,-18.0,-17.71,0,0,0,0,0,0,0,,,0
ESP-La Liga,1920,Espanyol,Adrià Pedrosa,ESP,"MF,DF",21,1998,20,11,1087,12.1,1,0,1,1,0,0,3,0,0.08,0.0,0.08,0.08,0.08,12,5,41.7,0.99,0.41,0.08,0.2,54,31.8,84,8,9,19,13,0.6,11,19,-8,-0.66,0.22,0,10,18,2,30,13,13,,,1
ESP-La Liga,1920,Espanyol,Kévin Soni,CMR,MF,21,1998,1,0,4,0.0,0,0,0,0,0,0,0,0,0.0,0.0,0.0,0.0,0.0,0,0,,0.0,0.0,,,4,0.1,,0,1,4,0,1.0,0,0,0,0.0,0.82,0,2,0,0,0,0,0,,,0
ESP-La Liga,1920,Espanyol,Pipa,ESP,"DF,MF",21,1998,7,5,473,5.3,0,0,0,0,0,0,3,0,0.0,0.0,0.0,0.0,0.0,1,1,100.0,0.19,0.19,0.0,0.0,68,13.8,88,4,2,18,2,0.43,2,8,-6,-1.14,-0.38,0,6,5,0,23,6,8,,,0
ESP-La Liga,1920,Espanyol,Óscar Melendo,ESP,MF,21,1997,24,12,1115,12.4,0,0,0,0,0,0,0,0,0.0,0.0,0.0,0.0,0.0,3,0,0.0,0.24,0.0,0.0,,46,32.6,73,2,12,20,10,0.63,8,18,-10,-0.81,0.01,0,7,40,0,12,2,5,,,0
ESP-La Liga,1920,Getafe,Marc Cucurella,ESP,MF,21,1998,37,37,3237,36.0,1,5,6,1,0,0,9,0,0.03,0.14,0.17,0.03,0.17,30,6,20.0,0.83,0.17,0.03,0.17,87,94.6,87,24,0,,0,1.38,41,33,8,0.22,1.21,0,78,62,6,130,33,56,,,0
ESP-La Liga,1920,Getafe,Mathías Olivera,URU,DF,21,1997,24,21,1870,20.8,0,1,1,0,0,0,7,1,0.0,0.05,0.05,0.0,0.05,6,1,16.7,0.29,0.05,0.0,0.0,78,54.7,85,18,3,25,1,1.38,20,20,0,0.0,-0.35,1,32,17,3,49,26,40,,,0
ESP-La Liga,1920,Granada,Yan Brice Eteki,CMR,MF,21,1997,28,18,1499,16.7,0,0,0,0,0,0,4,0,0.0,0.0,0.0,0.0,0.0,7,0,0.0,0.42,0.0,0.0,,54,43.8,72,6,10,21,3,1.29,18,22,-4,-0.24,-0.76,0,51,32,0,0,24,21,,,0
ESP-La Liga,1920,Granada,Yangel Herrera,VEN,MF,21,1998,30,28,2368,26.3,2,3,5,2,0,0,14,0,0.08,0.11,0.19,0.08,0.19,33,4,12.1,1.25,0.15,0.06,0.5,79,69.2,82,18,2,32,2,1.63,38,28,10,0.38,0.64,0,91,56,4,8,35,49,,,0
ESP-La Liga,1920,Leganés,Javier Avilés,ESP,FW,21,1997,9,1,184,2.0,1,1,2,1,0,0,1,0,0.49,0.49,0.98,0.49,0.98,5,2,40.0,2.45,0.98,0.2,0.5,20,5.4,54,0,8,16,5,1.22,4,3,1,0.49,1.1,0,5,2,2,17,3,8,,,0
ESP-La Liga,1920,Leganés,Juan Soriano,ESP,GK,21,1997,11,11,990,11.0,0,0,0,0,0,0,2,0,0.0,0.0,0.0,0.0,0.0,1,1,100.0,0.09,0.09,0.0,0.0,90,28.9,90,11,0,,27,0.55,5,18,-13,-1.18,-0.89,0,1,1,0,0,0,0,,,0
ESP-La Liga,1920,Leganés,Óscar Rodríguez Arnaiz,ESP,"MF,FW",21,1998,30,22,1914,21.3,9,2,11,7,2,2,6,1,0.42,0.09,0.52,0.33,0.42,62,28,45.2,2.92,1.32,0.11,0.25,64,56.0,78,7,8,26,0,0.87,20,34,-14,-0.66,-0.24,0,32,39,1,96,17,11,,,0
ESP-La Liga,1920,Levante,Joan Monterde,ESP,FW,21,1997,1,0,9,0.1,0,0,0,0,0,0,0,0,0.0,0.0,0.0,0.0,0.0,0,0,,0.0,0.0,,,9,0.3,,0,1,9,3,3.0,1,0,1,10.0,10.18,0,0,2,0,0,0,0,,,0
ESP-La Liga,1920,Levante,Pablo Martínez,ESP,MF,21,1998,5,0,33,0.4,0,0,0,0,0,0,0,0,0.0,0.0,0.0,0.0,0.0,1,0,0.0,2.73,0.0,0.0,,7,1.0,,0,5,7,6,2.0,2,1,1,2.73,2.91,0,1,1,0,0,0,0,,,0
ESP-La Liga,1920,Osasuna,Jon Moncayola,ESP,"MF,DF",21,1998,27,15,1496,16.6,1,0,1,1,0,0,4,0,0.06,0.0,0.06,0.06,0.06,13,4,30.8,0.78,0.24,0.08,0.25,55,43.7,82,10,12,22,5,1.41,20,22,-2,-0.12,0.16,0,29,7,0,9,17,31,,,0
ESP-La Liga,1920,Osasuna,Luis Perea,ESP,MF,21,1997,2,0,21,0.2,0,0,0,0,0,0,0,0,0.0,0.0,0.0,0.0,0.0,0,0,,0.0,0.0,,,11,0.6,,0,2,11,7,2.0,0,0,0,0.0,0.21,0,0,1,0,0,0,0,,,0
ESP-La Liga,1920,Osasuna,Pervis Estupiñán,ECU,DF,21,1998,36,32,2979,33.1,1,5,6,1,0,0,8,0,0.03,0.15,0.18,0.03,0.18,19,2,10.5,0.57,0.06,0.05,0.5,83,87.1,90,30,4,26,1,1.33,41,48,-7,-0.21,-0.01,0,42,39,4,162,63,47,,,0
ESP-La Liga,1920,Osasuna,Toni Lato,ESP,"DF,MF",21,1997,8,6,470,5.2,1,0,1,1,0,0,3,0,0.19,0.0,0.19,0.19,0.19,4,2,50.0,0.77,0.38,0.25,0.5,59,13.7,76,2,2,6,4,1.63,8,8,0,0.0,0.24,0,13,3,0,14,9,16,,,0
ESP-La Liga,1920,Real Betis,Carles Aleñá,ESP,MF,21,1998,17,7,735,8.2,1,0,1,1,0,0,1,0,0.12,0.0,0.12,0.12,0.12,12,4,33.3,1.47,0.49,0.08,0.25,43,21.5,75,3,10,21,3,0.88,10,12,-2,-0.24,0.09,0,9,19,3,3,1,10,,,0
ESP-La Liga,1920,Real Betis,Daniel Martín,ESP,GK,21,1998,6,5,531,5.9,0,0,0,0,0,0,0,0,0.0,0.0,0.0,0.0,0.0,0,0,,0.0,0.0,,,89,15.5,90,5,1,81,27,0.5,7,12,-5,-0.85,-0.63,0,0,1,0,0,0,0,,,0
ESP-La Liga,1920,Real Madrid,Federico Valverde,URU,MF,21,1998,33,21,1907,21.2,2,5,7,2,0,0,1,0,0.09,0.24,0.33,0.09,0.33,22,11,50.0,1.04,0.52,0.09,0.18,58,55.8,83,10,12,14,2,2.3,43,12,31,1.46,0.63,0,25,10,0,16,21,21,,,0
ESP-La Liga,1920,Real Madrid,Luka Jović,SRB,FW,21,1997,17,4,430,4.8,2,1,3,2,0,0,2,0,0.42,0.21,0.63,0.42,0.63,14,3,21.4,2.93,0.63,0.14,0.67,25,12.6,71,1,13,11,10,2.0,9,5,4,0.84,-0.4,0,5,1,4,0,2,1,,,0
ESP-La Liga,1920,Real Madrid,Éder Militão,BRA,DF,21,1998,15,10,1022,11.4,0,0,0,0,0,0,3,0,0.0,0.0,0.0,0.0,0.0,2,1,50.0,0.18,0.09,0.0,0.0,68,29.9,87,9,5,31,23,2.33,17,9,8,0.7,-0.68,0,18,15,2,2,19,17,,,0
ESP-La Liga,1920,Real Sociedad,Aihen Muñoz,ESP,DF,21,1997,15,11,981,10.9,0,0,0,0,0,0,1,0,0.0,0.0,0.0,0.0,0.0,0,0,,0.0,0.0,,,65,28.7,85,8,4,12,14,1.47,11,14,-3,-0.28,-0.68,0,7,9,0,41,2,18,,,0
ESP-La Liga,1920,Valencia,Adrián Guerrero,ESP,DF,21,1998,2,1,126,1.4,0,0,0,0,0,0,1,0,0.0,0.0,0.0,0.0,0.0,0,0,,0.0,0.0,,,63,3.7,81,0,1,45,3,2.0,3,3,0,0.0,0.19,0,2,1,0,5,2,2,,,0
ESP-La Liga,1920,Valladolid,Matheus Fernandes,BRA,MF,21,1998,3,2,166,1.8,0,0,0,0,0,0,0,0,0.0,0.0,0.0,0.0,0.0,3,0,0.0,1.63,0.0,0.0,,55,4.9,82,1,1,2,4,1.0,1,3,-2,-1.08,-0.84,0,2,1,0,0,3,1,,,0
ESP-La Liga,1920,Valladolid,Víctor García,ESP,MF,21,1997,2,1,88,1.0,1,0,1,1,0,0,0,0,1.02,0.0,1.02,1.02,1.02,2,1,50.0,2.05,1.02,0.5,1.0,44,2.6,58,0,1,30,4,0.0,2,2,0,0.0,0.3,0,0,0,0,2,0,0,,,0
ESP-La Liga,1920,Villarreal,Javier Ontiveros,ESP,MF,21,1997,30,7,889,9.9,2,1,3,2,0,0,2,0,0.2,0.1,0.3,0.2,0.3,49,18,36.7,4.96,1.82,0.04,0.11,30,26.0,75,1,23,16,7,1.37,20,12,8,0.81,0.6,0,20,20,0,38,4,17,,,0
ESP-La Liga,1920,Alavés,Adrián Marín,ESP,DF,22,1997,12,9,852,9.5,0,0,0,0,0,0,1,0,0.0,0.0,0.0,0.0,0.0,3,0,0.0,0.32,0.0,0.0,,71,24.9,86,7,3,26,7,0.5,3,18,-15,-1.58,-1.23,0,25,4,0,20,12,13,,,0
ESP-La Liga,1920,Alavés,Antonio Sivera,ESP,GK,22,1996,3,3,270,3.0,0,0,0,0,0,0,1,0,0.0,0.0,0.0,0.0,0.0,0,0,,0.0,0.0,,,90,7.9,90,3,0,,16,1.33,4,3,1,0.33,1.08,0,1,0,0,0,0,0,,,0
ESP-La Liga,1920,Alavés,Oliver Burke,SCO,"MF,FW",22,1997,31,14,1429,15.9,1,2,3,1,0,0,2,0,0.06,0.13,0.19,0.06,0.19,21,8,38.1,1.32,0.5,0.05,0.13,46,41.8,77,6,17,20,2,0.87,13,22,-9,-0.57,0.16,0,19,11,1,17,9,14,,,0
ESP-La Liga,1920,Alavés,Paulino,ESP,MF,22,1997,3,0,75,0.8,0,0,0,0,0,0,0,0,0.0,0.0,0.0,0.0,0.0,0,0,,0.0,0.0,,,25,2.2,,0,3,25,6,0.33,1,2,-1,-1.2,-0.55,0,1,5,0,7,1,0,,,0
ESP-La Liga,1920,Athletic Club,Iñigo Córdoba,ESP,MF,22,1997,24,21,1442,16.0,1,4,5,1,0,0,4,0,0.06,0.25,0.31,0.06,0.31,28,7,25.0,1.75,0.44,0.04,0.14,60,42.2,65,4,3,23,1,1.67,22,14,8,0.5,0.73,0,26,14,4,36,16,21,,,0
ESP-La Liga,1920,Athletic Club,Unai Núñez,ESP,DF,22,1997,20,16,1572,17.5,0,0,0,0,0,0,7,0,0.0,0.0,0.0,0.0,0.0,8,3,37.5,0.46,0.17,0.0,0.0,79,46.0,90,16,4,33,17,0.9,12,22,-10,-0.57,-1.21,0,17,10,0,2,24,10,,,1
ESP-La Liga,1920,Athletic Club,Unai Simón,ESP,GK,22,1997,34,34,2991,33.2,0,0,0,0,0,0,2,1,0.0,0.0,0.0,0.0,0.0,0,0,,0.0,0.0,,,88,87.5,88,33,0,,1,1.41,38,29,9,0.27,1.53,0,2,2,0,0,1,0,,,0
ESP-La Liga,1920,Atlético Madrid,Darío Poveda,ESP,FW,22,1997,1,0,8,0.1,0,0,0,0,0,0,0,0,0.0,0.0,0.0,0.0,0.0,1,0,0.0,11.25,0.0,0.0,,8,0.2,,0,1,8,1,1.0,0,0,0,0.0,-0.63,0,0,0,0,0,0,0,,,0
ESP-La Liga,1920,Barcelona,Arthur Melo,BRA,MF,22,1996,21,14,1182,13.1,3,3,6,3,0,0,1,0,0.23,0.23,0.46,0.23,0.46,8,5,62.5,0.61,0.38,0.38,0.6,56,34.6,74,4,7,21,6,2.29,32,11,21,1.6,0.51,0,11,44,1,14,2,11,,,0
ESP-La Liga,1920,Barcelona,Frenkie de Jong,NED,MF,22,1997,29,24,2115,23.5,2,2,4,2,0,0,3,1,0.09,0.09,0.17,0.09,0.17,4,4,100.0,0.17,0.17,0.5,0.5,73,61.8,83,14,5,23,1,2.1,52,27,25,1.06,-0.52,1,23,31,1,4,23,20,,,0
ESP-La Liga,1920,Barcelona,Junior Firpo,DOM,DF,22,1996,17,11,1014,11.3,1,1,2,1,0,0,5,0,0.09,0.09,0.18,0.09,0.18,4,1,25.0,0.36,0.09,0.25,1.0,60,29.6,82,8,6,19,11,2.53,29,11,18,1.6,0.48,0,35,16,2,8,14,15,,,0
ESP-La Liga,1920,Barcelona,Ousmane Dembélé,FRA,"FW,MF",22,1997,5,3,357,4.0,1,0,1,1,0,0,1,1,0.25,0.0,0.25,0.25,0.25,5,2,40.0,1.26,0.5,0.2,0.5,71,10.4,89,2,2,45,0,2.4,8,2,6,1.51,0.28,0,1,5,4,20,0,2,,,0
ESP-La Liga,1920,Celta Vigo,Brais Méndez,ESP,"MF,FW",22,1997,31,15,1477,16.4,0,2,2,0,0,0,4,0,0.0,0.12,0.12,0.0,0.12,25,9,36.0,1.52,0.55,0.0,0.0,48,43.2,72,4,16,25,5,0.97,18,25,-7,-0.43,-0.19,0,28,36,5,42,13,14,,,0
ESP-La Liga,1920,Celta Vigo,Iván Villar,ESP,GK,22,1997,4,3,280,3.1,0,0,0,0,0,0,0,0,0.0,0.0,0.0,0.0,0.0,0,0,,0.0,0.0,,,70,8.2,90,3,1,10,10,0.5,3,5,-2,-0.64,-0.36,0,0,0,0,0,0,0,,,0
ESP-La Liga,1920,Celta Vigo,Jacobo,ESP,MF,22,1997,2,1,83,0.9,0,0,0,0,0,0,1,0,0.0,0.0,0.0,0.0,0.0,0,0,,0.0,0.0,,,42,2.4,80,0,1,3,9,1.0,1,2,-1,-1.08,-0.79,0,2,1,0,1,1,3,,,0
ESP-La Liga,1920,Celta Vigo,Jorge Sáenz,ESP,DF,22,1996,7,5,371,4.1,0,0,0,0,0,0,3,1,0.0,0.0,0.0,0.0,0.0,0,0,,0.0,0.0,,,53,10.8,65,3,2,23,13,0.71,4,7,-3,-0.73,-0.46,0,7,2,0,0,10,1,,,0
ESP-La Liga,1920,Eibar,Edu Expósito,ESP,MF,22,1996,35,24,2316,25.7,4,1,5,3,1,2,3,0,0.16,0.04,0.19,0.12,0.16,34,17,50.0,1.32,0.66,0.09,0.18,66,67.7,87,19,11,21,3,1.09,29,34,-5,-0.19,0.78,0,29,19,0,19,38,34,,,0
ESP-La Liga,1920,Eibar,Miguel Marí,ESP,MF,22,1997,1,0,6,0.1,0,0,0,0,0,0,0,0,0.0,0.0,0.0,0.0,0.0,0,0,,0.0,0.0,,,6,0.2,,0,1,6,5,0.0,0,0,0,0.0,0.45,0,0,1,0,0,0,0,,,0
ESP-La Liga,1920,Espanyol,Lluis López,ESP,DF,22,1997,4,3,300,3.3,0,0,0,0,0,0,1,0,0.0,0.0,0.0,0.0,0.0,2,0,0.0,0.6,0.0,0.0,,75,8.8,90,3,1,30,4,0.25,2,7,-5,-1.5,-0.75,0,2,1,0,2,1,2,,,0
ESP-La Liga,1920,Espanyol,Marc Roca,ESP,MF,22,1996,35,35,3008,33.4,2,1,3,0,2,2,8,0,0.06,0.03,0.09,0.0,0.03,32,5,15.6,0.96,0.15,0.0,0.0,86,88.0,86,24,0,,0,0.69,22,52,-30,-0.9,-0.68,0,78,23,0,57,31,54,,,0
ESP-La Liga,1920,Espanyol,Matías Vargas,ARG,"MF,FW",22,1997,21,10,1024,11.4,0,3,3,0,0,0,1,0,0.0,0.26,0.26,0.0,0.26,21,2,9.5,1.85,0.18,0.0,0.0,49,29.9,80,5,11,20,10,0.81,6,17,-11,-0.97,-0.22,0,9,21,2,40,3,6,,,0
ESP-La Liga,1920,Espanyol,Víctor Campuzano,ESP,FW,22,1997,20,9,870,9.7,0,0,0,0,0,0,2,0,0.0,0.0,0.0,0.0,0.0,16,6,37.5,1.66,0.62,0.0,0.0,44,25.4,75,2,11,18,6,0.35,6,21,-15,-1.55,-0.99,0,24,17,14,8,2,9,,,0
ESP-La Liga,1920,Getafe,Florent Poulolo,MTQ,DF,22,1997,1,0,1,0.0,0,0,0,0,0,0,0,0,0.0,0.0,0.0,0.0,0.0,0,0,,0.0,0.0,,,1,0.0,,0,1,1,11,1.0,0,0,0,0.0,-0.16,0,0,0,0,0,0,0,,,0
ESP-La Liga,1920,Granada,Gil Bastião Dias,POR,MF,22,1996,12,3,356,4.0,0,1,1,0,0,0,1,0,0.0,0.25,0.25,0.0,0.25,6,3,50.0,1.52,0.76,0.0,0.0,30,10.4,77,1,9,14,2,1.67,7,2,5,1.26,1.21,0,8,1,0,4,3,15,,,0
ESP-La Liga,1920,Granada,Jesús Vallejo,ESP,DF,22,1997,11,7,629,7.0,0,0,0,0,0,0,1,0,0.0,0.0,0.0,0.0,0.0,1,0,0.0,0.14,0.0,0.0,,57,18.4,87,6,4,6,4,1.55,10,6,4,0.57,0.48,0,6,1,1,1,5,5,,,0
ESP-La Liga,1920,Granada,Mario Rodriguez,ESP,FW,22,1997,1,0,2,0.0,0,0,0,0,0,0,0,0,0.0,0.0,0.0,0.0,0.0,0,0,,0.0,0.0,,,2,0.1,,0,1,2,12,3.0,0,0,0,0.0,-0.18,0,0,2,0,0,0,0,,,0
ESP-La Liga,1920,Leganés,Chidozie Awaziem,NGA,DF,22,1997,26,21,1997,22.2,0,0,0,0,0,0,10,0,0.0,0.0,0.0,0.0,0.0,11,0,0.0,0.5,0.0,0.0,,77,58.4,87,19,5,32,8,1.15,17,31,-14,-0.63,-0.19,0,22,14,2,8,28,23,,,0
ESP-La Liga,1920,Leganés,Cristian Rivera,ESP,MF,22,1997,5,3,311,3.5,0,0,0,0,0,0,3,0,0.0,0.0,0.0,0.0,0.0,1,0,0.0,0.29,0.0,0.0,,62,9.1,90,3,2,21,3,1.4,2,8,-6,-1.74,-1.3,0,6,5,0,2,4,3,,,0
ESP-La Liga,1920,Leganés,Youssef En-Nesyri,MAR,FW,22,1997,18,15,1385,15.4,4,2,6,4,0,0,2,0,0.26,0.13,0.39,0.26,0.39,40,17,42.5,2.6,1.1,0.1,0.24,77,40.5,87,13,3,27,0,0.61,14,27,-13,-0.84,-0.49,0,21,19,17,10,4,7,,,0
ESP-La Liga,1920,Levante,Borja Mayoral,ESP,FW,22,1997,34,24,2140,23.8,8,2,10,8,0,0,2,0,0.34,0.08,0.42,0.34,0.42,48,20,41.7,2.02,0.84,0.17,0.4,63,62.6,79,7,10,25,4,1.15,33,32,1,0.04,0.53,0,18,26,14,20,4,3,,,0
ESP-La Liga,1920,Levante,Eliseo Falcon,ESP,DF,22,1997,1,1,73,0.8,0,0,0,0,0,0,2,1,0.0,0.0,0.0,0.0,0.0,0,0,,0.0,0.0,,,73,2.1,73,0,0,,3,0.0,2,3,-1,-1.23,-1.1,1,2,0,0,0,0,0,,,0
ESP-La Liga,1920,Levante,Gonzalo,ESP,DF,22,1997,1,0,13,0.1,0,0,0,0,0,0,0,0,0.0,0.0,0.0,0.0,0.0,0,0,,0.0,0.0,,,13,0.4,,0,1,13,1,0.0,0,1,-1,-6.92,-6.79,0,0,0,0,0,0,0,,,0
ESP-La Liga,1920,Mallorca,Joan Sastre Vanrell,ESP,DF,22,1997,19,16,1360,15.1,0,2,2,0,0,0,4,0,0.0,0.13,0.13,0.0,0.13,16,1,6.3,1.06,0.07,0.0,0.0,72,39.8,83,12,3,12,8,0.74,13,29,-16,-1.06,-0.67,0,20,19,0,65,22,17,,,0
ESP-La Liga,1920,Mallorca,Lumor Agbenyenu,GHA,DF,22,1996,23,20,1805,20.1,1,0,1,1,0,0,5,1,0.05,0.0,0.05,0.05,0.05,14,2,14.3,0.7,0.1,0.07,0.5,78,52.8,83,14,3,49,3,1.04,24,33,-9,-0.45,0.44,1,13,10,0,78,25,21,,,0
ESP-La Liga,1920,Osasuna,Kike Barja,ESP,MF,22,1997,8,4,313,3.5,0,1,1,0,0,0,0,0,0.0,0.29,0.29,0.0,0.29,6,3,50.0,1.73,0.86,0.0,0.0,39,9.2,68,0,4,11,2,2.13,6,4,2,0.58,0.86,0,5,4,0,9,0,1,,,0
ESP-La Liga,1920,Real Betis,Édgar González,ESP,MF,22,1997,10,9,681,7.6,0,0,0,0,0,0,3,0,0.0,0.0,0.0,0.0,0.0,6,1,16.7,0.79,0.13,0.0,0.0,68,19.9,75,2,1,4,15,1.4,9,9,0,0.0,0.39,0,8,5,0,0,11,3,,,0
ESP-La Liga,1920,Real Sociedad,Ander Guevara,ESP,MF,22,1997,14,11,939,10.4,0,0,0,0,0,0,4,0,0.0,0.0,0.0,0.0,0.0,3,0,0.0,0.29,0.0,0.0,,67,27.5,81,6,3,15,11,1.64,17,16,1,0.1,-0.16,0,27,5,0,2,10,14,,,0
ESP-La Liga,1920,Real Sociedad,Andoni Gorosabel,ESP,"DF,MF",22,1996,14,8,714,7.9,0,0,0,0,0,0,2,0,0.0,0.0,0.0,0.0,0.0,1,1,100.0,0.13,0.13,0.0,0.0,51,20.9,76,4,6,17,11,0.93,9,12,-3,-0.38,-0.74,0,10,8,0,22,13,10,,,0
ESP-La Liga,1920,Real Sociedad,Igor Zubeldia,ESP,"MF,DF",22,1997,33,29,2640,29.3,0,1,1,0,0,0,9,0,0.0,0.03,0.03,0.0,0.03,14,1,7.1,0.48,0.03,0.0,0.0,80,77.2,87,26,4,29,4,1.58,45,39,6,0.2,-0.03,0,51,23,0,8,26,23,,,0
ESP-La Liga,1920,Real Sociedad,Mikel Oyarzabal,ESP,"MF,FW",22,1997,37,36,3051,33.9,10,11,21,6,4,4,4,0,0.29,0.32,0.62,0.18,0.5,63,22,34.9,1.86,0.65,0.1,0.27,82,89.2,84,22,1,33,1,1.51,50,45,5,0.15,-0.58,0,32,56,16,115,12,19,,,0
ESP-La Liga,1920,Real Sociedad,Robin Le Normand,ESP,DF,22,1996,31,25,2394,26.6,1,0,1,1,0,0,6,0,0.04,0.0,0.04,0.04,0.04,13,2,15.4,0.49,0.08,0.08,0.5,77,70.0,88,24,6,32,5,1.68,37,30,7,0.26,0.18,0,28,22,0,0,21,29,,,0
ESP-La Liga,1920,Sevilla,Sergio Reguilón,ESP,DF,22,1996,31,29,2509,27.9,2,4,6,2,0,0,8,0,0.07,0.14,0.22,0.07,0.22,28,7,25.0,1.0,0.25,0.07,0.29,81,73.4,86,26,2,9,4,2.03,39,22,17,0.61,0.31,0,56,46,4,103,38,33,,,0
ESP-La Liga,1920,Sevilla,Youssef En-Nesyri,MAR,FW,22,1997,18,7,796,8.8,4,0,4,4,0,0,1,0,0.45,0.0,0.45,0.45,0.45,21,8,38.1,2.37,0.9,0.19,0.5,44,23.3,81,2,11,21,1,1.78,13,9,4,0.45,-0.1,0,16,11,12,6,5,6,,,0
ESP-La Liga,1920,Valencia,Carlos Soler,ESP,MF,22,1997,28,24,2066,23.0,2,0,2,2,0,0,4,0,0.09,0.0,0.09,0.09,0.09,19,4,21.1,0.83,0.17,0.11,0.5,74,60.4,81,12,4,34,1,1.29,26,31,-5,-0.22,-0.08,0,22,25,1,22,12,9,,,0
ESP-La Liga,1920,Valencia,Gonçalo Guedes,POR,MF,22,1996,21,14,1266,14.1,2,2,4,2,0,0,3,0,0.14,0.14,0.28,0.14,0.28,23,9,39.1,1.64,0.64,0.09,0.22,60,37.0,75,7,7,31,3,1.05,15,22,-7,-0.5,-0.5,0,16,43,6,29,8,12,,,0
ESP-La Liga,1920,Valencia,Manu Vallejo,ESP,"MF,FW",22,1997,11,3,418,4.6,2,0,2,2,0,0,0,0,0.43,0.0,0.43,0.43,0.43,8,3,37.5,1.72,0.65,0.25,0.67,38,12.2,72,0,8,25,10,1.73,10,5,5,1.08,1.44,0,6,8,2,3,3,3,,,0
ESP-La Liga,1920,Valencia,Maxi Gómez,URU,FW,22,1996,33,25,2143,23.8,9,2,11,9,0,1,5,0,0.38,0.08,0.46,0.38,0.46,41,20,48.8,1.72,0.84,0.22,0.45,65,62.7,77,11,8,26,1,1.48,29,30,-1,-0.04,0.38,0,47,59,32,9,5,7,,,0
ESP-La Liga,1920,Valencia,Mouctar Diakhaby,GUI,DF,22,1996,21,15,1444,16.0,0,0,0,0,0,0,5,0,0.0,0.0,0.0,0.0,0.0,1,1,100.0,0.06,0.06,0.0,0.0,69,42.2,89,14,6,18,10,1.67,20,23,-3,-0.19,0.0,0,17,14,2,1,12,8,,,0
ESP-La Liga,1920,Valladolid,Enes Ünal,TUR,FW,22,1997,35,23,2344,26.0,6,2,8,4,2,3,4,0,0.23,0.08,0.31,0.15,0.23,60,26,43.3,2.3,1.0,0.07,0.15,67,68.5,87,17,12,29,1,1.14,26,31,-5,-0.19,0.31,0,41,55,19,8,7,16,,,0
ESP-La Liga,1920,Valladolid,Fede San Emeterio,ESP,MF,22,1997,25,20,1751,19.5,0,0,0,0,0,0,4,0,0.0,0.0,0.0,0.0,0.0,3,1,33.3,0.15,0.05,0.0,0.0,70,51.2,83,14,5,19,7,1.12,14,20,-6,-0.31,-0.04,0,32,25,0,4,28,13,,,0
ESP-La Liga,1920,Valladolid,Javi Sánchez,ESP,DF,22,1997,8,6,497,5.5,0,1,1,0,0,0,1,0,0.0,0.18,0.18,0.0,0.18,3,0,0.0,0.54,0.0,0.0,,62,14.5,81,4,2,5,7,1.25,4,7,-3,-0.54,-0.3,0,7,3,0,0,5,4,,,0
ESP-La Liga,1920,Valladolid,Jorge de Frutos,ESP,"FW,MF",22,1997,3,0,59,0.7,0,0,0,0,0,0,0,0,0.0,0.0,0.0,0.0,0.0,1,0,0.0,1.53,0.0,0.0,,20,1.7,,0,3,20,2,1.33,1,0,1,1.53,1.85,0,2,0,0,2,0,2,,,0
ESP-La Liga,1920,Valladolid,Kike Pérez,ESP,MF,22,1997,6,2,218,2.4,0,0,0,0,0,0,1,0,0.0,0.0,0.0,0.0,0.0,5,0,0.0,2.06,0.0,0.0,,36,6.4,87,1,4,11,1,0.83,2,4,-2,-0.83,-0.57,0,8,6,0,0,9,2,,,0
ESP-La Liga,1920,Valladolid,Samu Pérez,ESP,GK,22,1997,1,0,26,0.3,0,0,0,0,0,0,0,0,0.0,0.0,0.0,0.0,0.0,0,0,,0.0,0.0,,,26,0.8,,0,1,26,9,0.0,1,1,0,0.0,0.29,0,0,0,0,0,0,0,,,0
ESP-La Liga,1920,Villarreal,Pau Torres,ESP,DF,22,1997,34,33,2971,33.0,2,1,3,2,0,0,6,0,0.06,0.03,0.09,0.06,0.09,10,2,20.0,0.3,0.06,0.2,1.0,87,86.9,90,33,1,1,0,1.47,54,45,9,0.27,-0.73,0,29,10,0,2,31,22,,,1
ESP-La Liga,1920,Villarreal,Xavi Quintillà,ESP,DF,22,1996,19,17,1573,17.5,0,2,2,0,0,0,6,0,0.0,0.11,0.11,0.0,0.11,3,1,33.3,0.17,0.06,0.0,0.0,83,46.0,88,15,2,39,13,1.63,29,22,7,0.4,0.06,0,26,12,1,78,13,11,,,0
FRA-Ligue 1,1920,Lyon,Rayan Cherki,FRA,MF,15,2003,6,1,143,1.6,0,0,0,0,0,0,0,0,0.0,0.0,0.0,0.0,0.0,3,2,66.7,1.89,1.26,0.0,0.0,24,5.7,60,0,5,17,6,1.0,3,3,0,0.0,-0.57,0,1,6,0,5,0,1,,,0
FRA-Ligue 1,1920,Rennes,Eduardo Camavinga,FRA,MF,16,2002,25,24,2107,23.4,1,2,3,1,0,0,4,0,0.04,0.09,0.13,0.04,0.13,15,5,33.3,0.64,0.21,0.07,0.2,84,83.6,87,18,1,25,1,1.96,32,21,11,0.47,-0.18,0,48,57,0,1,34,62,,,0
FRA-Ligue 1,1920,Toulouse,Janis Antiste,FRA,"FW,MF",16,2002,1,0,12,0.1,0,0,0,0,0,0,0,0,0.0,0.0,0.0,0.0,0.0,1,0,0.0,7.5,0.0,0.0,,12,0.5,,0,1,11,0,0.0,0,0,0,0.0,1.29,0,0,0,0,1,0,0,,,0
FRA-Ligue 1,1920,Amiens,Jack Lahne,ZAM,FW,17,2001,1,0,9,0.1,1,0,1,1,0,0,0,0,10.0,0.0,10.0,10.0,10.0,1,1,100.0,10.0,10.0,1.0,1.0,9,0.4,,0,1,8,2,0.0,1,0,1,10.0,10.72,0,0,0,0,0,0,1,,,0
FRA-Ligue 1,1920,Bordeaux,Albert Lottin,FRA,MF,17,2001,1,1,45,0.5,0,0,0,0,0,0,0,0,0.0,0.0,0.0,0.0,0.0,0,0,,0.0,0.0,,,45,1.8,45,0,0,,0,0.0,1,3,-2,-4.0,-4.29,0,0,0,0,0,1,0,,,0
FRA-Ligue 1,1920,Marseille,Isaac Lihadji,FRA,FW,17,2002,2,0,25,0.3,0,0,0,0,0,0,0,0,0.0,0.0,0.0,0.0,0.0,0,0,,0.0,0.0,,,13,1.0,,0,2,12,4,0.5,0,1,-1,-3.6,-4.07,0,1,0,0,0,0,0,,,0
FRA-Ligue 1,1920,Montpellier,Joris Chotard,FRA,MF,17,2001,20,13,1251,13.9,0,0,0,0,0,0,5,1,0.0,0.0,0.0,0.0,0.0,10,2,20.0,0.72,0.14,0.0,0.0,63,49.6,84,8,7,23,5,1.55,19,17,2,0.14,0.21,1,27,22,1,10,21,17,,,0
FRA-Ligue 1,1920,Paris Saint-Germain,Adil Aouchiche,ALG,MF,17,2002,1,1,64,0.7,0,0,0,0,0,0,0,0,0.0,0.0,0.0,0.0,0.0,0,0,,0.0,0.0,,,64,2.6,64,0,0,,3,3.0,2,0,2,2.81,0.95,0,1,0,0,0,0,2,,,0
FRA-Ligue 1,1920,Paris Saint-Germain,Arthur Zagre,FRA,DF,17,2001,1,0,25,0.3,0,0,0,0,0,0,0,0,0.0,0.0,0.0,0.0,0.0,0,0,,0.0,0.0,,,25,1.0,,0,1,24,0,3.0,2,0,2,7.2,5.37,0,1,1,0,0,1,0,,,0
FRA-Ligue 1,1920,Paris Saint-Germain,Tanguy Nianzou,FRA,"DF,MF",17,2002,6,4,452,5.0,2,0,2,2,0,0,1,0,0.4,0.0,0.4,0.4,0.4,2,2,100.0,0.4,0.4,1.0,1.0,75,18.6,86,3,2,55,8,2.67,18,6,12,2.39,0.61,0,6,8,0,0,3,1,,,0
FRA-Ligue 1,1920,Reims,El Bilal Touré,MLI,FW,17,2001,7,6,453,5.0,3,0,3,1,2,2,2,0,0.6,0.0,0.6,0.2,0.2,11,6,54.5,2.19,1.19,0.09,0.17,65,18.0,73,1,1,16,0,1.71,5,3,2,0.4,0.27,0,6,5,3,2,1,3,,,0
FRA-Ligue 1,1920,Reims,Nathanael Mbuku,COD,"MF,FW",17,2002,11,3,395,4.4,0,0,0,0,0,0,0,0,0.0,0.0,0.0,0.0,0.0,8,1,12.5,1.82,0.23,0.0,0.0,36,15.7,70,0,8,23,9,1.73,10,6,4,0.91,0.87,0,7,18,1,8,2,2,,,0
FRA-Ligue 1,1920,Saint-Étienne,Maxence Rivera,FRA,MF,17,2002,1,0,25,0.3,0,0,0,0,0,0,0,0,0.0,0.0,0.0,0.0,0.0,1,0,0.0,3.6,0.0,0.0,,25,1.0,,0,1,24,1,0.0,0,0,0,0.0,0.58,0,0,0,0,1,0,0,,,0
FRA-Ligue 1,1920,Saint-Étienne,Stefan Bajic,FRA,GK,17,2001,1,1,90,1.0,0,0,0,0,0,0,0,0,0.0,0.0,0.0,0.0,0.0,0,0,,0.0,0.0,,,90,3.6,90,1,0,,5,0.0,0,1,-1,-1.0,-0.44,0,0,0,0,0,0,0,,,0
FRA-Ligue 1,1920,Toulouse,Adil Taoui,FRA,FW,17,2001,2,0,25,0.3,0,0,0,0,0,0,0,0,0.0,0.0,0.0,0.0,0.0,1,1,100.0,3.6,3.6,0.0,0.0,13,1.0,,0,2,12,2,0.0,0,0,0,0.0,1.3,0,0,0,0,3,2,2,,,0
FRA-Ligue 1,1920,Angers,Rayan Aït-Nouri,ALG,DF,18,2001,17,16,1282,14.2,0,2,2,0,0,0,3,0,0.0,0.14,0.14,0.0,0.14,4,0,0.0,0.28,0.0,0.0,,75,50.9,79,10,1,19,0,1.53,18,17,1,0.07,0.51,0,11,12,0,43,20,19,,,0
FRA-Ligue 1,1920,Dijon,Ahmad Ngouyamsa,CHA,"DF,MF",18,2000,1,0,55,0.6,0,0,0,0,0,0,1,0,0.0,0.0,0.0,0.0,0.0,0,0,,0.0,0.0,,,55,2.2,,0,1,54,5,3.0,1,0,1,1.64,2.04,0,3,0,0,0,1,0,,,0
FRA-Ligue 1,1920,Dijon,Enzo Loiodice,FRA,MF,18,2000,5,2,192,2.1,0,0,0,0,0,0,0,0,0.0,0.0,0.0,0.0,0.0,3,1,33.3,1.41,0.47,0.0,0.0,38,7.6,76,1,3,13,5,0.6,0,2,-2,-0.94,-0.63,0,7,0,0,5,1,4,,,0
FRA-Ligue 1,1920,Dijon,Rayan Philippe,FRA,FW,18,2000,1,0,30,0.3,0,0,0,0,0,0,0,0,0.0,0.0,0.0,0.0,0.0,1,0,0.0,3.0,0.0,0.0,,30,1.2,,0,1,29,1,0.0,0,0,0,0.0,0.36,0,1,0,0,0,1,0,,,0
FRA-Ligue 1,1920,Lyon,Melvin Bard,FRA,"DF,MF",18,2000,1,0,45,0.5,0,0,0,0,0,0,0,0,0.0,0.0,0.0,0.0,0.0,0,0,,0.0,0.0,,,45,1.8,,0,1,45,1,3.0,3,0,3,6.0,5.56,0,0,0,0,3,1,0,,,0
FRA-Ligue 1,1920,Marseille,Marley Aké,FRA,"FW,MF",18,2001,9,0,99,1.1,0,0,0,0,0,0,1,0,0.0,0.0,0.0,0.0,0.0,3,0,0.0,2.73,0.0,0.0,,11,3.9,,0,9,10,15,1.89,3,3,0,0.0,-0.45,0,3,3,0,1,1,2,,,0
FRA-Ligue 1,1920,Metz,Georges Mikautadze,GEO,FW,18,2000,1,0,8,0.1,0,0,0,0,0,0,0,0,0.0,0.0,0.0,0.0,0.0,1,0,0.0,11.25,0.0,0.0,,8,0.3,,0,1,7,2,0.0,0,0,0,0.0,0.29,0,0,1,0,0,0,0,,,0
FRA-Ligue 1,1920,Monaco,Benoît Badiashile,FRA,DF,18,2001,16,16,1411,15.7,0,0,0,0,0,0,0,0,0.0,0.0,0.0,0.0,0.0,10,3,30.0,0.64,0.19,0.0,0.0,88,56.0,88,14,0,,12,1.44,23,23,0,0.0,0.0,0,19,13,0,1,25,11,,,0
FRA-Ligue 1,1920,Monaco,Jonathan Panzo,ENG,DF,18,2000,2,1,107,1.2,0,0,0,0,0,0,0,0,0.0,0.0,0.0,0.0,0.0,1,0,0.0,0.84,0.0,0.0,,54,4.2,91,1,1,16,1,0.5,0,4,-4,-3.36,-3.51,0,0,0,0,0,3,2,,,0
FRA-Ligue 1,1920,Monaco,Lyle Foster,RSA,FW,18,2000,2,1,62,0.7,0,0,0,0,0,0,0,0,0.0,0.0,0.0,0.0,0.0,2,0,0.0,2.9,0.0,0.0,,31,2.5,46,0,1,16,0,0.0,0,2,-2,-2.9,-2.98,0,1,0,1,0,0,0,,,0
FRA-Ligue 1,1920,Nice,Khéphren Thuram,FRA,MF,18,2001,14,7,590,6.6,0,0,0,0,0,0,1,0,0.0,0.0,0.0,0.0,0.0,1,0,0.0,0.15,0.0,0.0,,42,23.4,75,2,7,9,6,1.64,9,7,2,0.31,0.26,0,11,2,0,1,7,8,,,0
FRA-Ligue 1,1920,Nîmes,Kévin Denkey,TOG,FW,18,2000,17,6,603,6.7,3,1,4,3,0,0,1,0,0.45,0.15,0.6,0.45,0.6,20,7,35.0,2.99,1.04,0.15,0.43,35,23.9,82,2,11,10,6,0.82,8,9,-1,-0.15,0.51,0,23,12,2,7,1,6,,,0
FRA-Ligue 1,1920,Paris Saint-Germain,Loïc Mbe Soh,FRA,DF,18,2001,1,1,58,0.6,0,0,0,0,0,0,0,0,0.0,0.0,0.0,0.0,0.0,0,0,,0.0,0.0,,,58,2.4,58,0,0,,3,0.0,0,1,-1,-1.55,-3.52,0,0,0,0,2,1,2,,,0
FRA-Ligue 1,1920,Rennes,Lucas Da Cunha,FRA,MF,18,2001,2,1,72,0.8,0,0,0,0,0,0,0,0,0.0,0.0,0.0,0.0,0.0,2,0,0.0,2.5,0.0,0.0,,36,2.9,65,0,1,7,2,0.5,0,0,0,0.0,-0.51,0,0,0,0,1,0,0,,,0
FRA-Ligue 1,1920,Rennes,Sacha Boey,FRA,DF,18,2000,5,1,172,1.9,0,0,0,0,0,0,1,0,0.0,0.0,0.0,0.0,0.0,1,0,0.0,0.52,0.0,0.0,,34,6.8,93,1,4,20,5,2.17,5,4,1,0.52,0.02,0,2,4,0,3,3,4,,,0
FRA-Ligue 1,1920,Rennes,Yann Gboho,FRA,FW,18,2001,8,2,226,2.5,1,1,2,1,0,0,1,0,0.4,0.4,0.8,0.4,0.8,3,1,33.3,1.19,0.4,0.33,1.0,28,9.0,67,0,6,16,9,1.75,6,4,2,0.8,0.33,0,8,8,1,1,1,2,,,0
FRA-Ligue 1,1920,Saint-Étienne,Bilal Benkhedim,ALG,MF,18,2001,3,1,132,1.5,0,0,0,0,0,0,0,0,0.0,0.0,0.0,0.0,0.0,1,0,0.0,0.68,0.0,0.0,,44,5.2,92,1,2,20,1,0.33,1,2,-1,-0.68,-0.12,0,2,3,0,8,1,3,,,0
FRA-Ligue 1,1920,Saint-Étienne,Wesley Fofana,FRA,DF,18,2000,14,13,1215,13.5,1,0,1,1,0,0,4,0,0.07,0.0,0.07,0.07,0.07,6,1,16.7,0.44,0.07,0.17,1.0,87,48.2,90,13,1,45,2,1.0,15,23,-8,-0.59,-0.04,0,14,16,0,2,39,16,,,0
FRA-Ligue 1,1920,Saint-Étienne,William Saliba,FRA,DF,18,2001,12,11,992,11.0,0,0,0,0,0,0,0,0,0.0,0.0,0.0,0.0,0.0,3,0,0.0,0.27,0.0,0.0,,83,39.4,90,11,1,1,1,1.25,10,15,-5,-0.45,0.19,0,2,5,0,0,22,10,,,0
FRA-Ligue 1,1920,Toulouse,Bafodé Diakité,FRA,DF,18,2001,16,16,1366,15.2,2,0,2,2,0,0,1,1,0.13,0.0,0.13,0.13,0.13,10,6,60.0,0.66,0.4,0.2,0.33,85,54.2,85,14,0,,0,0.75,9,27,-18,-1.19,0.22,0,5,4,0,7,23,17,,,0
FRA-Ligue 1,1920,Toulouse,Manu Koné,FRA,MF,18,2001,13,11,875,9.7,0,0,0,0,0,0,5,1,0.0,0.0,0.0,0.0,0.0,9,2,22.2,0.93,0.21,0.0,0.0,67,34.7,79,9,2,2,6,0.08,3,19,-16,-1.65,-0.55,1,19,28,0,0,18,20,,,0
FRA-Ligue 1,1920,Toulouse,Mathieu Goncalves,FRA,DF,18,2001,4,3,314,3.5,0,0,0,0,0,0,1,0,0.0,0.0,0.0,0.0,0.0,0,0,,0.0,0.0,,,79,12.5,84,2,1,63,11,0.75,5,8,-3,-0.86,0.49,0,4,1,0,0,2,3,,,1
FRA-Ligue 1,1920,Toulouse,Moussa Diarra,MLI,DF,18,2000,1,1,90,1.0,0,0,0,0,0,0,0,0,0.0,0.0,0.0,0.0,0.0,0,0,,0.0,0.0,,,90,3.6,90,1,0,,7,0.0,0,3,-3,-3.0,-1.78,0,0,1,0,0,3,3,,,0
FRA-Ligue 1,1920,Angers,Zinédine Ould Khaled,FRA,MF,19,2000,1,1,59,0.7,0,0,0,0,0,0,0,0,0.0,0.0,0.0,0.0,0.0,0,0,,0.0,0.0,,,59,2.3,59,0,0,,6,3.0,2,0,2,3.05,3.31,0,2,0,0,0,3,1,,,0
FRA-Ligue 1,1920,Bordeaux,Aurélien Tchouaméni,FRA,MF,19,2000,15,13,1110,12.3,0,1,1,0,0,0,3,0,0.0,0.08,0.08,0.0,0.08,12,5,41.7,0.97,0.41,0.0,0.0,74,44.0,83,8,2,17,5,1.6,21,13,8,0.65,0.78,0,23,25,0,1,16,14,,,0
FRA-Ligue 1,1920,Bordeaux,Raoul Bellanova,ITA,DF,19,2000,1,1,62,0.7,0,0,0,0,0,0,0,0,0.0,0.0,0.0,0.0,0.0,0,0,,0.0,0.0,,,62,2.5,62,0,0,,5,0.0,1,3,-2,-2.9,-3.2,0,1,1,0,0,0,1,,,0
FRA-Ligue 1,1920,Bordeaux,Yacine Adli,FRA,MF,19,2000,21,11,1020,11.3,3,3,6,3,0,0,3,0,0.26,0.26,0.53,0.26,0.53,17,6,35.3,1.5,0.53,0.18,0.5,49,40.5,76,3,10,19,1,1.33,17,11,6,0.53,0.53,0,13,18,0,39,7,13,,,0
FRA-Ligue 1,1920,Brest,Hianga'a Mbock,FRA,MF,19,1999,2,1,141,1.6,1,0,1,1,0,0,0,0,0.64,0.0,0.64,0.64,0.64,4,1,25.0,2.55,0.64,0.25,1.0,71,5.6,91,1,1,50,2,2.0,5,1,4,2.55,2.82,0,1,3,0,0,3,1,,,0
FRA-Ligue 1,1920,Lille,Abou Ouattara,BFA,MF,19,1999,1,0,9,0.1,0,0,0,0,0,0,0,0,0.0,0.0,0.0,0.0,0.0,0,0,,0.0,0.0,,,9,0.4,,0,1,8,2,3.0,0,1,-1,-10.0,-10.32,0,0,1,0,0,0,0,,,0
FRA-Ligue 1,1920,Lille,Cheikh Niasse,SEN,MF,19,2000,1,0,15,0.2,0,0,0,0,0,0,0,0,0.0,0.0,0.0,0.0,0.0,0,0,,0.0,0.0,,,15,0.6,,0,1,14,4,3.0,0,0,0,0.0,-0.29,0,0,0,0,0,0,0,,,0
FRA-Ligue 1,1920,Lille,Domagoj Bradarić,CRO,DF,19,1999,18,16,1419,15.8,0,1,1,0,0,0,1,0,0.0,0.06,0.06,0.0,0.06,5,0,0.0,0.32,0.0,0.0,,79,56.3,88,14,2,3,4,1.94,22,15,7,0.44,0.36,0,11,14,1,93,22,12,,,0
FRA-Ligue 1,1920,Lille,Jean Onana,CMR,MF,19,2000,1,1,79,0.9,0,0,0,0,0,0,0,0,0.0,0.0,0.0,0.0,0.0,1,0,0.0,1.14,0.0,0.0,,79,3.1,79,0,0,,0,0.0,1,2,-1,-1.14,-1.47,0,2,1,0,1,1,0,,,0
FRA-Ligue 1,1920,Lille,Tiago Djaló,POR,DF,19,2000,8,8,661,7.3,0,0,0,0,0,0,1,0,0.0,0.0,0.0,0.0,0.0,0,0,,0.0,0.0,,,83,26.2,83,5,0,,13,1.13,9,7,2,0.27,-0.02,0,9,5,0,3,10,4,,,0
FRA-Ligue 1,1920,Lille,Timothy Weah,USA,MF,19,2000,3,1,85,0.9,0,0,0,0,0,0,1,0,0.0,0.0,0.0,0.0,0.0,1,0,0.0,1.06,0.0,0.0,,28,3.4,69,0,2,8,0,1.0,1,1,0,0.0,-0.3,0,1,0,1,2,0,0,,,0
FRA-Ligue 1,1920,Lyon,Amine Gouiri,ALG,"FW,MF",19,2000,1,0,1,0.0,0,0,0,0,0,0,0,0,0.0,0.0,0.0,0.0,0.0,0,0,,0.0,0.0,,,1,0.0,,0,1,0,2,3.0,0,0,0,0.0,-0.54,0,0,0,0,0,0,0,,,0
FRA-Ligue 1,1920,Lyon,Maxence Caqueret,FRA,MF,19,2000,8,7,568,6.3,0,0,0,0,0,0,2,0,0.0,0.0,0.0,0.0,0.0,4,2,50.0,0.63,0.32,0.0,0.0,71,22.5,80,4,1,11,12,1.63,10,5,5,0.79,0.33,0,15,12,0,2,9,14,,,0
FRA-Ligue 1,1920,Lyon,Oumar Solet,FRA,DF,19,2000,1,0,9,0.1,0,0,0,0,0,0,0,0,0.0,0.0,0.0,0.0,0.0,0,0,,0.0,0.0,,,9,0.4,,0,1,8,0,1.0,0,1,-1,-10.0,-10.57,0,0,0,0,0,0,0,,,0
FRA-Ligue 1,1920,Marseille,Boubacar Kamara,FRA,"DF,MF",19,1999,24,24,2139,23.8,1,2,3,1,0,0,7,1,0.04,0.08,0.13,0.04,0.13,15,3,20.0,0.63,0.13,0.07,0.33,89,84.9,89,22,0,,0,2.21,39,24,15,0.63,1.34,0,23,30,0,0,37,36,,,0
FRA-Ligue 1,1920,Metz,Papa Ndiaga Yade,MTN,"FW,MF",19,2000,2,0,4,0.0,0,0,0,0,0,0,0,0,0.0,0.0,0.0,0.0,0.0,0,0,,0.0,0.0,,,2,0.2,,0,2,1,4,1.5,0,1,-1,-22.5,-22.25,0,0,0,0,1,0,0,,,0
FRA-Ligue 1,1920,Monaco,Aurélien Tchouaméni,FRA,"DF,MF",19,2000,3,0,65,0.7,0,0,0,0,0,0,3,0,0.0,0.0,0.0,0.0,0.0,2,1,50.0,2.77,1.38,0.0,0.0,22,2.6,,0,3,21,3,1.33,0,1,-1,-1.38,-1.42,0,4,0,0,0,0,0,,,0
FRA-Ligue 1,1920,Monaco,Moussa Sylla,MLI,"FW,MF",19,1999,1,0,10,0.1,0,0,0,0,0,0,0,0,0.0,0.0,0.0,0.0,0.0,0,0,,0.0,0.0,,,10,0.4,,0,1,9,0,0.0,0,0,0,0.0,0.0,0,0,0,0,0,0,0,,,0
FRA-Ligue 1,1920,Montpellier,Bastian Badu,FRA,FW,19,2000,1,0,9,0.1,0,0,0,0,0,0,0,0,0.0,0.0,0.0,0.0,0.0,1,1,100.0,10.0,10.0,0.0,0.0,9,0.4,,0,1,8,1,1.0,0,0,0,0.0,-0.04,0,0,0,0,0,0,0,,,0
FRA-Ligue 1,1920,Montpellier,Clément Vidal,FRA,DF,19,2000,1,1,90,1.0,0,0,0,0,0,0,1,0,0.0,0.0,0.0,0.0,0.0,1,0,0.0,1.0,0.0,0.0,,90,3.6,90,1,0,,12,1.0,2,2,0,0.0,-0.04,0,3,0,0,0,1,0,,,0
FRA-Ligue 1,1920,Montpellier,Thibaut Vargas,FRA,MF,19,2000,3,2,151,1.7,0,0,0,0,0,0,0,0,0.0,0.0,0.0,0.0,0.0,0,0,,0.0,0.0,,,50,6.0,71,0,1,10,4,2.0,3,2,1,0.6,0.6,0,2,1,0,8,0,1,,,0
FRA-Ligue 1,1920,Nice,Andy Pelmard,MAD,DF,19,2000,10,8,766,8.5,0,0,0,0,0,0,1,0,0.0,0.0,0.0,0.0,0.0,2,0,0.0,0.23,0.0,0.0,,77,30.4,89,6,2,28,3,1.0,8,14,-6,-0.7,-1.17,0,3,7,0,0,14,14,,,0
FRA-Ligue 1,1920,Nice,Eddy Sylvestre,FRA,MF,19,1999,1,0,37,0.4,0,0,0,0,0,0,0,0,0.0,0.0,0.0,0.0,0.0,0,0,,0.0,0.0,,,37,1.5,,0,1,36,2,3.0,1,1,0,0.0,-0.11,0,1,0,0,0,0,0,,,0
FRA-Ligue 1,1920,Nice,Hicham Boudaoui,ALG,"MF,FW",19,1999,9,6,490,5.4,1,2,3,1,0,0,2,1,0.18,0.37,0.55,0.18,0.55,4,3,75.0,0.73,0.55,0.25,0.33,54,19.4,70,1,3,24,5,1.56,11,9,2,0.37,0.32,0,10,3,1,17,14,9,,,0
FRA-Ligue 1,1920,Nîmes,Antoine Valerio,FRA,MF,19,1999,5,1,87,1.0,0,0,0,0,0,0,0,0,0.0,0.0,0.0,0.0,0.0,0,0,,0.0,0.0,,,17,3.5,71,0,4,4,7,0.8,1,2,-1,-1.03,-0.52,0,3,2,0,1,4,1,,,0
FRA-Ligue 1,1920,Paris Saint-Germain,Marcin Bułka,POL,GK,19,1999,1,1,90,1.0,0,0,0,0,0,0,0,0,0.0,0.0,0.0,0.0,0.0,0,0,,0.0,0.0,,,90,3.7,90,1,0,,3,3.0,2,0,2,2.0,0.12,0,0,0,0,0,0,0,,,0
FRA-Ligue 1,1920,Paris Saint-Germain,Mitchel Bakker,NED,DF,19,2000,1,1,90,1.0,0,0,0,0,0,0,1,0,0.0,0.0,0.0,0.0,0.0,0,0,,0.0,0.0,,,90,3.7,90,1,0,,2,1.0,4,4,0,0.0,-1.96,0,1,0,0,1,0,2,,,0
FRA-Ligue 1,1920,Reims,Dario Maresic,AUT,DF,19,1999,1,1,90,1.0,0,0,0,0,0,0,0,0,0.0,0.0,0.0,0.0,0.0,0,0,,0.0,0.0,,,90,3.6,90,1,0,,10,3.0,1,0,1,1.0,0.85,0,0,1,0,0,2,0,,,0
FRA-Ligue 1,1920,Saint-Étienne,Charles Abi,FRA,FW,19,2000,15,6,623,6.9,0,0,0,0,0,0,2,0,0.0,0.0,0.0,0.0,0.0,5,0,0.0,0.72,0.0,0.0,,42,24.7,73,2,9,20,1,0.93,7,14,-7,-1.01,-0.58,0,16,10,7,3,3,10,,,0
FRA-Ligue 1,1920,Saint-Étienne,Edmilson Correia,GNB,FW,19,2000,4,0,49,0.5,0,0,0,0,0,0,0,0,0.0,0.0,0.0,0.0,0.0,0,0,,0.0,0.0,,,12,1.9,,0,4,11,1,0.25,0,1,-1,-1.84,-1.29,0,2,3,0,0,1,0,,,0
FRA-Ligue 1,1920,Strasbourg,Mohamed Simakan,FRA,"DF,MF",19,2000,19,17,1503,16.7,0,0,0,0,0,0,4,0,0.0,0.0,0.0,0.0,0.0,9,3,33.3,0.54,0.18,0.0,0.0,79,61.9,88,15,2,7,3,1.32,18,21,-3,-0.18,-0.47,0,26,40,1,28,31,32,,,0
FRA-Ligue 1,1920,Strasbourg,Mootaz Zemzemi,TUN,MF,19,1999,1,0,23,0.3,0,0,0,0,0,0,0,0,0.0,0.0,0.0,0.0,0.0,1,0,0.0,3.91,0.0,0.0,,23,0.9,,0,1,22,0,0.0,0,0,0,0.0,0.0,0,0,0,0,1,1,0,,,0
FRA-Ligue 1,1920,Toulouse,Amine Adli,MAR,"FW,MF",19,2000,4,0,46,0.5,0,0,0,0,0,0,1,0,0.0,0.0,0.0,0.0,0.0,0,0,,0.0,0.0,,,12,1.8,,0,4,11,3,0.0,0,0,0,0.0,1.31,0,2,0,0,4,1,0,,,0
FRA-Ligue 1,1920,Toulouse,Nathan N'Goumou,CMR,"FW,MF",19,2000,1,0,9,0.1,0,0,0,0,0,0,0,0,0.0,0.0,0.0,0.0,0.0,0,0,,0.0,0.0,,,9,0.4,,0,1,8,5,0.0,0,0,0,0.0,1.29,0,0,0,0,0,0,0,,,0
FRA-Ligue 1,1920,Bordeaux,Josh Maja,NGA,FW,20,1998,21,6,735,8.2,6,2,8,6,0,0,0,0,0.73,0.24,0.98,0.73,0.98,18,12,66.7,2.2,1.47,0.33,0.5,35,29.2,87,4,15,14,5,1.29,12,9,3,0.37,0.22,0,17,11,4,0,2,2,,,0
FRA-Ligue 1,1920,Bordeaux,Yassine Benrahou,FRA,FW,20,1999,6,1,168,1.9,0,2,2,0,0,0,0,0,0.0,1.07,1.07,0.0,1.07,3,0,0.0,1.61,0.0,0.0,,28,6.7,69,0,5,20,2,1.5,2,2,0,0.0,-0.23,0,1,3,1,8,2,0,,,0
FRA-Ligue 1,1920,Brest,Ibrahima Diallo,FRA,MF,20,1999,19,18,1561,17.3,0,1,1,0,0,0,2,0,0.0,0.06,0.06,0.0,0.06,5,2,40.0,0.29,0.12,0.0,0.0,82,61.9,86,15,1,6,1,1.16,19,26,-7,-0.4,-0.78,0,18,22,0,6,23,22,,,0
FRA-Ligue 1,1920,Dijon,Bryan Soumaré,FRA,MF,20,1999,12,4,384,4.3,0,0,0,0,0,0,0,0,0.0,0.0,0.0,0.0,0.0,6,4,66.7,1.41,0.94,0.0,0.0,32,15.2,69,1,8,13,9,0.58,3,3,0,0.0,0.42,0,4,8,0,17,2,2,,,0
FRA-Ligue 1,1920,Dijon,Mounir Chouiar,FRA,MF,20,1999,20,18,1506,16.7,4,0,4,4,0,0,4,1,0.24,0.0,0.24,0.24,0.24,39,17,43.6,2.33,1.02,0.1,0.24,75,59.8,80,8,2,34,0,1.05,17,18,-1,-0.06,0.74,0,34,20,4,87,14,24,,,0
FRA-Ligue 1,1920,Lille,Boubakary Soumaré,FRA,MF,20,1999,20,15,1213,13.5,0,0,0,0,0,0,2,2,0.0,0.0,0.0,0.0,0.0,1,0,0.0,0.07,0.0,0.0,,61,48.1,77,7,5,11,6,1.4,12,19,-7,-0.52,-1.55,1,16,10,0,3,16,10,,,0
FRA-Ligue 1,1920,Lille,Victor Osimhen,NGA,FW,20,1998,27,25,2287,25.4,13,4,17,11,2,3,4,0,0.51,0.16,0.67,0.43,0.59,86,35,40.7,3.38,1.38,0.13,0.31,85,90.8,88,21,2,48,0,1.81,33,23,10,0.39,1.17,0,57,40,33,23,10,3,,,0
FRA-Ligue 1,1920,Marseille,Lucas Perrin,FRA,DF,20,1998,4,4,360,4.0,0,0,0,0,0,0,2,0,0.0,0.0,0.0,0.0,0.0,3,1,33.3,0.75,0.25,0.0,0.0,90,14.3,90,4,0,,8,1.25,4,4,0,0.0,-0.5,0,9,6,0,0,8,5,,,0
FRA-Ligue 1,1920,Metz,Ibrahima Niane,SEN,FW,20,1999,21,9,951,10.6,3,0,3,2,1,1,0,0,0.28,0.0,0.28,0.19,0.19,30,12,40.0,2.84,1.14,0.07,0.17,45,37.7,81,3,12,19,5,1.19,11,11,0,0.0,0.46,0,9,30,2,23,7,6,,,0
FRA-Ligue 1,1920,Monaco,Youssouf Fofana,FRA,MF,20,1999,7,7,610,6.8,0,2,2,0,0,0,1,0,0.0,0.3,0.3,0.0,0.3,7,2,28.6,1.03,0.3,0.0,0.0,87,24.2,87,5,0,,0,1.57,8,7,1,0.15,0.19,0,12,7,1,5,8,9,,,0
FRA-Ligue 1,1920,Montpellier,Bilal Boutobba,FRA,"FW,MF",20,1998,1,0,5,0.1,0,0,0,0,0,0,0,0,0.0,0.0,0.0,0.0,0.0,0,0,,0.0,0.0,,,5,0.2,,0,1,4,2,0.0,0,0,0,0.0,-0.04,0,0,0,0,3,0,0,,,0
FRA-Ligue 1,1920,Montpellier,Matis Carvalho,POR,GK,20,1999,1,0,72,0.8,0,0,0,0,0,0,0,0,0.0,0.0,0.0,0.0,0.0,0,0,,0.0,0.0,,,72,2.9,,0,1,71,6,0.0,0,4,-4,-5.0,-5.18,0,0,0,0,0,0,0,,,0
FRA-Ligue 1,1920,Montpellier,Nicolas Cozza,FRA,DF,20,1999,7,6,556,6.2,0,0,0,0,0,0,1,0,0.0,0.0,0.0,0.0,0.0,1,0,0.0,0.16,0.0,0.0,,79,22.1,86,5,1,42,5,2.29,10,3,7,1.13,1.41,0,4,6,1,0,8,5,,,0
FRA-Ligue 1,1920,Nantes,Alban Lafont,CIV,GK,20,1999,27,27,2430,27.0,0,0,0,0,0,0,3,0,0.0,0.0,0.0,0.0,0.0,0,0,,0.0,0.0,,,90,96.4,90,27,0,,0,1.37,27,29,-2,-0.07,0.93,0,3,2,0,0,0,1,,,0
FRA-Ligue 1,1920,Nantes,Elie Youan,FRA,FW,20,1999,5,2,163,1.8,0,0,0,0,0,0,0,0,0.0,0.0,0.0,0.0,0.0,3,2,66.7,1.66,1.1,0.0,0.0,33,6.5,69,0,3,8,8,0.0,0,4,-4,-2.21,-2.25,0,2,0,2,2,0,0,,,0
FRA-Ligue 1,1920,Nantes,Imran Louza,MAR,MF,20,1999,24,22,2009,22.3,2,2,4,2,0,0,4,0,0.09,0.09,0.18,0.09,0.18,35,14,40.0,1.57,0.63,0.06,0.14,84,79.7,89,17,2,24,2,1.42,24,27,-3,-0.13,-0.13,0,46,33,0,75,19,30,,,0
FRA-Ligue 1,1920,Nantes,Thomas Basila,FRA,DF,20,1999,7,3,415,4.6,0,0,0,0,0,0,1,0,0.0,0.0,0.0,0.0,0.0,1,0,0.0,0.22,0.0,0.0,,59,16.5,91,3,4,36,10,0.57,4,8,-4,-0.87,-0.91,0,3,2,0,6,4,3,,,0
FRA-Ligue 1,1920,Nantes,Wesley Moustache,FRA,DF,20,1999,1,1,45,0.5,0,0,0,0,0,0,0,0,0.0,0.0,0.0,0.0,0.0,0,0,,0.0,0.0,,,45,1.8,45,0,0,,1,1.0,2,2,0,0.0,0.11,0,1,0,0,0,0,0,,,0
FRA-Ligue 1,1920,Nice,Ibrahim Cissé,CIV,DF,20,1999,2,0,50,0.6,0,0,0,0,0,0,0,0,0.0,0.0,0.0,0.0,0.0,1,1,100.0,1.8,1.8,0.0,0.0,25,2.0,,0,2,24,1,1.5,1,1,0,0.0,-0.11,0,0,1,0,0,0,1,,,0
FRA-Ligue 1,1920,Nice,Ignatius Ganago,CMR,"FW,MF",20,1999,26,12,1239,13.8,3,1,4,3,0,0,0,0,0.22,0.07,0.29,0.22,0.29,17,6,35.3,1.23,0.44,0.18,0.5,48,49.2,76,4,14,23,1,1.35,19,19,0,0.0,-0.21,0,15,26,3,19,4,6,,,0
FRA-Ligue 1,1920,Nice,Malang Sarr,FRA,DF,20,1999,19,16,1454,16.2,1,0,1,1,0,0,2,0,0.06,0.0,0.06,0.06,0.06,4,1,25.0,0.25,0.06,0.25,1.0,77,57.7,86,13,3,28,4,1.63,25,18,7,0.43,0.77,0,8,10,0,3,34,13,,,0
FRA-Ligue 1,1920,Nice,Moussa Wagué,SEN,MF,20,1998,5,2,200,2.2,0,2,2,0,0,0,0,0,0.0,0.9,0.9,0.0,0.9,1,0,0.0,0.45,0.0,0.0,,40,7.9,92,2,3,6,2,2.2,3,2,1,0.45,0.37,0,1,2,0,8,2,4,,,0
FRA-Ligue 1,1920,Nice,Myziane Maolida,COM,"FW,MF",20,1999,18,7,675,7.5,1,2,3,1,0,0,0,0,0.13,0.27,0.4,0.13,0.4,15,6,40.0,2.0,0.8,0.07,0.17,38,26.8,77,2,11,12,4,1.17,12,10,2,0.27,0.22,0,10,6,1,9,3,10,,,0
FRA-Ligue 1,1920,Nice,Stanley N'Soki,FRA,DF,20,1999,17,14,1273,14.1,0,1,1,0,0,0,3,0,0.0,0.07,0.07,0.0,0.07,4,1,25.0,0.28,0.07,0.0,0.0,75,50.5,89,12,3,8,4,1.65,24,18,6,0.42,0.64,0,15,13,0,3,37,29,,,0
FRA-Ligue 1,1920,Nîmes,Luca Valls,FRA,MF,20,1998,1,0,11,0.1,0,0,0,0,0,0,0,0,0.0,0.0,0.0,0.0,0.0,0,0,,0.0,0.0,,,11,0.4,,0,1,10,1,0.0,0,0,0,0.0,0.54,0,0,0,0,1,0,0,,,0
FRA-Ligue 1,1920,Nîmes,Lucas Dias,FRA,GK,20,1999,4,3,317,3.5,0,0,0,0,0,0,0,0,0.0,0.0,0.0,0.0,0.0,0,0,,0.0,0.0,,,79,12.6,90,3,1,46,24,0.75,4,6,-2,-0.57,-0.04,0,0,0,0,0,0,1,,,0
FRA-Ligue 1,1920,Nîmes,Théo Sainte-Luce,FRA,DF,20,1998,3,0,22,0.2,0,0,0,0,0,0,0,0,0.0,0.0,0.0,0.0,0.0,0,0,,0.0,0.0,,,7,0.9,,0,3,6,5,0.0,0,1,-1,-4.09,-3.59,0,0,1,0,0,0,0,,,0
FRA-Ligue 1,1920,Nîmes,Yassine Benrahou,FRA,"MF,FW",20,1999,9,9,762,8.5,2,3,5,2,0,0,1,0,0.24,0.35,0.59,0.24,0.59,23,10,43.5,2.72,1.18,0.09,0.2,85,30.2,85,6,0,,0,1.67,15,9,6,0.71,1.78,0,9,27,1,65,3,8,,,0
FRA-Ligue 1,1920,Paris Saint-Germain,Colin Dagba,FRA,DF,20,1998,10,7,668,7.4,0,0,0,0,0,0,1,0,0.0,0.0,0.0,0.0,0.0,2,0,0.0,0.27,0.0,0.0,,67,27.5,86,6,3,22,5,2.4,18,4,14,1.89,0.0,0,13,3,2,25,5,4,,,0
FRA-Ligue 1,1920,Paris Saint-Germain,Kylian Mbappé,FRA,FW,20,1998,20,17,1513,16.8,18,5,23,18,0,0,0,0,1.07,0.3,1.37,1.07,1.37,88,49,55.7,5.23,2.91,0.2,0.37,76,62.3,85,12,3,21,0,2.6,54,16,38,2.26,0.98,0,11,22,18,44,2,2,,,0
FRA-Ligue 1,1920,Reims,Sambou Sissoko,FRA,MF,20,1999,3,0,32,0.4,0,0,0,0,0,0,0,0,0.0,0.0,0.0,0.0,0.0,0,0,,0.0,0.0,,,11,1.3,,0,3,10,10,2.33,1,0,1,2.81,2.67,0,0,0,0,0,1,0,,,0
FRA-Ligue 1,1920,Reims,Timothée Nkada,FRA,FW,20,1999,8,0,148,1.6,0,0,0,0,0,0,1,0,0.0,0.0,0.0,0.0,0.0,2,0,0.0,1.22,0.0,0.0,,19,5.9,,0,8,18,4,1.13,1,0,1,0.61,0.46,0,4,3,2,3,0,0,,,0
FRA-Ligue 1,1920,Rennes,Rafik Guitane,FRA,"FW,MF",20,1999,2,0,16,0.2,0,0,0,0,0,0,0,0,0.0,0.0,0.0,0.0,0.0,0,0,,0.0,0.0,,,8,0.6,,0,2,7,6,1.5,1,1,0,0.0,-0.5,0,0,0,0,0,0,0,,,0
FRA-Ligue 1,1920,Saint-Étienne,Yvann Macon,FRA,"MF,DF",20,1998,2,2,95,1.1,0,0,0,0,0,0,1,0,0.0,0.0,0.0,0.0,0.0,1,1,100.0,0.95,0.95,0.0,0.0,48,3.8,48,0,0,,4,0.0,0,4,-4,-3.79,-3.34,0,1,3,0,3,3,1,,,0
FRA-Ligue 1,1920,Saint-Étienne,Zaydou Youssouf,COM,MF,20,1999,16,9,1077,12.0,0,0,0,0,0,0,4,0,0.0,0.0,0.0,0.0,0.0,8,2,25.0,0.67,0.17,0.0,0.0,67,42.7,90,7,7,38,3,1.38,14,16,-2,-0.17,0.71,0,15,27,0,8,16,23,,,0
FRA-Ligue 1,1920,Strasbourg,Adrien Lebeau,FRA,MF,20,1999,2,0,13,0.1,0,0,0,0,0,0,0,0,0.0,0.0,0.0,0.0,0.0,0,0,,0.0,0.0,,,7,0.5,,0,2,6,8,0.5,0,0,0,0.0,0.0,0,1,1,0,1,0,1,,,0
FRA-Ligue 1,1920,Strasbourg,Youssouf Fofana,FRA,MF,20,1999,13,12,1008,11.2,1,0,1,1,0,0,0,0,0.09,0.0,0.09,0.09,0.09,14,4,28.6,1.25,0.36,0.07,0.25,78,41.5,83,9,1,16,0,1.69,17,13,4,0.36,0.61,0,11,6,1,8,15,12,,,0
FRA-Ligue 1,1920,Toulouse,Kalidou Sidibé,MLI,"DF,MF",20,1999,4,0,91,1.0,0,0,0,0,0,0,0,0,0.0,0.0,0.0,0.0,0.0,0,0,,0.0,0.0,,,23,3.6,,0,4,22,3,1.75,0,1,-1,-0.99,0.31,0,3,0,0,0,1,3,,,0
FRA-Ligue 1,1920,Amiens,Cheick Timite,CIV,MF,21,1997,3,2,115,1.3,0,0,0,0,0,0,0,0,0.0,0.0,0.0,0.0,0.0,3,1,33.3,2.35,0.78,0.0,0.0,38,4.6,54,0,1,8,1,0.0,0,1,-1,-0.78,-0.11,0,0,2,0,2,2,0,,,0
FRA-Ligue 1,1920,Amiens,Madih Talal,FRA,MF,21,1997,2,0,20,0.2,0,0,0,0,0,0,0,0,0.0,0.0,0.0,0.0,0.0,0,0,,0.0,0.0,,,10,0.8,,0,2,9,5,2.0,0,0,0,0.0,0.68,0,2,0,0,0,0,0,,,0
FRA-Ligue 1,1920,Amiens,Nicholas Opoku,GHA,DF,21,1997,7,7,630,7.0,0,0,0,0,0,0,1,0,0.0,0.0,0.0,0.0,0.0,1,0,0.0,0.14,0.0,0.0,,90,25.0,90,7,0,,0,0.71,7,9,-2,-0.29,0.52,0,10,4,0,1,8,5,,,0
FRA-Ligue 1,1920,Angers,Jeff Reine-Adélaïde,FRA,MF,21,1998,1,1,79,0.9,1,1,2,1,0,0,0,0,1.14,1.14,2.28,1.14,2.28,2,1,50.0,2.28,1.14,0.5,1.0,79,3.1,79,0,0,,0,3.0,3,1,2,2.28,2.54,0,1,2,0,0,0,0,,,0
FRA-Ligue 1,1920,Angers,Wilfried Kanga,CIV,"FW,MF",21,1998,4,0,68,0.8,0,0,0,0,0,0,0,0,0.0,0.0,0.0,0.0,0.0,3,0,0.0,3.97,0.0,0.0,,17,2.7,,0,4,16,8,0.5,1,2,-1,-1.32,-1.18,0,2,0,1,1,0,0,,,0
FRA-Ligue 1,1920,Bordeaux,Samuel Kalu,NGA,MF,21,1997,20,15,1357,15.1,1,1,2,1,0,0,4,0,0.07,0.07,0.13,0.07,0.13,39,12,30.8,2.59,0.8,0.03,0.08,68,53.8,82,8,5,25,2,1.1,22,18,4,0.27,0.11,0,31,30,4,30,21,17,,,0
FRA-Ligue 1,1920,Brest,Hugo Magnetti,FRA,MF,21,1998,8,2,236,2.6,0,0,0,0,0,0,1,0,0.0,0.0,0.0,0.0,0.0,6,2,33.3,2.29,0.76,0.0,0.0,30,9.4,86,1,6,11,8,1.13,2,4,-2,-0.76,-0.72,0,3,6,0,6,7,9,,,0
FRA-Ligue 1,1920,Brest,Irvin Cardona,MLT,"FW,MF",21,1997,21,15,1450,16.1,6,3,9,6,0,0,3,0,0.37,0.19,0.56,0.37,0.56,50,14,28.0,3.1,0.87,0.12,0.43,69,57.5,88,10,6,22,2,1.24,22,22,0,0.0,0.25,0,25,14,3,30,1,8,,,0
FRA-Ligue 1,1920,Brest,Romain Perraud,FRA,DF,21,1997,20,19,1670,18.6,0,1,1,0,0,0,1,0,0.0,0.05,0.05,0.0,0.05,22,4,18.2,1.19,0.22,0.0,0.0,84,66.3,88,18,1,4,5,1.15,20,28,-8,-0.43,-0.96,0,22,29,1,58,26,15,,,0
FRA-Ligue 1,1920,Dijon,Hamza Mendyl,MAR,DF,21,1997,18,16,1441,16.0,1,0,1,1,0,0,7,1,0.06,0.0,0.06,0.06,0.06,10,1,10.0,0.62,0.06,0.1,1.0,80,57.2,86,13,2,36,1,1.39,21,21,0,0.0,0.83,0,24,5,0,46,28,35,,,0
FRA-Ligue 1,1920,Dijon,Jules Keita,GUI,MF,21,1998,3,1,158,1.8,0,0,0,0,0,0,0,0,0.0,0.0,0.0,0.0,0.0,3,0,0.0,1.71,0.0,0.0,,53,6.3,91,1,2,34,0,0.0,0,2,-2,-1.14,-0.83,0,3,2,0,0,3,3,,,0
FRA-Ligue 1,1920,Dijon,Matheus Pereira da Silva,BRA,"MF,FW",21,1998,10,6,465,5.2,0,0,0,0,0,0,4,0,0.0,0.0,0.0,0.0,0.0,10,3,30.0,1.94,0.58,0.0,0.0,47,18.5,71,1,4,10,5,1.3,2,5,-3,-0.58,-0.27,0,8,2,1,16,6,8,,,0
FRA-Ligue 1,1920,Dijon,Stephy Mavididi,ENG,"MF,FW",21,1998,24,16,1391,15.5,5,1,6,5,0,0,0,0,0.32,0.06,0.39,0.32,0.39,26,9,34.6,1.68,0.58,0.19,0.56,58,55.2,73,6,8,29,0,1.13,15,19,-4,-0.26,0.22,0,23,22,1,15,6,12,,,0
FRA-Ligue 1,1920,Lille,Gabriel Magalhães,BRA,DF,21,1997,24,23,2087,23.2,1,0,1,1,0,0,3,0,0.04,0.0,0.04,0.04,0.04,17,4,23.5,0.73,0.17,0.06,0.25,87,82.8,89,22,1,31,1,1.88,30,21,9,0.39,0.6,0,18,26,0,2,26,27,,,1
FRA-Ligue 1,1920,Lille,Jonathan Ikone,FRA,"MF,FW",21,1998,28,26,2057,22.9,3,6,9,2,1,1,6,0,0.13,0.26,0.39,0.09,0.35,36,14,38.9,1.58,0.61,0.06,0.14,73,81.6,76,5,2,36,0,1.75,28,17,11,0.48,1.06,0,17,26,3,21,4,9,,,0
FRA-Ligue 1,1920,Lille,Renato Sanches,POR,MF,21,1997,19,16,1483,16.5,3,1,4,3,0,0,3,0,0.18,0.06,0.24,0.18,0.24,30,10,33.3,1.82,0.61,0.1,0.3,78,58.8,88,14,3,25,1,1.95,19,15,4,0.24,-0.1,0,34,27,2,86,14,15,,,0
FRA-Ligue 1,1920,Lyon,Bruno Guimarães,BRA,MF,21,1997,3,3,270,3.0,0,0,0,0,0,0,1,0,0.0,0.0,0.0,0.0,0.0,2,0,0.0,0.67,0.0,0.0,,90,10.7,90,3,0,,1,2.0,4,1,3,1.0,0.52,0,6,8,0,0,4,6,,,0
FRA-Ligue 1,1920,Lyon,Houssem Aouar,ALG,MF,21,1998,25,23,1956,21.7,3,4,7,3,0,0,3,0,0.14,0.18,0.32,0.14,0.32,46,18,39.1,2.12,0.83,0.07,0.17,78,77.6,84,14,2,14,1,1.32,30,23,7,0.32,-0.95,0,24,42,2,24,13,12,,,0
FRA-Ligue 1,1920,Lyon,Jean Lucas,BRA,MF,21,1998,11,1,200,2.2,1,0,1,1,0,0,3,0,0.45,0.0,0.45,0.45,0.45,6,2,33.3,2.7,0.9,0.17,0.5,18,7.9,74,0,10,13,11,1.45,4,2,2,0.9,0.4,0,7,5,0,4,3,8,,,0
FRA-Ligue 1,1920,Lyon,Jeff Reine-Adélaïde,FRA,MF,21,1998,14,11,783,8.7,2,1,3,2,0,0,3,0,0.23,0.11,0.34,0.23,0.34,4,3,75.0,0.46,0.34,0.5,0.67,56,31.1,66,2,3,19,2,1.36,12,9,3,0.34,-0.28,0,13,14,0,15,8,8,,,0
FRA-Ligue 1,1920,Marseille,Florian Chabrolle,FRA,MF,21,1998,1,0,18,0.2,0,0,0,0,0,0,0,0,0.0,0.0,0.0,0.0,0.0,0,0,,0.0,0.0,,,18,0.7,,0,1,17,14,0.0,0,1,-1,-5.0,-5.47,0,1,1,0,1,0,0,,,0
FRA-Ligue 1,1920,Marseille,Maxime Lopez,FRA,"MF,FW",21,1997,23,13,1110,12.3,0,3,3,0,0,0,2,0,0.0,0.24,0.24,0.0,0.24,10,2,20.0,0.81,0.16,0.0,0.0,48,44.0,77,4,10,11,5,2.17,17,18,-1,-0.08,-0.91,0,9,5,1,24,8,10,,,0
FRA-Ligue 1,1920,Metz,Mamadou Fofana,MLI,"DF,MF",21,1998,20,18,1587,17.6,0,0,0,0,0,0,4,0,0.0,0.0,0.0,0.0,0.0,11,0,0.0,0.62,0.0,0.0,,79,63.0,87,15,2,13,8,1.2,15,23,-8,-0.45,-0.45,0,20,4,0,1,27,34,,,0
FRA-Ligue 1,1920,Montpellier,Dimitry Bertaud,COD,GK,21,1998,3,3,196,2.2,0,0,0,0,0,0,0,1,0.0,0.0,0.0,0.0,0.0,0,0,,0.0,0.0,,,65,7.8,65,2,0,,21,0.0,0,3,-3,-1.38,-1.53,0,1,0,0,0,0,0,,,0
FRA-Ligue 1,1920,Nantes,Josué Homawoo,TOG,DF,21,1997,1,0,45,0.5,0,0,0,0,0,0,0,0,0.0,0.0,0.0,0.0,0.0,0,0,,0.0,0.0,,,45,1.8,,0,1,45,4,1.0,1,1,0,0.0,0.11,0,0,0,0,0,1,2,,,0
FRA-Ligue 1,1920,Nantes,Ludovic Blas,FRA,"MF,FW",21,1997,24,22,1845,20.5,5,1,6,5,0,0,0,0,0.24,0.05,0.29,0.24,0.29,46,19,41.3,2.24,0.93,0.11,0.26,77,73.2,82,7,2,20,0,1.25,18,27,-9,-0.44,-1.24,0,26,27,1,11,12,20,,,0
FRA-Ligue 1,1920,Nice,Alexis Claude-Maurice,FRA,"MF,FW",21,1998,22,19,1629,18.1,1,1,2,1,0,0,2,0,0.06,0.06,0.11,0.06,0.11,38,10,26.3,2.1,0.55,0.03,0.1,74,64.6,83,12,3,14,0,1.41,25,25,0,0.0,-0.3,0,13,44,1,28,11,17,,,0
FRA-Ligue 1,1920,Nice,Kasper Dolberg,DEN,FW,21,1997,23,22,1888,21.0,11,3,14,11,0,0,2,0,0.52,0.14,0.67,0.52,0.67,42,25,59.5,2.0,1.19,0.26,0.44,82,74.9,85,14,1,16,0,1.39,32,27,5,0.24,0.52,0,26,36,7,3,9,7,,,0
FRA-Ligue 1,1920,Nîmes,Lamine Fomba,FRA,MF,21,1998,20,15,1373,15.3,0,0,0,0,0,0,5,0,0.0,0.0,0.0,0.0,0.0,14,2,14.3,0.92,0.13,0.0,0.0,69,54.5,84,9,5,23,4,1.15,10,27,-17,-1.11,-1.27,0,44,9,0,6,25,32,,,0
FRA-Ligue 1,1920,Nîmes,Lucas Buadés,FRA,FW,21,1997,6,1,121,1.3,0,0,0,0,0,0,0,0,0.0,0.0,0.0,0.0,0.0,0,0,,0.0,0.0,,,20,4.8,76,0,5,9,10,0.83,1,5,-4,-2.98,-2.56,0,3,4,1,0,1,4,,,0
FRA-Ligue 1,1920,Nîmes,Sami Ben Amar,MAR,FW,21,1998,2,0,14,0.2,0,0,0,0,0,0,0,0,0.0,0.0,0.0,0.0,0.0,0,0,,0.0,0.0,,,7,0.6,,0,2,6,5,2.0,0,0,0,0.0,0.54,0,0,0,0,0,1,2,,,0
FRA-Ligue 1,1920,Nîmes,Sofiane Alakouch,MAR,DF,21,1998,17,17,1400,15.6,0,0,0,0,0,0,3,0,0.0,0.0,0.0,0.0,0.0,9,4,44.4,0.58,0.26,0.0,0.0,82,55.6,82,11,0,,8,0.76,13,23,-10,-0.64,-0.24,0,14,26,2,29,21,27,,,1
FRA-Ligue 1,1920,Reims,Axel Disasi,FRA,DF,21,1998,27,27,2430,27.0,1,0,1,1,0,0,3,0,0.04,0.0,0.04,0.04,0.04,15,3,20.0,0.56,0.11,0.07,0.33,90,96.4,90,27,0,,0,1.41,25,21,4,0.15,-0.85,0,37,24,0,4,25,21,,,0
FRA-Ligue 1,1920,Reims,Dereck Kutesa,SUI,"MF,FW",21,1997,14,4,528,5.9,1,0,1,1,0,0,0,0,0.17,0.0,0.17,0.17,0.17,5,2,40.0,0.85,0.34,0.2,0.5,38,21.0,79,1,10,21,9,0.71,2,7,-5,-0.85,-1.3,0,5,5,2,6,0,5,,,0
FRA-Ligue 1,1920,Reims,Kaj Sierhuis,NED,FW,21,1998,1,1,12,0.1,0,0,0,0,0,0,0,0,0.0,0.0,0.0,0.0,0.0,0,0,,0.0,0.0,,,12,0.5,12,0,0,,0,1.0,0,0,0,0.0,-0.18,0,0,0,0,0,0,0,,,0
FRA-Ligue 1,1920,Reims,Moreto Cassamã,GNB,MF,21,1998,7,7,592,6.6,0,1,1,0,0,0,3,0,0.0,0.15,0.15,0.0,0.15,3,0,0.0,0.46,0.0,0.0,,85,23.5,85,5,0,,5,1.71,8,5,3,0.46,0.36,0,6,11,0,18,4,11,,,0
FRA-Ligue 1,1920,Rennes,Faitout Maouassa,FRA,DF,21,1998,23,23,1803,20.0,3,1,4,3,0,0,3,0,0.15,0.05,0.2,0.15,0.2,12,7,58.3,0.6,0.35,0.25,0.43,78,71.5,78,13,0,,3,1.87,26,14,12,0.6,0.35,0,14,32,2,63,23,33,,,0
FRA-Ligue 1,1920,Saint-Étienne,Arnaud Nordin,FRA,"MF,FW",21,1998,18,9,908,10.1,1,0,1,1,0,0,2,0,0.1,0.0,0.1,0.1,0.1,13,6,46.2,1.29,0.59,0.08,0.17,50,36.0,83,4,9,18,3,1.28,9,15,-6,-0.59,-0.04,0,13,31,0,31,5,4,,,0
FRA-Ligue 1,1920,Saint-Étienne,Assane Dioussé,SEN,MF,21,1997,4,1,120,1.3,0,0,0,0,0,0,1,0,0.0,0.0,0.0,0.0,0.0,1,1,100.0,0.75,0.75,0.0,0.0,30,4.8,93,1,3,9,5,2.0,2,2,0,0.0,0.6,0,3,0,0,0,0,1,,,0
FRA-Ligue 1,1920,Saint-Étienne,Harold Moukoudi,CMR,DF,21,1997,11,11,990,11.0,0,0,0,0,0,0,3,0,0.0,0.0,0.0,0.0,0.0,3,0,0.0,0.27,0.0,0.0,,90,39.3,90,11,0,,5,1.09,11,18,-7,-0.64,-0.11,0,12,6,1,1,16,19,,,0
FRA-Ligue 1,1920,Saint-Étienne,Mahdi Camara,FRA,MF,21,1998,12,10,901,10.0,0,0,0,0,0,0,2,1,0.0,0.0,0.0,0.0,0.0,6,2,33.3,0.6,0.2,0.0,0.0,75,35.8,89,9,2,8,4,1.0,13,20,-7,-0.7,-0.2,1,16,14,0,7,18,19,,,0
FRA-Ligue 1,1920,Strasbourg,Ibrahima Sissoko,MLI,MF,21,1997,23,18,1598,17.8,0,1,1,0,0,0,5,0,0.0,0.06,0.06,0.0,0.06,17,2,11.8,0.96,0.11,0.0,0.0,69,65.8,86,14,5,10,1,1.57,22,20,2,0.11,0.33,0,39,15,1,19,19,28,,,0
FRA-Ligue 1,1920,Strasbourg,Jean-Ricner Bellegarde,HAI,MF,21,1998,24,16,1497,16.6,0,0,0,0,0,0,2,0,0.0,0.0,0.0,0.0,0.0,17,3,17.6,1.02,0.18,0.0,0.0,62,61.6,82,7,8,24,0,1.21,14,19,-5,-0.3,-0.78,0,30,31,0,33,21,26,,,0
FRA-Ligue 1,1920,Toulouse,Aaron Leya Iseka,BEL,FW,21,1997,22,6,777,8.6,2,0,2,1,1,2,2,0,0.23,0.0,0.23,0.12,0.12,26,11,42.3,3.01,1.27,0.04,0.09,35,30.8,81,2,16,18,3,0.27,5,25,-20,-2.32,-1.49,0,20,11,6,3,1,1,,,0
FRA-Ligue 1,1920,Toulouse,Agustín Rogel,URU,DF,21,1997,10,9,858,9.5,0,0,0,0,0,0,0,0,0.0,0.0,0.0,0.0,0.0,4,0,0.0,0.42,0.0,0.0,,86,34.0,89,8,1,60,5,0.1,5,20,-15,-1.57,-0.44,0,5,3,0,0,13,6,,,0
FRA-Ligue 1,1920,Toulouse,Ibrahim Sangaré,CIV,MF,21,1997,25,25,2175,24.2,0,1,1,0,0,0,8,0,0.0,0.04,0.04,0.0,0.04,22,5,22.7,0.91,0.21,0.0,0.0,87,86.3,87,23,0,,0,0.4,15,52,-37,-1.53,-1.79,0,47,23,1,22,37,49,,,0
FRA-Ligue 1,1920,Toulouse,Jean-Victor Makengo,FRA,MF,21,1998,19,12,988,11.0,2,0,2,2,0,0,1,0,0.18,0.0,0.18,0.18,0.18,14,5,35.7,1.28,0.46,0.14,0.4,52,39.2,76,5,7,12,7,0.68,10,23,-13,-1.18,0.17,0,21,14,1,8,3,10,,,0
FRA-Ligue 1,1920,Toulouse,Kelvin Amian,FRA,DF,21,1998,20,17,1633,18.1,0,2,2,0,0,0,3,0,0.0,0.11,0.11,0.0,0.11,8,3,37.5,0.44,0.17,0.0,0.0,82,64.8,90,17,3,34,0,0.6,20,43,-23,-1.27,0.05,0,23,8,0,12,19,21,,,0
FRA-Ligue 1,1920,Amiens,Alexis Blin,FRA,MF,22,1996,24,21,1841,20.5,0,1,1,0,0,0,4,0,0.0,0.05,0.05,0.0,0.05,2,0,0.0,0.1,0.0,0.0,,77,73.1,85,14,3,18,4,0.92,24,33,-9,-0.44,0.89,0,32,27,1,16,20,24,,,0
FRA-Ligue 1,1920,Angers,Angelo Fulgini,NCL,MF,22,1996,20,19,1579,17.5,1,1,2,1,0,0,3,1,0.06,0.06,0.11,0.06,0.11,35,16,45.7,1.99,0.91,0.03,0.06,79,62.7,82,12,1,29,2,1.35,12,17,-5,-0.28,-0.28,1,27,55,1,59,21,20,,,0
FRA-Ligue 1,1920,Angers,Farid El Melali,ALG,MF,22,1997,8,4,306,3.4,3,0,3,3,0,0,0,0,0.88,0.0,0.88,0.88,0.88,6,5,83.3,1.76,1.47,0.5,0.6,38,12.1,65,0,4,12,1,2.13,6,1,5,1.47,1.88,0,7,7,0,7,3,5,,,0
FRA-Ligue 1,1920,Angers,Mathias Pereira Lage,POR,MF,22,1996,25,17,1542,17.1,1,3,4,1,0,0,2,0,0.06,0.18,0.23,0.06,0.23,35,10,28.6,2.04,0.58,0.03,0.1,62,61.2,79,9,8,26,0,1.28,17,24,-7,-0.41,-0.59,0,36,24,2,50,16,19,,,0
FRA-Ligue 1,1920,Angers,Souleyman Doumbia,CIV,DF,22,1996,5,5,450,5.0,0,1,1,0,0,0,1,0,0.0,0.2,0.2,0.0,0.2,0,0,,0.0,0.0,,,90,17.9,90,5,0,,1,1.8,4,2,2,0.4,0.7,0,5,2,0,16,4,4,,,0
FRA-Ligue 1,1920,Bordeaux,Enock Kwateng,FRA,"DF,MF",22,1997,14,13,983,10.9,0,1,1,0,0,0,4,0,0.0,0.09,0.09,0.0,0.09,4,2,50.0,0.37,0.18,0.0,0.0,70,39.0,75,8,1,10,9,1.86,16,11,5,0.46,0.4,0,20,12,0,26,23,21,,,0
FRA-Ligue 1,1920,Bordeaux,Remi Oudin,FRA,MF,22,1996,8,5,562,6.2,1,1,2,1,0,0,0,0,0.16,0.16,0.32,0.16,0.32,12,3,25.0,1.92,0.48,0.08,0.33,70,22.3,83,3,3,48,0,1.38,7,5,2,0.32,0.14,0,6,4,5,22,9,6,,,0
FRA-Ligue 1,1920,Bordeaux,Toma Bašić,CRO,MF,22,1996,15,11,991,11.0,1,3,4,1,0,0,4,0,0.09,0.27,0.36,0.09,0.36,17,4,23.5,1.54,0.36,0.06,0.25,66,39.3,83,6,4,19,6,1.53,14,14,0,0.0,-0.35,0,12,15,1,46,9,18,,,0
FRA-Ligue 1,1920,Brest,Gautier Larsonneur,FRA,GK,22,1997,27,27,2397,26.6,0,0,0,0,0,0,2,0,0.0,0.0,0.0,0.0,0.0,0,0,,0.0,0.0,,,89,95.1,89,26,0,,0,1.15,31,34,-3,-0.11,-0.11,0,2,4,0,0,4,1,,,0
FRA-Ligue 1,1920,Brest,Jean-Kevin Duverne,HAI,DF,22,1997,14,13,1178,13.1,0,0,0,0,0,0,0,0,0.0,0.0,0.0,0.0,0.0,2,1,50.0,0.15,0.08,0.0,0.0,84,46.7,90,13,1,7,6,1.36,18,18,0,0.0,0.2,0,10,9,0,0,21,8,,,0
FRA-Ligue 1,1920,Brest,Samuel Grandsir,FRA,MF,22,1996,24,17,1492,16.6,3,1,4,3,0,0,0,0,0.18,0.06,0.24,0.18,0.24,27,9,33.3,1.63,0.54,0.11,0.33,62,59.2,77,2,7,26,2,1.08,19,23,-4,-0.24,-0.33,0,20,17,6,59,12,21,,,0
FRA-Ligue 1,1920,Lille,Thiago Maia,BRA,MF,22,1997,3,0,48,0.5,0,0,0,0,0,0,0,0,0.0,0.0,0.0,0.0,0.0,0,0,,0.0,0.0,,,16,1.9,,0,3,15,4,1.0,2,0,2,3.75,3.53,0,1,1,0,0,1,4,,,0
FRA-Ligue 1,1920,Lille,Yusuf Yazıcı,TUR,"MF,FW",22,1997,18,9,848,9.4,1,4,5,0,1,1,2,1,0.11,0.42,0.53,0.0,0.42,21,4,19.0,2.23,0.42,0.0,0.0,47,33.7,78,4,9,17,0,1.56,14,8,6,0.64,0.53,1,11,7,1,71,5,8,,,0
FRA-Ligue 1,1920,Lille,Zeki Çelik,TUR,DF,22,1997,23,23,2070,23.0,0,2,2,0,0,0,4,0,0.0,0.09,0.09,0.0,0.09,5,1,20.0,0.22,0.04,0.0,0.0,90,82.1,90,23,0,,3,1.83,30,22,8,0.35,0.35,0,38,11,4,51,23,26,,,1
FRA-Ligue 1,1920,Lyon,Lucas Tousart,FRA,MF,22,1997,24,19,1763,19.6,2,2,4,2,0,0,5,0,0.1,0.1,0.2,0.1,0.2,28,11,39.3,1.43,0.56,0.07,0.18,73,70.0,87,16,5,23,2,1.5,30,21,9,0.46,-0.25,0,36,18,1,13,27,32,,,0
FRA-Ligue 1,1920,Lyon,Martin Terrier,FRA,"FW,MF",22,1997,23,13,1198,13.3,1,2,3,1,0,0,0,0,0.08,0.15,0.23,0.08,0.23,17,8,47.1,1.28,0.6,0.06,0.13,52,47.5,77,6,10,20,3,1.35,16,12,4,0.3,-0.45,0,22,17,1,23,9,17,,,0
FRA-Ligue 1,1920,Lyon,Maxwel Cornet,CIV,"FW,MF",22,1996,22,14,1330,14.8,4,3,7,4,0,0,1,0,0.27,0.2,0.47,0.27,0.47,24,13,54.2,1.62,0.88,0.17,0.31,60,52.8,85,9,8,17,2,1.41,17,16,1,0.07,-0.99,0,14,28,2,78,19,17,,,0
FRA-Ligue 1,1920,Marseille,Duje Ćaleta-Car,CRO,DF,22,1996,23,20,1886,21.0,1,1,2,1,0,0,6,0,0.05,0.05,0.1,0.05,0.1,15,5,33.3,0.72,0.24,0.07,0.2,82,74.8,90,20,3,28,3,2.04,29,22,7,0.33,-0.38,0,23,12,0,1,26,12,,,0
FRA-Ligue 1,1920,Metz,Thierry Ambrose,GLP,"FW,MF",22,1997,18,4,548,6.1,0,0,0,0,0,0,1,0,0.0,0.0,0.0,0.0,0.0,23,4,17.4,3.78,0.66,0.0,0.0,30,21.7,78,1,14,17,8,1.06,6,10,-4,-0.66,-0.47,0,7,9,1,15,2,5,,,0
FRA-Ligue 1,1920,Metz,Victorien Angban,CIV,MF,22,1996,20,11,1029,11.4,0,0,0,0,0,0,0,0,0.0,0.0,0.0,0.0,0.0,4,0,0.0,0.35,0.0,0.0,,51,40.8,84,8,9,12,3,1.3,11,13,-2,-0.17,0.19,0,19,26,0,3,5,17,,,0
FRA-Ligue 1,1920,Monaco,Benjamin Henrichs,GER,"DF,MF",22,1997,13,10,890,9.9,0,0,0,0,0,0,3,0,0.0,0.0,0.0,0.0,0.0,10,1,10.0,1.01,0.1,0.0,0.0,68,35.3,86,8,3,9,3,1.31,11,19,-8,-0.81,-1.25,0,13,21,0,17,17,18,,,0
FRA-Ligue 1,1920,Monaco,Fodé Ballo-Touré,SEN,"DF,MF",22,1997,21,18,1679,18.7,0,0,0,0,0,0,4,0,0.0,0.0,0.0,0.0,0.0,6,2,33.3,0.32,0.11,0.0,0.0,80,66.6,90,18,3,19,4,1.24,29,38,-9,-0.48,-1.45,0,17,22,4,59,23,25,,,1
FRA-Ligue 1,1920,Monaco,Gil Bastião Dias,POR,"MF,DF",22,1996,14,12,1057,11.7,0,0,0,0,0,0,3,0,0.0,0.0,0.0,0.0,0.0,17,5,29.4,1.45,0.43,0.0,0.0,76,41.9,84,10,2,26,6,1.57,17,11,6,0.51,0.88,0,13,15,2,21,14,32,,,0
FRA-Ligue 1,1920,Monaco,Henry Onyekuru,NGA,MF,22,1997,4,2,160,1.8,0,1,1,0,0,0,0,0,0.0,0.56,0.56,0.0,0.56,1,0,0.0,0.56,0.0,0.0,,40,6.3,72,0,2,8,4,0.75,2,4,-2,-1.13,-1.2,0,0,4,0,2,1,1,,,0
FRA-Ligue 1,1920,Monaco,Jean-Kévin Augustin,FRA,FW,22,1997,10,2,266,3.0,0,0,0,0,0,0,0,0,0.0,0.0,0.0,0.0,0.0,7,3,42.9,2.37,1.02,0.0,0.0,27,10.6,70,0,8,16,6,1.6,5,5,0,0.0,0.0,0,2,7,4,0,2,0,,,0
FRA-Ligue 1,1920,Montpellier,Junior Sambia,FRA,"MF,DF",22,1996,17,5,587,6.5,1,1,2,1,0,0,3,1,0.15,0.15,0.31,0.15,0.31,13,5,38.5,1.99,0.77,0.08,0.2,35,23.3,72,1,12,19,4,1.71,11,12,-1,-0.15,-0.25,0,14,14,1,25,7,7,,,1
FRA-Ligue 1,1920,Nantes,Roli Pereira de Sa,FRA,MF,22,1996,1,0,6,0.1,0,0,0,0,0,0,0,0,0.0,0.0,0.0,0.0,0.0,1,0,0.0,15.0,0.0,0.0,,6,0.2,,0,1,5,4,0.0,0,0,0,0.0,0.11,0,0,0,0,1,0,0,,,0
FRA-Ligue 1,1920,Nantes,Samuel Moutoussamy,COD,"DF,MF",22,1996,18,3,523,5.8,0,0,0,0,0,0,0,0,0.0,0.0,0.0,0.0,0.0,5,1,20.0,0.86,0.17,0.0,0.0,29,20.8,92,2,15,17,10,1.61,3,9,-6,-1.03,-1.17,0,1,5,1,8,4,1,,,0
FRA-Ligue 1,1920,Nice,Adam Ounas,ALG,"MF,FW",22,1996,16,14,1123,12.5,2,4,6,2,0,0,2,1,0.16,0.32,0.48,0.16,0.48,21,9,42.9,1.68,0.72,0.1,0.22,70,44.6,76,4,2,30,0,1.69,20,15,5,0.4,0.53,0,7,29,0,53,10,6,,,0
FRA-Ligue 1,1920,Nice,Arnaud Lusamba,COD,"MF,FW",22,1997,15,11,982,10.9,1,2,3,1,0,0,1,0,0.09,0.18,0.27,0.09,0.27,6,3,50.0,0.55,0.27,0.17,0.33,65,39.0,83,5,4,18,10,1.4,13,14,-1,-0.09,-0.33,0,10,22,1,12,5,11,,,0
FRA-Ligue 1,1920,Nice,Bassem Srarfi,TUN,FW,22,1997,3,1,133,1.5,0,0,0,0,0,0,1,0,0.0,0.0,0.0,0.0,0.0,2,0,0.0,1.35,0.0,0.0,,44,5.3,76,0,2,29,5,2.0,2,2,0,0.0,-0.11,0,5,6,0,6,2,0,,,0
FRA-Ligue 1,1920,Nice,Ihsan Sacko,FRA,FW,22,1997,3,2,145,1.6,0,0,0,0,0,0,0,0,0.0,0.0,0.0,0.0,0.0,0,0,,0.0,0.0,,,48,5.8,72,1,1,2,0,2.0,4,3,1,0.62,0.54,0,0,2,0,3,0,1,,,0
FRA-Ligue 1,1920,Nice,Yannis Clementia,MTQ,GK,22,1997,2,2,180,2.0,0,0,0,0,0,0,0,0,0.0,0.0,0.0,0.0,0.0,0,0,,0.0,0.0,,,90,7.1,90,2,0,,26,3.0,4,2,2,1.0,0.96,0,0,0,0,0,0,0,,,0
FRA-Ligue 1,1920,Nîmes,Florian Miguel,FRA,DF,22,1996,24,23,2056,22.8,1,0,1,1,0,0,8,1,0.04,0.0,0.04,0.04,0.04,18,2,11.1,0.79,0.09,0.06,0.5,86,81.6,88,18,1,35,1,1.08,23,34,-11,-0.48,0.29,1,44,49,2,64,32,25,,,0
FRA-Ligue 1,1920,Nîmes,Moussa Koné,SEN,FW,22,1996,5,1,140,1.6,2,0,2,2,0,0,0,0,1.29,0.0,1.29,1.29,1.29,7,3,42.9,4.5,1.93,0.29,0.67,28,5.6,68,0,4,18,0,1.2,4,2,2,1.29,1.93,0,2,3,3,1,1,0,,,0
FRA-Ligue 1,1920,Nîmes,Paul Bernardoni,FRA,GK,22,1997,25,25,2203,24.5,0,0,0,0,0,0,0,0,0.0,0.0,0.0,0.0,0.0,0,0,,0.0,0.0,,,88,87.4,88,24,0,,0,1.0,25,38,-13,-0.53,0.04,0,0,5,0,0,0,0,,,0
FRA-Ligue 1,1920,Nîmes,Vlatko Stojanovski,MKD,FW,22,1997,6,1,123,1.4,0,0,0,0,0,0,0,0,0.0,0.0,0.0,0.0,0.0,2,2,100.0,1.46,1.46,0.0,0.0,21,4.9,63,0,5,12,11,0.17,0,1,-1,-0.73,-0.21,0,0,1,0,2,0,3,,,0
FRA-Ligue 1,1920,Paris Saint-Germain,Thilo Kehrer,GER,DF,22,1996,7,5,480,5.3,1,0,1,1,0,0,0,0,0.19,0.0,0.19,0.19,0.19,4,3,75.0,0.75,0.56,0.25,0.33,69,19.8,87,4,2,22,3,3.0,20,7,13,2.44,0.68,0,6,3,1,2,1,7,,,0
FRA-Ligue 1,1920,Reims,Anastasios Donis,GRE,"MF,FW",22,1996,15,6,609,6.8,0,0,0,0,0,0,1,0,0.0,0.0,0.0,0.0,0.0,15,7,46.7,2.22,1.03,0.0,0.0,41,24.2,66,0,9,23,4,1.33,5,5,0,0.0,-0.24,0,17,8,5,23,1,1,,,0
FRA-Ligue 1,1920,Reims,Boulaye Dia,SEN,FW,22,1996,24,21,1812,20.1,7,1,8,6,1,1,0,0,0.35,0.05,0.4,0.3,0.35,38,17,44.7,1.89,0.84,0.16,0.35,76,71.9,82,12,3,28,0,1.5,20,17,3,0.15,-0.11,0,24,25,14,4,7,11,,,0
FRA-Ligue 1,1920,Reims,Mathieu Cafaro,FRA,MF,22,1997,13,12,924,10.3,1,2,3,0,1,1,3,1,0.1,0.19,0.29,0.0,0.19,36,11,30.6,3.51,1.07,0.0,0.0,71,36.7,76,4,1,14,0,1.38,9,7,2,0.19,0.03,1,17,21,1,94,3,6,,,0
FRA-Ligue 1,1920,Reims,Nicolas Lemaître,FRA,GK,22,1997,1,1,90,1.0,0,0,0,0,0,0,0,0,0.0,0.0,0.0,0.0,0.0,0,0,,0.0,0.0,,,90,3.6,90,1,0,,27,0.0,0,3,-3,-3.0,-3.3,0,0,0,0,0,1,0,,,0
FRA-Ligue 1,1920,Reims,Remi Oudin,FRA,"MF,FW",22,1996,18,16,1397,15.5,3,2,5,3,0,0,1,0,0.19,0.13,0.32,0.19,0.32,37,11,29.7,2.38,0.71,0.08,0.27,78,55.4,85,8,2,20,0,1.56,13,9,4,0.26,0.18,0,14,6,6,42,16,8,,,0
FRA-Ligue 1,1920,Rennes,Gerzino Nyamsi,CMR,DF,22,1997,4,0,116,1.3,0,0,0,0,0,0,0,0,0.0,0.0,0.0,0.0,0.0,0,0,,0.0,0.0,,,29,4.6,,0,4,29,11,2.5,2,2,0,0.0,-0.52,0,4,2,0,0,1,0,,,0
FRA-Ligue 1,1920,Rennes,Joris Gnagnon,FRA,DF,22,1997,19,14,1278,14.2,0,1,1,0,0,0,2,0,0.0,0.07,0.07,0.0,0.07,9,2,22.2,0.63,0.14,0.0,0.0,67,50.7,89,13,5,6,4,1.58,21,15,6,0.42,-0.16,0,16,7,0,3,19,14,,,0
FRA-Ligue 1,1920,Rennes,Jérémy Gélin,FRA,"DF,MF",22,1997,14,10,924,10.3,0,0,0,0,0,0,1,0,0.0,0.0,0.0,0.0,0.0,4,1,25.0,0.39,0.1,0.0,0.0,66,36.7,86,8,4,17,7,1.64,14,9,5,0.49,-0.02,0,7,9,0,1,15,5,,,0
FRA-Ligue 1,1920,Rennes,Raphinha,BRA,"MF,FW",22,1996,22,20,1690,18.8,5,3,8,4,1,1,4,0,0.27,0.16,0.43,0.21,0.37,44,15,34.1,2.34,0.8,0.09,0.27,77,67.1,83,13,2,20,0,1.82,25,16,9,0.48,-0.06,0,19,32,4,90,22,19,,,0
FRA-Ligue 1,1920,Rennes,Souleyman Doumbia,CIV,DF,22,1996,1,1,90,1.0,0,0,0,0,0,0,0,0,0.0,0.0,0.0,0.0,0.0,0,0,,0.0,0.0,,,90,3.6,90,1,0,,1,3.0,1,0,1,1.0,0.52,0,1,0,0,3,0,1,,,0
FRA-Ligue 1,1920,Saint-Étienne,Franck Honorat,FRA,MF,22,1996,12,9,849,9.4,0,3,3,0,0,0,1,0,0.0,0.32,0.32,0.0,0.32,5,1,20.0,0.53,0.11,0.0,0.0,71,33.7,83,6,3,35,2,0.92,14,15,-1,-0.11,0.7,0,7,6,0,53,5,11,,,0
FRA-Ligue 1,1920,Strasbourg,Anthony Caci,FRA,DF,22,1997,8,8,691,7.7,1,4,5,1,0,0,0,0,0.13,0.52,0.65,0.13,0.65,4,3,75.0,0.52,0.39,0.25,0.33,86,28.4,86,6,0,,1,1.88,16,8,8,1.04,1.46,0,11,4,0,20,19,15,,,0
FRA-Ligue 1,1920,Strasbourg,Kévin Zohi,MLI,"MF,FW",22,1996,17,5,530,5.9,1,1,2,1,0,0,1,0,0.17,0.17,0.34,0.17,0.34,16,5,31.3,2.72,0.85,0.06,0.2,31,21.8,77,0,12,12,3,1.29,6,4,2,0.34,0.43,0,8,8,2,15,4,7,,,0
FRA-Ligue 1,1920,Toulouse,Quentin Boisgard,FRA,"MF,FW",22,1997,20,13,1146,12.7,1,1,2,1,0,0,1,0,0.08,0.08,0.16,0.08,0.16,17,2,11.8,1.34,0.16,0.06,0.5,57,45.5,79,2,7,18,8,0.4,10,24,-14,-1.1,0.34,0,17,26,0,24,15,15,,,0
ITA-Serie A,1920,Lazio,Raúl Moro,ESP,MF,16,2002,1,0,2,0.0,0,0,0,0,0,0,0,0,0.0,0.0,0.0,0.0,0.0,0,0,,0.0,0.0,,,2,0.1,,0,1,2,1,0.0,0,0,0,0.0,-0.97,0,0,0,0,0,0,0,,,0
ITA-Serie A,1920,SPAL,Jakub Iskra,POL,MF,16,2002,2,0,78,0.9,0,0,0,0,0,0,0,0,0.0,0.0,0.0,0.0,0.0,1,0,0.0,1.15,0.0,0.0,,39,2.3,,0,2,39,0,0.5,1,1,0,0.0,1.35,0,0,1,0,2,1,0,,,0
ITA-Serie A,1920,Sassuolo,Stefano Piccinini,ITA,DF,16,2002,1,0,9,0.1,0,0,0,0,0,0,0,0,0.0,0.0,0.0,0.0,0.0,0,0,,0.0,0.0,,,9,0.3,,0,1,9,19,0.0,0,0,0,0.0,-0.16,0,1,0,0,0,0,0,,,0
ITA-Serie A,1920,Atalanta,Amad Diallo,CIV,"FW,MF",17,2002,3,0,27,0.3,1,0,1,1,0,0,0,0,3.33,0.0,3.33,3.33,3.33,1,1,100.0,3.33,3.33,1.0,1.0,9,0.8,,0,3,9,3,2.0,1,1,0,0.0,-1.33,0,1,0,1,1,0,1,,,0
ITA-Serie A,1920,Bologna,Andri Fannar Baldursson,ISL,MF,17,2002,7,0,143,1.6,0,0,0,0,0,0,0,0,0.0,0.0,0.0,0.0,0.0,2,0,0.0,1.26,0.0,0.0,,20,4.2,,0,7,20,8,0.86,3,3,0,0.0,0.36,0,4,2,0,2,1,0,,,0
ITA-Serie A,1920,Bologna,Federico Bonini,ITA,DF,17,2001,1,0,7,0.1,0,0,0,0,0,0,0,0,0.0,0.0,0.0,0.0,0.0,0,0,,0.0,0.0,,,7,0.2,,0,1,7,12,0.0,0,1,-1,-12.86,-12.54,0,0,0,0,0,0,0,,,0
ITA-Serie A,1920,Bologna,Gianmarco Cangiano,ITA,FW,17,2001,3,0,21,0.2,0,0,0,0,0,0,0,0,0.0,0.0,0.0,0.0,0.0,0,0,,0.0,0.0,,,7,0.6,,0,3,7,10,1.0,1,1,0,0.0,0.34,0,1,1,0,1,1,1,,,0
ITA-Serie A,1920,Bologna,Musa Juwara,GAM,MF,17,2001,7,1,153,1.7,1,0,1,1,0,0,1,0,0.59,0.0,0.59,0.59,0.59,6,4,66.7,3.53,2.35,0.17,0.25,22,4.5,76,0,6,13,16,1.14,4,3,1,0.59,0.97,0,6,5,0,12,0,2,,,0
ITA-Serie A,1920,Brescia,Andrea Papetti,ITA,DF,17,2002,11,10,917,10.2,1,0,1,1,0,0,5,0,0.1,0.0,0.1,0.1,0.1,2,1,50.0,0.2,0.1,0.5,1.0,83,26.8,89,9,1,25,1,0.73,9,25,-16,-1.57,-0.56,0,14,13,0,1,14,7,,,0
ITA-Serie A,1920,Fiorentina,Christian Dalle Mura,ITA,DF,17,2002,1,0,1,0.0,0,0,0,0,0,0,0,0,0.0,0.0,0.0,0.0,0.0,0,0,,0.0,0.0,,,1,0.0,,0,1,1,8,3.0,0,0,0,0.0,-0.08,0,0,0,0,0,0,0,,,0
ITA-Serie A,1920,Genoa,Denilho Cleonise,NED,MF,17,2001,4,0,47,0.5,0,0,0,0,0,0,2,0,0.0,0.0,0.0,0.0,0.0,1,0,0.0,1.91,0.0,0.0,,12,1.4,,0,4,12,3,0.5,0,0,0,0.0,0.69,0,2,1,0,0,1,0,,,0
ITA-Serie A,1920,Genoa,Nicolò Rovella,ITA,MF,17,2001,2,1,105,1.2,0,0,0,0,0,0,0,0,0.0,0.0,0.0,0.0,0.0,1,0,0.0,0.86,0.0,0.0,,53,3.1,76,0,1,29,11,0.0,0,3,-3,-2.57,-1.95,0,0,3,0,2,4,0,,,0
ITA-Serie A,1920,Hellas Verona,Eddie Salcedo,ITA,"FW,MF",17,2001,17,7,680,7.6,1,0,1,1,0,0,0,0,0.13,0.0,0.13,0.13,0.13,21,7,33.3,2.78,0.93,0.05,0.14,40,19.9,68,0,10,21,6,1.06,8,8,0,0.0,0.13,0,18,14,3,26,1,1,,,0
ITA-Serie A,1920,Inter,Lorenzo Pirola,ITA,DF,17,2002,1,0,12,0.1,0,0,0,0,0,0,0,0,0.0,0.0,0.0,0.0,0.0,0,0,,0.0,0.0,,,12,0.4,,0,1,12,12,3.0,0,0,0,0.0,-1.19,0,0,0,0,0,1,0,,,0
ITA-Serie A,1920,Inter,Lucien Agoume,FRA,MF,17,2002,3,0,68,0.8,0,0,0,0,0,0,1,0,0.0,0.0,0.0,0.0,0.0,0,0,,0.0,0.0,,,23,2.0,,0,3,23,21,1.67,3,3,0,0.0,-1.21,0,1,0,0,2,0,2,,,0
ITA-Serie A,1920,Inter,Sebastiano Esposito,ITA,FW,17,2002,7,2,199,2.2,1,0,1,0,1,1,2,0,0.45,0.0,0.45,0.0,0.0,11,4,36.4,4.97,1.81,0.0,0.0,28,5.8,74,1,5,10,25,2.38,8,1,7,3.17,2.1,0,7,4,1,7,3,2,,,0
ITA-Serie A,1920,Lecce,Ilario Monterisi,ITA,DF,17,2001,1,0,3,0.0,0,0,0,0,0,0,0,0,0.0,0.0,0.0,0.0,0.0,0,0,,0.0,0.0,,,3,0.1,,0,1,3,14,0.0,0,0,0,0.0,0.87,0,0,0,0,0,0,0,,,0
ITA-Serie A,1920,Milan,Daniel Maldini,ITA,"FW,MF",17,2001,2,0,27,0.3,0,0,0,0,0,0,0,0,0.0,0.0,0.0,0.0,0.0,0,0,,0.0,0.0,,,14,0.8,,0,2,14,14,2.0,0,0,0,0.0,-0.45,0,2,0,0,0,1,0,,,0
ITA-Serie A,1920,Milan,Lorenzo Colombo,ITA,FW,17,2002,1,0,9,0.1,0,0,0,0,0,0,0,0,0.0,0.0,0.0,0.0,0.0,0,0,,0.0,0.0,,,9,0.3,,0,1,9,5,3.0,1,0,1,10.0,9.58,0,1,0,0,0,0,0,,,0
ITA-Serie A,1920,Roma,Riccardo Calafiori,ITA,MF,17,2002,1,1,59,0.7,0,0,0,0,0,0,0,0,0.0,0.0,0.0,0.0,0.0,0,0,,0.0,0.0,,,59,1.7,59,0,0,,3,3.0,3,1,2,3.05,2.41,0,1,1,0,0,2,0,,,0
ITA-Serie A,1920,SPAL,Jaume Cuéllar,BOL,FW,17,2001,2,1,70,0.8,0,0,0,0,0,0,0,0,0.0,0.0,0.0,0.0,0.0,0,0,,0.0,0.0,,,35,2.0,60,0,1,10,5,0.0,1,2,-1,-1.29,0.03,0,2,3,0,0,0,0,,,0
ITA-Serie A,1920,SPAL,Krisztofer Horváth,HUN,MF,17,2002,3,0,44,0.5,0,0,0,0,0,0,0,0,0.0,0.0,0.0,0.0,0.0,1,0,0.0,2.05,0.0,0.0,,15,1.3,,0,3,15,0,0.33,0,2,-2,-4.09,-2.81,0,0,1,0,2,0,1,,,0
ITA-Serie A,1920,Sassuolo,Stefano Turati,ITA,GK,17,2001,2,2,180,2.0,0,0,0,0,0,0,0,0,0.0,0.0,0.0,0.0,0.0,0,0,,0.0,0.0,,,90,5.3,90,2,0,,17,1.0,4,4,0,0.0,-0.17,0,0,2,0,0,0,0,,,0
ITA-Serie A,1920,Torino,Christian Celesia,ITA,MF,17,2002,1,0,1,0.0,0,0,0,0,0,0,0,0,0.0,0.0,0.0,0.0,0.0,0,0,,0.0,0.0,,,1,0.0,,0,1,1,5,1.0,0,0,0,0.0,0.58,0,0,0,0,0,0,0,,,0
ITA-Serie A,1920,Udinese,Martin Palumbo,NOR,MF,17,2002,1,0,1,0.0,0,0,0,0,0,0,0,0,0.0,0.0,0.0,0.0,0.0,0,0,,0.0,0.0,,,1,0.0,,0,1,1,11,3.0,0,0,0,0.0,0.37,0,0,0,0,0,0,0,,,0
ITA-Serie A,1920,Atalanta,Jacopo Da Riva,ITA,MF,18,2000,1,0,1,0.0,0,0,0,0,0,0,0,0,0.0,0.0,0.0,0.0,0.0,0,0,,0.0,0.0,,,1,0.0,,0,1,1,11,0.0,0,0,0,0.0,-1.32,0,0,0,0,0,0,0,,,0
ITA-Serie A,1920,Atalanta,Roberto Piccoli,ITA,FW,18,2001,1,0,17,0.2,0,0,0,0,0,0,0,0,0.0,0.0,0.0,0.0,0.0,1,0,0.0,5.29,0.0,0.0,,17,0.5,,0,1,17,9,3.0,0,1,-1,-5.29,-6.64,0,0,1,0,0,0,0,,,0
ITA-Serie A,1920,Bologna,Dion Ruffo Luci,ITA,MF,18,2001,1,0,1,0.0,0,0,0,0,0,0,0,0,0.0,0.0,0.0,0.0,0.0,0,0,,0.0,0.0,,,1,0.0,,0,1,1,3,1.0,0,2,-2,-180.0,-179.71,0,0,0,0,0,0,0,,,0
ITA-Serie A,1920,Brescia,Andrea Ghezzi,ITA,FW,18,2001,5,0,37,0.4,0,0,0,0,0,0,0,0,0.0,0.0,0.0,0.0,0.0,2,0,0.0,4.86,0.0,0.0,,7,1.1,,0,5,7,7,0.2,0,2,-2,-4.86,-3.75,0,1,0,0,0,0,0,,,0
ITA-Serie A,1920,Brescia,Mattia Viviani,ITA,MF,18,2000,8,3,344,3.8,0,0,0,0,0,0,0,0,0.0,0.0,0.0,0.0,0.0,3,0,0.0,0.78,0.0,0.0,,43,10.1,79,2,5,22,15,0.88,3,14,-11,-2.88,-1.91,0,4,6,0,3,9,1,,,0
ITA-Serie A,1920,Cagliari,Andrea Carboni,ITA,DF,18,2001,7,5,368,4.1,0,0,0,0,0,0,5,2,0.0,0.0,0.0,0.0,0.0,1,0,0.0,0.24,0.0,0.0,,53,10.8,68,2,2,15,6,1.14,5,7,-2,-0.49,-0.43,1,7,2,0,2,7,4,,,0
ITA-Serie A,1920,Cagliari,Federico Marigosu,ITA,MF,18,2001,2,0,24,0.3,0,0,0,0,0,0,0,0,0.0,0.0,0.0,0.0,0.0,0,0,,0.0,0.0,,,12,0.7,,0,2,12,3,0.0,0,0,0,0.0,0.11,0,0,2,0,2,0,0,,,0
ITA-Serie A,1920,Cagliari,Riccardo Ladinetti,ITA,MF,18,2000,3,1,127,1.4,0,0,0,0,0,0,0,0,0.0,0.0,0.0,0.0,0.0,0,0,,0.0,0.0,,,42,3.7,53,0,2,37,10,0.33,1,1,0,0.0,0.11,0,1,1,0,2,4,2,,,0
ITA-Serie A,1920,Fiorentina,Federico Brancolini,ITA,GK,18,2001,1,0,6,0.1,0,0,0,0,0,0,0,0,0.0,0.0,0.0,0.0,0.0,0,0,,0.0,0.0,,,6,0.2,,0,1,6,13,3.0,1,0,1,15.0,14.95,0,0,0,0,0,0,0,,,0
ITA-Serie A,1920,Lazio,Nicolò Armini,ITA,DF,18,2001,1,0,3,0.0,0,0,0,0,0,0,0,0,0.0,0.0,0.0,0.0,0.0,0,0,,0.0,0.0,,,3,0.1,,0,1,3,10,3.0,1,0,1,30.0,29.05,0,0,0,0,0,0,1,,,0
ITA-Serie A,1920,SPAL,Georgi Tunjov,EST,MF,18,2001,10,3,284,3.2,0,0,0,0,0,0,0,0,0.0,0.0,0.0,0.0,0.0,6,0,0.0,1.9,0.0,0.0,,28,8.3,72,0,7,10,15,0.3,1,10,-9,-2.85,-1.68,0,8,3,0,14,2,3,,,0
ITA-Serie A,1920,Sampdoria,Felice D'Amico,ITA,FW,18,2000,2,0,3,0.0,0,0,0,0,0,0,0,0,0.0,0.0,0.0,0.0,0.0,1,0,0.0,30.0,0.0,0.0,,2,0.1,,0,2,2,5,1.5,0,0,0,0.0,0.45,0,0,0,0,0,0,1,,,0
ITA-Serie A,1920,Sampdoria,Kristoffer Askildsen,NOR,MF,18,2001,4,0,76,0.8,1,0,1,1,0,0,2,1,1.18,0.0,1.18,1.18,1.18,1,1,100.0,1.18,1.18,1.0,1.0,19,2.2,,0,4,19,9,1.0,1,1,0,0.0,0.46,1,4,0,0,0,1,1,,,0
ITA-Serie A,1920,Sassuolo,Giacomo Manzari,ITA,MF,18,2000,3,0,16,0.2,0,0,0,0,0,0,0,0,0.0,0.0,0.0,0.0,0.0,0,0,,0.0,0.0,,,5,0.5,,0,3,5,5,1.33,0,1,-1,-5.63,-5.81,0,1,0,0,0,0,0,,,0
ITA-Serie A,1920,Torino,Vincenzo Millico,ITA,FW,18,2000,11,0,216,2.4,0,0,0,0,0,0,0,0,0.0,0.0,0.0,0.0,0.0,6,0,0.0,2.5,0.0,0.0,,20,6.3,,0,11,20,22,0.0,0,6,-6,-2.5,-2.05,0,5,3,0,24,0,0,,,0
ITA-Serie A,1920,Torino,Wilfried Singo,CIV,MF,18,2000,4,1,132,1.5,1,0,1,1,0,0,0,0,0.68,0.0,0.68,0.68,0.68,2,1,50.0,1.36,0.68,0.5,1.0,33,3.9,87,0,3,15,15,0.75,2,3,-1,-0.68,-0.11,0,2,3,0,6,0,1,,,0
ITA-Serie A,1920,Udinese,Marco Ballarini,ITA,MF,18,2001,1,0,1,0.0,0,0,0,0,0,0,0,0,0.0,0.0,0.0,0.0,0.0,0,0,,0.0,0.0,,,1,0.0,,0,1,1,11,3.0,0,0,0,0.0,0.37,0,0,0,0,0,0,0,,,0
ITA-Serie A,1920,Atalanta,Bosko Sutalo,CRO,DF,19,2000,7,3,280,3.1,0,0,0,0,0,0,1,0,0.0,0.0,0.0,0.0,0.0,1,0,0.0,0.32,0.0,0.0,,40,8.2,72,1,4,16,6,2.71,7,3,4,1.29,-0.03,0,8,4,0,4,6,2,,,0
ITA-Serie A,1920,Atalanta,Ebrima Colley,GAM,"FW,MF",19,2000,5,0,82,0.9,0,1,1,0,0,0,1,0,0.0,1.1,1.1,0.0,1.1,6,2,33.3,6.59,2.2,0.0,0.0,16,2.4,,0,5,16,14,2.0,2,2,0,0.0,-1.35,0,3,4,0,0,1,1,,,0
ITA-Serie A,1920,Atalanta,Raoul Bellanova,ITA,MF,19,2000,1,0,18,0.2,0,0,0,0,0,0,0,0,0.0,0.0,0.0,0.0,0.0,2,0,0.0,10.0,0.0,0.0,,18,0.5,,0,1,18,15,3.0,0,1,-1,-5.0,-6.35,0,0,0,0,0,0,0,,,0
ITA-Serie A,1920,Bologna,Andreas Skov Olsen,DEN,MF,19,1999,26,7,760,8.4,1,0,1,1,0,0,2,0,0.12,0.0,0.12,0.12,0.12,20,7,35.0,2.37,0.83,0.05,0.14,29,22.2,61,0,19,18,8,1.12,11,14,-3,-0.36,-0.02,0,13,11,3,56,8,8,,,0
ITA-Serie A,1920,Bologna,Gabriele Corbo,ITA,DF,19,2000,2,1,122,1.4,0,0,0,0,0,0,1,0,0.0,0.0,0.0,0.0,0.0,0,0,,0.0,0.0,,,61,3.6,90,1,1,32,35,0.0,0,5,-5,-3.69,-3.47,0,0,0,0,1,4,1,,,0
ITA-Serie A,1920,Bologna,Kingsley Michael,NGA,MF,19,1999,1,1,76,0.8,0,0,0,0,0,0,0,0,0.0,0.0,0.0,0.0,0.0,0,0,,0.0,0.0,,,76,2.2,76,0,0,,0,1.0,1,1,0,0.0,0.35,0,4,0,0,1,1,1,,,0
ITA-Serie A,1920,Brescia,Sandro Tonali,ITA,MF,19,2000,35,34,3014,33.5,1,7,8,1,0,0,9,0,0.03,0.21,0.24,0.03,0.24,28,6,21.4,0.84,0.18,0.04,0.17,86,88.1,88,28,1,34,0,0.71,32,61,-29,-0.87,2.46,0,42,60,0,185,41,26,,,0
ITA-Serie A,1920,Cagliari,Luca Gagliano,ITA,FW,19,2000,2,1,52,0.6,1,1,2,1,0,0,0,0,1.73,1.73,3.46,1.73,3.46,2,2,100.0,3.46,3.46,0.5,0.5,26,1.5,45,0,1,7,8,1.5,2,0,2,3.46,3.62,0,3,1,0,0,1,0,,,0
ITA-Serie A,1920,Cagliari,Sebastian Walukiewicz,POL,DF,19,2000,14,13,1165,12.9,0,0,0,0,0,0,1,0,0.0,0.0,0.0,0.0,0.0,1,0,0.0,0.08,0.0,0.0,,83,34.1,84,10,1,76,22,0.93,10,19,-9,-0.7,-0.89,0,5,2,0,4,15,13,,,0
ITA-Serie A,1920,Fiorentina,Aleksa Terzić,SRB,DF,19,1999,2,0,8,0.1,0,0,0,0,0,0,0,0,0.0,0.0,0.0,0.0,0.0,0,0,,0.0,0.0,,,4,0.2,,0,2,4,29,3.0,1,0,1,11.25,11.2,0,0,0,0,0,0,0,,,0
ITA-Serie A,1920,Fiorentina,Dušan Vlahović,SRB,FW,19,2000,30,13,1499,16.7,6,0,6,5,1,1,4,1,0.36,0.0,0.36,0.3,0.3,65,19,29.2,3.9,1.14,0.08,0.26,50,43.8,82,8,17,26,6,1.17,22,30,-8,-0.48,-1.0,0,19,48,9,13,6,2,,,0
ITA-Serie A,1920,Hellas Verona,Lucas Felippe,BRA,MF,19,2000,2,0,28,0.3,0,0,0,0,0,0,0,0,0.0,0.0,0.0,0.0,0.0,1,0,0.0,3.21,0.0,0.0,,14,0.8,,0,2,14,14,0.0,0,2,-2,-6.43,-6.38,0,0,0,0,0,0,1,,,0
ITA-Serie A,1920,Hellas Verona,Marash Kumbulla,ALB,DF,19,2000,25,25,1950,21.7,1,0,1,1,0,0,7,1,0.05,0.0,0.05,0.05,0.05,9,4,44.4,0.42,0.18,0.11,0.25,78,57.0,78,16,0,,3,1.44,22,22,0,0.0,0.24,1,47,24,1,1,49,24,,,0
ITA-Serie A,1920,Hellas Verona,Matteo Lovato,ITA,DF,19,2000,1,0,9,0.1,0,0,0,0,0,0,0,0,0.0,0.0,0.0,0.0,0.0,0,0,,0.0,0.0,,,9,0.3,,0,1,9,6,1.0,0,0,0,0.0,0.11,0,0,0,0,0,0,0,,,0
ITA-Serie A,1920,Juventus,Matthijs de Ligt,NED,DF,19,1999,29,26,2450,27.2,4,0,4,4,0,0,5,0,0.15,0.0,0.15,0.15,0.15,18,9,50.0,0.66,0.33,0.22,0.44,84,71.6,90,25,3,41,6,2.24,54,31,23,0.84,-0.08,0,29,18,0,2,29,19,,,0
ITA-Serie A,1920,Lazio,Anderson Lima,BRA,MF,19,1999,6,0,62,0.7,0,0,0,0,0,0,0,0,0.0,0.0,0.0,0.0,0.0,5,2,40.0,7.26,2.9,0.0,0.0,10,1.8,,0,6,10,24,1.5,3,2,1,1.45,0.49,0,5,4,0,2,0,1,,,0
ITA-Serie A,1920,Lazio,Luca Falbo,ITA,DF,19,2000,1,0,2,0.0,0,0,0,0,0,0,0,0,0.0,0.0,0.0,0.0,0.0,0,0,,0.0,0.0,,,2,0.1,,0,1,2,9,0.0,0,0,0,0.0,-0.97,0,1,0,0,0,0,0,,,0
ITA-Serie A,1920,Milan,Marco Brescianini,ITA,MF,19,2000,1,0,25,0.3,0,0,0,0,0,0,0,0,0.0,0.0,0.0,0.0,0.0,0,0,,0.0,0.0,,,25,0.7,,0,1,25,18,3.0,0,0,0,0.0,-0.45,0,1,0,0,0,2,1,,,0
ITA-Serie A,1920,Milan,Matteo Gabbia,ITA,DF,19,1999,9,6,680,7.6,0,0,0,0,0,0,1,0,0.0,0.0,0.0,0.0,0.0,4,2,50.0,0.53,0.26,0.0,0.0,76,19.9,87,5,3,52,28,2.0,16,8,8,1.06,0.76,0,11,3,0,0,10,5,,,0
ITA-Serie A,1920,Napoli,Elif Elmas,MKD,MF,19,1999,26,12,1134,12.6,1,1,2,1,0,0,7,0,0.08,0.08,0.16,0.08,0.16,23,8,34.8,1.83,0.63,0.04,0.13,44,33.2,77,4,14,15,11,2.04,25,16,9,0.71,0.64,0,31,16,0,3,11,7,,,0
ITA-Serie A,1920,Parma,Dejan Kulusevski,SWE,"FW,MF",19,2000,36,33,2930,32.6,10,8,18,9,1,1,3,0,0.31,0.25,0.55,0.28,0.52,62,26,41.9,1.9,0.8,0.15,0.35,81,85.7,86,23,3,36,0,1.25,51,51,0,0.0,0.18,0,53,38,6,63,22,21,,,0
ITA-Serie A,1920,Sassuolo,Andrea Ghion,ITA,MF,19,2000,3,0,48,0.5,0,0,0,0,0,0,0,0,0.0,0.0,0.0,0.0,0.0,1,0,0.0,1.87,0.0,0.0,,16,1.4,,0,3,16,18,1.33,0,1,-1,-1.87,-2.06,0,0,0,0,0,0,1,,,0
ITA-Serie A,1920,Sassuolo,Giacomo Raspadori,ITA,"MF,FW",19,2000,11,2,264,2.9,2,0,2,2,0,0,0,0,0.68,0.0,0.68,0.68,0.68,11,5,45.5,3.75,1.7,0.18,0.4,24,7.7,67,0,9,15,27,0.73,4,6,-2,-0.68,-0.91,0,2,6,1,2,1,7,,,0
ITA-Serie A,1920,Sassuolo,Hamed Junior Traorè,CIV,MF,19,2000,31,20,1570,17.4,4,1,5,4,0,0,3,0,0.23,0.06,0.29,0.23,0.29,46,23,50.0,2.64,1.32,0.09,0.17,51,45.9,67,5,11,22,4,1.32,28,27,1,0.06,-0.19,0,27,23,6,85,11,15,,,0
ITA-Serie A,1920,Torino,Michel Ndary Adopo,FRA,MF,19,2000,2,0,4,0.0,0,0,0,0,0,0,0,0,0.0,0.0,0.0,0.0,0.0,0,0,,0.0,0.0,,,2,0.1,,0,2,2,17,1.5,0,0,0,0.0,0.58,0,0,0,0,0,0,0,,,0
ITA-Serie A,1920,Atalanta,Lennart-Marten Czyborra,GER,"DF,MF",20,1999,1,0,17,0.2,0,0,0,0,0,0,0,0,0.0,0.0,0.0,0.0,0.0,0,0,,0.0,0.0,,,17,0.5,,0,1,17,15,3.0,0,1,-1,-5.29,-6.64,0,0,0,0,1,0,0,,,0
ITA-Serie A,1920,Atalanta,Musa Barrow,GAM,FW,20,1998,7,1,190,2.1,0,2,2,0,0,1,0,0,0.0,0.95,0.95,0.0,0.95,11,6,54.5,5.21,2.84,0.0,0.0,27,5.6,56,0,6,22,11,1.43,5,0,5,2.37,1.11,0,4,7,1,3,0,1,,,0
ITA-Serie A,1920,Bologna,Mattias Svanberg,SWE,MF,20,1999,25,12,1051,11.7,1,2,3,1,0,0,2,0,0.09,0.17,0.26,0.09,0.26,37,9,24.3,3.17,0.77,0.03,0.11,42,30.7,71,2,13,16,11,1.2,16,29,-13,-1.11,-1.11,0,18,28,1,21,14,8,,,0
ITA-Serie A,1920,Bologna,Musa Barrow,GAM,"MF,FW",20,1998,18,14,1354,15.0,9,2,11,8,1,1,1,0,0.6,0.13,0.73,0.53,0.66,65,22,33.8,4.32,1.46,0.12,0.36,75,39.6,84,10,4,44,1,1.33,21,27,-6,-0.4,-0.09,0,22,12,2,58,4,13,,,0
ITA-Serie A,1920,Bologna,Takehiro Tomiyasu,JPN,DF,20,1998,29,29,2528,28.1,1,3,4,1,0,0,8,0,0.04,0.11,0.14,0.04,0.14,18,2,11.1,0.64,0.07,0.06,0.5,87,73.9,87,25,0,,0,1.28,36,45,-9,-0.32,0.08,0,37,28,0,32,49,25,,,0
ITA-Serie A,1920,Cagliari,Luca Pellegrini,ITA,"DF,MF",20,1999,24,22,1908,21.2,0,5,5,0,0,0,10,0,0.0,0.24,0.24,0.0,0.24,14,5,35.7,0.66,0.24,0.0,0.0,80,55.8,84,15,2,35,3,1.33,34,37,-3,-0.14,-0.08,0,33,22,0,115,21,13,,,0
ITA-Serie A,1920,Fiorentina,Kevin Agudelo,COL,MF,20,1998,3,1,64,0.7,0,0,0,0,0,0,0,0,0.0,0.0,0.0,0.0,0.0,4,0,0.0,5.63,0.0,0.0,,21,1.9,54,0,2,5,13,2.0,1,3,-2,-2.81,-2.95,0,3,1,0,0,1,1,,,0
ITA-Serie A,1920,Fiorentina,Luca Ranieri,ITA,DF,20,1999,3,2,232,2.6,0,0,0,0,0,0,2,1,0.0,0.0,0.0,0.0,0.0,3,0,0.0,1.16,0.0,0.0,,77,6.8,90,2,1,52,17,0.33,2,4,-2,-0.78,-0.92,1,5,1,0,3,2,2,,,0
ITA-Serie A,1920,Fiorentina,Riccardo Sottil,ITA,"FW,MF",20,1999,18,4,514,5.7,0,0,0,0,0,0,3,0,0.0,0.0,0.0,0.0,0.0,16,8,50.0,2.8,1.4,0.0,0.0,29,15.0,63,0,14,19,20,1.0,9,16,-7,-1.23,-1.54,0,11,26,2,23,0,4,,,0
ITA-Serie A,1920,Genoa,Andrea Pinamonti,ITA,FW,20,1999,32,23,2236,24.8,5,1,6,4,1,2,1,0,0.2,0.04,0.24,0.16,0.2,52,16,30.8,2.09,0.64,0.08,0.25,70,65.4,84,11,9,35,3,1.13,34,49,-15,-0.6,0.23,0,37,51,16,22,9,11,,,0
ITA-Serie A,1920,Genoa,Kevin Agudelo,COL,"MF,FW",20,1998,10,7,666,7.4,1,1,2,1,0,0,5,1,0.14,0.14,0.27,0.14,0.27,10,2,20.0,1.35,0.27,0.1,0.5,67,19.5,86,4,3,22,5,0.6,8,11,-3,-0.41,0.35,1,20,11,1,11,6,15,,,0
ITA-Serie A,1920,Hellas Verona,Andrea Danzi,ITA,MF,20,1999,1,0,1,0.0,0,0,0,0,0,0,0,0,0.0,0.0,0.0,0.0,0.0,0,0,,0.0,0.0,,,1,0.0,,0,1,1,16,3.0,0,0,0,0.0,0.11,0,0,0,0,0,0,0,,,0
ITA-Serie A,1920,Inter,Alessandro Bastoni,ITA,DF,20,1999,25,21,1921,21.3,2,0,2,2,0,0,9,1,0.09,0.0,0.09,0.09,0.09,8,4,50.0,0.37,0.19,0.25,0.5,77,56.2,87,16,4,25,11,2.0,51,23,28,1.31,0.29,1,37,28,0,20,26,19,,,0
ITA-Serie A,1920,Juventus,Daouda Peeters,BEL,MF,20,1999,1,0,15,0.2,0,0,0,0,0,0,0,0,0.0,0.0,0.0,0.0,0.0,0,0,,0.0,0.0,,,15,0.4,,0,1,15,2,0.0,0,0,0,0.0,-0.87,0,0,0,0,0,0,0,,,0
ITA-Serie A,1920,Juventus,Giacomo Vrioni,ALB,FW,20,1998,1,0,12,0.1,0,0,0,0,0,0,0,0,0.0,0.0,0.0,0.0,0.0,1,1,100.0,7.5,7.5,0.0,0.0,12,0.4,,0,1,12,4,0.0,0,0,0,0.0,-0.87,0,1,0,0,0,0,0,,,0
ITA-Serie A,1920,Juventus,Gianluca Frabotta,ITA,DF,20,1999,1,1,90,1.0,0,0,0,0,0,0,0,0,0.0,0.0,0.0,0.0,0.0,1,0,0.0,1.0,0.0,0.0,,90,2.6,90,1,0,,1,0.0,1,3,-2,-2.0,-2.95,0,2,0,0,3,1,2,,,0
ITA-Serie A,1920,Juventus,Marco Olivieri,ITA,FW,20,1999,3,0,30,0.3,0,0,0,0,0,0,0,0,0.0,0.0,0.0,0.0,0.0,1,1,100.0,3.0,3.0,0.0,0.0,10,0.9,,0,3,10,14,1.0,0,0,0,0.0,-0.88,0,3,1,0,1,0,1,,,0
ITA-Serie A,1920,Lazio,Bobby Adekanye,NED,"FW,MF",20,1999,11,0,188,2.1,1,0,1,1,0,0,1,0,0.48,0.0,0.48,0.48,0.48,5,4,80.0,2.39,1.91,0.2,0.25,17,5.5,,0,11,17,21,1.45,3,5,-2,-0.96,-2.04,0,2,3,1,1,3,2,,,0
ITA-Serie A,1920,Lecce,Brayan Vera,COL,DF,20,1999,8,1,155,1.7,0,1,1,0,0,0,0,0,0.0,0.58,0.58,0.0,0.58,4,0,0.0,2.32,0.0,0.0,,19,4.5,77,0,7,11,30,0.38,1,2,-1,-0.58,0.3,0,6,3,0,10,1,1,,,0
ITA-Serie A,1920,Milan,Alexis Saelemaekers,BEL,MF,20,1999,13,6,684,7.6,1,0,1,1,0,0,4,1,0.13,0.0,0.13,0.13,0.13,9,2,22.2,1.18,0.26,0.11,0.5,53,20.0,76,3,7,32,3,2.23,20,9,11,1.45,1.25,1,14,8,0,24,11,8,,,0
ITA-Serie A,1920,Milan,Gianluigi Donnarumma,ITA,GK,20,1999,36,36,3201,35.6,0,0,0,0,0,0,3,0,0.0,0.0,0.0,0.0,0.0,0,0,,0.0,0.0,,,89,93.6,89,35,0,,0,1.75,59,42,17,0.48,0.48,0,1,4,0,0,3,0,,,0
ITA-Serie A,1920,Milan,Rafael Leão,POR,"FW,MF",20,1999,31,12,1404,15.6,6,1,7,6,0,0,0,0,0.38,0.06,0.45,0.38,0.45,44,16,36.4,2.82,1.03,0.14,0.38,45,41.1,75,5,19,26,7,1.52,30,21,9,0.58,0.22,0,16,15,6,37,0,4,,,0
ITA-Serie A,1920,Roma,Justin Kluivert,NED,MF,20,1999,22,19,1514,16.8,4,1,5,4,0,0,6,1,0.24,0.06,0.3,0.24,0.3,34,11,32.4,2.02,0.65,0.12,0.36,69,44.3,76,7,3,25,9,1.86,36,22,14,0.83,0.27,1,30,29,1,23,6,12,,,0
ITA-Serie A,1920,Roma,Mirko Antonucci,ITA,"FW,MF",20,1999,2,0,82,0.9,0,0,0,0,0,0,1,0,0.0,0.0,0.0,0.0,0.0,3,0,0.0,3.29,0.0,0.0,,41,2.4,,0,2,41,16,2.0,2,1,1,1.1,0.42,0,2,1,0,0,2,3,,,0
ITA-Serie A,1920,Roma,Nicolò Zaniolo,ITA,MF,20,1999,26,16,1503,16.7,6,2,8,6,0,0,8,0,0.36,0.12,0.48,0.36,0.48,47,22,46.8,2.81,1.32,0.13,0.27,58,43.9,79,6,10,24,0,2.04,31,18,13,0.78,0.17,0,42,42,3,26,5,11,,,0
ITA-Serie A,1920,Roma,Roger Ibanez,BRA,DF,20,1998,9,7,614,6.8,0,0,0,0,0,0,1,0,0.0,0.0,0.0,0.0,0.0,3,0,0.0,0.44,0.0,0.0,,68,18.0,82,4,2,19,5,2.11,15,8,7,1.03,0.42,0,15,13,0,0,20,7,,,0
ITA-Serie A,1920,Sampdoria,Gonzalo Maroni,ARG,MF,20,1999,5,1,181,2.0,0,1,1,0,0,1,0,0,0.0,0.5,0.5,0.0,0.5,5,2,40.0,2.49,0.99,0.0,0.0,36,5.3,67,0,4,29,20,0.8,6,6,0,0.0,0.47,0,3,1,0,12,3,1,,,0
ITA-Serie A,1920,Sassuolo,Alessandro Tripaldelli,ITA,DF,20,1999,2,1,135,1.5,0,0,0,0,0,0,0,0,0.0,0.0,0.0,0.0,0.0,0,0,,0.0,0.0,,,68,3.9,90,1,1,45,14,0.0,4,4,0,0.0,-0.16,0,2,3,0,4,3,4,,,0
ITA-Serie A,1920,Sassuolo,Mert Müldür,TUR,DF,20,1999,24,13,1273,14.1,2,1,3,2,0,0,4,0,0.14,0.07,0.21,0.14,0.21,13,7,53.8,0.92,0.49,0.15,0.29,53,37.2,80,8,11,21,14,1.25,34,27,7,0.49,0.54,0,19,17,0,24,21,27,,,0
ITA-Serie A,1920,Bologna,Nicolás Domínguez,ARG,MF,21,1998,16,7,699,7.8,0,1,1,0,0,0,1,0,0.0,0.13,0.13,0.0,0.13,10,1,10.0,1.29,0.13,0.0,0.0,44,20.4,74,1,9,20,4,0.94,8,11,-3,-0.39,-0.06,0,16,6,0,6,11,14,,,0
ITA-Serie A,1920,Brescia,Alessandro Semprini,ITA,DF,21,1998,12,6,629,7.0,1,0,1,1,0,0,2,0,0.14,0.0,0.14,0.14,0.14,2,1,50.0,0.29,0.14,0.5,1.0,52,18.4,84,3,6,21,11,0.75,10,20,-10,-1.43,-0.33,0,4,6,0,14,9,5,,,0
ITA-Serie A,1920,Brescia,Massimiliano Mangraviti,ITA,DF,21,1998,13,11,972,10.8,0,0,0,0,0,0,2,0,0.0,0.0,0.0,0.0,0.0,3,0,0.0,0.28,0.0,0.0,,75,28.4,81,6,2,41,19,0.38,11,28,-17,-1.57,-0.58,0,9,5,0,9,7,6,,,0
ITA-Serie A,1920,Cagliari,Simone Pinna,ITA,DF,21,1997,1,1,90,1.0,0,0,0,0,0,0,1,0,0.0,0.0,0.0,0.0,0.0,0,0,,0.0,0.0,,,90,2.6,90,1,0,,14,0.0,0,1,-1,-1.0,-0.92,0,2,0,0,6,5,1,,,0
ITA-Serie A,1920,Fiorentina,Bartłomiej Drągowski,POL,GK,21,1997,31,31,2790,31.0,0,0,0,0,0,0,1,0,0.0,0.0,0.0,0.0,0.0,0,0,,0.0,0.0,,,90,81.6,90,31,0,,2,1.06,36,43,-7,-0.23,-1.65,0,1,6,0,0,2,0,,,0
ITA-Serie A,1920,Fiorentina,Christian Kouamé,CIV,FW,21,1997,7,3,301,3.3,1,1,2,1,0,0,0,0,0.3,0.3,0.6,0.3,0.6,10,3,30.0,2.99,0.9,0.1,0.33,43,8.8,64,1,4,27,2,1.71,6,2,4,1.2,1.22,0,6,6,0,1,1,2,,,0
ITA-Serie A,1920,Fiorentina,Federico Chiesa,ITA,"FW,MF",21,1997,34,31,2637,29.3,11,6,17,10,1,2,7,0,0.38,0.2,0.58,0.34,0.55,111,46,41.4,3.79,1.57,0.09,0.22,78,77.1,82,16,3,29,1,1.44,41,33,8,0.27,0.85,0,54,46,7,51,6,22,,,0
ITA-Serie A,1920,Fiorentina,Igor,BRA,"DF,MF",21,1998,9,6,611,6.8,0,0,0,0,0,0,2,0,0.0,0.0,0.0,0.0,0.0,1,0,0.0,0.15,0.0,0.0,,68,17.9,87,5,3,30,8,1.0,9,10,-1,-0.15,-0.28,0,8,4,1,2,9,8,,,0
ITA-Serie A,1920,Fiorentina,Nikola Milenković,SRB,DF,21,1997,37,36,3258,36.2,5,0,5,5,0,0,9,0,0.14,0.0,0.14,0.14,0.14,29,12,41.4,0.8,0.33,0.17,0.42,88,95.3,90,36,1,18,0,1.32,50,44,6,0.17,1.83,0,61,18,1,3,31,23,,,0
ITA-Serie A,1920,Fiorentina,Patrick Cutrone,ITA,FW,21,1998,19,9,838,9.3,4,1,5,4,0,0,1,0,0.43,0.11,0.54,0.43,0.54,21,13,61.9,2.26,1.4,0.19,0.31,44,24.5,64,0,10,26,1,1.47,18,4,14,1.5,1.89,0,8,10,11,5,2,3,,,0
ITA-Serie A,1920,Fiorentina,Pol Lirola,ESP,MF,21,1997,35,30,2648,29.4,0,2,2,0,0,0,4,0,0.0,0.07,0.07,0.0,0.07,24,8,33.3,0.82,0.27,0.0,0.0,76,77.4,82,20,5,36,2,1.29,37,37,0,0.0,-0.35,0,16,7,1,82,26,20,,,0
ITA-Serie A,1920,Fiorentina,Szymon Żurkowski,POL,MF,21,1997,2,0,12,0.1,0,0,0,0,0,0,0,0,0.0,0.0,0.0,0.0,0.0,1,0,0.0,7.5,0.0,0.0,,6,0.4,,0,2,6,18,2.0,0,0,0,0.0,-0.08,0,1,0,0,0,0,0,,,0
ITA-Serie A,1920,Genoa,Christian Kouamé,CIV,"FW,MF",21,1997,11,10,915,10.2,5,2,7,5,0,0,1,0,0.49,0.2,0.69,0.49,0.69,22,9,40.9,2.16,0.89,0.23,0.56,83,26.8,89,8,1,26,0,0.73,14,24,-10,-0.98,-0.41,0,20,24,6,4,2,1,,,0
ITA-Serie A,1920,Genoa,Cristian Romero,ARG,DF,21,1998,30,30,2577,28.6,1,1,2,1,0,0,15,1,0.03,0.03,0.07,0.03,0.07,15,3,20.0,0.52,0.1,0.07,0.33,86,75.4,86,26,0,,1,1.0,33,54,-21,-0.73,-0.2,1,48,23,2,3,74,34,,,0
ITA-Serie A,1920,Genoa,Filip Jagiełło,POL,MF,21,1997,11,6,553,6.1,0,2,2,0,0,0,0,0,0.0,0.33,0.33,0.0,0.33,5,1,20.0,0.81,0.16,0.0,0.0,50,16.2,74,1,5,22,24,1.45,7,13,-6,-0.98,-0.35,0,3,2,0,9,4,2,,,0
ITA-Serie A,1920,Hellas Verona,Claud Adjapong,ITA,MF,21,1998,5,2,231,2.6,0,0,0,0,0,0,0,0,0.0,0.0,0.0,0.0,0.0,3,1,33.3,1.17,0.39,0.0,0.0,46,6.8,90,2,3,17,26,0.6,5,7,-2,-0.78,-0.72,0,3,2,1,2,4,3,,,0
ITA-Serie A,1920,Hellas Verona,Federico Dimarco,ITA,"MF,DF",21,1997,13,5,521,5.8,0,3,3,0,0,0,1,0,0.0,0.52,0.52,0.0,0.52,13,3,23.1,2.25,0.52,0.0,0.0,40,15.2,72,2,8,20,5,1.23,8,11,-3,-0.52,-0.49,0,9,7,2,56,4,5,,,1
ITA-Serie A,1920,Inter,Federico Dimarco,ITA,"DF,MF",21,1997,3,0,27,0.3,0,0,0,0,0,0,0,0,0.0,0.0,0.0,0.0,0.0,1,0,0.0,3.33,0.0,0.0,,9,0.8,,0,3,9,18,2.33,0,0,0,0.0,-1.19,0,1,0,0,0,1,0,,,0
ITA-Serie A,1920,Inter,Lautaro Martínez,ARG,FW,21,1997,35,29,2452,27.2,14,3,17,12,2,3,8,1,0.51,0.11,0.62,0.44,0.55,125,46,36.8,4.59,1.69,0.1,0.26,70,71.7,80,9,6,23,0,2.09,55,28,27,0.99,-0.68,0,54,74,22,16,16,8,,,0
ITA-Serie A,1920,Juventus,Luca Zanimacchia,ITA,FW,21,1998,2,1,120,1.3,0,0,0,0,0,0,0,0,0.0,0.0,0.0,0.0,0.0,2,1,50.0,1.5,0.75,0.0,0.0,60,3.5,90,1,1,30,4,0.0,1,3,-2,-1.5,-2.45,0,0,3,2,10,0,2,,,0
ITA-Serie A,1920,Juventus,Merih Demiral,TUR,DF,21,1998,6,5,418,4.6,1,1,2,1,0,0,1,0,0.22,0.22,0.43,0.22,0.43,2,1,50.0,0.43,0.22,0.5,1.0,70,12.2,76,4,1,40,19,2.5,13,4,9,1.94,1.22,0,5,1,1,1,4,7,,,0
ITA-Serie A,1920,Juventus,Simone Muratore,ITA,MF,21,1998,4,2,165,1.8,0,0,0,0,0,0,0,0,0.0,0.0,0.0,0.0,0.0,4,2,50.0,2.18,1.09,0.0,0.0,41,4.8,75,1,2,8,10,0.75,3,5,-2,-1.09,-2.06,0,3,2,0,1,3,0,,,0
ITA-Serie A,1920,Lecce,Edgaras Dubickas,LTU,MF,21,1998,1,0,3,0.0,0,0,0,0,0,0,0,0,0.0,0.0,0.0,0.0,0.0,0,0,,0.0,0.0,,,3,0.1,,0,1,3,14,1.0,1,0,1,30.0,30.9,0,1,0,0,0,0,0,,,0
ITA-Serie A,1920,Milan,Ismaël Bennacer,ALG,MF,21,1997,31,28,2485,27.6,1,0,1,1,0,0,14,0,0.04,0.0,0.04,0.04,0.04,15,2,13.3,0.54,0.07,0.07,0.5,80,72.7,86,22,3,23,4,1.81,50,33,17,0.62,0.62,0,48,37,0,34,52,47,,,0
ITA-Serie A,1920,Milan,Lucas Paquetá,BRA,MF,21,1997,24,12,1103,12.3,0,1,1,0,0,0,7,0,0.0,0.08,0.08,0.0,0.08,33,12,36.4,2.69,0.98,0.0,0.0,46,32.3,67,2,12,25,9,1.67,15,14,1,0.08,-0.54,0,25,25,3,10,9,20,,,0
ITA-Serie A,1920,Milan,Theo Hernández,FRA,DF,21,1997,33,32,2817,31.3,6,3,9,6,0,0,10,0,0.19,0.1,0.29,0.19,0.29,50,17,34.0,1.6,0.54,0.12,0.35,85,82.4,87,29,1,19,1,1.79,58,38,20,0.64,1.09,0,33,67,8,84,42,39,,,1
ITA-Serie A,1920,Parma,Giuseppe Pezzella,ITA,DF,21,1997,22,8,949,10.5,0,0,0,0,0,0,2,0,0.0,0.0,0.0,0.0,0.0,2,1,50.0,0.19,0.09,0.0,0.0,43,27.7,85,6,14,19,14,1.14,14,20,-6,-0.57,-0.75,0,17,15,0,33,6,13,,,0
ITA-Serie A,1920,Parma,Yann Karamoh,FRA,"FW,MF",21,1998,14,5,573,6.4,1,1,2,1,0,0,0,0,0.16,0.16,0.31,0.16,0.31,11,4,36.4,1.73,0.63,0.09,0.25,41,16.8,68,1,9,26,12,0.43,8,13,-5,-0.79,-0.91,0,7,14,1,8,2,7,,,0
ITA-Serie A,1920,Roma,Carles Pérez,ESP,MF,21,1998,14,5,566,6.3,1,3,4,1,0,0,2,0,0.16,0.48,0.64,0.16,0.64,21,8,38.1,3.34,1.27,0.05,0.13,40,16.5,75,1,9,21,3,1.79,17,11,6,0.95,0.32,0,14,9,0,8,3,9,,,0
ITA-Serie A,1920,Roma,Gonzalo Villar,ESP,MF,21,1998,9,2,299,3.3,0,0,0,0,0,0,3,0,0.0,0.0,0.0,0.0,0.0,2,2,100.0,0.6,0.6,0.0,0.0,33,8.7,90,2,7,17,8,2.0,10,5,5,1.51,0.9,0,9,6,0,0,2,3,,,0
ITA-Serie A,1920,SPAL,Demba Thiam,SEN,GK,21,1998,2,2,180,2.0,0,0,0,0,0,0,0,0,0.0,0.0,0.0,0.0,0.0,0,0,,0.0,0.0,,,90,5.3,90,2,0,,36,0.5,2,4,-2,-1.0,0.33,0,0,0,0,0,1,0,,,0
ITA-Serie A,1920,SPAL,Igor,BRA,"DF,MF",21,1998,17,15,1337,14.9,0,1,1,0,0,0,7,0,0.0,0.07,0.07,0.0,0.07,4,1,25.0,0.27,0.07,0.0,0.0,79,39.1,85,10,2,30,3,0.65,11,24,-13,-0.88,0.72,0,21,11,0,9,25,18,,,0
ITA-Serie A,1920,Sampdoria,Julian Chabot,GER,DF,21,1998,8,7,569,6.3,1,0,1,1,0,0,1,1,0.16,0.0,0.16,0.16,0.16,1,1,100.0,0.16,0.16,1.0,1.0,71,16.6,78,5,1,26,28,0.88,11,13,-2,-0.32,0.16,0,10,6,0,0,13,7,,,0
ITA-Serie A,1920,Sampdoria,Mehdi Léris,ALG,"MF,FW",21,1998,15,3,509,5.7,1,1,2,1,0,0,0,0,0.18,0.18,0.35,0.18,0.35,13,4,30.8,2.3,0.71,0.08,0.25,34,14.9,52,0,12,29,20,0.53,4,12,-8,-1.41,-1.14,0,7,10,0,29,6,10,,,0
ITA-Serie A,1920,Sampdoria,Ronaldo Vieira,GNB,MF,21,1998,27,20,1819,20.2,0,1,1,0,0,0,11,1,0.0,0.05,0.05,0.0,0.05,31,7,22.6,1.53,0.35,0.0,0.0,67,53.2,82,13,7,26,3,0.89,17,36,-19,-0.94,-1.05,0,40,16,0,31,22,21,,,0
ITA-Serie A,1920,Sassuolo,Manuel Locatelli,ITA,MF,21,1998,33,31,2586,28.7,0,5,5,0,0,0,9,0,0.0,0.17,0.17,0.0,0.17,32,6,18.8,1.11,0.21,0.0,0.0,78,75.6,82,17,2,26,4,1.45,54,43,11,0.38,0.92,0,46,58,0,63,34,50,,,1
ITA-Serie A,1920,Sassuolo,Rogério,BRA,DF,21,1998,15,12,1015,11.3,1,1,2,1,0,0,6,0,0.09,0.09,0.18,0.09,0.18,11,4,36.4,0.98,0.35,0.09,0.25,68,29.7,75,3,3,40,7,1.47,21,14,7,0.62,0.66,0,19,17,0,42,8,13,,,0
ITA-Serie A,1920,Udinese,Giuseppe Pezzella,ITA,MF,21,1997,1,1,80,0.9,0,0,0,0,0,0,0,0,0.0,0.0,0.0,0.0,0.0,0,0,,0.0,0.0,,,80,2.3,80,0,0,,0,3.0,1,0,1,1.13,1.53,0,0,0,0,7,1,0,,,0
ITA-Serie A,1920,Udinese,Nicholas Opoku,GHA,"DF,MF",21,1997,7,6,481,5.3,0,0,0,0,0,0,3,1,0.0,0.0,0.0,0.0,0.0,3,1,33.3,0.56,0.19,0.0,0.0,69,14.1,78,4,1,13,12,1.0,6,6,0,0.0,0.43,1,10,5,0,2,4,8,,,0
ITA-Serie A,1920,Atalanta,Guilherme Arana,BRA,"DF,MF",22,1997,4,0,80,0.9,0,0,0,0,0,0,0,0,0.0,0.0,0.0,0.0,0.0,0,0,,0.0,0.0,,,20,2.3,,0,4,20,10,1.25,1,1,0,0.0,-1.35,0,2,4,0,4,2,4,,,0
ITA-Serie A,1920,Bologna,Jerdy Schouten,NED,MF,22,1997,19,13,1082,12.0,0,0,0,0,0,0,6,1,0.0,0.0,0.0,0.0,0.0,7,1,14.3,0.58,0.08,0.0,0.0,57,31.6,74,6,6,21,12,1.32,19,24,-5,-0.42,-0.11,0,25,3,0,1,26,15,,,0
ITA-Serie A,1920,Bologna,Riccardo Orsolini,ITA,"MF,FW",22,1997,37,32,2681,29.8,8,6,14,8,0,0,3,0,0.27,0.2,0.47,0.27,0.47,91,25,27.5,3.05,0.84,0.09,0.32,72,78.4,80,15,5,27,1,1.24,40,51,-11,-0.37,-0.13,0,40,76,14,201,16,23,,,0
ITA-Serie A,1920,Brescia,Andrea Cistana,ITA,DF,22,1997,21,21,1838,20.4,1,0,1,1,0,0,7,1,0.05,0.0,0.05,0.05,0.05,6,2,33.3,0.29,0.1,0.17,0.5,88,53.7,88,20,0,,2,0.62,17,35,-18,-0.88,0.6,0,24,14,1,4,34,9,,,0
ITA-Serie A,1920,Brescia,Emanuele Ndoj,ALB,MF,22,1996,18,6,555,6.2,0,0,0,0,0,0,2,0,0.0,0.0,0.0,0.0,0.0,9,4,44.4,1.46,0.65,0.0,0.0,31,16.2,51,0,12,21,4,0.44,5,13,-8,-1.3,-0.17,0,21,26,1,4,5,6,,,0
ITA-Serie A,1920,Brescia,Florian Ayé,FRA,"FW,MF",22,1997,22,15,1380,15.3,0,0,0,0,0,0,4,1,0.0,0.0,0.0,0.0,0.0,22,7,31.8,1.43,0.46,0.0,0.0,63,40.4,80,8,7,25,15,0.59,12,27,-15,-0.98,0.3,1,19,22,5,7,4,8,,,0
ITA-Serie A,1920,Brescia,Nikolas Špalek,SVK,MF,22,1997,25,20,1579,17.5,2,1,3,2,0,0,5,0,0.11,0.06,0.17,0.11,0.17,25,10,40.0,1.42,0.57,0.08,0.2,63,46.2,71,3,5,33,11,0.84,18,33,-15,-0.85,0.56,0,25,17,5,34,8,11,,,0
ITA-Serie A,1920,Fiorentina,Gaetano Castrovilli,ITA,MF,22,1997,33,31,2673,29.7,3,2,5,3,0,0,10,0,0.1,0.07,0.17,0.1,0.17,49,11,22.4,1.65,0.37,0.06,0.27,81,78.2,84,18,2,34,1,1.36,36,37,-1,-0.03,-0.52,0,64,78,0,39,16,32,,,0
ITA-Serie A,1920,Fiorentina,Pedro,BRA,FW,22,1997,4,0,63,0.7,0,0,0,0,0,0,0,0,0.0,0.0,0.0,0.0,0.0,5,1,20.0,7.14,1.43,0.0,0.0,16,1.8,,0,4,16,7,0.25,1,2,-1,-1.43,-1.54,0,0,2,1,0,0,1,,,0
ITA-Serie A,1920,Genoa,Andrea Favilli,ITA,FW,22,1997,20,7,658,7.3,0,0,0,0,0,0,4,0,0.0,0.0,0.0,0.0,0.0,14,3,21.4,1.91,0.41,0.0,0.0,33,19.2,64,0,13,16,13,0.7,5,11,-6,-0.82,-0.17,0,28,17,4,1,0,5,,,0
ITA-Serie A,1920,Genoa,Francesco Cassata,ITA,MF,22,1997,24,18,1458,16.2,2,0,2,2,0,0,11,2,0.12,0.0,0.12,0.12,0.12,13,7,53.8,0.8,0.43,0.15,0.29,61,42.6,76,8,6,15,6,1.08,18,32,-14,-0.86,-0.31,1,46,26,1,26,11,10,,,0
ITA-Serie A,1920,Genoa,Ionuț Radu,ROU,GK,22,1997,17,17,1530,17.0,0,1,1,0,0,0,1,0,0.0,0.06,0.06,0.0,0.06,0,0,,0.0,0.0,,,90,44.7,90,17,0,,4,0.65,17,35,-18,-1.06,-0.68,0,0,0,0,0,0,0,,,0
ITA-Serie A,1920,Genoa,Paolo Ghiglione,ITA,"MF,DF",22,1997,25,20,1717,19.1,0,5,5,0,0,0,4,0,0.0,0.26,0.26,0.0,0.26,23,5,21.7,1.21,0.26,0.0,0.0,69,50.2,82,14,5,15,10,0.68,19,40,-21,-1.1,-0.84,0,25,19,3,113,8,16,,,0
ITA-Serie A,1920,Hellas Verona,Gennaro Tutino,ITA,FW,22,1996,6,2,225,2.5,0,0,0,0,0,0,0,0,0.0,0.0,0.0,0.0,0.0,3,0,0.0,1.2,0.0,0.0,,38,6.6,72,0,4,20,9,0.67,1,3,-2,-0.8,-0.74,0,4,11,0,0,2,0,,,0
ITA-Serie A,1920,Hellas Verona,Matteo Pessina,ITA,MF,22,1997,35,27,2489,27.7,7,0,7,7,0,0,7,0,0.25,0.0,0.25,0.25,0.25,31,13,41.9,1.12,0.47,0.23,0.54,71,72.8,85,21,8,25,0,1.29,38,38,0,0.0,0.39,0,34,52,6,28,24,17,,,0
ITA-Serie A,1920,Hellas Verona,Sofyan Amrabat,MAR,MF,22,1996,34,33,2919,32.4,1,1,2,0,1,1,10,2,0.03,0.03,0.06,0.0,0.03,19,7,36.8,0.59,0.22,0.0,0.0,86,85.4,87,22,1,42,0,1.29,40,46,-6,-0.18,-0.54,0,63,60,0,23,31,36,,,0
ITA-Serie A,1920,Inter,Nicolò Barella,ITA,MF,22,1997,27,23,2013,22.4,1,4,5,1,0,0,11,0,0.04,0.18,0.22,0.04,0.22,24,5,20.8,1.07,0.22,0.04,0.2,75,58.9,83,17,4,27,1,2.3,45,21,24,1.07,-0.27,0,39,37,2,38,14,20,,,0
ITA-Serie A,1920,Juventus,Rodrigo Bentancur,URU,MF,22,1997,30,25,2196,24.4,0,7,7,0,0,0,9,0,0.0,0.29,0.29,0.0,0.29,16,3,18.8,0.66,0.12,0.0,0.0,73,64.2,83,17,5,26,4,2.07,47,27,20,0.82,-0.14,0,53,28,3,53,30,32,,,0
ITA-Serie A,1920,Lazio,Luiz Felipe,ITA,DF,22,1997,26,24,2024,22.5,1,1,2,1,0,0,6,0,0.04,0.04,0.09,0.04,0.09,8,2,25.0,0.36,0.09,0.13,0.5,78,59.2,82,17,2,29,5,2.15,48,23,25,1.11,0.34,0,18,15,2,7,43,21,,,0
ITA-Serie A,1920,Milan,Davide Calabria,ITA,DF,22,1996,25,16,1622,18.0,1,1,2,1,0,0,4,2,0.06,0.06,0.11,0.06,0.11,13,2,15.4,0.72,0.11,0.08,0.5,65,47.4,83,10,9,33,9,1.76,30,20,10,0.55,0.2,1,15,23,1,47,22,32,,,0
ITA-Serie A,1920,Milan,Franck Kessié,CIV,MF,22,1996,35,33,2904,32.3,4,1,5,2,2,2,3,0,0.12,0.03,0.15,0.06,0.09,40,13,32.5,1.24,0.4,0.05,0.15,83,84.9,86,25,2,38,2,1.86,57,37,20,0.62,1.14,0,61,21,1,13,34,28,,,0
ITA-Serie A,1920,Napoli,Alex Meret,ITA,GK,22,1997,22,21,1951,21.7,0,0,0,0,0,0,0,0,0.0,0.0,0.0,0.0,0.0,0,0,,0.0,0.0,,,89,57.0,90,21,1,61,14,1.45,35,33,2,0.09,-0.46,0,0,3,0,0,1,0,,,0
ITA-Serie A,1920,Napoli,Sebastiano Luperto,ITA,DF,22,1996,9,5,529,5.9,0,0,0,0,0,0,2,0,0.0,0.0,0.0,0.0,0.0,1,0,0.0,0.17,0.0,0.0,,59,15.5,81,4,4,31,29,1.44,4,8,-4,-0.68,-1.15,0,7,1,0,5,7,9,,,0
ITA-Serie A,1920,Roma,Amadou Diawara,GUI,MF,22,1997,22,19,1518,16.9,1,1,2,0,1,1,4,0,0.06,0.06,0.12,0.0,0.06,10,4,40.0,0.59,0.24,0.0,0.0,69,44.4,78,11,3,11,6,1.95,35,20,15,0.89,0.37,0,28,18,0,2,36,24,,,0
ITA-Serie A,1920,Roma,Cengiz Ünder,TUR,MF,22,1997,18,10,873,9.7,3,0,3,3,0,0,2,0,0.31,0.0,0.31,0.31,0.31,27,9,33.3,2.78,0.93,0.11,0.33,49,25.5,70,2,8,22,11,1.67,20,18,2,0.21,-0.64,0,5,16,0,46,7,6,,,0
ITA-Serie A,1920,Roma,Daniel Fuzato,BRA,GK,22,1997,1,1,90,1.0,0,0,0,0,0,0,0,0,0.0,0.0,0.0,0.0,0.0,0,0,,0.0,0.0,,,90,2.6,90,1,0,,35,3.0,3,1,2,2.0,1.35,0,0,0,0,0,0,0,,,0
ITA-Serie A,1920,Roma,Yıldırım Mert Çetin,TUR,DF,22,1997,6,2,257,2.9,0,0,0,0,0,0,4,1,0.0,0.0,0.0,0.0,0.0,3,0,0.0,1.05,0.0,0.0,,43,7.5,90,1,4,20,21,3.0,7,2,5,1.75,1.15,1,6,6,0,0,4,1,,,0
ITA-Serie A,1920,SPAL,Alessandro Murgia,ITA,MF,22,1996,25,19,1750,19.4,0,1,1,0,0,0,3,0,0.0,0.05,0.05,0.0,0.05,24,6,25.0,1.23,0.31,0.0,0.0,70,51.2,83,11,6,29,13,0.48,12,42,-30,-1.54,-0.47,0,23,22,2,83,19,16,,,0
ITA-Serie A,1920,SPAL,Gabriel Strefezza,BRA,MF,22,1997,32,24,2110,23.4,1,2,3,1,0,0,9,1,0.04,0.09,0.13,0.04,0.13,53,11,20.8,2.26,0.47,0.02,0.09,66,61.7,79,11,8,27,3,0.53,16,53,-37,-1.58,-0.69,1,51,61,2,71,22,39,,,0
ITA-Serie A,1920,SPAL,Karlo Letica,CRO,GK,22,1997,10,10,900,10.0,0,0,0,0,0,0,1,0,0.0,0.0,0.0,0.0,0.0,0,0,,0.0,0.0,,,90,26.3,90,10,0,,28,0.1,5,29,-24,-2.4,-1.47,0,0,1,0,0,0,0,,,0
ITA-Serie A,1920,Sampdoria,Emil Audero,IDN,GK,22,1997,36,36,3240,36.0,0,0,0,0,0,0,1,0,0.0,0.0,0.0,0.0,0.0,0,0,,0.0,0.0,,,90,94.7,90,36,0,,2,1.14,46,60,-14,-0.39,1.11,0,0,5,0,0,0,1,,,1
ITA-Serie A,1920,Sampdoria,Fabio Depaoli,ITA,"MF,DF",22,1997,29,21,1854,20.6,0,1,1,0,0,0,7,0,0.0,0.05,0.05,0.0,0.05,26,4,15.4,1.26,0.19,0.0,0.0,64,54.2,80,15,8,23,1,1.21,22,28,-6,-0.29,0.34,0,59,30,3,82,15,28,,,0
ITA-Serie A,1920,Sampdoria,Federico Bonazzoli,ITA,FW,22,1997,19,7,744,8.3,6,0,6,6,0,0,1,0,0.73,0.0,0.73,0.73,0.73,43,15,34.9,5.2,1.81,0.14,0.4,39,21.8,58,0,12,28,13,1.11,15,10,5,0.6,1.34,0,17,35,3,10,4,5,,,0
ITA-Serie A,1920,Sassuolo,Filippo Romagna,ITA,DF,22,1997,18,16,1477,16.4,0,0,0,0,0,0,3,0,0.0,0.0,0.0,0.0,0.0,2,1,50.0,0.12,0.06,0.0,0.0,82,43.2,89,15,2,28,5,1.44,25,23,2,0.12,-0.06,0,6,13,0,0,10,5,,,0
ITA-Serie A,1920,Sassuolo,Jeremie Boga,CIV,"MF,FW",22,1997,34,28,2513,27.9,11,2,13,11,0,0,0,0,0.39,0.07,0.47,0.39,0.47,57,21,36.8,2.04,0.75,0.19,0.52,74,73.5,84,14,6,27,1,1.41,47,44,3,0.11,-0.19,0,15,56,10,24,4,6,,,0
ITA-Serie A,1920,Torino,Gleison Bremer,BRA,DF,22,1997,27,27,2270,25.2,3,1,4,3,0,0,6,2,0.12,0.04,0.16,0.12,0.16,14,6,42.9,0.56,0.24,0.21,0.5,84,66.4,84,21,0,,9,1.07,35,42,-7,-0.28,0.9,2,33,20,2,1,73,38,,,0
ITA-Serie A,1920,Torino,Lyanco,BRA,DF,22,1997,17,15,1176,13.1,0,0,0,0,0,0,5,0,0.0,0.0,0.0,0.0,0.0,5,0,0.0,0.38,0.0,0.0,,69,34.4,76,8,2,17,11,0.65,8,24,-16,-1.22,-0.98,0,14,13,1,5,23,12,,,1
ITA-Serie A,1920,Torino,Ola Aina,NGA,MF,22,1996,32,20,2079,23.1,0,2,2,0,0,0,8,0,0.0,0.09,0.09,0.0,0.09,12,2,16.7,0.52,0.09,0.0,0.0,65,60.8,84,12,12,33,5,1.13,35,40,-5,-0.22,0.92,0,26,35,2,62,42,24,,,0
ITA-Serie A,1920,Torino,Saša Lukić,SRB,MF,22,1996,30,20,1861,20.7,1,1,2,1,0,0,5,1,0.05,0.05,0.1,0.05,0.1,17,4,23.5,0.82,0.19,0.06,0.25,62,54.4,85,14,10,17,3,1.07,20,39,-19,-0.92,-0.75,0,43,21,2,23,28,16,,,0
ITA-Serie A,1920,Torino,Simone Edera,ITA,"MF,FW",22,1997,13,4,398,4.4,1,1,2,1,0,0,4,1,0.23,0.23,0.45,0.23,0.45,15,7,46.7,3.39,1.58,0.07,0.14,31,11.6,67,0,9,15,13,0.85,3,12,-9,-2.04,-1.65,1,13,5,0,13,1,6,,,0
ITA-Serie A,1920,Udinese,Hidde ter Avest,NED,MF,22,1997,20,6,686,7.6,0,0,0,0,0,0,1,0,0.0,0.0,0.0,0.0,0.0,2,1,50.0,0.26,0.13,0.0,0.0,34,20.1,74,2,14,17,12,1.25,10,18,-8,-1.05,-0.85,0,6,5,0,11,10,10,,,0
ITA-Serie A,1920,Udinese,Rolando Mandragora,ITA,MF,22,1997,26,24,2050,22.8,0,2,2,0,0,0,2,0,0.0,0.09,0.09,0.0,0.09,55,8,14.5,2.41,0.35,0.0,0.0,79,59.9,83,18,2,25,1,1.08,20,31,-11,-0.48,-0.29,0,40,22,1,50,24,23,,,0
,1920,Bayern Munich,Jamal Musiala,GER,MF,16,2003,1,0,3,0.0,0,0,0,0,0,0,0,0,0.0,0.0,0.0,0.0,0.0,0,0,,0.0,0.0,,,3,0.1,,0,1,3,1,3.0,0,0,0,0.0,-2.0,0,0,1,0,0,0,0,,,0
,1920,Dortmund,Gio Reyna,USA,"MF,FW",16,2002,15,2,355,3.9,0,1,1,0,0,0,2,0,0.0,0.25,0.25,0.0,0.25,4,2,50.0,1.01,0.51,0.0,0.0,24,11.6,72,0,13,16,2,2.4,7,6,1,0.25,-1.14,0,4,13,0,6,0,2,,,0
,1920,Hoffenheim,Maximilian Beier,GER,"FW,MF",16,2002,6,0,109,1.2,0,0,0,0,0,0,1,0,0.0,0.0,0.0,0.0,0.0,5,3,60.0,4.13,2.48,0.0,0.0,18,3.6,,0,6,18,7,1.33,2,3,-1,-0.83,-0.86,0,3,1,2,3,0,2,,,0
,1920,Leverkusen,Florian Wirtz,GER,"MF,FW",16,2003,7,3,367,4.1,1,0,1,1,0,0,0,0,0.25,0.0,0.25,0.25,0.25,4,3,75.0,0.98,0.74,0.25,0.33,52,12.0,78,1,4,33,2,1.71,8,5,3,0.74,0.27,0,7,2,1,4,2,2,,,0
,1920,Hertha BSC,Lazar Samardzic,SRB,MF,17,2002,3,0,34,0.4,0,0,0,0,0,0,0,0,0.0,0.0,0.0,0.0,0.0,0,0,,0.0,0.0,,,11,1.1,,0,3,11,5,1.0,0,1,-1,-2.65,-2.35,0,0,0,0,1,0,4,,,0
,1920,Hoffenheim,Melayro Bogarde,SUR,DF,17,2002,2,1,51,0.6,0,0,0,0,0,0,1,0,0.0,0.0,0.0,0.0,0.0,1,0,0.0,1.76,0.0,0.0,,26,1.7,45,0,1,6,4,2.0,1,0,1,1.76,1.79,0,2,1,0,1,0,1,,,0
,1920,Köln,Jan Thielmann,GER,MF,17,2002,12,7,554,6.2,0,1,1,0,0,0,2,0,0.0,0.16,0.16,0.0,0.16,8,2,25.0,1.3,0.32,0.0,0.0,46,18.1,63,0,5,23,7,1.42,9,10,-1,-0.16,0.45,0,7,6,2,16,8,5,,,0
,1920,Köln,Tim Lemperle,GER,FW,17,2002,1,0,16,0.2,0,0,0,0,0,0,0,0,0.0,0.0,0.0,0.0,0.0,1,0,0.0,5.63,0.0,0.0,,16,0.5,,0,1,16,4,0.0,0,0,0,0.0,0.53,0,0,0,0,0,0,0,,,0
,1920,RB Leipzig,Dennis Borkowski,GER,"FW,MF",17,2002,1,0,9,0.1,0,0,0,0,0,0,0,0,0.0,0.0,0.0,0.0,0.0,0,0,,0.0,0.0,,,9,0.3,,0,1,9,0,3.0,0,0,0,0.0,-1.3,0,0,0,0,0,0,0,,,0
,1920,Schalke 04,Malick Thiaw,GER,"DF,MF",17,2001,4,0,76,0.8,0,0,0,0,0,0,0,0,0.0,0.0,0.0,0.0,0.0,1,1,100.0,1.18,1.18,0.0,0.0,19,2.5,,0,4,19,5,0.25,1,1,0,0.0,0.6,0,1,0,0,0,4,1,,,0
,1920,Werder Bremen,Nick Woltemade,GER,FW,17,2002,5,1,92,1.0,0,0,0,0,0,0,0,0,0.0,0.0,0.0,0.0,0.0,1,0,0.0,0.98,0.0,0.0,,18,3.0,57,0,4,9,10,0.0,1,2,-1,-0.98,-0.19,0,2,2,0,0,0,1,,,0
,1920,Bayern Munich,Alphonso Davies,CAN,DF,18,2000,29,24,2234,24.8,3,5,8,3,0,0,4,1,0.12,0.2,0.32,0.12,0.32,12,5,41.7,0.48,0.2,0.25,0.6,77,73.0,88,20,5,26,4,2.48,77,21,56,2.26,0.95,1,25,34,7,65,34,43,,,0
,1920,Bayern Munich,Joshua Zirkzee,NED,FW,18,2001,9,3,297,3.3,4,0,4,4,0,0,0,0,1.21,0.0,1.21,1.21,1.21,11,6,54.5,3.33,1.82,0.36,0.67,33,9.7,78,1,6,10,12,3.0,13,1,12,3.64,1.81,0,2,2,2,0,1,2,,,0
,1920,Bayern Munich,Leon Dajaku,GER,"FW,MF",18,2001,2,0,12,0.1,0,0,0,0,0,0,0,0,0.0,0.0,0.0,0.0,0.0,0,0,,0.0,0.0,,,6,0.4,,0,2,6,4,3.0,1,0,1,7.5,5.52,0,0,0,0,0,1,0,,,0
,1920,Bayern Munich,Oliver Batista-Meier,GER,"FW,MF",18,2001,1,0,13,0.1,0,0,0,0,0,0,0,0,0.0,0.0,0.0,0.0,0.0,0,0,,0.0,0.0,,,13,0.4,,0,1,13,10,3.0,0,0,0,0.0,-2.01,0,0,1,0,0,0,0,,,0
,1920,Düsseldorf,Kelvin Ofori,GHA,MF,18,2001,2,0,37,0.4,0,0,0,0,0,0,0,0,0.0,0.0,0.0,0.0,0.0,1,0,0.0,2.43,0.0,0.0,,19,1.2,,0,2,19,15,1.0,2,0,2,4.86,5.85,0,0,0,0,0,0,0,,,0
,1920,Hertha BSC,Daishawn Redan,NED,FW,18,2001,1,0,21,0.2,0,0,0,0,0,0,0,0,0.0,0.0,0.0,0.0,0.0,1,0,0.0,4.29,0.0,0.0,,21,0.7,,0,1,21,1,0.0,0,2,-2,-8.57,-8.3,0,0,0,0,0,0,0,,,0
,1920,Köln,Noah Katterbach,GER,DF,18,2001,18,16,1316,14.6,0,0,0,0,0,0,2,0,0.0,0.0,0.0,0.0,0.0,3,2,66.7,0.21,0.14,0.0,0.0,73,43.0,76,11,2,54,3,1.22,24,30,-6,-0.41,0.21,0,10,23,0,21,29,25,,,0
,1920,RB Leipzig,Ethan Ampadu,WAL,"DF,MF",18,2000,3,0,81,0.9,0,0,0,0,0,0,0,0,0.0,0.0,0.0,0.0,0.0,1,0,0.0,1.11,0.0,0.0,,27,2.6,,0,3,27,17,3.0,3,1,2,2.22,0.95,0,0,0,0,0,1,4,,,0
,1920,RB Leipzig,Tom Krauß,GER,MF,18,2001,1,0,4,0.0,0,0,0,0,0,0,0,0,0.0,0.0,0.0,0.0,0.0,0,0,,0.0,0.0,,,4,0.1,,0,1,4,9,3.0,0,0,0,0.0,-1.3,0,0,0,0,0,0,1,,,0
,1920,Schalke 04,Can Bozdogan,GER,MF,18,2001,3,3,235,2.6,0,0,0,0,0,0,2,1,0.0,0.0,0.0,0.0,0.0,4,2,50.0,1.53,0.77,0.0,0.0,78,7.7,78,1,0,,1,0.33,2,6,-4,-1.53,-1.02,1,4,3,1,0,2,6,,,0
,1920,Schalke 04,Levent Mercan,GER,MF,18,2000,5,1,71,0.8,0,0,0,0,0,0,0,0,0.0,0.0,0.0,0.0,0.0,0,0,,0.0,0.0,,,14,2.3,45,0,4,7,25,0.4,0,3,-3,-3.8,-3.29,0,2,3,0,1,1,0,,,0
,1920,Schalke 04,Rabbi Matondo,WAL,"FW,MF",18,2000,20,14,1162,12.9,2,0,2,2,0,0,1,0,0.15,0.0,0.15,0.15,0.15,23,7,30.4,1.78,0.54,0.09,0.29,58,38.0,73,3,6,23,9,0.75,12,28,-16,-1.24,-1.05,0,22,17,15,10,5,5,,,0
,1920,Bayern Munich,Chris Richards,USA,DF,19,2000,1,0,7,0.1,0,0,0,0,0,0,0,0,0.0,0.0,0.0,0.0,0.0,0,0,,0.0,0.0,,,7,0.2,,0,1,7,1,3.0,0,0,0,0.0,-2.0,0,0,0,0,0,0,0,,,0
,1920,Bayern Munich,Mickaël Cuisance,FRA,MF,19,1999,9,3,307,3.4,1,0,1,1,0,0,1,0,0.29,0.0,0.29,0.29,0.29,12,1,8.3,3.52,0.29,0.08,1.0,34,10.0,71,1,6,16,18,3.0,13,2,11,3.22,1.36,0,11,3,0,15,3,1,,,0
,1920,Dortmund,Erling Haaland,NOR,FW,19,2000,15,11,1063,11.8,13,2,15,13,0,0,0,0,1.1,0.17,1.27,1.1,1.27,33,19,57.6,2.79,1.61,0.39,0.68,71,34.7,86,7,4,30,0,2.2,31,12,19,1.61,0.53,0,10,7,3,6,3,2,,,0
,1920,Dortmund,Jadon Sancho,ENG,"MF,FW",19,2000,32,25,2287,25.4,17,16,33,17,0,0,2,0,0.67,0.63,1.3,0.67,1.3,52,28,53.8,2.05,1.1,0.33,0.61,71,74.7,84,15,7,28,1,1.97,72,31,41,1.61,1.38,0,9,17,9,77,15,10,,,0
,1920,Dortmund,Mateu Morey,ESP,MF,19,2000,5,2,197,2.2,0,1,1,0,0,0,0,0,0.0,0.46,0.46,0.0,0.46,2,1,50.0,0.91,0.46,0.0,0.0,39,6.4,84,1,3,10,16,1.8,3,4,-1,-0.46,-1.84,0,3,4,0,10,4,4,,,0
,1920,Dortmund,Tobias Raschl,GER,MF,19,2000,1,0,26,0.3,0,0,0,0,0,0,0,0,0.0,0.0,0.0,0.0,0.0,0,0,,0.0,0.0,,,26,0.8,,0,1,26,10,0.0,0,0,0,0.0,-1.28,0,1,0,0,0,0,0,,,0
,1920,Eintracht Frankfurt,Dejan Joveljić,SRB,FW,19,1999,4,2,150,1.7,0,0,0,0,0,0,1,0,0.0,0.0,0.0,0.0,0.0,0,0,,0.0,0.0,,,38,4.9,68,1,2,8,12,1.0,2,4,-2,-1.2,-1.23,0,4,1,2,1,0,2,,,0
,1920,Eintracht Frankfurt,Obite N'Dicka,CIV,DF,19,1999,22,20,1721,19.1,1,1,2,1,0,0,3,0,0.05,0.05,0.1,0.05,0.1,10,2,20.0,0.52,0.1,0.1,0.5,78,56.2,85,15,2,15,12,1.09,28,36,-8,-0.42,-0.89,0,17,8,0,10,29,13,,,1
,1920,Freiburg,Nico Schlotterbeck,GER,DF,19,1999,13,4,373,4.1,0,0,0,0,0,0,0,0,0.0,0.0,0.0,0.0,0.0,3,1,33.3,0.72,0.24,0.0,0.0,29,12.2,81,3,9,5,20,1.77,10,8,2,0.48,0.52,0,6,10,0,5,4,3,,,0
,1920,Freiburg,Yannik Keitel,GER,MF,19,2000,3,2,174,1.9,0,0,0,0,0,0,0,0,0.0,0.0,0.0,0.0,0.0,2,1,50.0,1.03,0.52,0.0,0.0,58,5.7,65,0,1,45,7,1.0,5,3,2,1.03,1.07,0,5,1,0,0,4,1,,,0
,1920,Gladbach,Jordan Beyer,GER,DF,19,2000,3,0,110,1.2,0,0,0,0,0,0,1,0,0.0,0.0,0.0,0.0,0.0,0,0,,0.0,0.0,,,37,3.6,,0,3,37,8,1.33,2,3,-1,-0.82,-1.64,0,2,2,0,1,1,1,,,0
,1920,Hertha BSC,Jessic Ngankam,GER,FW,19,2000,4,0,85,0.9,0,1,1,0,0,0,0,0,0.0,1.06,1.06,0.0,1.06,0,0,,0.0,0.0,,,21,2.8,,0,4,21,5,1.0,2,2,0,0.0,0.33,0,4,1,0,1,0,3,,,0
,1920,Hoffenheim,Christoph Baumgartner,AUT,"MF,FW",19,1999,26,17,1493,16.6,7,2,9,7,0,0,3,0,0.42,0.12,0.54,0.42,0.54,56,23,41.1,3.38,1.39,0.13,0.3,57,48.8,76,6,9,21,6,1.46,24,29,-5,-0.3,-0.59,0,37,29,6,17,7,18,,,0
,1920,Hoffenheim,Ilay Elmkies,ISR,MF,19,2000,1,0,1,0.0,0,0,0,0,0,0,0,0,0.0,0.0,0.0,0.0,0.0,0,0,,0.0,0.0,,,1,0.0,,0,1,1,2,0.0,0,0,0,0.0,0.0,0,0,0,0,0,0,1,,,0
,1920,Köln,Darko Churlinov,MKD,"FW,MF",19,2000,1,0,21,0.2,0,0,0,0,0,0,0,0,0.0,0.0,0.0,0.0,0.0,0,0,,0.0,0.0,,,21,0.7,,0,1,21,1,0.0,1,0,1,4.29,4.85,0,1,0,1,2,1,1,,,0
,1920,Köln,Ismail Jakobs,SEN,MF,19,1999,20,20,1672,18.6,2,2,4,2,0,0,4,0,0.11,0.11,0.22,0.11,0.22,18,10,55.6,0.97,0.54,0.11,0.2,84,54.6,84,13,0,,0,1.4,35,38,-3,-0.16,0.81,0,18,6,9,73,24,22,,,0
,1920,Leverkusen,Paulinho,BRA,MF,19,2000,13,1,304,3.4,3,2,5,3,0,0,1,0,0.89,0.59,1.48,0.89,1.48,9,4,44.4,2.66,1.18,0.33,0.75,23,9.9,90,1,12,18,16,1.85,10,2,8,2.37,2.07,0,5,6,1,8,1,3,,,0
,1920,Mainz 05,Jonathan Burkardt,GER,"MF,FW",19,2000,8,3,253,2.8,1,0,1,1,0,0,0,0,0.36,0.0,0.36,0.36,0.36,7,2,28.6,2.49,0.71,0.14,0.5,32,8.3,68,0,5,10,17,1.25,5,4,1,0.36,1.06,0,2,5,0,2,0,4,,,0
,1920,Mainz 05,Leandro Barreiro Martins,LUX,MF,19,2000,18,11,938,10.4,0,2,2,0,0,0,4,0,0.0,0.19,0.19,0.0,0.19,8,1,12.5,0.77,0.1,0.0,0.0,52,30.7,74,4,7,18,14,1.39,12,15,-3,-0.29,0.48,0,26,23,0,5,9,20,,,0
,1920,Paderborn 07,Dennis Jastrzembski,POL,MF,19,2000,6,1,177,2.0,0,0,0,0,0,0,0,0,0.0,0.0,0.0,0.0,0.0,2,1,50.0,1.02,0.51,0.0,0.0,30,5.8,62,0,5,23,8,0.5,2,5,-3,-1.53,-0.46,0,1,2,0,9,3,0,,,0
,1920,Paderborn 07,Luca Kilian,GER,DF,19,1999,15,14,1261,14.0,0,0,0,0,0,0,1,0,0.0,0.0,0.0,0.0,0.0,1,0,0.0,0.07,0.0,0.0,,84,41.2,89,13,1,17,5,0.73,17,29,-12,-0.86,0.39,0,6,5,1,1,11,26,,,0
,1920,Schalke 04,Ahmed Kutucu,TUR,FW,19,2000,25,3,679,7.5,3,2,5,3,0,0,2,0,0.4,0.27,0.66,0.4,0.66,16,5,31.3,2.12,0.66,0.19,0.6,27,22.2,58,0,22,23,6,0.92,12,20,-8,-1.06,-0.61,0,11,5,4,6,2,7,,,0
,1920,Schalke 04,Jean-Clair Todibo,FRA,DF,19,1999,8,4,365,4.1,0,0,0,0,0,0,2,0,0.0,0.0,0.0,0.0,0.0,3,1,33.3,0.74,0.25,0.0,0.0,46,11.9,61,1,4,31,3,0.5,2,7,-5,-1.23,-0.73,0,6,5,1,0,14,10,,,0
,1920,Schalke 04,Juan Miranda,ESP,"DF,MF",19,2000,11,8,781,8.7,0,0,0,0,0,0,2,0,0.0,0.0,0.0,0.0,0.0,5,1,20.0,0.58,0.12,0.0,0.0,71,25.5,85,5,3,34,16,0.73,7,16,-9,-1.04,-0.6,0,11,17,1,28,9,11,,,1
,1920,Schalke 04,Ozan Kabak,TUR,DF,19,2000,26,21,1777,19.7,3,1,4,3,0,0,4,0,0.15,0.05,0.2,0.15,0.2,11,7,63.6,0.56,0.35,0.27,0.43,68,58.1,82,18,5,10,4,1.15,22,38,-16,-0.81,-0.53,0,22,13,0,1,35,27,,,0
,1920,Werder Bremen,Josh Sargent,USA,FW,19,2000,28,15,1416,15.7,4,2,6,4,0,0,2,0,0.25,0.13,0.38,0.25,0.38,30,13,43.3,1.91,0.83,0.13,0.31,51,46.3,77,1,13,20,2,1.11,24,23,1,0.06,1.6,0,23,37,6,5,12,7,,,0
,1920,Werder Bremen,Luc Ihorst,GER,FW,19,2000,1,0,11,0.1,0,0,0,0,0,0,0,0,0.0,0.0,0.0,0.0,0.0,0,0,,0.0,0.0,,,11,0.4,,0,1,11,1,0.0,0,1,-1,-8.18,-7.41,0,0,0,0,0,0,1,,,0
,1920,Wolfsburg,Mamoudou Karamoko,FRA,FW,19,1999,1,0,9,0.1,0,0,0,0,0,0,0,0,0.0,0.0,0.0,0.0,0.0,0,0,,0.0,0.0,,,9,0.3,,0,1,9,1,3.0,0,0,0,0.0,-0.06,0,0,0,0,0,0,0,,,0
,1920,Augsburg,Reece Oxford,ENG,MF,20,1998,12,2,375,4.2,0,0,0,0,0,0,0,0,0.0,0.0,0.0,0.0,0.0,2,0,0.0,0.48,0.0,0.0,,31,12.3,76,1,10,22,10,1.0,4,13,-9,-2.16,-1.86,0,1,6,0,0,5,4,,,0
,1920,Augsburg,Ruben Vargas,SUI,MF,20,1998,33,29,2530,28.1,6,1,7,6,0,0,8,0,0.21,0.04,0.25,0.21,0.25,60,25,41.7,2.13,0.89,0.1,0.24,77,82.7,84,17,4,25,0,1.0,34,53,-19,-0.68,-0.85,0,40,38,6,26,25,15,,,0
,1920,Bayern Munich,Sarpreet Singh,NZL,MF,20,1999,2,1,72,0.8,0,0,0,0,0,0,0,0,0.0,0.0,0.0,0.0,0.0,1,0,0.0,1.25,0.0,0.0,,36,2.4,63,0,1,9,8,3.0,3,1,2,2.5,0.51,0,3,0,1,1,0,0,,,0
,1920,Dortmund,Achraf Hakimi,MAR,"MF,DF",20,1998,33,29,2715,30.2,5,10,15,5,0,0,5,0,0.17,0.33,0.5,0.17,0.5,38,20,52.6,1.26,0.66,0.13,0.25,82,88.7,89,25,4,36,0,2.0,73,34,39,1.29,0.25,0,24,50,2,93,29,41,,,0
,1920,Dortmund,Dan-Axel Zagadou,FRA,DF,20,1999,15,10,983,10.9,1,1,2,1,0,0,1,0,0.09,0.09,0.18,0.09,0.18,4,3,75.0,0.37,0.27,0.25,0.33,66,32.1,90,10,5,17,10,2.13,32,12,20,1.83,0.83,0,6,1,0,1,15,11,,,0
,1920,Dortmund,Jacob Bruun Larsen,DEN,"FW,MF",20,1998,4,0,68,0.8,0,1,1,0,0,0,0,0,0.0,1.32,1.32,0.0,1.32,0,0,,0.0,0.0,,,17,2.2,,0,4,17,11,1.5,4,2,2,2.65,1.41,0,1,2,0,0,0,0,,,0
,1920,Dortmund,Leonardo Balerdi,ARG,DF,20,1999,7,1,133,1.5,0,0,0,0,0,0,1,0,0.0,0.0,0.0,0.0,0.0,0,0,,0.0,0.0,,,19,4.3,64,0,6,12,17,2.57,3,4,-1,-0.68,-2.03,0,1,0,0,0,4,1,,,0
,1920,Freiburg,Gian-Luca Itter,GER,DF,20,1999,3,0,35,0.4,0,0,0,0,0,0,0,0,0.0,0.0,0.0,0.0,0.0,0,0,,0.0,0.0,,,12,1.1,,0,3,12,14,1.33,0,0,0,0.0,-0.03,0,0,1,0,2,1,1,,,0
,1920,Freiburg,Lino Tempelmann,GER,MF,20,1999,1,1,33,0.4,0,0,0,0,0,0,0,0,0.0,0.0,0.0,0.0,0.0,1,0,0.0,2.73,0.0,0.0,,33,1.1,33,0,0,,16,3.0,0,0,0,0.0,-0.03,0,1,0,0,1,0,0,,,0
,1920,Freiburg,Niclas Thiede,GER,GK,20,1999,1,0,69,0.8,0,0,0,0,0,0,0,0,0.0,0.0,0.0,0.0,0.0,0,0,,0.0,0.0,,,69,2.3,,0,1,69,16,0.0,0,1,-1,-1.3,-1.36,0,0,1,0,0,0,0,,,0
,1920,Gladbach,Keanan Bennetts,ENG,MF,20,1999,1,0,1,0.0,0,0,0,0,0,0,0,0,0.0,0.0,0.0,0.0,0.0,0,0,,0.0,0.0,,,1,0.0,,0,1,1,2,3.0,0,0,0,0.0,-0.76,0,0,0,0,0,0,0,,,0
,1920,Gladbach,Torben Müsel,GER,"FW,MF",20,1999,1,0,1,0.0,0,0,0,0,0,0,0,0,0.0,0.0,0.0,0.0,0.0,0,0,,0.0,0.0,,,1,0.0,,0,1,1,3,3.0,0,0,0,0.0,-0.76,0,0,0,0,0,1,0,,,0
,1920,Hertha BSC,Arne Maier,GER,MF,20,1999,14,5,535,5.9,0,0,0,0,0,0,0,0,0.0,0.0,0.0,0.0,0.0,6,3,50.0,1.01,0.5,0.0,0.0,38,17.5,74,3,9,18,5,1.21,8,12,-4,-0.67,-0.42,0,4,4,0,15,7,6,,,0
,1920,Hertha BSC,Dennis Smarsch,GER,GK,20,1999,2,1,151,1.7,0,0,0,0,0,0,0,0,0.0,0.0,0.0,0.0,0.0,0,0,,0.0,0.0,,,76,4.9,90,1,1,61,11,0.0,1,4,-3,-1.79,-1.54,0,0,0,0,0,0,0,,,0
,1920,Hertha BSC,Matheus Cunha,BRA,"FW,MF",20,1999,11,9,744,8.3,6,0,6,6,0,0,3,0,0.73,0.0,0.73,0.73,0.73,35,15,42.9,4.23,1.81,0.17,0.4,68,24.3,80,5,2,12,0,1.36,18,14,4,0.48,1.07,0,25,29,2,5,9,6,,,0
,1920,Hoffenheim,Jacob Bruun Larsen,DEN,"MF,FW",20,1998,11,5,391,4.3,0,1,1,0,0,0,0,0,0.0,0.23,0.23,0.0,0.23,4,1,25.0,0.92,0.23,0.0,0.0,36,12.8,50,0,6,23,2,1.45,4,7,-3,-0.69,-0.79,0,2,1,0,6,3,4,,,0
,1920,Hoffenheim,Lucas Ribeiro,BRA,DF,20,1999,2,0,65,0.7,1,0,1,1,0,0,1,0,1.38,0.0,1.38,1.38,1.38,1,1,100.0,1.38,1.38,1.0,1.0,33,2.1,,0,2,33,18,0.5,1,3,-2,-2.77,-2.83,0,1,2,0,0,1,1,,,0
,1920,Köln,Sebastiaan Bornauw,BEL,DF,20,1999,28,28,2447,27.2,6,0,6,6,0,0,5,1,0.22,0.0,0.22,0.22,0.22,18,7,38.9,0.66,0.26,0.33,0.86,87,80.0,87,26,0,,1,1.04,38,56,-18,-0.66,-0.66,0,41,9,2,6,40,27,,,0
,1920,Leverkusen,Edmond Tapsoba,BFA,DF,20,1999,14,12,1058,11.8,0,0,0,0,0,0,2,0,0.0,0.0,0.0,0.0,0.0,3,0,0.0,0.26,0.0,0.0,,76,34.6,87,11,2,6,0,2.07,28,20,8,0.68,0.28,0,13,3,0,0,9,14,,,0
,1920,Leverkusen,Exequiel Palacios,ARG,MF,20,1998,3,2,177,2.0,0,0,0,0,0,0,0,0,0.0,0.0,0.0,0.0,0.0,5,0,0.0,2.54,0.0,0.0,,59,5.8,77,1,1,24,7,2.33,3,1,2,1.02,0.55,0,1,5,0,0,1,7,,,0
,1920,Leverkusen,Kai Havertz,GER,"MF,FW",20,1999,30,29,2454,27.3,12,6,18,11,1,1,3,0,0.44,0.22,0.66,0.4,0.62,59,26,44.1,2.16,0.95,0.19,0.42,82,80.2,84,20,1,26,1,1.93,50,35,15,0.55,0.25,0,26,33,12,28,3,15,,,0
,1920,Leverkusen,Moussa Diaby,FRA,"MF,FW",20,1999,28,18,1771,19.7,5,5,10,5,0,0,3,0,0.25,0.25,0.51,0.25,0.51,41,23,56.1,2.08,1.17,0.12,0.22,63,57.9,84,12,10,26,6,1.86,33,29,4,0.2,-0.7,0,13,20,9,90,8,9,,,0
,1920,Leverkusen,Panagiotis Retsos,GRE,DF,20,1998,3,1,114,1.3,0,0,0,0,0,0,0,0,0.0,0.0,0.0,0.0,0.0,0,0,,0.0,0.0,,,38,3.7,44,0,2,35,15,1.0,0,3,-3,-2.37,-2.98,0,1,0,0,0,2,3,,,0
,1920,Paderborn 07,Antony Evans,ENG,MF,20,1998,6,2,156,1.7,0,0,0,0,0,0,0,0,0.0,0.0,0.0,0.0,0.0,2,1,50.0,1.15,0.58,0.0,0.0,26,5.1,64,0,4,7,5,0.33,2,6,-4,-2.31,-1.28,0,5,1,0,16,2,4,,,0
,1920,Paderborn 07,Jan Luca Rumpf,GER,DF,20,1999,1,1,90,1.0,0,0,0,0,0,0,0,0,0.0,0.0,0.0,0.0,0.0,1,0,0.0,1.0,0.0,0.0,,90,2.9,90,1,0,,2,0.0,1,5,-4,-4.0,-3.0,0,1,1,0,0,0,0,,,0
,1920,RB Leipzig,Dayot Upamecano,FRA,DF,20,1998,28,27,2357,26.2,0,1,1,0,0,0,8,1,0.0,0.04,0.04,0.0,0.04,13,4,30.8,0.5,0.15,0.0,0.0,84,77.0,86,24,1,45,0,1.86,66,32,34,1.3,0.02,1,27,13,1,2,43,31,,,0
,1920,RB Leipzig,Hannes Wolf,AUT,"FW,MF",20,1999,5,0,58,0.6,0,0,0,0,0,0,0,0,0.0,0.0,0.0,0.0,0.0,0,0,,0.0,0.0,,,12,1.9,,0,5,12,13,2.2,1,2,-1,-1.55,-2.9,0,2,1,0,0,0,0,,,0
,1920,RB Leipzig,Ibrahima Konaté,FRA,DF,20,1999,8,6,569,6.3,0,0,0,0,0,0,2,0,0.0,0.0,0.0,0.0,0.0,1,0,0.0,0.16,0.0,0.0,,71,18.6,90,6,2,15,4,2.38,15,5,10,1.58,0.35,0,4,6,0,4,7,6,,,0
,1920,RB Leipzig,Matheus Cunha,BRA,FW,20,1999,10,2,279,3.1,0,1,1,0,0,0,0,0,0.0,0.32,0.32,0.0,0.32,16,7,43.8,5.16,2.26,0.0,0.0,28,9.1,66,0,8,19,7,1.6,7,2,5,1.61,0.35,0,9,6,3,1,1,2,,,0
,1920,RB Leipzig,Tyler Adams,USA,"MF,DF",20,1999,14,10,953,10.6,0,0,0,0,0,0,0,0,0.0,0.0,0.0,0.0,0.0,7,1,14.3,0.66,0.09,0.0,0.0,68,31.1,82,4,4,33,1,1.71,14,13,1,0.09,-1.74,0,9,16,0,10,13,15,,,0
,1920,Schalke 04,Nassim Boujellab,MAR,"FW,MF",20,1999,11,3,419,4.7,0,0,0,0,0,0,2,0,0.0,0.0,0.0,0.0,0.0,6,0,0.0,1.29,0.0,0.0,,38,13.7,82,0,8,22,12,0.64,2,10,-8,-1.72,-1.31,0,11,4,1,0,8,10,,,0
,1920,Schalke 04,Weston McKennie,USA,"MF,DF",20,1998,28,24,2074,23.0,3,0,3,3,0,0,8,0,0.13,0.0,0.13,0.13,0.13,32,8,25.0,1.39,0.35,0.09,0.38,74,67.8,82,17,4,26,0,1.14,26,41,-15,-0.65,-0.19,0,37,15,0,9,48,19,,,0
,1920,Werder Bremen,Benjamin Goller,GER,FW,20,1999,10,2,288,3.2,0,0,0,0,0,0,0,0,0.0,0.0,0.0,0.0,0.0,2,0,0.0,0.62,0.0,0.0,,29,9.4,90,2,8,14,8,0.9,2,6,-4,-1.25,-0.5,0,4,5,0,4,1,3,,,0
,1920,Wolfsburg,Luca Horn,GER,MF,20,1998,1,0,6,0.1,0,0,0,0,0,0,0,0,0.0,0.0,0.0,0.0,0.0,0,0,,0.0,0.0,,,6,0.2,,0,1,6,5,0.0,0,0,0,0.0,-0.06,0,0,0,0,0,0,0,,,0
,1920,Wolfsburg,Lukas Nmecha,GER,MF,20,1998,6,1,131,1.5,0,0,0,0,0,0,1,0,0.0,0.0,0.0,0.0,0.0,3,0,0.0,2.06,0.0,0.0,,22,4.3,65,0,5,13,6,1.0,1,4,-3,-2.06,-2.21,0,3,5,1,1,0,0,,,0
,1920,Wolfsburg,Omar Marmoush,EGY,"FW,MF",20,1999,5,0,81,0.9,0,0,0,0,0,0,0,0,0.0,0.0,0.0,0.0,0.0,1,1,100.0,1.11,1.11,0.0,0.0,16,2.6,,0,5,16,4,1.4,0,3,-3,-3.33,-3.48,0,2,0,0,1,1,1,,,0
,1920,Augsburg,Fredrik Jensen,FIN,"MF,FW",21,1997,10,5,457,5.1,1,0,1,1,0,0,0,0,0.2,0.0,0.2,0.2,0.2,6,3,50.0,1.18,0.59,0.17,0.33,46,14.9,76,1,5,15,6,1.1,13,13,0,0.0,0.62,0,3,3,6,5,1,1,,,0
,1920,Augsburg,Marco Richter,GER,MF,21,1997,31,26,2280,25.3,4,3,7,4,0,0,2,0,0.16,0.12,0.28,0.16,0.28,64,20,31.3,2.53,0.79,0.06,0.2,74,74.5,82,13,5,30,1,1.13,37,41,-4,-0.16,1.46,0,32,40,3,54,22,16,,,0
,1920,Augsburg,Ohis Felix Uduokhai,GER,DF,21,1997,26,21,1966,21.8,0,0,0,0,0,0,3,0,0.0,0.0,0.0,0.0,0.0,4,0,0.0,0.18,0.0,0.0,,76,64.2,90,21,5,15,6,1.15,21,39,-18,-0.82,-0.82,0,14,15,1,0,35,30,,,0
,1920,Augsburg,Sergio Córdova,VEN,FW,21,1997,16,4,367,4.1,2,1,3,2,0,0,0,0,0.49,0.25,0.74,0.49,0.74,5,2,40.0,1.23,0.49,0.4,1.0,23,12.0,63,0,12,10,5,1.38,9,5,4,0.98,1.72,0,6,12,1,2,1,0,,,0
,1920,Bayern Munich,Renato Sanches,POR,MF,21,1997,1,0,6,0.1,0,0,0,0,0,0,0,0,0.0,0.0,0.0,0.0,0.0,0,0,,0.0,0.0,,,6,0.2,,0,1,6,0,1.0,0,0,0,0.0,-2.0,0,0,1,0,0,0,0,,,0
,1920,Düsseldorf,Aymen Barkok,MAR,MF,21,1998,3,1,79,0.9,0,0,0,0,0,0,0,0,0.0,0.0,0.0,0.0,0.0,0,0,,0.0,0.0,,,26,2.6,45,0,2,17,3,0.0,0,3,-3,-3.42,-2.57,0,0,0,0,0,3,1,,,0
,1920,Düsseldorf,Bernard Tekpetey,GHA,"MF,FW",21,1997,9,5,448,5.0,0,1,1,0,0,0,4,0,0.0,0.2,0.2,0.0,0.2,11,1,9.1,2.21,0.2,0.0,0.0,50,14.6,68,1,4,27,12,0.56,3,10,-7,-1.41,-0.58,0,14,13,3,13,2,4,,,0
,1920,Gladbach,László Bénes,SVK,MF,21,1997,22,10,898,10.0,0,4,4,0,0,0,3,0,0.0,0.4,0.4,0.0,0.4,23,6,26.1,2.31,0.6,0.0,0.0,41,29.3,77,5,12,11,9,2.0,22,14,8,0.8,0.05,0,14,24,1,60,9,8,,,0
,1920,Gladbach,Mamadou Doucouré,FRA,DF,21,1998,2,0,2,0.0,0,0,0,0,0,0,0,0,0.0,0.0,0.0,0.0,0.0,0,0,,0.0,0.0,,,1,0.1,,0,2,1,6,3.0,0,0,0,0.0,-0.77,0,0,1,0,0,0,0,,,0
,1920,Gladbach,Marcus Thuram,FRA,"MF,FW",21,1997,31,28,2202,24.5,10,8,18,10,0,0,3,0,0.41,0.33,0.74,0.41,0.74,56,38,67.9,2.29,1.55,0.18,0.26,71,72.0,76,10,3,21,0,1.81,43,26,17,0.69,-0.25,0,52,61,20,34,13,18,,,0
,1920,Hertha BSC,Dodi Lukebakio,BEL,"MF,FW",21,1997,30,24,2031,22.6,7,6,13,7,0,0,2,0,0.31,0.27,0.58,0.31,0.58,40,18,45.0,1.77,0.8,0.18,0.39,68,66.4,76,6,6,37,4,1.13,28,37,-9,-0.4,-0.22,0,26,27,10,56,10,15,,,0
,1920,Hertha BSC,Javairô Dilrosun,NED,MF,21,1998,23,16,1309,14.5,4,2,6,4,0,0,2,0,0.28,0.14,0.41,0.28,0.41,19,6,31.6,1.31,0.41,0.21,0.67,57,42.8,73,6,7,21,3,1.39,17,21,-4,-0.28,0.08,0,6,19,3,34,18,9,,,0
,1920,Hertha BSC,Jordan Torunarigha,GER,DF,21,1997,18,16,1462,16.2,1,1,2,1,0,0,3,0,0.06,0.06,0.12,0.06,0.12,2,1,50.0,0.12,0.06,0.5,1.0,81,47.8,90,16,2,11,14,1.28,25,26,-1,-0.06,0.5,0,17,5,0,2,31,20,,,0
,1920,Hoffenheim,Dennis Geiger,GER,MF,21,1998,21,13,1136,12.6,0,3,3,0,0,0,3,0,0.0,0.24,0.24,0.0,0.24,13,0,0.0,1.03,0.0,0.0,,54,37.1,75,3,8,20,5,1.38,11,23,-12,-0.95,-1.51,0,27,15,1,57,6,5,,,0
,1920,Köln,Elvis Rexhbeçaj,KVX,MF,21,1997,13,7,623,6.9,0,3,3,0,0,0,3,0,0.0,0.43,0.43,0.0,0.43,13,7,53.8,1.88,1.01,0.0,0.0,48,20.4,75,3,6,16,3,1.0,17,15,2,0.29,1.03,0,8,13,0,13,3,10,,,0
,1920,Leverkusen,Leon Bailey,JAM,"MF,FW",21,1997,22,12,1090,12.1,5,3,8,5,0,0,0,2,0.41,0.25,0.66,0.41,0.66,29,11,37.9,2.39,0.91,0.17,0.45,50,35.6,67,1,10,28,1,1.86,23,17,6,0.5,-0.01,0,16,18,6,79,9,3,,,0
,1920,Mainz 05,Florian Müller,GER,GK,21,1997,13,12,1125,12.5,0,0,0,0,0,0,0,0,0.0,0.0,0.0,0.0,0.0,0,0,,0.0,0.0,,,87,36.8,90,12,1,45,18,0.92,13,25,-12,-0.96,-0.54,0,0,0,0,0,2,0,,,0
,1920,Mainz 05,Ridle Baku,GER,"MF,DF",21,1998,30,26,2351,26.1,1,3,4,1,0,0,5,1,0.04,0.11,0.15,0.04,0.15,22,6,27.3,0.84,0.23,0.05,0.17,78,76.8,86,23,4,31,1,1.03,32,54,-22,-0.84,-0.97,0,33,41,2,85,42,30,,,0
,1920,Mainz 05,Ronaël Pierre-Gabriel,FRA,DF,21,1998,8,8,574,6.4,0,1,1,0,0,0,3,0,0.0,0.16,0.16,0.0,0.16,2,0,0.0,0.31,0.0,0.0,,72,18.8,72,3,0,,12,0.5,4,22,-18,-2.82,-2.71,0,5,7,0,8,9,10,,,0
,1920,Mainz 05,Taiwo Awoniyi,NGA,"MF,FW",21,1997,12,5,483,5.4,1,0,1,1,0,0,1,0,0.19,0.0,0.19,0.19,0.19,14,3,21.4,2.61,0.56,0.07,0.33,40,15.8,62,2,7,25,8,0.67,7,9,-2,-0.37,0.29,0,5,3,3,9,2,0,,,0
,1920,Paderborn 07,Sebastian Vasiliadis,GRE,MF,21,1997,32,32,2808,31.2,1,1,2,1,0,0,10,0,0.03,0.03,0.06,0.03,0.06,37,8,21.6,1.19,0.26,0.03,0.13,88,91.8,88,28,0,,0,0.53,33,64,-31,-0.99,1.15,0,49,24,0,14,34,43,,,0
,1920,RB Leipzig,Ademola Lookman,NGA,FW,21,1997,11,1,309,3.4,0,0,0,0,0,0,0,0,0.0,0.0,0.0,0.0,0.0,10,1,10.0,2.91,0.29,0.0,0.0,28,10.1,90,1,10,22,19,1.27,6,7,-1,-0.29,-1.76,0,8,4,0,14,1,4,,,0
,1920,RB Leipzig,Amadou Haidara,MLI,MF,21,1998,19,5,756,8.4,0,1,1,0,0,0,1,0,0.0,0.12,0.12,0.0,0.12,19,6,31.6,2.26,0.71,0.0,0.0,40,24.7,86,3,14,23,15,2.05,16,15,1,0.12,-1.56,0,18,4,1,7,7,14,,,0
,1920,RB Leipzig,Christopher Nkunku,FRA,"MF,FW",21,1997,32,21,1925,21.4,5,13,18,5,0,0,2,0,0.23,0.61,0.84,0.23,0.84,52,25,48.1,2.43,1.17,0.1,0.2,60,62.9,78,9,11,26,2,1.88,56,20,36,1.68,1.05,0,24,40,6,122,18,15,,,0
,1920,RB Leipzig,Dani Olmo,ESP,"MF,FW",21,1998,12,9,747,8.3,3,1,4,3,0,0,1,0,0.36,0.12,0.48,0.36,0.48,21,6,28.6,2.53,0.72,0.14,0.5,62,24.4,71,1,3,35,3,1.75,20,5,15,1.81,0.68,0,10,20,0,17,5,14,,,0
,1920,RB Leipzig,Marcelo Saracchi,URU,DF,21,1998,4,1,179,2.0,1,0,1,1,0,0,1,0,0.5,0.0,0.5,0.5,0.5,4,1,25.0,2.01,0.5,0.25,1.0,45,5.8,90,1,3,30,7,2.5,2,3,-1,-0.5,-1.91,0,1,1,0,7,1,6,,,0
,1920,RB Leipzig,Nordi Mukiele,FRA,"DF,MF",21,1997,25,21,1783,19.8,3,1,4,3,0,0,1,0,0.15,0.05,0.2,0.15,0.2,21,6,28.6,1.06,0.3,0.14,0.5,71,58.3,81,15,4,23,8,2.16,51,23,28,1.41,0.29,0,15,27,2,31,50,41,,,0
,1920,Schalke 04,Fabian Reese,GER,FW,21,1997,2,1,86,1.0,0,0,0,0,0,0,0,0,0.0,0.0,0.0,0.0,0.0,3,0,0.0,3.14,0.0,0.0,,43,2.8,69,0,1,17,8,1.0,1,0,1,1.05,1.68,0,0,1,1,1,0,1,,,0
,1920,Schalke 04,Markus Schubert,GER,GK,21,1998,9,8,742,8.2,0,0,0,0,0,0,0,0,0.0,0.0,0.0,0.0,0.0,0,0,,0.0,0.0,,,82,24.2,90,8,1,22,20,1.0,7,18,-11,-1.33,-0.98,0,0,2,0,0,0,0,,,0
,1920,Union Berlin,Julian Ryerson,NOR,MF,21,1997,14,3,368,4.1,0,0,0,0,0,0,2,0,0.0,0.0,0.0,0.0,0.0,2,0,0.0,0.49,0.0,0.0,,26,12.0,90,3,11,9,10,1.43,5,8,-3,-0.73,-0.27,0,8,6,0,13,5,5,,,0
,1920,Union Berlin,Moritz Nicolas,GER,GK,21,1997,1,1,90,1.0,0,0,0,0,0,0,0,0,0.0,0.0,0.0,0.0,0.0,0,0,,0.0,0.0,,,90,2.9,90,1,0,,31,0.0,0,4,-4,-4.0,-3.61,0,0,0,0,0,1,0,,,0
,1920,Werder Bremen,Johannes Eggestein,GER,"MF,FW",21,1998,14,4,510,5.7,1,0,1,1,0,0,3,1,0.18,0.0,0.18,0.18,0.18,15,6,40.0,2.65,1.06,0.07,0.17,36,16.7,78,1,10,20,10,0.43,5,13,-8,-1.41,-0.74,1,8,6,1,13,3,8,,,0
,1920,Werder Bremen,Marco Friedl,AUT,"DF,MF",21,1998,27,24,2183,24.3,1,3,4,1,0,0,9,0,0.04,0.12,0.16,0.04,0.16,12,3,25.0,0.49,0.12,0.08,0.33,81,71.3,87,19,3,29,6,1.04,29,47,-18,-0.74,0.18,0,32,44,0,85,36,41,,,0
,1920,Wolfsburg,Josip Brekalo,CRO,"MF,FW",21,1998,30,19,1670,18.6,3,4,7,3,0,0,0,0,0.16,0.22,0.38,0.16,0.38,42,16,38.1,2.26,0.86,0.07,0.19,56,54.6,74,3,11,24,4,1.4,28,25,3,0.16,0.23,0,17,17,4,80,15,7,,,0
,1920,Wolfsburg,Marin Pongračić,CRO,DF,21,1997,11,11,928,10.3,2,0,2,2,0,0,4,1,0.19,0.0,0.19,0.19,0.19,5,2,40.0,0.48,0.19,0.4,1.0,84,30.3,84,9,0,,1,1.55,18,19,-1,-0.1,-0.22,0,17,6,0,0,18,9,,,0
,1920,Wolfsburg,Xaver Schlager,AUT,MF,21,1997,23,21,1719,19.1,1,2,3,1,0,0,4,0,0.05,0.1,0.16,0.05,0.16,32,7,21.9,1.68,0.37,0.03,0.14,75,56.2,81,14,2,6,2,1.65,34,26,8,0.42,0.82,0,33,24,0,11,18,31,,,0
,1920,Augsburg,Eduard Löwen,GER,MF,22,1997,16,7,671,7.5,2,1,3,2,0,0,0,0,0.27,0.13,0.4,0.27,0.4,10,6,60.0,1.34,0.8,0.2,0.33,42,21.9,76,2,9,16,1,0.75,7,13,-6,-0.8,-0.35,0,11,13,2,22,3,9,,,0
,1920,Augsburg,Iago,BRA,"DF,MF",22,1997,10,7,674,7.5,1,1,2,1,0,0,0,0,0.13,0.13,0.27,0.13,0.27,2,1,50.0,0.27,0.13,0.5,1.0,67,22.0,90,7,3,15,8,0.8,9,15,-6,-0.8,-0.35,0,4,5,0,17,15,12,,,0
,1920,Augsburg,Mads Pedersen,DEN,DF,22,1996,2,1,96,1.1,0,1,1,0,0,0,0,0,0.0,0.94,0.94,0.0,0.94,0,0,,0.0,0.0,,,48,3.1,90,1,1,6,11,0.0,1,5,-4,-3.75,-3.32,0,0,0,0,4,2,2,,,0
,1920,Augsburg,Noah Joel Sarenren Bazee,NGA,MF,22,1996,10,4,381,4.2,1,0,1,1,0,0,1,0,0.24,0.0,0.24,0.24,0.24,4,3,75.0,0.94,0.71,0.25,0.33,38,12.5,75,1,6,14,8,0.9,5,6,-1,-0.24,0.33,0,2,12,0,9,5,3,,,0
,1920,Düsseldorf,Dawid Kownacki,POL,"MF,FW",22,1997,20,11,1093,12.1,0,0,0,0,0,0,4,0,0.0,0.0,0.0,0.0,0.0,27,11,40.7,2.22,0.91,0.0,0.0,55,35.7,80,4,9,24,3,0.7,13,26,-13,-1.07,-0.25,0,21,26,2,15,7,7,,,0
,1920,Düsseldorf,Florian Kastenmeier,GER,GK,22,1997,17,17,1530,17.0,0,0,0,0,0,0,0,0,0.0,0.0,0.0,0.0,0.0,0,0,,0.0,0.0,,,90,50.0,90,17,0,,17,0.88,18,31,-13,-0.76,0.29,0,1,1,0,0,2,1,,,1
,1920,Eintracht Frankfurt,Daichi Kamada,JPN,"MF,FW",22,1996,28,22,1969,21.9,2,4,6,2,0,0,5,0,0.09,0.18,0.27,0.09,0.27,46,18,39.1,2.1,0.82,0.04,0.11,70,64.3,82,13,6,28,4,1.14,33,39,-6,-0.27,-0.69,0,28,38,7,88,9,20,,,0
,1920,Eintracht Frankfurt,Djibril Sow,SUI,MF,22,1997,29,18,1746,19.4,1,3,4,1,0,0,2,0,0.05,0.15,0.21,0.05,0.21,21,3,14.3,1.08,0.15,0.05,0.33,60,57.1,84,13,11,22,2,1.31,34,32,2,0.1,0.31,0,37,40,0,41,31,36,,,0
,1920,Freiburg,Roland Sallai,HUN,MF,22,1997,21,15,1162,12.9,2,0,2,2,0,0,2,0,0.15,0.0,0.15,0.15,0.15,34,12,35.3,2.63,0.93,0.06,0.17,55,38.0,68,1,6,25,11,1.14,16,17,-1,-0.08,-0.17,0,30,42,9,42,6,10,,,0
,1920,Gladbach,Breel Embolo,SUI,"FW,MF",22,1997,28,17,1550,17.2,8,5,13,8,0,1,4,0,0.46,0.29,0.75,0.46,0.75,46,18,39.1,2.67,1.05,0.17,0.44,55,50.7,76,5,11,24,1,1.86,35,19,16,0.93,0.33,0,42,47,13,5,8,12,,,0
,1920,Gladbach,Denis Zakaria,SUI,MF,22,1996,23,22,1947,21.6,2,2,4,2,0,0,7,0,0.09,0.09,0.18,0.09,0.18,23,6,26.1,1.06,0.28,0.09,0.33,85,63.6,88,21,1,22,0,2.0,43,25,18,0.83,0.19,0,24,16,0,3,39,29,,,0
,1920,Gladbach,Florian Neuhaus,GER,MF,22,1997,30,26,2356,26.2,4,2,6,4,0,0,6,0,0.15,0.08,0.23,0.15,0.23,57,23,40.4,2.18,0.88,0.07,0.17,79,77.0,86,17,4,27,3,1.87,51,29,22,0.84,0.33,0,21,50,2,30,25,23,,,0
,1920,Gladbach,Nico Elvedi,SUI,DF,22,1996,32,30,2618,29.1,1,0,1,1,0,0,5,0,0.03,0.0,0.03,0.03,0.03,9,1,11.1,0.31,0.03,0.11,1.0,82,85.6,85,25,2,35,0,1.94,57,34,23,0.79,0.18,0,22,19,1,1,65,28,,,0
,1920,Hertha BSC,Eduard Löwen,GER,MF,22,1997,7,2,314,3.5,0,0,0,0,0,0,0,0,0.0,0.0,0.0,0.0,0.0,5,0,0.0,1.43,0.0,0.0,,45,10.3,90,2,5,27,3,0.71,5,10,-5,-1.43,-1.24,0,4,2,0,2,5,6,,,0
,1920,Hertha BSC,Maximilian Mittelstädt,GER,"DF,MF",22,1997,26,19,1887,21.0,1,3,4,1,0,0,4,0,0.05,0.14,0.19,0.05,0.19,22,5,22.7,1.05,0.24,0.05,0.2,73,61.7,88,16,7,30,3,1.31,30,37,-7,-0.33,-0.03,0,24,21,0,103,45,37,,,0
,1920,Hertha BSC,Santiago Ascacíbar,ARG,MF,22,1997,8,7,634,7.0,0,1,1,0,0,0,2,0,0.0,0.14,0.14,0.0,0.14,2,0,0.0,0.28,0.0,0.0,,79,20.7,90,7,1,4,0,1.38,7,16,-9,-1.28,-1.2,0,11,5,0,2,13,11,,,0
,1920,Hoffenheim,Stefan Posch,AUT,DF,22,1997,28,27,2308,25.6,0,0,0,0,0,0,9,0,0.0,0.0,0.0,0.0,0.0,25,6,24.0,0.97,0.23,0.0,0.0,82,75.4,85,19,1,12,4,1.5,38,34,4,0.16,0.63,0,40,21,0,10,40,35,,,0
,1920,Köln,Jorge Meré,ESP,DF,22,1997,11,5,619,6.9,1,0,1,1,0,0,4,1,0.15,0.0,0.15,0.15,0.15,3,1,33.3,0.44,0.15,0.33,1.0,56,20.2,79,3,6,38,14,0.91,12,12,0,0.0,0.66,0,7,10,0,0,13,5,,,1
,1920,Köln,Matthias Bader,GER,"DF,MF",22,1997,1,0,12,0.1,0,0,0,0,0,0,0,0,0.0,0.0,0.0,0.0,0.0,0,0,,0.0,0.0,,,12,0.4,,0,1,12,5,0.0,0,0,0,0.0,0.53,0,0,2,0,0,0,1,,,0
,1920,Leverkusen,Nadiem Amiri,GER,MF,22,1996,30,22,1857,20.6,1,2,3,1,0,0,3,0,0.05,0.1,0.15,0.05,0.15,42,18,42.9,2.04,0.87,0.02,0.06,62,60.7,79,11,8,15,4,1.7,31,25,6,0.29,-0.53,0,27,39,3,113,14,18,,,0
,1920,Mainz 05,Aarón Martín,ESP,"DF,MF",22,1997,22,21,1792,19.9,0,0,0,0,0,0,2,0,0.0,0.0,0.0,0.0,0.0,9,3,33.3,0.45,0.15,0.0,0.0,81,58.6,84,16,1,25,9,1.0,29,49,-20,-1.0,-0.93,0,18,12,2,135,32,14,,,0
,1920,Mainz 05,Jean-Philippe Mateta,FRA,FW,22,1997,18,12,1053,11.7,3,1,4,2,1,1,2,1,0.26,0.09,0.34,0.17,0.26,35,12,34.3,2.99,1.03,0.06,0.17,59,34.4,76,3,6,24,1,1.0,13,18,-5,-0.43,0.29,1,9,7,12,5,1,2,,,0
,1920,Mainz 05,Jerry St. Juste,NED,DF,22,1996,25,24,2113,23.5,2,2,4,2,0,0,7,0,0.09,0.09,0.17,0.09,0.17,12,2,16.7,0.51,0.09,0.17,1.0,85,69.1,88,20,1,8,1,1.16,30,43,-13,-0.55,0.21,0,22,23,1,6,56,25,,,0
,1920,Paderborn 07,Abdelhamid Sabiri,MAR,MF,22,1996,24,9,1048,11.6,4,1,5,3,1,1,6,0,0.34,0.09,0.43,0.26,0.34,43,14,32.6,3.69,1.2,0.07,0.21,44,34.2,80,5,15,22,5,0.67,15,26,-11,-0.94,0.22,0,26,25,0,3,7,16,,,0
,1920,RB Leipzig,Angeliño,ESP,"MF,DF",22,1997,13,12,1095,12.2,1,2,3,1,0,0,2,0,0.08,0.16,0.25,0.08,0.25,5,2,40.0,0.41,0.16,0.2,0.5,84,35.8,89,11,1,25,1,1.69,22,11,11,0.9,-0.61,0,12,16,3,79,19,7,,,0
,1920,RB Leipzig,Konrad Laimer,AUT,MF,22,1997,29,26,2115,23.5,2,6,8,2,0,0,8,1,0.09,0.26,0.34,0.09,0.34,10,6,60.0,0.43,0.26,0.2,0.33,73,69.1,78,16,3,33,2,2.14,60,24,36,1.53,0.77,1,62,19,0,8,37,48,,,0
,1920,Schalke 04,Alexander Nübel,GER,GK,22,1996,26,26,2315,25.7,0,0,0,0,0,0,1,1,0.0,0.0,0.0,0.0,0.0,0,0,,0.0,0.0,,,89,75.7,89,25,0,,4,1.27,31,40,-9,-0.35,0.98,0,1,5,0,0,3,0,,,1
,1920,Schalke 04,Amine Harit,MAR,"MF,FW",22,1997,25,24,2102,23.4,6,4,10,5,1,1,3,0,0.26,0.17,0.43,0.21,0.39,29,12,41.4,1.24,0.51,0.17,0.42,84,68.7,87,16,1,15,0,1.36,30,37,-7,-0.3,0.92,0,19,69,7,22,7,8,,,0
,1920,Schalke 04,Jonas Hofmann,GER,MF,22,1997,1,0,2,0.0,0,0,0,0,0,0,0,0,0.0,0.0,0.0,0.0,0.0,0,0,,0.0,0.0,,,2,0.1,,0,1,2,3,1.0,0,0,0,0.0,0.59,0,0,0,0,0,0,0,,,0
,1920,Schalke 04,Jonjoe Kenny,ENG,DF,22,1997,31,31,2717,30.2,2,3,5,2,0,0,5,0,0.07,0.1,0.17,0.07,0.17,12,5,41.7,0.4,0.17,0.17,0.4,88,88.8,88,23,0,,0,1.19,36,49,-13,-0.43,1.41,0,28,9,4,60,29,28,,,0
,1920,Schalke 04,Suat Serdar,GER,MF,22,1997,20,19,1599,17.8,7,0,7,7,0,0,2,0,0.39,0.0,0.39,0.39,0.39,36,14,38.9,2.03,0.79,0.19,0.5,80,52.3,83,12,1,27,0,1.65,28,28,0,0.0,1.23,0,29,34,1,1,27,39,,,0
,1920,Schalke 04,Timo Becker,GER,"DF,MF",22,1997,10,4,336,3.7,0,0,0,0,0,0,0,0,0.0,0.0,0.0,0.0,0.0,4,1,25.0,1.07,0.27,0.0,0.0,34,11.0,65,1,6,13,11,0.8,3,10,-7,-1.87,-1.45,0,2,2,0,3,3,9,,,0
,1920,Union Berlin,Keven Schlotterbeck,GER,DF,22,1997,23,23,1939,21.5,0,0,0,0,0,0,6,1,0.0,0.0,0.0,0.0,0.0,11,2,18.2,0.51,0.09,0.0,0.0,84,63.4,84,20,0,,2,1.35,25,35,-10,-0.46,0.1,0,21,32,1,1,39,26,,,0
,1920,Union Berlin,Suleiman Abdullahi,NGA,MF,22,1996,6,1,157,1.7,1,0,1,1,0,0,1,0,0.57,0.0,0.57,0.57,0.57,6,3,50.0,3.44,1.72,0.17,0.33,26,5.1,57,0,5,20,5,0.67,2,5,-3,-1.72,-1.29,0,0,0,3,8,1,0,,,0
,1920,Werder Bremen,Maximilian Eggestein,GER,MF,22,1996,32,32,2855,31.7,1,3,4,1,0,0,6,0,0.03,0.09,0.13,0.03,0.13,45,11,24.4,1.42,0.35,0.02,0.09,89,93.3,89,31,0,,0,0.88,40,65,-25,-0.79,0.09,0,34,39,0,21,37,27,,,0
ENG-Premier League,2021,Aston Villa,Carney Chukwuemeka,AUT,MF,16,2003,2,0,20,0.2,0,0,0,0,0,0,0,0,0.0,0.0,0.0,0.0,0.0,1,0,0.0,4.5,0.0,0.0,,10,0.6,,0,2,10,5,3.0,0,0,0,0.0,-0.24,0,2,0,0,0,0,2,,,0
ENG-Premier League,2021,Manchester Utd,Shola Shoretire,ENG,"FW,MF",16,2004,2,0,11,0.1,0,0,0,0,0,0,0,0,0.0,0.0,0.0,0.0,0.0,0,0,,0.0,0.0,,,6,0.3,,0,2,6,3,3.0,0,0,0,0.0,-0.77,0,0,0,0,0,0,0,,,0
ENG-Premier League,2021,Sheffield United,Antwoine Hackford,ENG,FW,16,2004,1,0,11,0.1,0,0,0,0,0,0,0,0,0.0,0.0,0.0,0.0,0.0,1,0,0.0,8.18,0.0,0.0,,11,0.3,,0,1,11,0,0.0,0,0,0,0.0,1.14,0,0,0,0,0,0,0,,,0
ENG-Premier League,2021,Sheffield United,Daniel Jebbison,CAN,FW,16,2003,4,3,284,3.2,1,0,1,1,0,0,0,0,0.32,0.0,0.32,0.32,0.32,4,2,50.0,1.27,0.63,0.25,0.5,71,8.3,86,2,1,26,0,1.5,2,2,0,0.0,1.23,0,6,4,1,1,2,2,,,0
ENG-Premier League,2021,Tottenham Hotspur,Dane Scarlett,ENG,FW,16,2004,1,0,1,0.0,0,0,0,0,0,0,0,0,0.0,0.0,0.0,0.0,0.0,0,0,,0.0,0.0,,,1,0.0,,0,1,1,3,3.0,0,0,0,0.0,-0.61,0,0,0,0,0,0,0,,,0
ENG-Premier League,2021,Burnley,Lewis Richardson,ENG,"FW,MF",17,2003,2,0,4,0.0,0,0,0,0,0,0,0,0,0.0,0.0,0.0,0.0,0.0,0,0,,0.0,0.0,,,2,0.1,,0,2,2,7,0.0,0,0,0,0.0,0.58,0,0,0,0,0,0,0,,,0
ENG-Premier League,2021,Fulham,Fabio Carvalho,POR,"FW,MF",17,2002,4,3,255,2.8,1,0,1,1,0,0,0,0,0.35,0.0,0.35,0.35,0.35,9,5,55.6,3.18,1.76,0.11,0.2,64,7.5,81,2,1,13,1,0.25,1,6,-5,-1.76,-1.17,0,4,2,0,3,1,3,,,0
ENG-Premier League,2021,Manchester City,Liam Delap,ENG,FW,17,2003,1,0,40,0.4,0,0,0,0,0,0,0,0,0.0,0.0,0.0,0.0,0.0,1,1,100.0,2.25,2.25,0.0,0.0,40,1.2,,0,1,40,5,0.0,1,4,-3,-6.75,-8.19,0,1,0,0,0,0,0,,,0
ENG-Premier League,2021,Manchester Utd,Hannibal Mejbri,TUN,MF,17,2003,1,0,9,0.1,0,0,0,0,0,0,0,0,0.0,0.0,0.0,0.0,0.0,0,0,,0.0,0.0,,,9,0.3,,0,1,9,0,3.0,0,0,0,0.0,-0.77,0,0,1,0,0,0,0,,,0
ENG-Premier League,2021,Manchester Utd,Will Fish,ENG,DF,17,2003,1,0,1,0.0,0,0,0,0,0,0,0,0,0.0,0.0,0.0,0.0,0.0,0,0,,0.0,0.0,,,1,0.0,,0,1,1,0,3.0,0,0,0,0.0,-0.76,0,0,0,0,0,0,0,,,0
ENG-Premier League,2021,Newcastle United,Elliot Anderson,ENG,MF,17,2002,1,0,4,0.0,0,0,0,0,0,0,0,0,0.0,0.0,0.0,0.0,0.0,0,0,,0.0,0.0,,,4,0.1,,0,1,4,8,0.0,0,0,0,0.0,0.42,0,0,0,0,0,0,0,,,0
ENG-Premier League,2021,Arsenal,Bukayo Saka,ENG,MF,18,2001,32,30,2553,28.4,5,3,8,5,0,0,1,0,0.18,0.11,0.28,0.18,0.28,61,20,32.8,2.15,0.71,0.08,0.25,80,74.6,83,20,2,25,4,1.59,38,31,7,0.25,-0.69,0,28,64,15,147,26,16,,,1
ENG-Premier League,2021,Aston Villa,Jaden Philogene Bidace,ENG,"FW,MF",18,2002,1,0,1,0.0,0,0,0,0,0,0,0,0,0.0,0.0,0.0,0.0,0.0,0,0,,0.0,0.0,,,1,0.0,,0,1,1,6,3.0,0,0,0,0.0,-0.24,0,0,0,1,0,0,0,,,0
ENG-Premier League,2021,Leicester City,Sidnei Tavares,,MF,18,2001,2,1,85,0.9,0,0,0,0,0,0,0,0,0.0,0.0,0.0,0.0,0.0,1,1,100.0,1.06,1.06,0.0,0.0,43,2.5,71,0,1,14,2,2.0,1,1,0,0.0,-0.49,0,1,3,0,0,0,1,,,0
ENG-Premier League,2021,Manchester Utd,Amad Diallo,CIV,MF,18,2002,3,2,166,1.8,0,1,1,0,0,0,0,0,0.0,0.54,0.54,0.0,0.54,1,1,100.0,0.54,0.54,0.0,0.0,55,4.9,79,0,1,8,8,1.33,3,3,0,0.0,-0.8,0,2,4,0,0,0,3,,,0
ENG-Premier League,2021,Manchester Utd,Anthony Elanga,SWE,"MF,FW",18,2002,2,2,155,1.7,1,0,1,1,0,0,0,0,0.58,0.0,0.58,0.58,0.58,2,1,50.0,1.16,0.58,0.5,1.0,78,4.5,78,1,0,,0,1.5,3,3,0,0.0,-0.8,0,2,4,1,2,1,2,,,0
ENG-Premier League,2021,Manchester Utd,Mason Greenwood,ENG,"MF,FW",18,2001,31,21,1822,20.2,7,2,9,7,0,0,2,0,0.35,0.1,0.44,0.35,0.44,67,24,35.8,3.31,1.19,0.1,0.29,59,53.3,78,7,10,19,4,1.77,39,24,15,0.74,-0.05,0,17,20,4,31,4,10,,,0
ENG-Premier League,2021,Sheffield United,Femi Seriki,ENG,DF,18,2002,1,0,1,0.0,0,0,0,0,0,0,0,0,0.0,0.0,0.0,0.0,0.0,0,0,,0.0,0.0,,,1,0.0,,0,1,1,0,0.0,0,0,0,0.0,1.13,0,0,0,0,0,0,0,,,0
ENG-Premier League,2021,Southampton,Alexandre Jankewitz,SUI,MF,18,2001,2,1,3,0.0,0,0,0,0,0,0,0,1,0.0,0.0,0.0,0.0,0.0,0,0,,0.0,0.0,,,2,0.1,1,0,1,2,10,0.0,0,0,0,0.0,0.55,0,1,1,0,0,0,1,,,0
ENG-Premier League,2021,Southampton,Allan Tchaptchet,FRA,DF,18,2001,1,0,13,0.1,0,0,0,0,0,0,0,0,0.0,0.0,0.0,0.0,0.0,0,0,,0.0,0.0,,,13,0.4,,0,1,13,1,0.0,0,3,-3,-20.77,-20.29,0,0,0,0,0,0,0,,,0
ENG-Premier League,2021,Southampton,Caleb Watts,AUS,MF,18,2002,3,0,39,0.4,0,0,0,0,0,0,1,0,0.0,0.0,0.0,0.0,0.0,0,0,,0.0,0.0,,,13,1.1,,0,3,13,6,0.0,0,0,0,0.0,0.56,0,0,1,0,1,0,1,,,0
ENG-Premier League,2021,Wolves,Fábio Silva,POR,FW,18,2002,32,11,1369,15.2,4,3,7,3,1,1,2,0,0.26,0.2,0.46,0.2,0.39,48,17,35.4,3.16,1.12,0.06,0.18,43,40.0,85,7,21,21,6,1.03,17,29,-12,-0.79,-0.61,0,20,21,5,5,3,4,,,0
ENG-Premier League,2021,Wolves,Ki-Jana Hoever,NED,"MF,DF",18,2002,12,5,577,6.4,0,0,0,0,0,0,1,0,0.0,0.0,0.0,0.0,0.0,1,0,0.0,0.16,0.0,0.0,,48,16.9,84,4,7,22,22,0.75,3,11,-8,-1.25,-0.99,0,4,4,1,21,9,7,,,0
ENG-Premier League,2021,Wolves,Theo Corbeanu,CAN,"FW,MF",18,2002,1,0,9,0.1,0,0,0,0,0,0,0,0,0.0,0.0,0.0,0.0,0.0,0,0,,0.0,0.0,,,9,0.3,,0,1,9,10,0.0,0,0,0,0.0,0.42,0,0,0,0,1,1,0,,,0
ENG-Premier League,2021,Arsenal,Gabriel Martinelli,BRA,"MF,FW",19,2001,14,7,589,6.5,2,1,3,2,0,0,0,0,0.31,0.15,0.46,0.31,0.46,20,8,40.0,3.06,1.22,0.1,0.25,42,17.2,72,2,7,13,9,1.93,14,3,11,1.68,1.52,0,9,4,1,12,8,1,,,0
ENG-Premier League,2021,Aston Villa,Jacob Ramsey,ENG,MF,19,2001,22,6,626,7.0,0,0,0,0,0,0,0,0,0.0,0.0,0.0,0.0,0.0,11,1,9.1,1.58,0.14,0.0,0.0,28,18.3,70,0,16,13,8,1.45,8,10,-2,-0.29,-0.64,0,13,11,2,7,5,3,,,0
ENG-Premier League,2021,Brighton,Reda Khadra,GER,"FW,MF",19,2001,1,0,5,0.1,0,0,0,0,0,0,0,0,0.0,0.0,0.0,0.0,0.0,0,0,,0.0,0.0,,,5,0.1,,0,1,5,1,0.0,0,0,0,0.0,0.16,0,0,0,0,0,0,0,,,0
ENG-Premier League,2021,Brighton,Tariq Lamptey,GHA,MF,19,2000,11,11,886,9.8,1,1,2,1,0,0,4,1,0.1,0.1,0.2,0.1,0.2,6,2,33.3,0.61,0.2,0.17,0.5,81,25.9,81,6,0,,0,0.91,12,15,-3,-0.3,-0.2,1,21,28,1,35,18,8,,,0
ENG-Premier League,2021,Chelsea,Billy Gilmour,SCO,MF,19,2001,5,3,261,2.9,0,0,0,0,0,0,0,0,0.0,0.0,0.0,0.0,0.0,1,0,0.0,0.34,0.0,0.0,,52,7.6,75,2,2,18,12,1.2,5,2,3,1.03,0.49,0,2,2,0,2,2,2,,,0
ENG-Premier League,2021,Chelsea,Callum Hudson-Odoi,ENG,"MF,FW",19,2000,23,10,1059,11.8,2,3,5,2,0,0,0,0,0.17,0.25,0.42,0.17,0.42,23,7,30.4,1.95,0.59,0.09,0.29,46,31.0,73,2,13,26,10,1.87,22,5,17,1.44,1.25,0,10,8,5,59,6,15,,,0
ENG-Premier League,2021,Everton,Anthony Gordon,ENG,MF,19,2001,3,1,88,1.0,0,0,0,0,0,0,0,0,0.0,0.0,0.0,0.0,0.0,0,0,,0.0,0.0,,,29,2.6,54,0,2,17,8,2.0,0,0,0,0.0,0.03,0,0,2,1,1,1,2,,,0
ENG-Premier League,2021,Everton,Niels Nkounkou,FRA,DF,19,2000,2,1,81,0.9,0,0,0,0,0,0,1,0,0.0,0.0,0.0,0.0,0.0,1,0,0.0,1.11,0.0,0.0,,41,2.4,68,0,1,13,24,0.0,0,1,-1,-1.11,-1.11,0,1,0,0,4,0,3,,,0
ENG-Premier League,2021,Leeds United,Niall Huggins,WAL,DF,19,2000,1,0,38,0.4,0,0,0,0,0,0,0,0,0.0,0.0,0.0,0.0,0.0,0,0,,0.0,0.0,,,38,1.1,,0,1,38,8,0.0,2,0,2,4.74,4.58,0,0,0,0,1,0,0,,,0
ENG-Premier League,2021,Leicester City,Luke Thomas,ENG,"MF,DF",19,2001,14,12,969,10.8,1,0,1,1,0,0,2,0,0.09,0.0,0.09,0.09,0.09,7,3,42.9,0.65,0.28,0.14,0.33,69,28.3,75,7,2,34,17,1.43,23,18,5,0.46,-0.01,0,10,16,0,17,14,15,,,0
ENG-Premier League,2021,Leicester City,Wesley Fofana,FRA,DF,19,2000,28,27,2262,25.1,0,0,0,0,0,0,7,0,0.0,0.0,0.0,0.0,0.0,11,2,18.2,0.44,0.08,0.0,0.0,81,66.1,83,22,1,25,1,1.64,43,30,13,0.52,0.13,0,37,29,2,2,61,37,,,0
ENG-Premier League,2021,Liverpool,Curtis Jones,ENG,MF,19,2001,24,13,1179,13.1,1,2,3,1,0,0,2,0,0.08,0.15,0.23,0.08,0.23,19,9,47.4,1.45,0.69,0.05,0.11,49,34.5,75,4,11,18,12,1.75,23,13,10,0.76,0.12,0,18,13,1,7,18,7,,,0
ENG-Premier League,2021,Liverpool,Neco Williams,WAL,DF,19,2001,6,3,249,2.8,0,0,0,0,0,0,1,0,0.0,0.0,0.0,0.0,0.0,2,0,0.0,0.72,0.0,0.0,,42,7.3,62,0,3,21,25,1.83,5,1,4,1.45,0.82,0,3,6,0,24,6,5,,,0
ENG-Premier League,2021,Liverpool,Rhys Williams,ENG,DF,19,2001,9,7,661,7.3,0,0,0,0,0,0,0,0,0.0,0.0,0.0,0.0,0.0,7,0,0.0,0.95,0.0,0.0,,73,19.3,89,6,2,19,16,2.44,14,6,8,1.09,0.5,0,4,2,0,0,5,5,,,0
ENG-Premier League,2021,Manchester City,Eric García,ESP,DF,19,2001,6,3,383,4.3,0,0,0,0,0,0,0,0,0.0,0.0,0.0,0.0,0.0,2,0,0.0,0.47,0.0,0.0,,64,11.2,90,3,3,38,16,1.67,8,12,-4,-0.94,-2.57,0,4,2,0,0,4,6,,,0
ENG-Premier League,2021,Manchester Utd,Brandon Williams,ENG,DF,19,2000,4,2,188,2.1,0,0,0,0,0,0,0,0,0.0,0.0,0.0,0.0,0.0,1,1,100.0,0.48,0.48,0.0,0.0,47,5.5,90,2,2,4,16,2.25,4,3,1,0.48,-0.3,0,2,3,0,1,1,0,,,0
ENG-Premier League,2021,Sheffield United,Ethan Ampadu,WAL,"DF,MF",19,2000,25,23,2089,23.2,0,0,0,0,0,0,3,0,0.0,0.0,0.0,0.0,0.0,7,2,28.6,0.3,0.09,0.0,0.0,84,61.1,86,19,2,53,4,0.52,12,41,-29,-1.25,-0.3,0,25,25,1,21,49,36,,,1
ENG-Premier League,2021,Southampton,Kayne Ramsey,ENG,DF,19,2000,1,1,90,1.0,0,0,0,0,0,0,1,0,0.0,0.0,0.0,0.0,0.0,0,0,,0.0,0.0,,,90,2.6,90,1,0,,13,0.0,0,9,-9,-9.0,-8.68,0,1,0,0,0,0,2,,,0
ENG-Premier League,2021,Wolves,Owen Otasowie,USA,MF,19,2001,6,2,187,2.1,0,1,1,0,0,0,1,0,0.0,0.48,0.48,0.0,0.48,4,0,0.0,1.93,0.0,0.0,,31,5.5,65,0,4,15,17,1.0,4,5,-1,-0.48,-0.06,0,3,6,0,0,4,4,,,0
ENG-Premier League,2021,Wolves,Rayan Aït-Nouri,ALG,"MF,DF",19,2001,21,16,1404,15.6,1,1,2,1,0,0,1,0,0.06,0.06,0.13,0.06,0.13,16,6,37.5,1.03,0.38,0.06,0.17,67,41.1,83,10,5,15,8,1.0,16,23,-7,-0.45,-0.05,0,16,19,1,59,14,17,,,0
ENG-Premier League,2021,Arsenal,Emile Smith Rowe,ENG,MF,20,2000,20,18,1440,16.0,2,4,6,2,0,0,0,0,0.12,0.25,0.37,0.12,0.37,13,6,46.2,0.81,0.37,0.15,0.33,72,42.1,78,7,2,18,3,2.0,32,10,22,1.37,1.65,0,5,20,4,17,9,7,,,0
ENG-Premier League,2021,Arsenal,Joe Willock,ENG,MF,20,1999,7,2,238,2.6,0,0,0,0,0,0,1,0,0.0,0.0,0.0,0.0,0.0,4,1,25.0,1.51,0.38,0.0,0.0,34,7.0,73,1,5,18,10,1.57,1,3,-2,-0.76,-1.27,0,6,4,1,5,3,4,,,0
ENG-Premier League,2021,Arsenal,Reiss Nelson,ENG,"FW,MF",20,1999,2,0,71,0.8,0,0,0,0,0,0,0,0,0.0,0.0,0.0,0.0,0.0,1,0,0.0,1.27,0.0,0.0,,36,2.1,,0,2,36,4,0.5,0,0,0,0.0,-0.43,0,2,1,0,11,1,0,,,0
ENG-Premier League,2021,Brighton,Aaron Connolly,IRL,"FW,MF",20,2000,17,9,791,8.8,2,1,3,2,0,0,0,0,0.23,0.11,0.34,0.23,0.34,23,9,39.1,2.62,1.02,0.09,0.22,47,23.1,68,1,8,23,11,0.88,12,17,-5,-0.57,-0.53,0,5,16,8,2,0,3,,,0
ENG-Premier League,2021,Brighton,Jayson Molumby,IRL,MF,20,1999,1,0,1,0.0,0,0,0,0,0,0,0,0,0.0,0.0,0.0,0.0,0.0,0,0,,0.0,0.0,,,1,0.0,,0,1,1,5,3.0,0,0,0,0.0,0.16,0,0,0,0,0,0,0,,,0
ENG-Premier League,2021,Burnley,Dwight McNeil,ENG,MF,20,1999,36,34,3069,34.1,2,5,7,2,0,0,1,0,0.06,0.15,0.21,0.06,0.21,26,10,38.5,0.76,0.29,0.08,0.2,85,89.7,88,30,2,36,0,1.0,32,50,-18,-0.53,0.5,0,12,39,2,243,31,23,,,0
ENG-Premier League,2021,Burnley,Josh Benson,ENG,MF,20,1999,6,2,264,2.9,0,0,0,0,0,0,0,0,0.0,0.0,0.0,0.0,0.0,2,0,0.0,0.68,0.0,0.0,,44,7.7,82,1,4,25,17,1.17,1,7,-6,-2.05,-1.59,0,4,1,0,5,3,4,,,0
ENG-Premier League,2021,Chelsea,Reece James,ENG,"DF,MF",20,1999,32,25,2373,26.4,1,2,3,1,0,0,3,0,0.04,0.08,0.11,0.04,0.11,36,12,33.3,1.37,0.46,0.03,0.08,74,69.4,90,25,7,18,3,1.75,38,29,9,0.34,-0.78,0,31,17,1,144,17,36,,,0
ENG-Premier League,2021,Crystal Palace,Tyrick Mitchell,ENG,DF,20,1999,19,19,1710,19.0,1,1,2,1,0,0,1,0,0.05,0.05,0.11,0.05,0.11,2,2,100.0,0.11,0.11,0.5,0.5,90,50.0,90,19,0,,11,1.26,22,32,-10,-0.53,0.26,0,8,11,0,27,28,34,,,0
ENG-Premier League,2021,Everton,João Virgínia,POR,GK,20,1999,1,0,48,0.5,0,0,0,0,0,0,0,0,0.0,0.0,0.0,0.0,0.0,0,0,,0.0,0.0,,,48,1.4,,0,1,48,16,0.0,0,0,0,0.0,0.03,0,0,0,0,0,0,0,,,0
ENG-Premier League,2021,Everton,Moise Kean,ITA,FW,20,2000,2,0,15,0.2,0,0,0,0,0,0,0,0,0.0,0.0,0.0,0.0,0.0,1,0,0.0,6.0,0.0,0.0,,8,0.4,,0,2,8,1,3.0,0,0,0,0.0,0.03,0,1,0,0,2,0,0,,,0
ENG-Premier League,2021,Fulham,Tyrese Francois,AUS,MF,20,2000,1,0,15,0.2,0,0,0,0,0,0,0,0,0.0,0.0,0.0,0.0,0.0,0,0,,0.0,0.0,,,15,0.4,,0,1,15,0,0.0,0,1,-1,-6.0,-5.34,0,0,0,0,0,0,0,,,0
ENG-Premier League,2021,Leeds United,Ian Poveda,ENG,"FW,MF",20,2000,14,0,355,3.9,0,0,0,0,0,0,0,0,0.0,0.0,0.0,0.0,0.0,5,3,60.0,1.27,0.76,0.0,0.0,25,10.4,,0,14,25,18,1.14,4,5,-1,-0.25,-0.52,0,5,6,2,9,1,5,,,0
ENG-Premier League,2021,Leeds United,Illan Meslier,FRA,GK,20,2000,35,35,3150,35.0,0,0,0,0,0,0,0,0,0.0,0.0,0.0,0.0,0.0,0,0,,0.0,0.0,,,90,92.1,90,35,0,,2,1.51,57,52,5,0.14,-0.86,0,1,8,0,0,0,1,,,1
ENG-Premier League,2021,Leeds United,Jamie Shackleton,ENG,"MF,DF",20,1999,13,3,461,5.1,0,0,0,0,0,0,0,0,0.0,0.0,0.0,0.0,0.0,0,0,,0.0,0.0,,,35,13.5,67,1,10,26,18,1.38,7,11,-4,-0.78,-1.15,0,3,2,1,2,9,6,,,0
ENG-Premier League,2021,Leeds United,Leif Davis,ENG,"DF,MF",20,1999,2,0,33,0.4,0,0,0,0,0,0,0,0,0.0,0.0,0.0,0.0,0.0,0,0,,0.0,0.0,,,17,1.0,,0,2,17,23,0.5,1,0,1,2.73,2.54,0,1,0,0,0,1,0,,,0
ENG-Premier League,2021,Leeds United,Pascal Struijk,NED,"DF,MF",20,1999,27,22,2075,23.1,1,0,1,1,0,0,3,0,0.04,0.0,0.04,0.04,0.04,13,4,30.8,0.56,0.17,0.08,0.25,77,60.7,83,18,5,48,10,1.56,38,32,6,0.26,0.13,0,26,7,0,1,46,33,,,0
ENG-Premier League,2021,Leicester City,Khanya Leshabela,RSA,MF,20,1999,1,0,10,0.1,0,0,0,0,0,0,0,0,0.0,0.0,0.0,0.0,0.0,0,0,,0.0,0.0,,,10,0.3,,0,1,10,4,3.0,0,0,0,0.0,-0.48,0,0,0,0,1,0,0,,,0
ENG-Premier League,2021,Liverpool,Ozan Kabak,TUR,DF,20,2000,9,9,801,8.9,0,0,0,0,0,0,3,0,0.0,0.0,0.0,0.0,0.0,1,0,0.0,0.11,0.0,0.0,,89,23.4,89,7,0,,1,1.56,10,9,1,0.11,-0.75,0,12,3,0,0,14,11,,,0
ENG-Premier League,2021,Manchester City,Ferrán Torres,ESP,"FW,MF",20,2000,24,15,1306,14.5,7,2,9,7,0,0,1,0,0.48,0.14,0.62,0.48,0.62,36,15,41.7,2.48,1.03,0.19,0.47,54,38.2,74,5,9,22,13,2.13,29,13,16,1.1,-0.39,0,16,17,5,33,4,5,,,0
ENG-Premier League,2021,Manchester City,Phil Foden,ENG,"FW,MF",20,2000,28,17,1616,18.0,9,5,14,9,0,0,0,0,0.5,0.28,0.78,0.5,0.78,45,20,44.4,2.51,1.11,0.2,0.45,58,47.3,82,10,11,20,10,2.14,46,16,30,1.67,0.62,0,13,34,3,74,11,11,,,0
ENG-Premier League,2021,Newcastle United,Joe Willock,ENG,MF,20,1999,14,11,978,10.9,8,0,8,8,0,1,0,0,0.74,0.0,0.74,0.74,0.74,19,13,68.4,1.75,1.2,0.42,0.62,70,28.6,84,7,3,16,1,1.43,19,15,4,0.37,1.11,0,9,16,0,13,18,12,,,0
ENG-Premier League,2021,Newcastle United,Matthew Longstaff,ENG,MF,20,2000,5,4,377,4.2,0,0,0,0,0,0,0,0,0.0,0.0,0.0,0.0,0.0,0,0,,0.0,0.0,,,75,11.0,87,3,1,30,13,0.2,1,8,-7,-1.67,-1.4,0,3,5,0,4,7,3,,,0
ENG-Premier League,2021,Sheffield United,Iliman Ndiaye,SEN,"FW,MF",20,2000,1,0,12,0.1,0,0,0,0,0,0,0,0,0.0,0.0,0.0,0.0,0.0,0,0,,0.0,0.0,,,12,0.4,,0,1,12,6,0.0,0,1,-1,-7.5,-6.39,0,0,0,0,0,0,1,,,0
ENG-Premier League,2021,Sheffield United,Jayden Bogle,ENG,MF,20,2000,16,12,1110,12.3,2,0,2,2,0,0,2,0,0.16,0.0,0.16,0.16,0.16,17,7,41.2,1.38,0.57,0.12,0.29,69,32.5,85,9,4,24,7,0.81,9,20,-11,-0.89,0.35,0,15,9,1,12,13,23,,,0
ENG-Premier League,2021,Sheffield United,Rhian Brewster,ENG,FW,20,2000,27,12,1128,12.5,0,0,0,0,0,0,1,0,0.0,0.0,0.0,0.0,0.0,24,8,33.3,1.91,0.64,0.0,0.0,42,33.0,66,2,15,22,7,0.63,7,16,-9,-0.72,0.62,0,18,13,4,16,6,5,,,0
ENG-Premier League,2021,Southampton,Jake Vokins,ENG,DF,20,2000,1,1,66,0.7,0,0,0,0,0,0,0,0,0.0,0.0,0.0,0.0,0.0,0,0,,0.0,0.0,,,66,1.9,66,0,0,,7,0.0,1,2,-1,-1.36,-0.83,0,2,0,1,3,0,0,,,0
ENG-Premier League,2021,Southampton,Michael Obafemi,IRL,FW,20,2000,4,0,61,0.7,0,0,0,0,0,0,0,0,0.0,0.0,0.0,0.0,0.0,0,0,,0.0,0.0,,,15,1.8,,0,4,15,10,1.5,0,2,-2,-2.95,-2.44,0,1,3,0,1,0,1,,,0
ENG-Premier League,2021,Southampton,William Smallbone,IRL,MF,20,2000,3,2,172,1.9,0,0,0,0,0,0,0,0,0.0,0.0,0.0,0.0,0.0,1,1,100.0,0.52,0.52,0.0,0.0,57,5.0,68,0,1,36,5,0.0,1,5,-4,-2.09,-1.62,0,3,2,0,5,2,3,,,0
ENG-Premier League,2021,West Brom,Conor Gallagher,ENG,MF,20,2000,30,28,2531,28.1,2,2,4,2,0,0,11,0,0.07,0.07,0.14,0.07,0.14,29,7,24.1,1.03,0.25,0.07,0.29,84,74.0,89,25,2,18,2,0.63,18,48,-30,-1.07,0.05,0,43,63,0,67,27,38,,,0
ENG-Premier League,2021,West Brom,Rekeem Harper,ENG,MF,20,2000,2,0,32,0.4,0,0,0,0,0,0,0,0,0.0,0.0,0.0,0.0,0.0,1,1,100.0,2.81,2.81,0.0,0.0,16,0.9,,0,2,16,8,0.0,0,2,-2,-5.63,-4.59,0,1,0,0,0,1,1,,,0
ENG-Premier League,2021,West Ham United,Ben Johnson,ENG,MF,20,2000,14,5,523,5.8,1,0,1,1,0,0,1,0,0.17,0.0,0.17,0.17,0.17,3,1,33.3,0.52,0.17,0.33,1.0,37,15.3,82,1,9,12,19,1.79,10,10,0,0.0,-0.47,0,6,3,0,19,11,5,,,0
ENG-Premier League,2021,Wolves,Morgan Gibbs-White,ENG,"MF,FW",20,2000,11,4,414,4.6,1,0,1,1,0,0,1,0,0.22,0.0,0.22,0.22,0.22,10,4,40.0,2.17,0.87,0.1,0.25,38,12.1,73,1,7,17,9,0.73,4,6,-2,-0.43,-0.02,0,5,10,1,12,3,7,,,0
ENG-Premier League,2021,Wolves,Pedro Neto,POR,"MF,FW",20,2000,31,30,2550,28.3,5,6,11,5,0,0,4,0,0.18,0.21,0.39,0.18,0.39,61,21,34.4,2.15,0.74,0.08,0.24,82,74.6,84,19,1,21,0,1.23,30,38,-8,-0.28,0.55,0,24,42,4,206,28,10,,,0
ENG-Premier League,2021,Wolves,Vitinha,POR,MF,20,2000,19,5,520,5.8,0,1,1,0,0,0,0,0,0.0,0.17,0.17,0.0,0.17,8,4,50.0,1.38,0.69,0.0,0.0,27,15.2,67,0,14,13,15,1.0,7,8,-1,-0.17,0.29,0,8,5,1,14,3,4,,,0
ENG-Premier League,2021,Arsenal,Eddie Nketiah,ENG,FW,21,1999,17,4,423,4.7,2,1,3,2,0,0,0,0,0.43,0.21,0.64,0.43,0.64,12,5,41.7,2.55,1.06,0.17,0.4,25,12.4,67,0,13,12,11,1.12,4,6,-2,-0.43,-0.97,0,11,11,0,2,1,1,,,0
ENG-Premier League,2021,Arsenal,Martin Ødegaard,NOR,MF,21,1998,14,9,866,9.6,1,2,3,1,0,0,0,0,0.1,0.21,0.31,0.1,0.31,15,3,20.0,1.56,0.31,0.07,0.33,62,25.3,82,4,5,25,2,1.71,19,12,7,0.73,0.41,0,1,9,1,36,2,3,,,0
ENG-Premier League,2021,Brighton,Alexis Mac Allister,ARG,"MF,FW",21,1998,21,13,1115,12.4,1,1,2,1,0,0,1,0,0.08,0.08,0.16,0.08,0.16,24,3,12.5,1.94,0.24,0.04,0.33,53,32.6,75,5,8,17,9,1.0,9,14,-5,-0.4,-0.36,0,19,15,0,11,10,11,,,0
ENG-Premier League,2021,Brighton,Andi Zeqiri,SUI,FW,21,1999,9,0,171,1.9,0,0,0,0,0,0,0,0,0.0,0.0,0.0,0.0,0.0,7,2,28.6,3.68,1.05,0.0,0.0,19,5.0,,0,9,19,17,1.67,6,2,4,2.11,2.38,0,2,2,0,6,0,2,,,0
ENG-Premier League,2021,Brighton,Jakub Moder,POL,MF,21,1999,12,7,647,7.2,0,0,0,0,0,0,0,0,0.0,0.0,0.0,0.0,0.0,13,3,23.1,1.81,0.42,0.0,0.0,54,18.9,85,3,5,10,7,1.25,8,10,-2,-0.28,-0.15,0,12,3,2,12,3,6,,,0
ENG-Premier League,2021,Brighton,Steven Alzate,COL,MF,21,1998,15,10,896,10.0,1,0,1,1,0,0,2,0,0.1,0.0,0.1,0.1,0.1,7,2,28.6,0.7,0.2,0.14,0.5,60,26.2,76,4,5,28,20,0.93,10,17,-7,-0.7,-0.74,0,20,7,1,3,8,9,,,0
ENG-Premier League,2021,Burnley,Joel Mumbongo,SWE,FW,21,1999,4,0,40,0.4,0,0,0,0,0,0,1,0,0.0,0.0,0.0,0.0,0.0,0,0,,0.0,0.0,,,10,1.2,,0,4,10,5,0.25,0,1,-1,-2.25,-1.69,0,1,2,1,0,1,0,,,0
ENG-Premier League,2021,Chelsea,Christian Pulisic,USA,"MF,FW",21,1998,27,18,1738,19.3,4,2,6,4,0,0,2,0,0.21,0.1,0.31,0.21,0.31,43,16,37.2,2.23,0.83,0.09,0.25,64,50.8,84,12,9,25,2,1.63,25,21,4,0.21,-0.76,0,14,33,5,36,11,14,,,0
ENG-Premier League,2021,Chelsea,Kai Havertz,GER,"MF,FW",21,1999,27,18,1520,16.9,4,3,7,4,0,0,2,0,0.24,0.18,0.41,0.24,0.41,35,17,48.6,2.07,1.01,0.11,0.24,56,44.4,78,8,9,13,4,1.41,31,15,16,0.95,0.66,0,27,15,7,12,4,8,,,0
ENG-Premier League,2021,Chelsea,Mason Mount,ENG,MF,21,1999,36,32,2890,32.1,6,5,11,5,1,1,2,0,0.19,0.16,0.34,0.16,0.31,82,27,32.9,2.55,0.84,0.06,0.19,80,84.5,87,26,4,25,1,1.69,48,32,16,0.5,-0.52,0,51,44,4,171,32,34,,,0
ENG-Premier League,2021,Fulham,Josh Maja,NGA,FW,21,1998,15,9,810,9.0,3,0,3,2,1,1,0,0,0.33,0.0,0.33,0.22,0.22,21,8,38.1,2.33,0.89,0.1,0.25,54,23.7,77,3,6,19,2,0.87,7,9,-2,-0.22,0.61,0,8,7,2,1,4,5,,,0
ENG-Premier League,2021,Leeds United,Tyler Roberts,WAL,MF,21,1999,27,14,1340,14.9,1,2,3,1,0,0,3,0,0.07,0.13,0.2,0.07,0.2,27,13,48.1,1.81,0.87,0.04,0.08,50,39.2,73,3,13,24,10,1.48,20,19,1,0.07,-0.24,0,23,33,9,12,11,13,,,0
ENG-Premier League,2021,Liverpool,Caoimhín Kelleher,IRL,GK,21,1998,2,2,180,2.0,0,0,0,0,0,0,0,0,0.0,0.0,0.0,0.0,0.0,0,0,,0.0,0.0,,,90,5.3,90,2,0,,13,1.5,4,1,3,1.5,0.86,0,0,0,0,0,0,0,,,0
ENG-Premier League,2021,Liverpool,Trent Alexander-Arnold,ENG,DF,21,1998,36,34,3031,33.7,2,7,9,2,0,0,2,0,0.06,0.21,0.27,0.06,0.27,55,12,21.8,1.63,0.36,0.04,0.17,84,88.6,88,30,2,19,0,1.81,60,40,20,0.59,-0.79,0,21,9,5,301,46,34,,,0
ENG-Premier League,2021,Southampton,Dan Nlundulu,ENG,FW,21,1999,13,0,111,1.2,0,0,0,0,0,0,0,0,0.0,0.0,0.0,0.0,0.0,1,0,0.0,0.81,0.0,0.0,,9,3.2,,0,13,9,16,0.92,0,1,-1,-0.81,-0.27,0,6,0,1,0,0,0,,,0
ENG-Premier League,2021,Southampton,Ibrahima Diallo,FRA,MF,21,1999,22,10,1020,11.3,0,0,0,0,0,0,3,0,0.0,0.0,0.0,0.0,0.0,7,2,28.6,0.62,0.18,0.0,0.0,46,29.8,86,8,12,13,6,1.14,10,22,-12,-1.06,-0.72,0,22,11,0,8,11,15,,,0
ENG-Premier League,2021,Southampton,Mohammed Salisu,GHA,DF,21,1999,12,8,844,9.4,0,0,0,0,0,0,1,0,0.0,0.0,0.0,0.0,0.0,4,1,25.0,0.43,0.11,0.0,0.0,70,24.7,87,7,4,38,11,0.92,10,19,-9,-0.96,-0.54,0,10,4,0,1,17,20,,,0
ENG-Premier League,2021,Southampton,Nathan Tella,NGA,"FW,MF",21,1999,18,7,745,8.3,1,1,2,1,0,0,2,0,0.12,0.12,0.24,0.12,0.24,17,8,47.1,2.05,0.97,0.06,0.13,41,21.8,62,0,11,29,10,0.83,9,11,-2,-0.24,0.4,0,16,24,5,7,3,5,,,0
ENG-Premier League,2021,Southampton,Yan Valery,TUN,DF,21,1999,3,1,103,1.1,0,0,0,0,0,0,0,0,0.0,0.0,0.0,0.0,0.0,2,1,50.0,1.75,0.87,0.0,0.0,34,3.0,90,1,2,7,6,1.0,1,4,-3,-2.62,-2.13,0,1,1,0,4,2,3,,,0
ENG-Premier League,2021,Tottenham Hotspur,Japhet Tanganga,ENG,DF,21,1999,6,6,487,5.4,0,0,0,0,0,0,2,0,0.0,0.0,0.0,0.0,0.0,2,1,50.0,0.37,0.18,0.0,0.0,81,14.2,81,4,0,,8,1.17,7,8,-1,-0.18,-0.92,0,11,7,0,4,3,3,,,0
ENG-Premier League,2021,West Brom,Dara O'Shea,IRL,DF,21,1999,28,25,2102,23.4,0,0,0,0,0,0,3,0,0.0,0.0,0.0,0.0,0.0,4,0,0.0,0.17,0.0,0.0,,75,61.5,81,21,3,25,8,0.71,17,51,-34,-1.46,-0.98,0,13,17,0,10,48,26,,,0
ENG-Premier League,2021,West Ham United,Declan Rice,ENG,MF,21,1999,32,32,2879,32.0,2,1,3,1,1,2,2,0,0.06,0.03,0.09,0.03,0.06,28,8,28.6,0.88,0.25,0.04,0.13,90,84.2,90,31,0,,0,1.75,52,37,15,0.47,0.47,0,22,14,1,31,57,36,,,0
ENG-Premier League,2021,Wolves,Rúben Vinagre,POR,MF,21,1999,2,1,173,1.9,0,0,0,0,0,0,0,0,0.0,0.0,0.0,0.0,0.0,0,0,,0.0,0.0,,,87,5.1,90,1,1,83,1,0.0,1,7,-6,-3.12,-2.84,0,2,0,0,4,2,5,,,0
ENG-Premier League,2021,Arsenal,Ainsley Maitland-Niles,ENG,"MF,DF",22,1997,11,5,490,5.4,0,0,0,0,0,0,0,0,0.0,0.0,0.0,0.0,0.0,2,1,50.0,0.37,0.18,0.0,0.0,45,14.3,85,4,6,11,8,1.64,8,6,2,0.37,-0.06,0,6,3,2,8,14,8,,,0
ENG-Premier League,2021,Arsenal,Gabriel Magalhães,BRA,DF,22,1997,23,22,1996,22.2,2,0,2,2,0,0,4,1,0.09,0.0,0.09,0.09,0.09,16,4,25.0,0.72,0.18,0.13,0.5,87,58.4,89,21,1,45,10,1.57,28,24,4,0.18,-0.58,1,24,26,0,2,27,15,,,0
ENG-Premier League,2021,Aston Villa,Douglas Luiz,BRA,MF,22,1998,33,32,2781,30.9,0,2,2,0,0,0,10,1,0.0,0.06,0.06,0.0,0.06,26,8,30.8,0.84,0.26,0.0,0.0,84,81.3,86,21,1,18,4,1.36,43,41,2,0.06,-0.92,1,59,49,0,21,40,22,,,0
ENG-Premier League,2021,Aston Villa,Ezri Konsa,ENG,DF,22,1997,36,35,3196,35.5,2,0,2,2,0,0,3,0,0.06,0.0,0.06,0.06,0.06,23,8,34.8,0.65,0.23,0.09,0.25,89,93.5,90,35,1,46,0,1.42,51,46,5,0.14,-1.47,0,19,54,1,4,32,14,,,0
ENG-Premier League,2021,Aston Villa,Keinan Davis,ENG,FW,22,1998,15,1,277,3.1,1,1,2,1,0,0,0,0,0.32,0.32,0.65,0.32,0.65,9,2,22.2,2.92,0.65,0.11,0.5,18,8.1,90,1,14,13,18,0.93,5,1,4,1.3,1.16,0,4,5,0,4,0,0,,,0
ENG-Premier League,2021,Aston Villa,Matty Cash,POL,DF,22,1997,28,28,2372,26.4,0,2,2,0,0,0,8,1,0.0,0.08,0.08,0.0,0.08,9,2,22.2,0.34,0.08,0.0,0.0,85,69.4,85,22,0,,1,1.5,42,35,7,0.27,0.09,1,35,22,2,75,54,43,,,0
ENG-Premier League,2021,Brighton,Ben White,ENG,"DF,MF",22,1997,36,36,3191,35.5,0,0,0,0,0,0,5,1,0.0,0.0,0.0,0.0,0.0,10,1,10.0,0.28,0.03,0.0,0.0,89,93.3,89,31,0,,1,1.14,39,44,-5,-0.14,0.25,1,30,9,1,22,62,25,,,0
ENG-Premier League,2021,Brighton,Robert Sánchez,ESP,GK,22,1997,27,27,2430,27.0,0,0,0,0,0,0,2,0,0.0,0.0,0.0,0.0,0.0,0,0,,0.0,0.0,,,90,71.1,90,27,0,,0,1.15,26,27,-1,-0.04,0.42,0,2,4,0,0,1,0,,,0
ENG-Premier League,2021,Burnley,Jimmy Dunne,IRL,DF,22,1997,3,3,270,3.0,1,0,1,1,0,0,1,0,0.33,0.0,0.33,0.33,0.33,7,1,14.3,2.33,0.33,0.14,1.0,90,7.9,90,3,0,,30,0.0,2,6,-4,-1.33,-0.82,0,2,3,0,0,6,3,,,0
ENG-Premier League,2021,Chelsea,Fikayo Tomori,ENG,DF,22,1997,1,0,45,0.5,0,0,0,0,0,0,0,0,0.0,0.0,0.0,0.0,0.0,0,0,,0.0,0.0,,,45,1.3,,0,1,45,4,0.0,0,2,-2,-4.0,-4.64,0,1,0,0,0,2,1,,,0
ENG-Premier League,2021,Chelsea,Tammy Abraham,ENG,FW,22,1997,22,12,1040,11.6,6,1,7,6,0,0,0,0,0.52,0.09,0.61,0.52,0.61,32,13,40.6,2.77,1.13,0.19,0.46,47,30.4,74,7,10,15,8,1.77,23,12,11,0.95,0.54,0,22,12,5,6,4,6,,,0
ENG-Premier League,2021,Crystal Palace,Eberechi Eze,ENG,MF,22,1998,34,29,2559,28.4,4,6,10,4,0,0,3,0,0.14,0.21,0.35,0.14,0.35,37,13,35.1,1.3,0.46,0.11,0.31,75,74.8,84,19,5,24,2,1.24,30,51,-21,-0.74,-0.32,0,18,71,1,85,20,15,,,0
ENG-Premier League,2021,Everton,Ben Godfrey,ENG,DF,22,1998,31,29,2685,29.8,0,2,2,0,0,0,4,0,0.0,0.07,0.07,0.0,0.07,14,2,14.3,0.47,0.07,0.0,0.0,87,78.5,90,29,2,38,2,1.52,31,35,-4,-0.13,-0.5,0,15,17,3,6,33,32,,,1
ENG-Premier League,2021,Everton,Nathan Broadhead,WAL,"FW,MF",22,1998,1,0,3,0.0,0,0,0,0,0,0,0,0,0.0,0.0,0.0,0.0,0.0,0,0,,0.0,0.0,,,3,0.1,,0,1,3,7,1.0,0,0,0,0.0,0.03,0,0,0,0,0,0,1,,,0
ENG-Premier League,2021,Everton,Tom Davies,ENG,MF,22,1998,25,17,1423,15.8,0,1,1,0,0,0,3,0,0.0,0.06,0.06,0.0,0.06,7,0,0.0,0.44,0.0,0.0,,57,41.6,79,8,8,9,10,1.76,18,23,-5,-0.32,-0.5,0,28,26,0,5,30,15,,,0
ENG-Premier League,2021,Fulham,Ademola Lookman,NGA,"MF,FW",22,1997,34,31,2747,30.5,4,4,8,4,0,1,5,0,0.13,0.13,0.26,0.13,0.26,70,23,32.9,2.29,0.75,0.06,0.17,81,80.3,86,19,3,25,0,0.82,23,33,-10,-0.33,1.81,0,46,59,12,133,22,12,,,0
ENG-Premier League,2021,Fulham,Antonee Robinson,USA,"DF,MF",22,1997,28,24,2162,24.0,0,0,0,0,0,0,4,1,0.0,0.0,0.0,0.0,0.0,10,4,40.0,0.42,0.17,0.0,0.0,77,63.2,87,21,4,19,3,0.82,16,27,-11,-0.46,0.62,0,20,8,1,101,39,23,,,0
ENG-Premier League,2021,Fulham,Tosin Adarabioyo,ENG,DF,22,1997,33,33,2953,32.8,0,0,0,0,0,0,1,0,0.0,0.0,0.0,0.0,0.0,18,5,27.8,0.55,0.15,0.0,0.0,89,86.3,89,32,0,,1,0.85,24,41,-17,-0.52,1.22,0,16,6,2,2,40,17,,,1
ENG-Premier League,2021,Leicester City,Hamza Choudhury,BAN,MF,22,1997,10,4,316,3.5,0,0,0,0,0,0,1,0,0.0,0.0,0.0,0.0,0.0,4,1,25.0,1.14,0.28,0.0,0.0,32,9.2,71,1,6,6,21,1.8,3,2,1,0.28,-0.21,0,6,2,0,1,6,7,,,0
ENG-Premier League,2021,Leicester City,Harvey Barnes,ENG,MF,22,1997,25,22,1945,21.6,9,4,13,9,0,0,0,0,0.42,0.19,0.6,0.42,0.6,56,26,46.4,2.59,1.2,0.16,0.35,78,56.9,84,15,3,31,1,1.84,36,25,11,0.51,0.08,0,16,33,1,27,11,10,,,0
ENG-Premier League,2021,Leicester City,James Justin,ENG,"DF,MF",22,1998,23,23,2070,23.0,2,1,3,2,0,0,4,0,0.09,0.04,0.13,0.09,0.13,9,3,33.3,0.39,0.13,0.22,0.67,90,60.5,90,23,0,,0,1.87,39,25,14,0.61,0.34,0,16,39,3,60,29,37,,,0
ENG-Premier League,2021,Manchester Utd,Aaron Wan-Bissaka,COD,DF,22,1997,34,34,3060,34.0,2,4,6,2,0,0,3,0,0.06,0.12,0.18,0.06,0.18,7,4,57.1,0.21,0.12,0.29,0.5,90,89.5,90,34,0,,3,2.06,67,36,31,0.91,1.41,0,31,14,1,62,61,52,,,0
ENG-Premier League,2021,Manchester Utd,Axel Tuanzebe,COD,DF,22,1997,9,4,404,4.5,0,0,0,0,0,0,2,0,0.0,0.0,0.0,0.0,0.0,0,0,,0.0,0.0,,,45,11.8,88,3,5,10,21,1.67,7,8,-1,-0.22,-1.12,0,6,3,0,0,3,8,,,1
ENG-Premier League,2021,Manchester Utd,Daniel James,WAL,MF,22,1997,15,11,910,10.1,3,1,4,3,0,0,3,0,0.3,0.1,0.4,0.3,0.4,17,6,35.3,1.68,0.59,0.18,0.5,61,26.6,76,4,4,17,12,2.13,22,7,15,1.48,0.98,0,14,14,4,19,1,8,,,0
ENG-Premier League,2021,Manchester Utd,Marcus Rashford,ENG,"MF,FW",22,1997,37,33,2920,32.4,11,9,20,11,0,0,4,0,0.34,0.28,0.62,0.34,0.62,79,37,46.8,2.43,1.14,0.14,0.3,79,85.4,85,22,4,26,1,1.92,58,38,20,0.62,-1.0,0,25,42,27,37,8,9,,,0
ENG-Premier League,2021,Manchester Utd,Timothy Fosu-Mensah,NED,DF,22,1998,1,1,80,0.9,0,0,0,0,0,0,1,0,0.0,0.0,0.0,0.0,0.0,1,0,0.0,1.13,0.0,0.0,,80,2.3,80,0,0,,2,0.0,1,2,-1,-1.13,-1.93,0,1,0,1,5,3,0,,,0
ENG-Premier League,2021,Newcastle United,Jamal Lewis,NIR,DF,22,1998,24,20,1837,20.4,0,1,1,0,0,0,4,0,0.0,0.05,0.05,0.0,0.05,3,1,33.3,0.15,0.05,0.0,0.0,77,53.7,89,19,4,15,12,1.04,24,37,-13,-0.64,-0.47,0,18,18,1,45,14,22,,,0
ENG-Premier League,2021,Newcastle United,Sean Longstaff,ENG,MF,22,1997,22,15,1412,15.7,0,1,1,0,0,0,2,0,0.0,0.06,0.06,0.0,0.06,15,5,33.3,0.96,0.32,0.0,0.0,64,41.3,89,14,7,10,9,1.55,20,26,-6,-0.38,0.07,0,23,21,0,25,18,15,,,0
ENG-Premier League,2021,Sheffield United,Aaron Ramsdale,ENG,GK,22,1998,38,38,3420,38.0,0,0,0,0,0,0,1,0,0.0,0.0,0.0,0.0,0.0,0,0,,0.0,0.0,,,90,100.0,90,38,0,,0,0.61,20,63,-43,-1.13,,0,1,5,0,0,2,1,,,0
ENG-Premier League,2021,Sheffield United,Sander Berge,NOR,MF,22,1998,15,13,1120,12.4,1,1,2,0,1,1,4,0,0.08,0.08,0.16,0.0,0.08,11,2,18.2,0.88,0.16,0.0,0.0,75,32.7,82,11,2,30,0,0.07,6,23,-17,-1.37,-0.35,0,14,4,2,24,4,7,,,0
ENG-Premier League,2021,Southampton,Moussa Djenepo,MLI,MF,22,1998,27,15,1240,13.8,1,0,1,1,0,0,5,0,0.07,0.0,0.07,0.07,0.07,14,2,14.3,1.02,0.15,0.07,0.5,46,36.3,70,4,12,16,7,0.96,12,27,-15,-1.09,-0.84,0,29,39,3,9,12,27,,,0
ENG-Premier League,2021,Tottenham Hotspur,Joe Rodon,WAL,DF,22,1997,12,8,733,8.1,0,0,0,0,0,0,0,0,0.0,0.0,0.0,0.0,0.0,1,0,0.0,0.12,0.0,0.0,,61,21.4,90,8,4,3,9,1.75,12,12,0,0.0,-0.77,0,2,8,1,0,19,8,,,0
ENG-Premier League,2021,Tottenham Hotspur,Steven Bergwijn,NED,"MF,FW",22,1997,21,13,1208,13.4,1,3,4,1,0,0,3,0,0.07,0.22,0.3,0.07,0.3,15,6,40.0,1.12,0.45,0.07,0.17,58,35.3,79,2,8,22,5,1.67,21,15,6,0.45,-0.24,0,20,16,1,12,3,8,,,0
ENG-Premier League,2021,West Brom,Ainsley Maitland-Niles,ENG,MF,22,1997,15,14,1230,13.7,0,0,0,0,0,0,2,0,0.0,0.0,0.0,0.0,0.0,10,3,30.0,0.73,0.22,0.0,0.0,82,36.0,87,10,1,18,0,0.93,14,17,-3,-0.22,1.34,0,10,14,0,11,17,10,,,0
ENG-Premier League,2021,West Brom,Grady Diangana,COD,MF,22,1998,20,15,1235,13.7,1,0,1,1,0,0,0,0,0.07,0.0,0.07,0.07,0.07,14,4,28.6,1.02,0.29,0.07,0.25,62,36.1,74,6,5,24,9,0.4,10,33,-23,-1.68,-0.93,0,11,35,4,20,16,21,,,0
ENG-Premier League,2021,West Brom,Karlan Grant,ENG,"FW,MF",22,1997,21,14,1127,12.5,1,0,1,1,0,0,1,0,0.08,0.0,0.08,0.08,0.08,16,9,56.3,1.28,0.72,0.06,0.11,54,33.0,71,1,7,20,10,0.43,7,26,-19,-1.52,-0.65,0,9,13,7,14,4,2,,,0
ENG-Premier League,2021,West Brom,Kyle Edwards,ENG,MF,22,1998,5,1,118,1.3,0,0,0,0,0,0,0,0,0.0,0.0,0.0,0.0,0.0,2,1,50.0,1.53,0.76,0.0,0.0,24,3.5,45,0,4,18,6,0.2,1,3,-2,-1.53,-0.46,0,1,1,0,1,1,3,,,0
ENG-Premier League,2021,West Brom,Sam Field,ENG,MF,22,1998,3,0,62,0.7,0,0,0,0,0,0,0,0,0.0,0.0,0.0,0.0,0.0,0,0,,0.0,0.0,,,21,1.8,,0,3,21,2,0.33,0,2,-2,-2.9,-1.86,0,2,1,0,0,2,4,,,0
ENG-Premier League,2021,Wolves,Oskar Buur,DEN,"DF,MF",22,1998,1,0,22,0.2,0,0,0,0,0,0,0,0,0.0,0.0,0.0,0.0,0.0,0,0,,0.0,0.0,,,22,0.6,,0,1,22,2,3.0,0,0,0,0.0,0.42,0,0,0,0,0,0,0,,,0
ENG-Premier League,2021,Wolves,Patrick Cutrone,ITA,FW,22,1998,2,0,25,0.3,0,0,0,0,0,0,0,0,0.0,0.0,0.0,0.0,0.0,1,0,0.0,3.6,0.0,0.0,,13,0.7,,0,2,13,1,0.0,0,0,0,0.0,0.42,0,0,1,0,0,0,0,,,0
ESP-La Liga,2021,Celta Vigo,Hugo Sotelo,ESP,MF,16,2003,1,0,1,0.0,0,0,0,0,0,0,0,0,0.0,0.0,0.0,0.0,0.0,0,0,,0.0,0.0,,,1,0.0,,0,1,1,3,3.0,0,0,0,0.0,0.05,0,0,0,0,0,0,0,,,0
ESP-La Liga,2021,Cádiz,Álvaro Bastida,ESP,MF,16,2004,1,0,35,0.4,0,0,0,0,0,0,0,0,0.0,0.0,0.0,0.0,0.0,0,0,,0.0,0.0,,,35,1.0,,0,1,35,1,1.0,0,1,-1,-2.57,-2.01,0,0,0,0,0,0,0,,,0
ESP-La Liga,2021,Getafe,John Joe,IRL,MF,16,2003,6,0,65,0.7,0,0,0,0,0,0,0,0,0.0,0.0,0.0,0.0,0.0,2,0,0.0,2.77,0.0,0.0,,11,1.9,,0,6,11,8,0.17,0,0,0,0.0,0.4,0,2,0,0,3,0,1,,,0
ESP-La Liga,2021,Barcelona,Ansu Fati,ESP,"MF,FW",17,2002,7,6,431,4.8,4,0,4,4,0,0,1,0,0.84,0.0,0.84,0.84,0.84,14,7,50.0,2.92,1.46,0.29,0.57,62,12.6,67,0,1,29,0,1.57,10,5,5,1.04,-0.22,0,6,11,2,4,3,4,,,0
ESP-La Liga,2021,Barcelona,Ilaix Moriba,GUI,MF,17,2003,14,4,542,6.0,1,2,3,1,0,0,1,0,0.17,0.33,0.5,0.17,0.5,13,3,23.1,2.16,0.5,0.08,0.33,39,15.8,68,0,10,27,3,2.21,12,6,6,1.0,-0.29,0,16,19,0,1,5,7,,,0
ESP-La Liga,2021,Barcelona,Pedri,ESP,MF,17,2002,37,28,2415,26.8,3,3,6,3,0,0,2,0,0.11,0.11,0.22,0.11,0.22,25,9,36.0,0.93,0.34,0.12,0.33,65,70.6,76,6,9,32,0,2.05,66,26,40,1.49,0.86,0,18,42,0,12,30,27,,,0
ESP-La Liga,2021,Celta Vigo,Miguel Rodríguez,ESP,MF,17,2003,4,0,30,0.3,0,0,0,0,0,0,2,0,0.0,0.0,0.0,0.0,0.0,0,0,,0.0,0.0,,,8,0.9,,0,4,8,13,0.25,0,1,-1,-3.0,-2.97,0,2,1,0,2,0,0,,,0
ESP-La Liga,2021,Valencia,Yunus Musah,USA,MF,17,2002,32,17,1530,17.0,1,0,1,1,0,0,2,0,0.06,0.0,0.06,0.06,0.06,8,3,37.5,0.47,0.18,0.13,0.33,48,44.7,72,1,15,21,5,0.97,21,25,-4,-0.24,-0.28,0,21,29,3,17,16,18,,,0
ESP-La Liga,2021,Villarreal,Yeremi Pino,ESP,"FW,MF",17,2002,24,6,797,8.9,3,1,4,3,0,0,4,0,0.34,0.11,0.45,0.34,0.45,13,5,38.5,1.47,0.56,0.23,0.6,33,23.3,68,1,18,22,5,1.5,14,8,6,0.68,0.33,0,21,15,2,10,9,12,,,0
ESP-La Liga,2021,Alavés,Facundo Pellistri,URU,"MF,FW",18,2001,12,5,542,6.0,0,0,0,0,0,0,0,0,0.0,0.0,0.0,0.0,0.0,5,2,40.0,0.83,0.33,0.0,0.0,45,15.8,75,1,7,24,2,1.17,6,9,-3,-0.5,0.06,0,6,9,1,13,3,7,,,0
ESP-La Liga,2021,Alavés,Javi López,ESP,DF,18,2002,9,1,248,2.8,0,0,0,0,0,0,1,1,0.0,0.0,0.0,0.0,0.0,1,1,100.0,0.36,0.36,0.0,0.0,28,7.3,87,0,8,20,20,0.9,3,3,0,0.0,0.6,0,3,3,0,17,3,5,,,0
ESP-La Liga,2021,Alavés,Stephane Keller,CMR,DF,18,2001,1,0,16,0.2,0,0,0,0,0,0,0,0,0.0,0.0,0.0,0.0,0.0,0,0,,0.0,0.0,,,16,0.5,,0,1,16,3,0.0,0,0,0,0.0,0.56,0,0,0,0,0,0,0,,,0
ESP-La Liga,2021,Athletic Club,Nico Williams,ESP,MF,18,2002,2,0,57,0.6,0,0,0,0,0,0,0,0,0.0,0.0,0.0,0.0,0.0,1,0,0.0,1.58,0.0,0.0,,29,1.7,,0,2,29,3,2.0,2,2,0,0.0,-0.11,0,1,0,1,3,1,0,,,0
ESP-La Liga,2021,Celta Vigo,Gabriel Veiga,ESP,MF,18,2002,6,1,118,1.3,0,0,0,0,0,0,0,0,0.0,0.0,0.0,0.0,0.0,0,0,,0.0,0.0,,,20,3.5,59,0,5,12,10,0.83,0,3,-3,-2.29,-2.32,0,4,3,0,2,3,1,,,0
ESP-La Liga,2021,Elche,Jony Álamo,ESP,MF,18,2001,1,1,73,0.8,0,0,0,0,0,0,0,0,0.0,0.0,0.0,0.0,0.0,1,0,0.0,1.23,0.0,0.0,,73,2.1,73,0,0,,15,1.0,2,1,1,1.23,1.82,0,0,2,0,0,1,1,,,0
ESP-La Liga,2021,Getafe,Emmanuel Amankwaa Akurugu,GHA,DF,18,2001,1,0,45,0.5,0,0,0,0,0,0,0,0,0.0,0.0,0.0,0.0,0.0,0,0,,0.0,0.0,,,45,1.3,,0,1,45,9,0.0,1,2,-1,-2.0,-1.63,0,0,0,0,1,2,0,,,0
ESP-La Liga,2021,Getafe,Mamor Niang,ESP,FW,18,2002,1,0,22,0.2,0,0,0,0,0,0,0,0,0.0,0.0,0.0,0.0,0.0,1,0,0.0,4.09,0.0,0.0,,22,0.6,,0,1,22,10,0.0,0,2,-2,-8.18,-7.84,0,0,1,0,0,0,1,,,0
ESP-La Liga,2021,Granada,Ángel,ESP,GK,18,2002,1,1,90,1.0,0,0,0,0,0,0,0,0,0.0,0.0,0.0,0.0,0.0,0,0,,0.0,0.0,,,90,2.6,90,1,0,,0,0.0,0,2,-2,-2.0,-1.57,0,0,0,0,0,0,0,,,0
ESP-La Liga,2021,Levante,Alejandro Blesa,ESP,MF,18,2002,1,0,11,0.1,0,0,0,0,0,0,0,0,0.0,0.0,0.0,0.0,0.0,0,0,,0.0,0.0,,,11,0.3,,0,1,11,4,1.0,0,0,0,0.0,0.29,0,2,0,0,0,0,0,,,0
ESP-La Liga,2021,Levante,Edgar Sevikyan,ARM,FW,18,2001,1,0,8,0.1,0,0,0,0,0,0,0,0,0.0,0.0,0.0,0.0,0.0,0,0,,0.0,0.0,,,8,0.2,,0,1,8,8,3.0,0,0,0,0.0,0.29,0,0,1,0,1,0,0,,,0
ESP-La Liga,2021,Real Madrid,Sergio Arribas,ESP,MF,18,2001,8,0,135,1.5,0,0,0,0,0,0,1,0,0.0,0.0,0.0,0.0,0.0,1,1,100.0,0.67,0.67,0.0,0.0,17,3.9,,0,8,17,4,2.13,3,0,3,2.0,1.01,0,1,2,2,0,3,1,,,0
ESP-La Liga,2021,Real Sociedad,Ander Barrenetxea,ESP,MF,18,2001,31,13,1307,14.5,3,0,3,3,0,0,7,0,0.21,0.0,0.21,0.21,0.21,23,7,30.4,1.58,0.48,0.13,0.43,42,38.2,72,2,18,20,5,1.45,20,16,4,0.28,-0.45,0,41,20,4,33,8,18,,,0
ESP-La Liga,2021,Real Sociedad,Roberto Navarro,ESP,MF,18,2002,1,0,35,0.4,0,0,0,0,0,0,0,0,0.0,0.0,0.0,0.0,0.0,0,0,,0.0,0.0,,,35,1.0,,0,1,35,5,0.0,0,0,0,0.0,-0.56,0,1,1,0,2,1,1,,,0
ESP-La Liga,2021,Valencia,Koba Koindredi,FRA,MF,18,2001,2,0,15,0.2,0,0,0,0,0,0,0,0,0.0,0.0,0.0,0.0,0.0,0,0,,0.0,0.0,,,8,0.4,,0,2,8,15,0.0,0,1,-1,-6.0,-5.95,0,0,0,0,0,0,1,,,0
ESP-La Liga,2021,Alavés,Borja Sainz,ESP,MF,19,2001,21,2,453,5.0,1,0,1,1,0,0,1,0,0.2,0.0,0.2,0.2,0.2,7,4,57.1,1.39,0.79,0.14,0.25,22,13.2,66,0,19,17,16,0.67,5,7,-2,-0.4,0.18,0,14,7,4,12,7,4,,,0
ESP-La Liga,2021,Alavés,Tomás Tavares,POR,DF,19,2001,3,0,65,0.7,0,0,0,0,0,0,0,0,0.0,0.0,0.0,0.0,0.0,0,0,,0.0,0.0,,,22,1.9,,0,3,22,9,0.67,0,2,-2,-2.77,-2.26,0,1,0,0,2,0,1,,,0
ESP-La Liga,2021,Athletic Club,Unai Vencedor Paris,ESP,MF,19,2000,28,19,1701,18.9,0,0,0,0,0,0,6,0,0.0,0.0,0.0,0.0,0.0,9,1,11.1,0.48,0.05,0.0,0.0,61,49.7,78,9,9,24,9,1.29,25,18,7,0.37,0.53,0,31,23,0,11,19,20,,,0
ESP-La Liga,2021,Atlético Madrid,Manu Sánchez,ESP,DF,19,2000,1,1,49,0.5,0,1,1,0,0,0,0,0,0.0,1.84,1.84,0.0,1.84,0,0,,0.0,0.0,,,49,1.4,49,0,0,,9,3.0,1,0,1,1.84,0.74,0,0,0,0,0,0,0,,,0
ESP-La Liga,2021,Barcelona,Sergiño Dest,USA,"MF,DF",19,2000,30,23,1909,21.2,2,1,3,2,0,0,1,0,0.09,0.05,0.14,0.09,0.14,14,5,35.7,0.66,0.24,0.14,0.4,64,55.8,77,9,7,19,5,1.93,43,18,25,1.18,-0.13,0,16,11,3,37,11,18,,,0
ESP-La Liga,2021,Celta Vigo,Carlos Dominguez,ESP,DF,19,2001,4,4,360,4.0,0,0,0,0,0,0,2,0,0.0,0.0,0.0,0.0,0.0,1,1,100.0,0.25,0.25,0.0,0.0,90,10.5,90,4,0,,0,2.25,9,6,3,0.75,0.9,0,7,2,0,0,5,4,,,0
ESP-La Liga,2021,Celta Vigo,Lauti,URU,FW,19,2001,1,0,14,0.2,0,0,0,0,0,0,0,0,0.0,0.0,0.0,0.0,0.0,0,0,,0.0,0.0,,,14,0.4,,0,1,14,7,3.0,0,0,0,0.0,0.05,0,1,0,1,0,0,0,,,0
ESP-La Liga,2021,Celta Vigo,Sergio Carreira,ESP,DF,19,2000,3,3,259,2.9,1,0,1,1,0,0,0,0,0.35,0.0,0.35,0.35,0.35,2,1,50.0,0.69,0.35,0.5,1.0,86,7.6,86,1,0,,12,0.33,2,6,-4,-1.39,-1.45,0,2,2,0,6,1,0,,,0
ESP-La Liga,2021,Eibar,Bryan Gil,ESP,MF,19,2001,28,26,2265,25.2,4,3,7,4,0,0,6,0,0.16,0.12,0.28,0.16,0.28,39,16,41.0,1.55,0.64,0.1,0.25,81,66.2,84,16,2,38,1,0.89,20,29,-9,-0.36,0.73,0,25,47,12,193,18,18,,,0
ESP-La Liga,2021,Elche,John Donald,ESP,DF,19,2000,2,1,50,0.6,0,0,0,0,0,0,0,0,0.0,0.0,0.0,0.0,0.0,0,0,,0.0,0.0,,,25,1.5,45,0,1,5,10,0.5,0,2,-2,-3.6,-3.09,0,1,0,0,0,0,0,,,0
ESP-La Liga,2021,Getafe,Takefusa Kubo,JPN,"MF,FW",19,2001,18,8,805,8.9,1,1,2,1,0,0,2,0,0.11,0.11,0.22,0.11,0.22,15,8,53.3,1.68,0.89,0.07,0.13,45,23.5,73,2,10,22,4,0.89,9,12,-3,-0.34,0.08,0,17,22,4,29,15,6,,,0
ESP-La Liga,2021,Getafe,Victor Mollejo,ESP,"FW,MF",19,2001,4,0,72,0.8,0,0,0,0,0,0,0,0,0.0,0.0,0.0,0.0,0.0,0,0,,0.0,0.0,,,18,2.1,,0,4,18,4,0.75,0,1,-1,-1.25,-0.87,0,0,2,0,0,0,1,,,0
ESP-La Liga,2021,Granada,Barcia,ESP,DF,19,2000,1,1,90,1.0,0,0,0,0,0,0,1,0,0.0,0.0,0.0,0.0,0.0,0,0,,0.0,0.0,,,90,2.6,90,1,0,,4,0.0,0,2,-2,-2.0,-1.57,0,2,1,0,1,3,1,,,0
ESP-La Liga,2021,Granada,Isma Ruiz,ESP,MF,19,2001,1,1,67,0.7,0,0,0,0,0,0,0,0,0.0,0.0,0.0,0.0,0.0,0,0,,0.0,0.0,,,67,2.0,67,0,0,,2,0.0,0,2,-2,-2.69,-2.26,0,0,0,0,0,0,0,,,0
ESP-La Liga,2021,Huesca,Sergio Gómez,ESP,"MF,FW",19,2000,29,4,792,8.8,0,1,1,0,0,0,1,0,0.0,0.11,0.11,0.0,0.11,9,2,22.2,1.02,0.23,0.0,0.0,27,23.2,73,1,25,20,9,0.83,3,14,-11,-1.25,-0.98,0,7,9,1,71,14,12,,,0
ESP-La Liga,2021,Osasuna,Manu Sánchez,ESP,DF,19,2000,16,10,976,10.8,0,4,4,0,0,0,4,0,0.0,0.37,0.37,0.0,0.37,3,1,33.3,0.28,0.09,0.0,0.0,61,28.5,84,7,6,23,3,1.5,16,13,3,0.28,0.79,0,16,8,1,28,8,16,,,0
ESP-La Liga,2021,Real Madrid,Miguel Gutiérrez,ESP,DF,19,2001,6,3,316,3.5,0,1,1,0,0,0,0,0,0.0,0.28,0.28,0.0,0.28,0,0,,0.0,0.0,,,53,9.2,82,2,3,23,4,2.67,9,3,6,1.71,0.75,0,6,7,1,19,4,0,,,0
ESP-La Liga,2021,Real Madrid,Rodrygo,BRA,"FW,MF",19,2001,22,10,983,10.9,1,6,7,1,0,0,0,0,0.09,0.55,0.64,0.09,0.64,26,5,19.2,2.38,0.46,0.04,0.2,45,28.7,65,1,12,28,7,2.27,22,4,18,1.65,0.87,0,16,23,1,25,8,8,,,0
ESP-La Liga,2021,Real Sociedad,Jon Pacheco,ESP,DF,19,2001,1,0,32,0.4,0,0,0,0,0,0,0,0,0.0,0.0,0.0,0.0,0.0,1,0,0.0,2.81,0.0,0.0,,32,0.9,,0,1,32,7,0.0,1,0,1,2.81,2.28,0,0,0,0,0,1,0,,,0
ESP-La Liga,2021,Real Sociedad,Urko González,ESP,MF,19,2001,2,1,47,0.5,0,0,0,0,0,0,1,0,0.0,0.0,0.0,0.0,0.0,0,0,,0.0,0.0,,,24,1.4,45,0,1,2,9,1.0,2,0,2,3.83,3.32,0,4,1,0,0,0,0,,,0
ESP-La Liga,2021,Sevilla,Bryan Gil,ESP,"FW,MF",19,2001,1,0,13,0.1,0,0,0,0,0,0,0,0,0.0,0.0,0.0,0.0,0.0,0,0,,0.0,0.0,,,13,0.4,,0,1,13,0,3.0,2,0,2,13.85,13.37,0,1,0,0,1,0,1,,,0
ESP-La Liga,2021,Valencia,Lee Kang-in,KOR,"FW,MF",19,2001,24,15,1262,14.0,0,4,4,0,0,0,1,0,0.0,0.29,0.29,0.0,0.29,25,7,28.0,1.78,0.5,0.0,0.0,53,36.9,69,1,9,25,11,1.54,16,17,-1,-0.07,0.01,0,14,42,2,39,3,11,,,0
ESP-La Liga,2021,Villarreal,Alex Baena,ESP,MF,19,2001,6,2,137,1.5,0,0,0,0,0,0,0,0,0.0,0.0,0.0,0.0,0.0,2,1,50.0,1.31,0.66,0.0,0.0,23,4.0,53,0,4,8,32,1.67,0,2,-2,-1.31,-1.81,0,2,4,0,4,1,3,,,0
ESP-La Liga,2021,Villarreal,Fernando Niño,ESP,FW,19,2000,17,8,593,6.6,3,0,3,3,0,0,1,0,0.46,0.0,0.46,0.46,0.46,14,7,50.0,2.12,1.06,0.21,0.43,35,17.3,63,0,9,10,19,1.18,11,10,1,0.15,-0.33,0,7,14,6,1,2,4,,,0
ESP-La Liga,2021,Villarreal,Takefusa Kubo,JPN,"MF,FW",19,2001,13,2,299,3.3,0,0,0,0,0,0,2,1,0.0,0.0,0.0,0.0,0.0,8,5,62.5,2.41,1.51,0.0,0.0,23,8.7,59,0,11,16,3,1.69,2,1,1,0.3,-0.13,1,3,12,0,10,1,1,,,0
ESP-La Liga,2021,Alavés,Abdallahi Mahmoud,MTN,MF,20,2000,2,1,66,0.7,0,0,0,0,0,0,0,0,0.0,0.0,0.0,0.0,0.0,0,0,,0.0,0.0,,,33,1.9,45,0,1,21,7,0.0,1,1,0,0.0,0.56,0,1,1,0,0,1,2,,,0
ESP-La Liga,2021,Athletic Club,Oihan Sancet,ESP,FW,20,2000,24,11,1035,11.5,2,2,4,2,0,0,2,0,0.17,0.17,0.35,0.17,0.35,18,6,33.3,1.57,0.52,0.11,0.33,43,30.3,68,1,13,22,14,1.29,12,6,6,0.52,0.6,0,19,17,4,4,5,1,,,0
ESP-La Liga,2021,Atlético Madrid,João Félix,POR,"FW,MF",20,1999,31,14,1572,17.5,7,5,12,6,1,2,6,0,0.4,0.29,0.69,0.34,0.63,39,16,41.0,2.23,0.92,0.15,0.38,51,46.0,73,3,17,33,0,2.26,33,14,19,1.09,-0.03,0,16,48,6,10,5,5,,,0
ESP-La Liga,2021,Atlético Madrid,Ricard Sánchez,ESP,DF,20,2000,1,0,30,0.3,0,0,0,0,0,0,0,0,0.0,0.0,0.0,0.0,0.0,1,0,0.0,3.0,0.0,0.0,,30,0.9,,0,1,30,11,0.0,0,1,-1,-3.0,-4.14,0,0,0,0,2,0,1,,,0
ESP-La Liga,2021,Barcelona,Francisco Trincão,POR,FW,20,1999,28,3,706,7.8,3,2,5,3,0,0,1,0,0.38,0.25,0.64,0.38,0.64,23,12,52.2,2.93,1.53,0.13,0.25,25,20.6,67,1,25,20,10,1.89,22,7,15,1.91,0.85,0,6,13,8,13,1,2,,,0
ESP-La Liga,2021,Barcelona,Riqui Puig,ESP,MF,20,1999,14,2,292,3.2,1,0,1,1,0,0,1,0,0.31,0.0,0.31,0.31,0.31,4,2,50.0,1.23,0.62,0.25,0.5,21,8.5,73,1,12,12,23,2.14,10,4,6,1.85,0.67,0,2,10,0,1,1,3,,,0
ESP-La Liga,2021,Celta Vigo,Jordan Holsgrove,SCO,MF,20,1999,5,0,145,1.6,0,0,0,0,0,0,0,0,0.0,0.0,0.0,0.0,0.0,1,0,0.0,0.62,0.0,0.0,,29,4.2,,0,5,29,6,1.6,1,2,-1,-0.62,-0.59,0,3,3,0,3,1,4,,,0
ESP-La Liga,2021,Celta Vigo,José Fontán,ESP,DF,20,2000,14,7,652,7.2,0,0,0,0,0,0,3,1,0.0,0.0,0.0,0.0,0.0,5,3,60.0,0.69,0.41,0.0,0.0,47,19.1,74,3,7,19,18,1.43,8,16,-8,-1.1,-1.3,1,17,3,1,10,12,9,,,0
ESP-La Liga,2021,Celta Vigo,Miguel Baeza,ESP,MF,20,2000,22,4,543,6.0,1,0,1,1,0,0,0,0,0.17,0.0,0.17,0.17,0.17,12,4,33.3,1.99,0.66,0.08,0.25,25,15.9,53,0,18,18,16,1.36,6,13,-7,-1.16,-1.32,0,5,8,4,12,4,6,,,0
ESP-La Liga,2021,Cádiz,Marc Baró,ESP,DF,20,1999,1,1,90,1.0,0,0,0,0,0,0,0,0,0.0,0.0,0.0,0.0,0.0,1,1,100.0,1.0,1.0,0.0,0.0,90,2.6,90,1,0,,11,0.0,0,3,-3,-3.0,-2.49,0,1,3,0,6,2,1,,,0
ESP-La Liga,2021,Eibar,Sergio Cubero Ezcurra,ESP,DF,20,1999,1,0,1,0.0,0,0,0,0,0,0,0,0,0.0,0.0,0.0,0.0,0.0,0,0,,0.0,0.0,,,1,0.0,,0,1,1,2,1.0,0,0,0,0.0,0.61,0,0,0,0,0,0,0,,,0
ESP-La Liga,2021,Getafe,Ante Palaversa,CRO,MF,20,2000,2,0,9,0.1,0,0,0,0,0,0,0,0,0.0,0.0,0.0,0.0,0.0,0,0,,0.0,0.0,,,5,0.3,,0,2,5,11,1.5,0,0,0,0.0,0.4,0,1,0,0,3,0,0,,,0
ESP-La Liga,2021,Granada,Domingos Quina,POR,MF,20,1999,8,5,341,3.8,2,0,2,2,0,0,1,0,0.53,0.0,0.53,0.53,0.53,8,3,37.5,2.11,0.79,0.25,0.67,43,10.0,60,0,3,14,8,0.75,5,8,-3,-0.79,-0.35,0,5,10,1,3,2,5,,,0
ESP-La Liga,2021,Granada,Nehuén Pérez,ARG,DF,20,2000,14,9,741,8.2,0,0,0,0,0,0,4,0,0.0,0.0,0.0,0.0,0.0,5,1,20.0,0.61,0.12,0.0,0.0,53,21.7,75,5,5,14,20,1.36,9,14,-5,-0.61,-0.17,0,10,1,0,0,13,3,,,0
ESP-La Liga,2021,Granada,Pepe Sánchez,ESP,DF,20,2000,3,3,253,2.8,0,0,0,0,0,0,0,0,0.0,0.0,0.0,0.0,0.0,1,0,0.0,0.36,0.0,0.0,,84,7.4,84,2,0,,18,1.33,2,2,0,0.0,0.51,0,7,1,0,0,4,3,,,0
ESP-La Liga,2021,Levante,Álex Cantero,ESP,FW,20,2000,4,3,237,2.6,0,0,0,0,0,0,1,0,0.0,0.0,0.0,0.0,0.0,3,0,0.0,1.14,0.0,0.0,,59,6.9,71,0,1,24,1,0.5,3,4,-1,-0.38,-0.1,0,5,1,1,1,0,1,,,0
ESP-La Liga,2021,Osasuna,Javi Martínez,ESP,"MF,FW",20,1999,13,6,460,5.1,1,1,2,1,0,0,1,0,0.2,0.2,0.39,0.2,0.39,3,1,33.3,0.59,0.2,0.33,1.0,35,13.5,69,0,7,6,20,1.15,6,6,0,0.0,0.33,0,5,7,0,7,5,4,,,0
ESP-La Liga,2021,Real Betis,Diego Lainez,MEX,MF,20,2000,21,8,862,9.6,0,2,2,0,0,0,5,0,0.0,0.21,0.21,0.0,0.21,13,4,30.8,1.36,0.42,0.0,0.0,41,25.2,73,1,13,22,10,1.76,12,5,7,0.73,0.98,0,14,28,2,21,11,4,,,0
ESP-La Liga,2021,Real Betis,Juan Miranda,ESP,DF,20,2000,22,18,1652,18.4,1,2,3,1,0,0,4,0,0.05,0.11,0.16,0.05,0.16,10,3,30.0,0.54,0.16,0.1,0.33,75,48.3,87,16,4,23,11,1.82,24,18,6,0.33,0.63,0,23,21,1,55,30,10,,,0
ESP-La Liga,2021,Real Betis,Rodri,ESP,MF,20,2000,15,5,537,6.0,0,0,0,0,0,0,0,0,0.0,0.0,0.0,0.0,0.0,5,0,0.0,0.84,0.0,0.0,,36,15.7,68,0,10,20,12,1.6,11,12,-1,-0.17,-0.2,0,1,16,2,12,3,3,,,0
ESP-La Liga,2021,Real Madrid,Antonio Blanco,ESP,MF,20,2000,4,2,220,2.4,0,0,0,0,0,0,0,0,0.0,0.0,0.0,0.0,0.0,2,0,0.0,0.82,0.0,0.0,,55,6.4,90,2,2,20,8,2.0,5,0,5,2.05,1.09,0,6,2,0,2,6,2,,,0
ESP-La Liga,2021,Real Madrid,Hugo Duro,ESP,FW,20,1999,2,0,55,0.6,0,0,0,0,0,0,0,0,0.0,0.0,0.0,0.0,0.0,1,0,0.0,1.64,0.0,0.0,,28,1.6,,0,2,28,3,2.0,1,0,1,1.64,0.62,0,1,1,0,0,0,0,,,0
ESP-La Liga,2021,Real Madrid,Marvin,ESP,"MF,DF",20,2000,4,2,133,1.5,0,1,1,0,0,0,0,0,0.0,0.68,0.68,0.0,0.68,1,0,0.0,0.68,0.0,0.0,,33,3.9,50,0,2,17,0,2.5,3,0,3,2.03,1.04,0,1,5,0,4,2,2,,,0
ESP-La Liga,2021,Real Madrid,Vinicius Júnior,BRA,"FW,MF",20,2000,35,22,1969,21.9,3,3,6,3,0,0,3,0,0.14,0.14,0.27,0.14,0.27,40,14,35.0,1.83,0.64,0.08,0.21,56,57.6,75,7,13,24,2,2.2,35,17,18,0.82,-0.48,0,27,54,8,40,9,22,,,0
ESP-La Liga,2021,Real Madrid,Víctor Chust,ESP,DF,20,2000,2,1,95,1.1,0,0,0,0,0,0,0,0,0.0,0.0,0.0,0.0,0.0,0,0,,0.0,0.0,,,48,2.8,90,1,1,5,9,2.0,0,0,0,0.0,-1.06,0,1,0,0,0,1,1,,,0
ESP-La Liga,2021,Real Sociedad,Alexander Isak,SWE,FW,20,1999,34,30,2340,26.0,17,2,19,17,0,1,4,0,0.65,0.08,0.73,0.65,0.73,81,42,51.9,3.12,1.62,0.21,0.4,69,68.4,75,5,4,26,4,1.59,39,22,17,0.65,0.32,0,25,33,22,20,3,5,,,0
ESP-La Liga,2021,Real Sociedad,Roberto López,ESP,MF,20,2000,17,4,505,5.6,3,0,3,3,0,0,0,0,0.53,0.0,0.53,0.53,0.53,14,5,35.7,2.5,0.89,0.21,0.6,30,14.8,77,1,13,15,19,1.59,8,6,2,0.36,-0.23,0,2,5,1,33,6,1,,,0
ESP-La Liga,2021,Valencia,Guillem Molina,ESP,DF,20,2000,2,1,153,1.7,0,0,0,0,0,0,1,0,0.0,0.0,0.0,0.0,0.0,0,0,,0.0,0.0,,,77,4.5,79,0,1,74,13,0.0,1,4,-3,-1.76,-1.76,0,4,2,0,0,4,0,,,0
ESP-La Liga,2021,Valencia,Hugo Guillamón,ESP,DF,20,2000,25,21,1988,22.1,1,0,1,1,0,0,8,0,0.05,0.0,0.05,0.05,0.05,7,1,14.3,0.32,0.05,0.14,1.0,80,58.1,86,16,4,43,7,1.28,30,25,5,0.23,0.73,0,33,30,1,1,26,13,,,1
ESP-La Liga,2021,Villarreal,Álex Millán,ESP,FW,20,1999,1,0,2,0.0,0,0,0,0,0,0,0,0,0.0,0.0,0.0,0.0,0.0,0,0,,0.0,0.0,,,2,0.1,,0,1,2,1,3.0,0,0,0,0.0,-0.42,0,1,0,0,0,0,0,,,0
ESP-La Liga,2021,Alavés,Sergi García,ESP,MF,21,1999,2,0,16,0.2,0,0,0,0,0,0,0,0,0.0,0.0,0.0,0.0,0.0,0,0,,0.0,0.0,,,8,0.5,,0,2,8,5,0.0,0,0,0,0.0,0.56,0,0,0,0,0,0,1,,,0
ESP-La Liga,2021,Athletic Club,Jon Morcillo,ESP,MF,21,1998,30,16,1363,15.1,2,2,4,2,0,0,3,0,0.13,0.13,0.26,0.13,0.26,24,8,33.3,1.58,0.53,0.08,0.25,45,39.9,70,3,14,17,8,1.23,14,12,2,0.13,0.04,0,21,16,3,139,14,8,,,0
ESP-La Liga,2021,Athletic Club,Oier Zarraga,ESP,MF,21,1999,5,1,100,1.1,0,0,0,0,0,0,0,0,0.0,0.0,0.0,0.0,0.0,1,0,0.0,0.9,0.0,0.0,,20,2.9,53,0,4,12,13,1.4,2,1,1,0.9,0.82,0,0,2,0,1,0,1,,,0
ESP-La Liga,2021,Barcelona,Ronald Araújo,URU,DF,21,1999,24,16,1510,16.8,2,1,3,2,0,0,3,0,0.12,0.06,0.18,0.12,0.18,12,4,33.3,0.72,0.24,0.17,0.5,63,44.2,80,12,8,29,5,2.33,34,16,18,1.07,-0.29,0,12,18,2,0,20,12,,,0
ESP-La Liga,2021,Barcelona,Óscar Mingueza,ESP,DF,21,1999,27,23,1901,21.1,2,2,4,2,0,0,4,0,0.09,0.09,0.19,0.09,0.19,12,6,50.0,0.57,0.28,0.17,0.33,70,55.6,80,15,4,15,5,2.3,49,20,29,1.37,0.31,0,20,16,1,15,20,32,,,0
ESP-La Liga,2021,Celta Vigo,Alfon,ESP,FW,21,1999,2,0,34,0.4,0,0,0,0,0,0,0,0,0.0,0.0,0.0,0.0,0.0,1,1,100.0,2.65,2.65,0.0,0.0,17,1.0,,0,2,17,3,0.5,0,0,0,0.0,0.05,0,0,4,0,0,0,0,,,0
ESP-La Liga,2021,Celta Vigo,Fran Beltrán,ESP,MF,21,1999,32,13,1399,15.5,3,0,3,3,0,0,3,0,0.19,0.0,0.19,0.19,0.19,19,7,36.8,1.22,0.45,0.16,0.43,44,40.9,76,3,19,22,6,1.53,24,28,-4,-0.26,-0.35,0,16,10,0,7,17,22,,,0
ESP-La Liga,2021,Cádiz,Bobby Adekanye,NED,"FW,MF",21,1999,3,0,36,0.4,0,0,0,0,0,0,0,0,0.0,0.0,0.0,0.0,0.0,1,0,0.0,2.5,0.0,0.0,,12,1.1,,0,3,12,6,2.33,0,0,0,0.0,0.59,0,1,0,0,2,0,0,,,0
ESP-La Liga,2021,Eibar,Alejandro Pozo Pozo,ESP,"DF,MF",21,1999,30,24,2190,24.3,0,0,0,0,0,0,4,0,0.0,0.0,0.0,0.0,0.0,12,1,8.3,0.49,0.04,0.0,0.0,73,64.0,87,21,6,19,0,0.63,17,38,-21,-0.86,-0.72,0,22,18,2,88,28,21,,,0
ESP-La Liga,2021,Eibar,Eñaut Mendía,ESP,MF,21,1999,1,1,61,0.7,0,0,0,0,0,0,1,0,0.0,0.0,0.0,0.0,0.0,1,0,0.0,1.48,0.0,0.0,,61,1.8,61,0,0,,3,3.0,1,1,0,0.0,0.62,0,3,0,1,2,0,1,,,0
ESP-La Liga,2021,Eibar,Miguel Atienza,ESP,MF,21,1999,12,9,838,9.3,0,0,0,0,0,0,1,0,0.0,0.0,0.0,0.0,0.0,5,0,0.0,0.54,0.0,0.0,,70,24.5,87,7,3,18,5,0.67,7,17,-10,-1.07,-0.62,0,10,2,0,4,9,10,,,0
ESP-La Liga,2021,Eibar,Unai Arietaleanizbeaskoa,ESP,FW,21,1999,4,0,47,0.5,0,0,0,0,0,0,1,0,0.0,0.0,0.0,0.0,0.0,1,0,0.0,1.91,0.0,0.0,,12,1.4,,0,4,12,12,0.0,0,1,-1,-1.91,-1.33,0,3,1,2,0,0,0,,,0
ESP-La Liga,2021,Eibar,Unai Dufur,ESP,DF,21,1999,1,1,62,0.7,0,0,0,0,0,0,0,0,0.0,0.0,0.0,0.0,0.0,0,0,,0.0,0.0,,,62,1.8,62,0,0,,10,0.0,0,4,-4,-5.81,-5.3,0,1,0,0,0,1,2,,,0
ESP-La Liga,2021,Getafe,Cucho,COL,"FW,MF",21,1999,23,18,1466,16.3,2,3,5,2,0,0,5,0,0.12,0.18,0.31,0.12,0.31,28,11,39.3,1.72,0.68,0.07,0.18,64,42.9,76,5,5,21,0,1.09,13,17,-4,-0.25,0.26,0,34,32,10,42,7,12,,,0
ESP-La Liga,2021,Getafe,Sabit Abdulai,GHA,MF,21,1999,3,0,60,0.7,0,0,0,0,0,0,1,0,0.0,0.0,0.0,0.0,0.0,0,0,,0.0,0.0,,,20,1.8,,0,3,20,16,0.67,1,2,-1,-1.5,-1.13,0,2,1,0,1,0,0,,,0
ESP-La Liga,2021,Granada,Alberto Soro,ESP,MF,21,1999,15,3,393,4.4,1,2,3,1,0,0,1,0,0.23,0.46,0.69,0.23,0.69,2,2,100.0,0.46,0.46,0.5,0.5,26,11.5,54,0,12,19,14,0.6,6,15,-9,-2.06,-1.79,0,11,9,3,12,1,2,,,0
ESP-La Liga,2021,Granada,Dani Plomer,ESP,FW,21,1998,1,0,45,0.5,0,0,0,0,0,0,0,0,0.0,0.0,0.0,0.0,0.0,0,0,,0.0,0.0,,,45,1.3,,0,1,45,1,0.0,0,0,0,0.0,0.48,0,0,0,0,0,0,0,,,0
ESP-La Liga,2021,Granada,Kingsley Fobi,GHA,DF,21,1998,1,0,45,0.5,0,0,0,0,0,0,0,0,0.0,0.0,0.0,0.0,0.0,0,0,,0.0,0.0,,,45,1.3,,0,1,45,0,0.0,0,0,0,0.0,0.48,0,0,1,0,0,0,0,,,0
ESP-La Liga,2021,Huesca,Joaquín Muñoz,ESP,"FW,MF",21,1999,3,0,41,0.5,0,0,0,0,0,0,0,0,0.0,0.0,0.0,0.0,0.0,1,1,100.0,2.2,2.2,0.0,0.0,14,1.2,,0,3,14,2,0.67,0,1,-1,-2.2,-1.72,0,2,2,0,2,1,0,,,0
ESP-La Liga,2021,Levante,Giorgi Kochorashvili,GEO,MF,21,1999,3,0,23,0.3,0,0,0,0,0,0,0,0,0.0,0.0,0.0,0.0,0.0,1,0,0.0,3.91,0.0,0.0,,8,0.7,,0,3,8,6,1.33,0,1,-1,-3.91,-3.65,0,1,2,0,0,0,0,,,0
ESP-La Liga,2021,Real Betis,Emerson,BRA,DF,21,1999,34,34,2991,33.2,1,4,5,1,0,0,9,1,0.03,0.12,0.15,0.03,0.15,11,3,27.3,0.33,0.09,0.09,0.33,88,87.5,88,32,0,,0,1.71,49,39,10,0.3,2.4,0,56,73,3,90,64,48,,,1
ESP-La Liga,2021,Real Madrid,Martin Ødegaard,NOR,MF,21,1998,7,3,234,2.6,0,0,0,0,0,0,0,0,0.0,0.0,0.0,0.0,0.0,3,0,0.0,1.15,0.0,0.0,,33,6.8,59,0,4,14,6,1.57,4,2,2,0.77,-0.28,0,1,1,1,7,1,0,,,0
ESP-La Liga,2021,Real Sociedad,Martín Zubimendi,ESP,MF,21,1999,31,17,1882,20.9,0,0,0,0,0,0,6,0,0.0,0.0,0.0,0.0,0.0,8,1,12.5,0.38,0.05,0.0,0.0,61,55.0,87,15,14,28,3,1.61,32,26,6,0.29,-0.59,0,37,17,0,3,37,24,,,0
ESP-La Liga,2021,Real Sociedad,Modibo Sagnan,MLI,DF,21,1999,16,7,622,6.9,0,0,0,0,0,0,3,0,0.0,0.0,0.0,0.0,0.0,5,1,20.0,0.72,0.14,0.0,0.0,39,18.2,69,2,9,15,19,1.44,11,12,-1,-0.14,-0.85,0,13,4,0,1,6,7,,,0
ESP-La Liga,2021,Sevilla,Jules Koundé,FRA,DF,21,1998,34,33,2975,33.1,2,1,3,2,0,0,4,0,0.06,0.03,0.09,0.06,0.09,21,6,28.6,0.64,0.18,0.1,0.33,88,87.0,90,32,1,10,1,2.18,48,28,20,0.61,0.61,0,20,23,3,20,43,18,,,0
ESP-La Liga,2021,Valencia,Alejandro Blanco,ESP,MF,21,1998,13,6,580,6.4,1,0,1,1,0,0,1,0,0.16,0.0,0.16,0.16,0.16,7,2,28.6,1.09,0.31,0.14,0.5,45,17.0,68,0,7,25,23,1.23,6,7,-1,-0.16,-0.09,0,4,8,2,10,8,4,,,0
ESP-La Liga,2021,Valencia,Thierry Correia,POR,DF,21,1999,29,25,2137,23.7,1,1,2,1,0,0,6,1,0.04,0.04,0.08,0.04,0.08,9,2,22.2,0.38,0.08,0.11,0.5,74,62.5,83,18,4,16,6,1.14,29,31,-2,-0.08,-0.01,1,34,38,2,62,45,26,,,0
ESP-La Liga,2021,Valencia,Vicente Esquerdo,ESP,MF,21,1999,4,3,231,2.6,0,0,0,0,0,0,1,0,0.0,0.0,0.0,0.0,0.0,1,0,0.0,0.39,0.0,0.0,,58,6.8,77,0,1,1,14,1.0,4,5,-1,-0.39,-0.33,0,3,0,0,3,7,4,,,0
ESP-La Liga,2021,Valladolid,Jota,POR,"MF,FW",21,1999,17,7,668,7.4,1,0,1,1,0,0,1,0,0.13,0.0,0.13,0.13,0.13,12,6,50.0,1.62,0.81,0.08,0.17,39,19.5,64,0,10,22,9,1.06,7,13,-6,-0.81,-0.25,0,7,9,1,18,5,3,,,0
ESP-La Liga,2021,Valladolid,Sergio Benito,ESP,FW,21,1999,1,0,2,0.0,0,0,0,0,0,0,0,0,0.0,0.0,0.0,0.0,0.0,0,0,,0.0,0.0,,,2,0.1,,0,1,2,3,1.0,0,0,0,0.0,0.61,0,0,0,0,0,0,0,,,0
ESP-La Liga,2021,Villarreal,Samuel Chukwueze,NGA,MF,21,1999,28,13,1365,15.2,4,2,6,4,0,0,0,0,0.26,0.13,0.4,0.26,0.4,31,11,35.5,2.04,0.73,0.13,0.36,49,39.9,76,3,15,25,1,1.61,21,19,2,0.13,-0.48,0,13,30,16,25,9,7,,,0
ESP-La Liga,2021,Alavés,Tachi,ESP,DF,22,1997,12,8,850,9.4,0,0,0,0,0,0,5,1,0.0,0.0,0.0,0.0,0.0,3,0,0.0,0.32,0.0,0.0,,71,24.9,85,7,4,43,19,0.85,7,14,-7,-0.74,-0.25,1,12,16,0,0,15,9,,,0
ESP-La Liga,2021,Athletic Club,Asier Villalibre,ESP,FW,22,1997,35,16,1589,17.7,4,2,6,4,0,0,1,0,0.23,0.11,0.34,0.23,0.34,38,14,36.8,2.15,0.79,0.11,0.29,45,46.5,75,3,19,20,1,1.26,17,15,2,0.11,0.01,0,18,32,7,16,4,3,,,0
ESP-La Liga,2021,Athletic Club,Iñigo Vicente,ESP,MF,22,1998,3,0,52,0.6,0,0,0,0,0,0,0,0,0.0,0.0,0.0,0.0,0.0,1,0,0.0,1.73,0.0,0.0,,17,1.5,,0,3,17,24,0.0,0,1,-1,-1.73,-1.86,0,0,0,0,9,0,1,,,0
ESP-La Liga,2021,Atlético Madrid,Renan Lodi,BRA,"DF,MF",22,1998,23,11,1129,12.5,1,2,3,1,0,0,3,0,0.08,0.16,0.24,0.08,0.24,11,4,36.4,0.88,0.32,0.09,0.25,49,33.0,79,7,12,22,12,2.04,26,11,15,1.2,0.14,0,19,27,2,67,16,17,,,0
ESP-La Liga,2021,Barcelona,Carles Aleñá,ESP,MF,22,1998,2,0,48,0.5,0,0,0,0,0,0,1,0,0.0,0.0,0.0,0.0,0.0,1,0,0.0,1.87,0.0,0.0,,24,1.4,,0,2,24,14,3.0,1,0,1,1.87,0.65,0,4,0,0,0,0,0,,,0
ESP-La Liga,2021,Cádiz,Ivan Šaponjić,SRB,FW,22,1997,9,3,388,4.3,1,0,1,0,1,1,2,0,0.23,0.0,0.23,0.0,0.0,11,6,54.5,2.55,1.39,0.0,0.0,43,11.3,71,0,6,29,9,0.44,7,7,0,0.0,0.65,0,14,16,4,1,1,0,,,0
ESP-La Liga,2021,Cádiz,Nieto,ESP,FW,22,1998,2,0,14,0.2,0,0,0,0,0,0,0,0,0.0,0.0,0.0,0.0,0.0,1,0,0.0,6.43,0.0,0.0,,7,0.4,,0,2,7,2,0.0,0,1,-1,-6.43,-5.87,0,0,0,0,0,0,1,,,0
ESP-La Liga,2021,Cádiz,Álex Martín,ESP,DF,22,1998,2,1,96,1.1,0,0,0,0,0,0,0,0,0.0,0.0,0.0,0.0,0.0,0,0,,0.0,0.0,,,48,2.8,90,1,1,6,10,0.0,1,3,-2,-1.87,-1.33,0,1,0,0,3,0,0,,,0
ESP-La Liga,2021,Getafe,Carles Aleñá,ESP,MF,22,1998,22,15,1366,15.2,2,2,4,2,0,0,1,0,0.13,0.13,0.26,0.13,0.26,30,9,30.0,1.98,0.59,0.07,0.22,62,39.9,83,6,7,18,0,0.95,10,21,-11,-0.72,-0.55,0,20,26,0,61,2,8,,,0
ESP-La Liga,2021,Getafe,Iglesias,ESP,"MF,DF",22,1998,10,7,605,6.7,0,0,0,0,0,0,2,0,0.0,0.0,0.0,0.0,0.0,4,1,25.0,0.6,0.15,0.0,0.0,61,17.7,82,5,3,9,7,1.2,4,8,-4,-0.6,-0.24,0,15,16,1,18,16,17,,,0
ESP-La Liga,2021,Getafe,José Antonio Miranda,EQG,MF,22,1998,4,0,26,0.3,0,0,0,0,0,0,1,0,0.0,0.0,0.0,0.0,0.0,1,0,0.0,3.46,0.0,0.0,,7,0.8,,0,4,7,4,0.5,0,2,-2,-6.92,-6.58,0,2,2,0,2,0,0,,,0
ESP-La Liga,2021,Getafe,Marc Cucurella,ESP,MF,22,1998,37,37,3244,36.0,3,2,5,3,0,0,8,0,0.08,0.06,0.14,0.08,0.14,25,8,32.0,0.69,0.22,0.12,0.38,88,94.9,88,31,0,,0,1.03,25,38,-13,-0.36,0.66,0,69,60,9,138,42,53,,,0
ESP-La Liga,2021,Getafe,Mathías Olivera,URU,DF,22,1997,31,30,2614,29.0,0,0,0,0,0,0,6,0,0.0,0.0,0.0,0.0,0.0,20,4,20.0,0.69,0.14,0.0,0.0,84,76.4,87,24,1,3,1,1.03,20,25,-5,-0.17,0.94,0,27,25,2,63,36,33,,,0
ESP-La Liga,2021,Granada,Juan Brunet,ARG,MF,22,1998,2,0,24,0.3,0,0,0,0,0,0,0,0,0.0,0.0,0.0,0.0,0.0,0,0,,0.0,0.0,,,12,0.7,,0,2,12,0,0.5,0,0,0,0.0,0.48,0,1,0,0,0,0,0,,,0
ESP-La Liga,2021,Granada,Luis Javier Suárez,COL,"FW,MF",22,1997,27,18,1666,18.5,5,1,6,5,0,0,6,0,0.27,0.05,0.32,0.27,0.32,47,17,36.2,2.54,0.92,0.11,0.29,62,48.7,79,7,9,28,0,1.15,26,28,-2,-0.11,0.71,0,28,32,5,11,7,10,,,0
ESP-La Liga,2021,Granada,Yan Brice Eteki,CMR,MF,22,1997,25,16,1321,14.7,0,0,0,0,0,0,4,1,0.0,0.0,0.0,0.0,0.0,7,3,42.9,0.48,0.2,0.0,0.0,53,38.6,73,5,9,17,10,1.16,12,30,-18,-1.23,-1.23,0,45,20,0,3,12,15,,,0
ESP-La Liga,2021,Granada,Yangel Herrera,VEN,MF,22,1998,32,25,2310,25.7,3,1,4,3,0,0,7,0,0.12,0.04,0.16,0.12,0.16,33,7,21.2,1.29,0.27,0.09,0.43,72,67.5,83,18,7,34,0,1.38,34,36,-2,-0.08,1.22,0,70,59,5,14,28,30,,,0
ESP-La Liga,2021,Granada,Álvaro Bravo,ESP,MF,22,1998,1,0,15,0.2,0,0,0,0,0,0,0,0,0.0,0.0,0.0,0.0,0.0,0,0,,0.0,0.0,,,15,0.4,,0,1,15,0,0.0,0,0,0,0.0,0.48,0,0,0,0,0,0,1,,,0
ESP-La Liga,2021,Huesca,Dani Escriche,ESP,"MF,FW",22,1998,23,7,857,9.5,1,1,2,1,0,0,5,1,0.11,0.11,0.21,0.11,0.21,10,1,10.0,1.05,0.11,0.1,1.0,37,25.1,69,1,16,24,12,0.78,8,22,-14,-1.47,-1.29,0,20,16,6,8,8,7,,,0
ESP-La Liga,2021,Huesca,Idrissa Doumbia,CIV,MF,22,1998,23,7,779,8.7,0,0,0,0,0,0,4,0,0.0,0.0,0.0,0.0,0.0,4,0,0.0,0.46,0.0,0.0,,34,22.8,72,2,16,17,8,1.17,7,12,-5,-0.58,-0.1,0,12,5,0,0,7,9,,,0
ESP-La Liga,2021,Huesca,Javier Ontiveros,ESP,"FW,MF",22,1997,20,10,918,10.2,2,1,3,1,1,1,5,0,0.2,0.1,0.29,0.1,0.2,36,10,27.8,3.53,0.98,0.03,0.1,46,26.8,72,3,10,20,6,0.55,5,18,-13,-1.27,-1.06,0,27,33,0,32,9,13,,,0
ESP-La Liga,2021,Huesca,Kelechi Nwakali,NGA,MF,22,1998,5,1,141,1.6,0,0,0,0,0,0,1,0,0.0,0.0,0.0,0.0,0.0,0,0,,0.0,0.0,,,28,4.1,56,0,4,21,11,0.6,0,6,-6,-3.83,-3.47,0,3,2,0,0,1,4,,,0
ESP-La Liga,2021,Huesca,Álvaro Fernández,ESP,GK,22,1998,22,22,1980,22.0,0,0,0,0,0,0,0,0,0.0,0.0,0.0,0.0,0.0,1,0,0.0,0.05,0.0,0.0,,90,57.9,90,22,0,,16,0.91,21,32,-11,-0.5,0.0,0,0,3,0,0,3,1,,,0
ESP-La Liga,2021,Levante,Dani Gómez,ESP,FW,22,1998,34,17,1666,18.5,2,2,4,2,0,0,3,0,0.11,0.11,0.22,0.11,0.22,32,8,25.0,1.73,0.43,0.06,0.25,49,48.7,74,2,17,24,4,1.09,22,27,-5,-0.27,0.04,0,29,38,12,15,2,3,,,0
ESP-La Liga,2021,Osasuna,Jon Moncayola,ESP,MF,22,1998,36,28,2660,29.6,2,0,2,2,0,0,7,1,0.07,0.0,0.07,0.07,0.07,38,10,26.3,1.29,0.34,0.05,0.2,74,77.8,87,18,8,30,0,1.11,27,39,-12,-0.41,-0.52,1,39,10,0,26,25,37,,,0
ESP-La Liga,2021,Real Betis,Paul Akouokou,CIV,MF,22,1997,10,4,378,4.2,0,0,0,0,0,0,5,1,0.0,0.0,0.0,0.0,0.0,0,0,,0.0,0.0,,,38,11.1,75,1,6,13,21,1.5,6,3,3,0.71,0.8,1,11,2,0,2,6,8,,,0
ESP-La Liga,2021,Real Madrid,Federico Valverde,URU,MF,22,1998,24,15,1330,14.8,3,1,4,3,0,0,0,0,0.2,0.07,0.27,0.2,0.27,21,7,33.3,1.42,0.47,0.14,0.43,55,38.9,77,6,9,20,0,2.25,28,14,14,0.95,-0.13,0,12,9,2,20,21,16,,,0
ESP-La Liga,2021,Real Madrid,Luka Jović,SRB,FW,22,1997,4,2,149,1.7,0,0,0,0,0,0,0,0,0.0,0.0,0.0,0.0,0.0,6,1,16.7,3.62,0.6,0.0,0.0,37,4.4,64,0,2,11,8,1.5,2,2,0,0.0,-1.07,0,2,1,2,1,0,0,,,0
ESP-La Liga,2021,Real Madrid,Éder Militão,BRA,DF,22,1998,14,13,1133,12.6,1,0,1,1,0,0,3,1,0.08,0.0,0.08,0.08,0.08,12,3,25.0,0.95,0.24,0.08,0.33,81,33.1,84,12,1,45,13,2.14,26,7,19,1.51,0.72,0,15,12,0,2,21,12,,,0
ESP-La Liga,2021,Real Sociedad,Aihen Muñoz,ESP,DF,22,1997,16,14,1210,13.4,0,1,1,0,0,0,6,0,0.0,0.07,0.07,0.0,0.07,4,1,25.0,0.3,0.07,0.0,0.0,76,35.4,85,12,2,9,11,1.44,19,13,6,0.45,-0.16,0,20,9,0,54,10,17,,,0
ESP-La Liga,2021,Real Sociedad,Aritz Arambarri,ESP,DF,22,1998,1,0,26,0.3,0,0,0,0,0,0,0,0,0.0,0.0,0.0,0.0,0.0,0,0,,0.0,0.0,,,26,0.8,,0,1,26,8,3.0,1,1,0,0.0,-0.56,0,0,0,0,0,0,1,,,0
ESP-La Liga,2021,Sevilla,Óscar Rodríguez Arnaiz,ESP,"FW,MF",22,1998,20,4,511,5.7,0,0,0,0,0,0,1,0,0.0,0.0,0.0,0.0,0.0,10,2,20.0,1.76,0.35,0.0,0.0,26,14.9,68,0,16,15,14,1.85,10,7,3,0.53,0.0,0,14,11,0,39,11,9,,,0
ESP-La Liga,2021,Valencia,Patrick Cutrone,ITA,FW,22,1998,7,0,108,1.2,0,0,0,0,0,0,0,0,0.0,0.0,0.0,0.0,0.0,3,1,33.3,2.5,0.83,0.0,0.0,15,3.2,,0,7,15,5,0.29,0,1,-1,-0.83,-0.78,0,2,1,1,1,1,0,,,0
ESP-La Liga,2021,Valencia,Toni Lato,ESP,"DF,MF",22,1997,15,8,728,8.1,1,0,1,1,0,0,3,0,0.12,0.0,0.12,0.12,0.12,2,2,100.0,0.25,0.25,0.5,0.5,49,21.3,84,5,7,8,19,1.2,6,11,-5,-0.62,-0.68,0,14,5,1,11,9,7,,,1
ESP-La Liga,2021,Valencia,Uroš Račić,SRB,MF,22,1998,31,25,2187,24.3,1,1,2,1,0,0,6,0,0.04,0.04,0.08,0.04,0.08,37,11,29.7,1.52,0.45,0.03,0.09,71,63.9,83,15,6,19,2,1.26,28,35,-7,-0.29,-0.58,0,44,25,1,5,24,23,,,0
ESP-La Liga,2021,Valladolid,Kuki,ESP,MF,22,1998,2,0,30,0.3,0,1,1,0,0,0,0,0,0.0,3.0,3.0,0.0,3.0,0,0,,0.0,0.0,,,15,0.9,,0,2,15,10,1.0,2,1,1,3.0,3.64,0,1,0,0,1,0,1,,,0
ESP-La Liga,2021,Valladolid,Miguel Ángel Rubio,ESP,DF,22,1998,2,1,135,1.5,0,0,0,0,0,0,0,0,0.0,0.0,0.0,0.0,0.0,1,0,0.0,0.67,0.0,0.0,,68,3.9,90,1,1,45,9,0.5,1,3,-2,-1.33,-0.76,0,2,1,1,0,4,0,,,0
ESP-La Liga,2021,Valladolid,Oriol Rey,ESP,MF,22,1998,1,0,15,0.2,0,0,0,0,0,0,0,0,0.0,0.0,0.0,0.0,0.0,0,0,,0.0,0.0,,,15,0.4,,0,1,15,11,0.0,1,0,1,6.0,6.63,0,0,0,0,0,1,0,,,0
ESP-La Liga,2021,Villarreal,Juan Foyth,ARG,"DF,MF",22,1998,16,13,1168,13.0,0,0,0,0,0,0,6,0,0.0,0.0,0.0,0.0,0.0,2,0,0.0,0.15,0.0,0.0,,73,34.2,81,9,3,39,7,1.25,21,21,0,0.0,-0.64,0,20,14,0,1,18,22,,,0
ESP-La Liga,2021,Villarreal,Pervis Estupiñán,ECU,DF,22,1998,25,12,1168,13.0,0,0,0,0,0,0,1,0,0.0,0.0,0.0,0.0,0.0,11,5,45.5,0.85,0.39,0.0,0.0,47,34.2,73,7,13,22,6,1.48,19,14,5,0.39,-0.05,0,24,20,6,65,32,20,,,0
FRA-Ligue 1,2021,Angers,Mohamed Ali Cho,FRA,FW,16,2004,21,1,348,3.9,0,0,0,0,0,0,1,0,0.0,0.0,0.0,0.0,0.0,10,0,0.0,2.59,0.0,0.0,,17,10.2,65,0,20,14,10,0.67,5,8,-3,-0.78,-0.34,0,8,8,0,10,3,7,,,0
FRA-Ligue 1,2021,Lyon,Rayan Cherki,FRA,"FW,MF",16,2003,27,5,698,7.8,1,3,4,1,0,0,1,1,0.13,0.39,0.52,0.13,0.52,19,5,26.3,2.45,0.64,0.05,0.2,26,20.4,71,1,22,16,10,1.78,13,6,7,0.9,-0.12,0,16,20,2,8,4,2,,,0
FRA-Ligue 1,2021,Rennes,Lesley Ugochukwu,FRA,MF,16,2004,3,1,65,0.7,0,0,0,0,0,0,1,0,0.0,0.0,0.0,0.0,0.0,2,0,0.0,2.77,0.0,0.0,,22,1.9,60,0,2,3,3,2.33,1,1,0,0.0,-0.32,0,1,1,0,0,0,1,,,0
FRA-Ligue 1,2021,Saint-Étienne,Lucas Gourna-Douath,FRA,MF,16,2003,30,13,1327,14.7,0,0,0,0,0,0,8,0,0.0,0.0,0.0,0.0,0.0,5,1,20.0,0.34,0.07,0.0,0.0,44,38.8,76,6,17,20,7,1.2,18,27,-9,-0.61,-0.48,0,33,28,0,3,25,19,,,0
FRA-Ligue 1,2021,Bordeaux,Dilane Bakwa,FRA,"FW,MF",17,2002,7,0,56,0.6,0,0,0,0,0,0,0,0,0.0,0.0,0.0,0.0,0.0,3,2,66.7,4.82,3.21,0.0,0.0,8,1.6,,0,7,8,10,1.43,2,2,0,0.0,0.37,0,1,6,0,0,1,1,,,0
FRA-Ligue 1,2021,Dijon,Charles Costes,FRA,MF,17,2002,1,0,2,0.0,0,0,0,0,0,0,0,0,0.0,0.0,0.0,0.0,0.0,0,0,,0.0,0.0,,,2,0.1,,0,1,2,0,3.0,0,0,0,0.0,1.26,0,0,0,0,0,0,0,,,0
FRA-Ligue 1,2021,Lyon,Florent da Silva,FRA,MF,17,2003,1,0,3,0.0,0,0,0,0,0,0,0,0,0.0,0.0,0.0,0.0,0.0,0,0,,0.0,0.0,,,3,0.1,,0,1,3,4,3.0,0,0,0,0.0,-1.0,0,0,0,0,0,0,0,,,0
FRA-Ligue 1,2021,Lyon,Malo Gusto,FRA,DF,17,2003,2,0,2,0.0,0,0,0,0,0,0,0,0,0.0,0.0,0.0,0.0,0.0,0,0,,0.0,0.0,,,1,0.1,,0,2,1,11,3.0,0,0,0,0.0,-1.0,0,0,0,0,0,0,0,,,0
FRA-Ligue 1,2021,Marseille,Cheick Souaré,FRA,MF,17,2002,1,0,10,0.1,0,0,0,0,0,0,0,0,0.0,0.0,0.0,0.0,0.0,0,0,,0.0,0.0,,,10,0.3,,0,1,10,4,1.0,0,0,0,0.0,-0.18,0,1,0,0,0,1,0,,,0
FRA-Ligue 1,2021,Metz,Pape Matar Sarr,SEN,MF,17,2002,22,18,1594,17.7,3,0,3,3,0,0,5,0,0.17,0.0,0.17,0.17,0.17,31,8,25.8,1.75,0.45,0.1,0.38,72,46.6,84,14,4,23,9,1.05,25,29,-4,-0.23,-0.23,0,24,25,1,5,29,29,,,0
FRA-Ligue 1,2021,Montpellier,Elye Wahi,CIV,"FW,MF",17,2003,18,3,555,6.2,3,1,4,3,0,0,1,0,0.49,0.16,0.65,0.49,0.65,12,7,58.3,1.95,1.14,0.25,0.43,31,16.2,66,0,15,24,5,1.33,13,8,5,0.81,1.03,0,7,15,5,4,2,3,,,0
FRA-Ligue 1,2021,Nice,Salim Ben Seghir,FRA,FW,17,2003,1,0,7,0.1,0,0,0,0,0,0,0,0,0.0,0.0,0.0,0.0,0.0,0,0,,0.0,0.0,,,7,0.2,,0,1,7,8,0.0,0,0,0,0.0,0.08,0,0,0,0,0,0,0,,,0
FRA-Ligue 1,2021,Paris Saint-Germain,Edouard Michut,FRA,MF,17,2003,1,0,2,0.0,0,0,0,0,0,0,0,0,0.0,0.0,0.0,0.0,0.0,0,0,,0.0,0.0,,,2,0.1,,0,1,2,3,3.0,0,0,0,0.0,-1.53,0,0,0,0,0,0,0,,,0
FRA-Ligue 1,2021,Paris Saint-Germain,Kays Ruiz,FRA,FW,17,2002,7,1,186,2.1,0,0,0,0,0,0,1,0,0.0,0.0,0.0,0.0,0.0,2,0,0.0,0.97,0.0,0.0,,27,5.4,67,0,6,20,9,2.14,7,2,5,2.42,0.94,0,4,5,0,1,2,1,,,0
FRA-Ligue 1,2021,Paris Saint-Germain,Timothee Pembele,FRA,"DF,MF",17,2002,6,3,383,4.3,1,0,1,1,0,0,1,0,0.23,0.0,0.23,0.23,0.23,4,2,50.0,0.94,0.47,0.25,0.5,64,11.2,90,3,3,38,19,2.33,12,3,9,2.11,0.66,0,7,3,0,2,5,7,,,1
FRA-Ligue 1,2021,Paris Saint-Germain,Xavi Simons,NED,"FW,MF",17,2003,1,0,2,0.0,0,0,0,0,0,0,0,0,0.0,0.0,0.0,0.0,0.0,1,0,0.0,45.0,0.0,0.0,,2,0.1,,0,1,2,11,3.0,0,0,0,0.0,-1.53,0,0,0,0,0,0,0,,,0
FRA-Ligue 1,2021,Rennes,Andy Diouf,FRA,MF,17,2003,1,0,12,0.1,0,0,0,0,0,0,1,0,0.0,0.0,0.0,0.0,0.0,0,0,,0.0,0.0,,,12,0.4,,0,1,12,1,1.0,0,0,0,0.0,-0.32,0,2,1,0,0,0,0,,,0
FRA-Ligue 1,2021,Rennes,Eduardo Camavinga,FRA,MF,17,2002,35,28,2402,26.7,1,2,3,1,0,0,6,0,0.04,0.07,0.11,0.04,0.11,26,8,30.8,0.97,0.3,0.04,0.13,69,70.2,79,10,7,29,0,1.54,36,28,8,0.3,-0.05,0,56,53,0,4,24,63,,,0
FRA-Ligue 1,2021,Rennes,Matthis Abline,FRA,"FW,MF",17,2003,1,0,2,0.0,0,0,0,0,0,0,0,0,0.0,0.0,0.0,0.0,0.0,0,0,,0.0,0.0,,,2,0.1,,0,1,2,3,3.0,1,0,1,45.0,44.71,0,0,0,0,0,0,0,,,0
FRA-Ligue 1,2021,Saint-Étienne,Yanis Lhery,FRA,FW,17,2003,1,0,30,0.3,0,0,0,0,0,0,0,0,0.0,0.0,0.0,0.0,0.0,1,0,0.0,3.0,0.0,0.0,,30,0.9,,0,1,30,0,0.0,0,0,0,0.0,0.32,0,0,0,0,0,0,0,,,0
FRA-Ligue 1,2021,Angers,Noah Fatar,FRA,FW,18,2002,2,0,21,0.2,0,0,0,0,0,0,0,0,0.0,0.0,0.0,0.0,0.0,0,0,,0.0,0.0,,,11,0.6,,0,2,11,5,0.5,0,1,-1,-4.29,-3.84,0,3,0,0,0,0,0,,,0
FRA-Ligue 1,2021,Angers,Waniss Taibi,FRA,MF,18,2002,2,0,38,0.4,0,0,0,0,0,0,0,0,0.0,0.0,0.0,0.0,0.0,0,0,,0.0,0.0,,,19,1.1,,0,2,19,13,0.0,0,1,-1,-2.37,-1.92,0,1,0,0,0,0,0,,,0
FRA-Ligue 1,2021,Bordeaux,Amadou Traore,FRA,FW,18,2002,19,0,304,3.4,0,1,1,0,0,0,0,0,0.0,0.3,0.3,0.0,0.3,3,1,33.3,0.89,0.3,0.0,0.0,16,8.9,,0,19,16,8,1.26,1,7,-6,-1.78,-1.55,0,5,10,0,15,1,2,,,0
FRA-Ligue 1,2021,Bordeaux,Issouf Sissokho,MLI,MF,18,2002,6,0,78,0.9,1,0,1,1,0,0,2,0,1.15,0.0,1.15,1.15,1.15,2,1,50.0,2.31,1.15,0.5,1.0,13,2.3,,0,6,13,4,1.5,2,1,1,1.15,1.56,0,4,1,0,0,1,4,,,0
FRA-Ligue 1,2021,Bordeaux,Sekou Mara,FRA,FW,18,2002,8,2,229,2.5,1,2,3,1,0,0,0,0,0.39,0.79,1.18,0.39,1.18,4,4,100.0,1.57,1.57,0.25,0.25,29,6.7,58,0,6,19,6,1.13,4,4,0,0.0,0.39,0,7,4,1,3,1,3,,,0
FRA-Ligue 1,2021,Bordeaux,Tom Lacoux,FRA,MF,18,2002,13,6,523,5.8,0,0,0,0,0,0,4,1,0.0,0.0,0.0,0.0,0.0,3,0,0.0,0.52,0.0,0.0,,40,15.3,74,1,7,12,6,1.0,5,10,-5,-0.86,-0.58,1,18,1,0,2,12,15,,,0
FRA-Ligue 1,2021,Dijon,Arthur Zagre,FRA,DF,18,2001,3,1,122,1.4,0,0,0,0,0,0,0,0,0.0,0.0,0.0,0.0,0.0,0,0,,0.0,0.0,,,41,3.6,90,1,2,16,13,1.0,1,1,0,0.0,1.31,0,1,1,0,0,4,1,,,0
FRA-Ligue 1,2021,Dijon,Wilitty Younoussa,CMR,MF,18,2001,3,1,77,0.9,0,0,0,0,0,0,0,0,0.0,0.0,0.0,0.0,0.0,2,0,0.0,2.34,0.0,0.0,,26,2.3,60,0,2,9,11,1.0,1,1,0,0.0,1.29,0,1,2,0,1,2,3,,,0
FRA-Ligue 1,2021,Lens,Arnaud Kalimuendo,FRA,FW,18,2002,28,13,1218,13.5,7,3,10,7,0,0,0,0,0.52,0.22,0.74,0.52,0.74,32,17,53.1,2.36,1.26,0.22,0.41,44,35.6,68,0,15,22,3,1.29,24,23,1,0.07,0.07,0,17,25,0,21,2,2,,,0
FRA-Ligue 1,2021,Lille,Isaac Lihadji,FRA,MF,18,2002,15,1,196,2.2,0,1,1,0,0,0,0,0,0.0,0.46,0.46,0.0,0.46,5,3,60.0,2.3,1.38,0.0,0.0,13,5.7,67,0,14,9,17,1.93,6,2,4,1.84,0.8,0,3,1,1,6,1,5,,,0
FRA-Ligue 1,2021,Lyon,Habib Keita,MLI,MF,18,2002,1,0,6,0.1,0,0,0,0,0,0,0,0,0.0,0.0,0.0,0.0,0.0,1,0,0.0,15.0,0.0,0.0,,6,0.2,,0,1,6,1,3.0,0,0,0,0.0,-1.0,0,0,0,0,0,0,0,,,0
FRA-Ligue 1,2021,Marseille,Luis Henrique,BRA,MF,18,2001,19,6,675,7.5,0,5,5,0,0,0,0,0,0.0,0.67,0.67,0.0,0.67,6,4,66.7,0.8,0.53,0.0,0.0,36,19.7,69,1,13,20,11,1.84,18,10,8,1.07,1.1,0,2,5,8,27,7,5,,,0
FRA-Ligue 1,2021,Metz,Boubacar Traoré,MLI,MF,18,2001,2,0,54,0.6,1,0,1,1,0,0,0,0,1.67,0.0,1.67,1.67,1.67,2,1,50.0,3.33,1.67,0.5,1.0,27,1.6,,0,2,27,12,0.0,1,3,-2,-3.33,-3.28,0,3,1,0,1,0,2,,,0
FRA-Ligue 1,2021,Monaco,Chrislain Matsima,FRA,DF,18,2002,9,3,352,3.9,0,0,0,0,0,0,2,0,0.0,0.0,0.0,0.0,0.0,4,0,0.0,1.02,0.0,0.0,,39,10.3,90,3,6,14,16,2.11,6,4,2,0.51,-0.43,0,2,1,0,1,6,5,,,0
FRA-Ligue 1,2021,Monaco,Eliot Matazo,BEL,MF,18,2002,10,3,314,3.5,1,1,2,1,0,0,0,1,0.29,0.29,0.57,0.29,0.57,3,2,66.7,0.86,0.57,0.33,0.5,31,9.2,58,0,7,20,19,2.2,6,5,1,0.29,-0.67,0,5,3,0,0,1,5,,,0
FRA-Ligue 1,2021,Monaco,Enzo Millot,FRA,MF,18,2002,2,0,41,0.5,0,0,0,0,0,0,0,0,0.0,0.0,0.0,0.0,0.0,2,1,50.0,4.39,2.2,0.0,0.0,21,1.2,,0,2,21,14,0.0,1,0,1,2.2,1.32,0,1,1,0,4,2,1,,,0
FRA-Ligue 1,2021,Monaco,Willem Geubbels,FRA,"MF,FW",18,2001,14,2,294,3.3,1,0,1,1,0,0,3,1,0.31,0.0,0.31,0.31,0.31,6,2,33.3,1.84,0.61,0.17,0.5,21,8.6,45,0,12,17,7,1.5,5,6,-1,-0.31,-1.31,0,10,2,1,7,2,9,,,0
FRA-Ligue 1,2021,Montpellier,Joris Chotard,FRA,MF,18,2001,29,11,1165,12.9,0,0,0,0,0,0,3,0,0.0,0.0,0.0,0.0,0.0,9,3,33.3,0.7,0.23,0.0,0.0,40,34.1,76,3,18,18,7,1.41,16,28,-12,-0.93,-1.33,0,13,7,0,9,12,9,,,0
FRA-Ligue 1,2021,Montpellier,Sacha Delaye,FRA,MF,18,2002,1,0,7,0.1,0,0,0,0,0,0,0,0,0.0,0.0,0.0,0.0,0.0,0,0,,0.0,0.0,,,7,0.2,,0,1,7,0,3.0,0,0,0,0.0,0.05,0,0,1,0,0,1,0,,,0
FRA-Ligue 1,2021,Paris Saint-Germain,Arnaud Kalimuendo,FRA,FW,18,2002,1,1,73,0.8,0,0,0,0,0,0,0,0,0.0,0.0,0.0,0.0,0.0,2,1,50.0,2.47,1.23,0.0,0.0,73,2.1,73,0,0,,3,0.0,0,1,-1,-1.23,-2.82,0,0,3,1,1,0,0,,,0
FRA-Ligue 1,2021,Paris Saint-Germain,Kenny Nagera,FRA,FW,18,2002,1,0,2,0.0,0,0,0,0,0,0,0,0,0.0,0.0,0.0,0.0,0.0,0,0,,0.0,0.0,,,2,0.1,,0,1,2,0,3.0,0,0,0,0.0,-1.53,0,0,0,0,0,0,0,,,0
FRA-Ligue 1,2021,Reims,Dion Lopy,SEN,MF,18,2002,4,3,256,2.8,0,0,0,0,0,0,0,0,0.0,0.0,0.0,0.0,0.0,3,0,0.0,1.05,0.0,0.0,,64,7.5,84,2,1,3,1,0.75,3,4,-1,-0.35,-0.15,0,0,2,0,1,2,1,,,0
FRA-Ligue 1,2021,Reims,El Bilal Touré,MLI,FW,18,2001,33,11,1245,13.8,4,1,5,4,0,0,4,0,0.29,0.07,0.36,0.29,0.36,19,9,47.4,1.37,0.65,0.21,0.44,38,36.4,69,0,22,22,3,1.03,15,27,-12,-0.87,-1.03,0,43,13,11,2,7,12,,,0
FRA-Ligue 1,2021,Reims,Hugo Ekitike,FRA,FW,18,2002,2,0,88,1.0,0,0,0,0,0,0,1,0,0.0,0.0,0.0,0.0,0.0,3,1,33.3,3.07,1.02,0.0,0.0,44,2.6,,0,2,44,4,1.5,0,3,-3,-3.07,-2.93,0,3,1,0,0,0,1,,,0
FRA-Ligue 1,2021,Reims,Nathanael Mbuku,COD,"MF,FW",18,2002,32,28,2210,24.6,4,1,5,4,0,0,3,0,0.16,0.04,0.2,0.16,0.2,40,18,45.0,1.63,0.73,0.1,0.22,69,64.6,75,4,4,27,2,1.09,27,28,-1,-0.04,0.48,0,27,58,3,44,12,21,,,0
FRA-Ligue 1,2021,Rennes,Adrien Truffert,FRA,"DF,MF",18,2001,29,23,1951,21.7,1,3,4,1,0,0,3,0,0.05,0.14,0.18,0.05,0.18,24,3,12.5,1.11,0.14,0.04,0.33,67,57.0,76,9,6,33,4,1.45,28,23,5,0.23,-0.2,0,23,25,0,65,16,22,,,0
FRA-Ligue 1,2021,Rennes,Brandon Soppy,FRA,DF,18,2002,10,5,559,6.2,0,0,0,0,0,0,1,0,0.0,0.0,0.0,0.0,0.0,5,1,20.0,0.81,0.16,0.0,0.0,56,16.3,84,4,5,28,21,1.5,12,5,7,1.13,0.97,0,12,15,0,18,8,16,,,0
FRA-Ligue 1,2021,Rennes,Georginio Rutter,FRA,"FW,MF",18,2002,4,0,44,0.5,0,0,0,0,0,0,0,0,0.0,0.0,0.0,0.0,0.0,0,0,,0.0,0.0,,,11,1.3,,0,4,11,5,2.5,1,2,-1,-2.05,-2.39,0,5,2,2,0,0,2,,,0
FRA-Ligue 1,2021,Rennes,Jeremy Doku,BEL,"MF,FW",18,2002,30,26,2313,25.7,2,3,5,2,0,0,1,1,0.08,0.12,0.19,0.08,0.19,36,7,19.4,1.4,0.27,0.06,0.29,77,67.6,85,18,4,26,0,1.33,31,27,4,0.16,-0.49,0,36,69,6,62,10,25,,,0
FRA-Ligue 1,2021,Saint-Étienne,Abdoulaye Sidibé,FRA,FW,18,2002,1,0,11,0.1,0,0,0,0,0,0,1,0,0.0,0.0,0.0,0.0,0.0,0,0,,0.0,0.0,,,11,0.3,,0,1,11,0,1.0,0,1,-1,-8.18,-7.89,0,1,0,0,0,0,0,,,0
FRA-Ligue 1,2021,Saint-Étienne,Adil Aouchiche,ALG,"MF,FW",18,2002,34,21,1731,19.2,2,5,7,2,0,0,2,0,0.1,0.26,0.36,0.1,0.36,26,12,46.2,1.35,0.62,0.08,0.17,51,50.6,66,2,13,27,2,1.21,24,25,-1,-0.05,0.53,0,20,31,2,131,10,21,,,0
FRA-Ligue 1,2021,Saint-Étienne,Marvin Tshibuabua,FRA,DF,18,2002,1,0,43,0.5,0,0,0,0,0,0,0,0,0.0,0.0,0.0,0.0,0.0,2,0,0.0,4.19,0.0,0.0,,43,1.3,,0,1,43,5,0.0,0,1,-1,-2.09,-1.8,0,0,0,0,0,2,0,,,0
FRA-Ligue 1,2021,Saint-Étienne,Mathys Saban,FRA,MF,18,2002,1,0,13,0.1,0,0,0,0,0,0,0,0,0.0,0.0,0.0,0.0,0.0,0,0,,0.0,0.0,,,13,0.4,,0,1,13,0,0.0,0,0,0,0.0,0.32,0,0,0,0,0,0,0,,,0
FRA-Ligue 1,2021,Saint-Étienne,Maxence Rivera,FRA,MF,18,2002,17,1,239,2.7,0,0,0,0,0,0,0,0,0.0,0.0,0.0,0.0,0.0,3,1,33.3,1.13,0.38,0.0,0.0,14,7.0,15,0,16,14,10,0.53,1,5,-4,-1.51,-1.28,0,2,2,0,11,2,10,,,0
FRA-Ligue 1,2021,Saint-Étienne,Saidou Sow,GUI,DF,18,2002,15,10,1000,11.1,0,0,0,0,0,0,0,0,0.0,0.0,0.0,0.0,0.0,2,1,50.0,0.18,0.09,0.0,0.0,67,29.2,86,9,5,29,18,0.73,5,16,-11,-0.99,-0.95,0,7,5,0,0,15,13,,,0
FRA-Ligue 1,2021,Saint-Étienne,Stefan Bajic,FRA,GK,18,2001,1,1,90,1.0,0,0,0,0,0,0,0,0,0.0,0.0,0.0,0.0,0.0,0,0,,0.0,0.0,,,90,2.6,90,1,0,,29,0.0,0,4,-4,-4.0,-3.78,0,0,0,0,0,0,0,,,0
FRA-Ligue 1,2021,Strasbourg,Moïse Sahi Dion,CIV,FW,18,2001,6,0,94,1.0,1,0,1,1,0,0,0,0,0.96,0.0,0.96,0.96,0.96,4,1,25.0,3.83,0.96,0.25,1.0,16,2.7,,0,6,16,1,0.83,4,1,3,2.87,3.2,0,0,3,0,0,0,0,,,0
FRA-Ligue 1,2021,Angers,Rayan Aït-Nouri,ALG,DF,19,2001,3,2,187,2.1,0,1,1,0,0,0,0,0,0.0,0.48,0.48,0.0,0.48,1,0,0.0,0.48,0.0,0.0,,62,5.5,80,0,1,28,0,1.0,3,8,-5,-2.41,-2.04,0,2,3,0,5,4,2,,,0
FRA-Ligue 1,2021,Brest,Bandiougou Fadiga,FRA,MF,19,2001,4,0,43,0.5,0,0,0,0,0,0,0,0,0.0,0.0,0.0,0.0,0.0,0,0,,0.0,0.0,,,11,1.3,,0,4,11,9,0.25,1,2,-1,-2.09,-1.69,0,0,1,0,1,0,0,,,0
FRA-Ligue 1,2021,Dijon,Ahmad Ngouyamsa,CHA,DF,19,2000,3,2,157,1.7,0,0,0,0,0,0,1,0,0.0,0.0,0.0,0.0,0.0,0,0,,0.0,0.0,,,52,4.6,72,1,1,13,9,1.0,1,4,-3,-1.72,-0.48,0,4,1,0,2,2,4,,,0
FRA-Ligue 1,2021,Dijon,Erwan Belhadji,FRA,FW,19,2001,1,0,30,0.3,0,0,0,0,0,0,0,0,0.0,0.0,0.0,0.0,0.0,1,0,0.0,3.0,0.0,0.0,,30,0.9,,0,1,30,1,3.0,0,0,0,0.0,1.27,0,0,1,0,0,0,0,,,0
FRA-Ligue 1,2021,Dijon,Jacques Siwe,FRA,FW,19,2001,5,2,169,1.9,0,0,0,0,0,0,0,0,0.0,0.0,0.0,0.0,0.0,3,0,0.0,1.6,0.0,0.0,,34,4.9,75,1,3,7,0,1.2,1,3,-2,-1.07,0.21,0,4,5,0,0,1,1,,,0
FRA-Ligue 1,2021,Dijon,Jonathan Panzo,ENG,DF,19,2000,22,21,1801,20.0,0,0,0,0,0,0,5,0,0.0,0.0,0.0,0.0,0.0,5,2,40.0,0.25,0.1,0.0,0.0,82,52.7,84,16,1,36,12,0.5,11,37,-26,-1.3,-0.08,0,28,9,1,1,60,12,,,0
FRA-Ligue 1,2021,Dijon,Junior Dina Ebimbe,CMR,"MF,FW",19,2000,30,25,2144,23.8,1,1,2,1,0,0,5,0,0.04,0.04,0.08,0.04,0.08,47,13,27.7,1.97,0.55,0.02,0.08,71,62.7,80,11,5,31,2,0.47,15,47,-32,-1.34,-0.21,0,44,36,2,28,15,24,,,0
FRA-Ligue 1,2021,Dijon,Rayan Philippe,FRA,FW,19,2000,4,1,93,1.0,0,0,0,0,0,0,0,0,0.0,0.0,0.0,0.0,0.0,2,2,100.0,1.94,1.94,0.0,0.0,23,2.7,62,0,3,10,1,0.0,0,1,-1,-0.97,0.3,0,0,3,1,4,1,2,,,0
FRA-Ligue 1,2021,Dijon,Sacha Boey,FRA,DF,19,2000,24,21,1863,20.7,0,1,1,0,0,0,1,0,0.0,0.05,0.05,0.0,0.05,10,1,10.0,0.48,0.05,0.0,0.0,78,54.5,87,17,3,11,3,0.54,15,33,-18,-0.87,0.86,0,36,13,2,54,44,40,,,0
FRA-Ligue 1,2021,Lens,David Costa,POR,MF,19,2001,7,1,150,1.7,1,1,2,1,0,0,0,0,0.6,0.6,1.2,0.6,1.2,2,1,50.0,1.2,0.6,0.5,1.0,21,4.4,66,0,6,14,19,,7,6,1,0.6,0.6,0,2,2,0,4,0,4,,,0
FRA-Ligue 1,2021,Lens,Ismaël Boura,COM,"MF,DF",19,2000,20,8,824,9.2,0,0,0,0,0,0,1,0,0.0,0.0,0.0,0.0,0.0,2,0,0.0,0.22,0.0,0.0,,41,24.1,75,2,12,19,10,,11,15,-4,-0.44,-0.61,0,14,19,0,47,21,8,,,0
FRA-Ligue 1,2021,Lorient,Loris Mouyokolo,FRA,DF,19,2001,1,0,19,0.2,0,0,0,0,0,0,0,0,0.0,0.0,0.0,0.0,0.0,0,0,,0.0,0.0,,,19,0.6,,0,1,19,9,0.0,0,0,0,0.0,0.48,0,0,0,0,0,0,1,,,0
FRA-Ligue 1,2021,Lyon,Melvin Bard,FRA,DF,19,2000,14,4,432,4.8,0,0,0,0,0,0,0,1,0.0,0.0,0.0,0.0,0.0,2,1,50.0,0.42,0.21,0.0,0.0,31,12.6,82,3,10,10,20,1.86,6,5,1,0.21,-0.91,0,8,6,0,22,7,7,,,0
FRA-Ligue 1,2021,Lyon,Sinaly Diomande,CIV,DF,19,2001,27,10,1133,12.6,0,0,0,0,0,0,3,0,0.0,0.0,0.0,0.0,0.0,16,3,18.8,1.27,0.24,0.0,0.0,42,33.1,85,8,17,16,9,2.26,28,13,15,1.19,0.29,0,16,14,0,2,37,7,,,0
FRA-Ligue 1,2021,Marseille,Marley Aké,FRA,"FW,MF",19,2001,9,0,146,1.6,0,0,0,0,0,0,0,0,0.0,0.0,0.0,0.0,0.0,4,1,25.0,2.47,0.62,0.0,0.0,16,4.3,,0,9,16,11,1.56,3,3,0,0.0,-0.19,0,6,5,0,2,0,3,,,0
FRA-Ligue 1,2021,Monaco,Benoît Badiashile,FRA,DF,19,2001,35,32,2870,31.9,2,1,3,2,0,0,5,0,0.06,0.03,0.09,0.06,0.09,24,4,16.7,0.75,0.13,0.08,0.5,82,83.9,86,26,3,42,3,2.03,63,37,26,0.82,-0.49,0,34,15,2,3,60,18,,,0
FRA-Ligue 1,2021,Monaco,Pietro Pellegri,ITA,FW,19,2001,16,0,230,2.6,1,0,1,1,0,0,2,1,0.39,0.0,0.39,0.39,0.39,9,3,33.3,3.52,1.17,0.11,0.33,14,6.7,,0,16,14,9,1.56,4,2,2,0.78,-0.12,0,8,10,5,1,0,1,,,0
FRA-Ligue 1,2021,Monaco,Strahinja Pavlović,SRB,DF,19,2001,1,0,1,0.0,0,0,0,0,0,0,0,0,0.0,0.0,0.0,0.0,0.0,0,0,,0.0,0.0,,,1,0.0,,0,1,1,5,3.0,0,0,0,0.0,-0.89,0,0,0,0,1,0,0,,,0
FRA-Ligue 1,2021,Nice,Alexis Trouillet,FRA,MF,19,2000,5,1,109,1.2,0,0,0,0,0,0,0,0,0.0,0.0,0.0,0.0,0.0,2,0,0.0,1.65,0.0,0.0,,22,3.2,45,0,4,16,26,1.2,1,3,-2,-1.65,-1.62,0,2,4,0,2,2,4,,,0
FRA-Ligue 1,2021,Nice,Dan Ndoye,SUI,"MF,FW",19,2000,28,3,551,6.1,1,1,2,1,0,0,0,0,0.16,0.16,0.33,0.16,0.33,12,3,25.0,1.96,0.49,0.08,0.33,20,16.1,54,0,25,16,9,1.36,9,8,1,0.16,0.29,0,16,16,3,19,6,6,,,0
FRA-Ligue 1,2021,Nice,Evann Guessand,CIV,"FW,MF",19,2001,3,0,29,0.3,0,0,0,0,0,0,0,0,0.0,0.0,0.0,0.0,0.0,1,1,100.0,3.1,3.1,0.0,0.0,10,0.8,,0,3,10,1,1.33,0,0,0,0.0,0.08,0,0,0,0,0,1,0,,,0
FRA-Ligue 1,2021,Nice,Flavius Daniliuc,AUT,DF,19,2001,23,15,1477,16.4,1,0,1,1,0,0,0,0,0.06,0.0,0.06,0.06,0.06,9,2,22.2,0.55,0.12,0.11,0.5,64,43.2,84,10,8,27,14,1.48,19,20,-1,-0.06,0.03,0,12,9,0,2,17,16,,,0
FRA-Ligue 1,2021,Nice,Khéphren Thuram,FRA,MF,19,2001,29,17,1494,16.6,2,0,2,2,0,0,3,0,0.12,0.0,0.12,0.12,0.12,11,4,36.4,0.66,0.24,0.18,0.5,52,43.7,75,6,12,19,6,1.55,25,21,4,0.24,0.57,0,32,10,0,2,19,18,,,0
FRA-Ligue 1,2021,Nice,William Saliba,FRA,DF,19,2001,20,20,1800,20.0,1,0,1,1,0,0,2,0,0.05,0.0,0.05,0.05,0.05,6,1,16.7,0.3,0.05,0.17,1.0,90,52.6,90,20,0,,0,1.35,24,28,-4,-0.2,-0.26,0,16,10,0,0,26,9,,,0
FRA-Ligue 1,2021,Nîmes,Kévin Denkey,TOG,FW,19,2000,10,6,524,5.8,1,1,2,1,0,0,3,0,0.17,0.17,0.34,0.17,0.34,18,8,44.4,3.09,1.37,0.06,0.13,52,15.3,68,2,4,30,4,1.0,10,8,2,0.34,1.37,0,21,9,2,2,3,2,,,0
FRA-Ligue 1,2021,Nîmes,Marco Majouga,CTA,FW,19,2001,8,0,124,1.4,0,0,0,0,0,0,0,0,0.0,0.0,0.0,0.0,0.0,5,1,20.0,3.63,0.73,0.0,0.0,16,3.6,,0,8,16,7,0.25,1,5,-4,-2.9,-2.17,0,4,1,1,3,0,1,,,0
FRA-Ligue 1,2021,Nîmes,Nassim Chadli,FRA,MF,19,2001,3,0,31,0.3,0,0,0,0,0,0,0,0,0.0,0.0,0.0,0.0,0.0,0,0,,0.0,0.0,,,10,0.9,,0,3,10,4,1.0,0,1,-1,-2.9,-2.11,0,0,1,0,2,1,1,,,0
FRA-Ligue 1,2021,Paris Saint-Germain,Bandiougou Fadiga,FRA,MF,19,2001,6,0,63,0.7,0,0,0,0,0,0,1,0,0.0,0.0,0.0,0.0,0.0,1,1,100.0,1.43,1.43,0.0,0.0,11,1.8,,0,6,11,9,3.0,4,0,4,5.71,4.27,0,2,2,0,0,0,1,,,0
FRA-Ligue 1,2021,Reims,Fodé Doucouré,MLI,DF,19,2001,7,3,333,3.7,0,0,0,0,0,0,0,0,0.0,0.0,0.0,0.0,0.0,3,2,66.7,0.81,0.54,0.0,0.0,48,9.7,90,3,4,16,10,1.29,7,9,-2,-0.54,-0.37,0,4,1,0,8,4,7,,,0
FRA-Ligue 1,2021,Reims,Moïse Sakava,CMR,MF,19,2000,1,0,8,0.1,0,0,0,0,0,0,0,0,0.0,0.0,0.0,0.0,0.0,1,0,0.0,11.25,0.0,0.0,,8,0.2,,0,1,8,1,3.0,0,0,0,0.0,0.21,0,0,0,0,0,0,0,,,0
FRA-Ligue 1,2021,Rennes,Sacha Boey,FRA,DF,19,2000,2,2,124,1.4,0,0,0,0,0,0,0,1,0.0,0.0,0.0,0.0,0.0,1,0,0.0,0.73,0.0,0.0,,62,3.6,62,1,0,,1,1.0,2,2,0,0.0,-0.33,0,2,1,0,3,2,3,,,0
FRA-Ligue 1,2021,Rennes,Yann Gboho,FRA,MF,19,2001,10,2,303,3.4,0,0,0,0,0,0,0,0,0.0,0.0,0.0,0.0,0.0,9,3,33.3,2.67,0.89,0.0,0.0,30,8.9,63,0,8,22,14,1.1,4,7,-3,-0.89,-1.32,0,8,7,1,3,1,5,,,0
FRA-Ligue 1,2021,Saint-Étienne,Aimen Moueffek,FRA,"DF,MF",19,2001,19,6,743,8.3,0,0,0,0,0,0,3,0,0.0,0.0,0.0,0.0,0.0,1,0,0.0,0.12,0.0,0.0,,39,21.7,78,4,13,21,11,1.11,6,17,-11,-1.33,-1.3,0,20,15,0,6,8,16,,,0
FRA-Ligue 1,2021,Saint-Étienne,Bilal Benkhedim,ALG,FW,19,2001,3,1,73,0.8,0,0,0,0,0,0,0,0,0.0,0.0,0.0,0.0,0.0,0,0,,0.0,0.0,,,24,2.1,59,0,2,7,3,0.0,0,2,-2,-2.47,-2.2,0,1,1,0,11,0,0,,,0
FRA-Ligue 1,2021,Saint-Étienne,Tyron Tormin,FRA,FW,19,2001,3,0,21,0.2,0,0,0,0,0,0,0,0,0.0,0.0,0.0,0.0,0.0,0,0,,0.0,0.0,,,7,0.6,,0,3,7,1,0.0,0,1,-1,-4.29,-3.99,0,1,1,0,0,1,0,,,0
FRA-Ligue 1,2021,Saint-Étienne,Wesley Fofana,FRA,DF,19,2000,4,3,315,3.5,0,0,0,0,0,0,1,0,0.0,0.0,0.0,0.0,0.0,1,0,0.0,0.29,0.0,0.0,,79,9.2,90,3,1,45,0,2.25,6,2,4,1.14,1.61,0,6,5,1,0,10,4,,,0
FRA-Ligue 1,2021,Angers,Zinédine Ould Khaled,FRA,MF,20,2000,3,0,38,0.4,0,0,0,0,0,0,1,0,0.0,0.0,0.0,0.0,0.0,0,0,,0.0,0.0,,,13,1.1,,0,3,13,12,0.0,0,3,-3,-7.11,-6.71,0,1,1,0,0,1,0,,,0
FRA-Ligue 1,2021,Bordeaux,Yacine Adli,FRA,MF,20,2000,35,25,2418,26.9,2,5,7,2,0,0,6,0,0.07,0.19,0.26,0.07,0.26,24,9,37.5,0.89,0.33,0.08,0.22,69,70.7,84,16,10,32,0,1.17,28,47,-19,-0.71,-1.16,0,39,37,0,54,36,38,,,0
FRA-Ligue 1,2021,Brest,Hianga'a Mbock,FRA,MF,20,1999,12,4,458,5.1,0,0,0,0,0,0,1,0,0.0,0.0,0.0,0.0,0.0,4,1,25.0,0.79,0.2,0.0,0.0,38,13.4,83,2,8,16,12,1.42,8,10,-2,-0.39,0.03,0,8,3,0,0,5,3,,,0
FRA-Ligue 1,2021,Brest,Lilian Brassier,FRA,DF,20,1999,11,11,962,10.7,1,1,2,1,0,0,3,0,0.09,0.09,0.19,0.09,0.19,6,1,16.7,0.56,0.09,0.17,1.0,87,28.1,87,10,0,,16,1.18,14,17,-3,-0.28,0.2,0,19,12,0,7,25,10,,,0
FRA-Ligue 1,2021,Lens,Adrien Louveau,FRA,MF,20,2000,1,0,8,0.1,0,0,0,0,0,0,0,0,0.0,0.0,0.0,0.0,0.0,0,0,,0.0,0.0,,,8,0.2,,0,1,8,1,1.0,0,0,0,0.0,-0.03,0,0,0,0,0,0,0,,,0
FRA-Ligue 1,2021,Lens,Ansou Sow,SEN,FW,20,2000,1,0,6,0.1,0,0,0,0,0,0,0,0,0.0,0.0,0.0,0.0,0.0,0,0,,0.0,0.0,,,6,0.2,,0,1,6,2,3.0,1,0,1,15.0,15.0,0,0,0,0,0,0,0,,,0
FRA-Ligue 1,2021,Lens,Cheick Doucouré,MLI,MF,20,2000,33,30,2627,29.2,2,1,3,2,0,0,8,0,0.07,0.03,0.1,0.07,0.1,35,5,14.3,1.2,0.17,0.06,0.4,80,76.8,85,20,3,21,2,1.42,42,42,0,0.0,-0.11,0,46,16,0,4,51,45,,,0
FRA-Ligue 1,2021,Lens,Loïc Bade,FRA,DF,20,2000,31,29,2610,29.0,0,0,0,0,0,0,11,1,0.0,0.0,0.0,0.0,0.0,11,3,27.3,0.38,0.1,0.0,0.0,84,76.3,89,27,2,10,0,1.42,39,44,-5,-0.17,-0.84,1,44,17,1,6,71,36,,,0
FRA-Ligue 1,2021,Lille,Domagoj Bradarić,CRO,DF,20,1999,26,14,1263,14.0,1,2,3,1,0,0,4,0,0.07,0.14,0.21,0.07,0.21,4,3,75.0,0.29,0.21,0.25,0.33,49,36.9,78,9,12,14,11,2.31,29,11,18,1.28,0.32,0,17,13,0,53,25,17,,,0
FRA-Ligue 1,2021,Lille,Jonathan David,CAN,FW,20,2000,37,29,2354,26.2,13,2,15,13,0,0,0,0,0.5,0.08,0.57,0.5,0.57,55,33,60.0,2.1,1.26,0.24,0.39,64,68.8,76,7,8,18,0,2.16,48,12,36,1.38,0.95,0,35,43,7,9,7,10,,,0
FRA-Ligue 1,2021,Lille,Sven Botman,NED,DF,20,2000,37,37,3309,36.8,0,0,0,0,0,0,2,0,0.0,0.0,0.0,0.0,0.0,16,5,31.3,0.44,0.14,0.0,0.0,89,96.8,89,35,0,,1,2.22,64,23,41,1.12,1.12,0,14,25,2,1,61,20,,,0
FRA-Ligue 1,2021,Lille,Tiago Djaló,POR,DF,20,2000,17,8,873,9.7,0,0,0,0,0,0,4,1,0.0,0.0,0.0,0.0,0.0,2,0,0.0,0.21,0.0,0.0,,51,25.5,88,5,9,19,17,2.29,16,7,9,0.93,-0.2,1,15,9,1,6,9,13,,,0
FRA-Ligue 1,2021,Lille,Timothy Weah,USA,"MF,FW",20,2000,28,7,878,9.8,3,0,3,3,0,0,1,0,0.31,0.0,0.31,0.31,0.31,24,9,37.5,2.46,0.92,0.13,0.33,31,25.7,69,0,21,19,6,2.25,14,7,7,0.72,-0.49,0,15,8,4,23,4,9,,,0
FRA-Ligue 1,2021,Lorient,Enzo Le Fée,FRA,MF,20,2000,36,21,1816,20.2,0,5,5,0,0,0,6,0,0.0,0.25,0.25,0.0,0.25,31,5,16.1,1.54,0.25,0.0,0.0,50,53.1,75,6,15,16,2,1.08,24,36,-12,-0.59,-0.26,0,25,41,1,70,22,28,,,0
FRA-Ligue 1,2021,Lyon,Maxence Caqueret,FRA,MF,20,2000,29,19,1761,19.6,0,1,1,0,0,0,4,1,0.0,0.05,0.05,0.0,0.05,10,1,10.0,0.51,0.05,0.0,0.0,61,51.5,81,10,10,23,6,2.0,37,25,12,0.61,-0.8,1,31,26,0,13,24,43,,,0
FRA-Ligue 1,2021,Lyon,Yaya Soumaré,FRA,FW,20,2000,3,0,4,0.0,0,0,0,0,0,0,0,0,0.0,0.0,0.0,0.0,0.0,0,0,,0.0,0.0,,,1,0.1,,0,3,1,10,3.0,0,0,0,0.0,-1.0,0,1,0,0,0,2,1,,,0
FRA-Ligue 1,2021,Marseille,Bamba Dieng,SEN,FW,20,2000,5,2,129,1.4,0,0,0,0,0,0,0,0,0.0,0.0,0.0,0.0,0.0,1,0,0.0,0.7,0.0,0.0,,26,3.8,56,0,3,6,6,1.8,5,3,2,1.4,1.26,0,2,2,3,1,0,3,,,0
FRA-Ligue 1,2021,Marseille,Boubacar Kamara,FRA,MF,20,1999,35,35,2894,32.2,0,2,2,0,0,0,6,0,0.0,0.06,0.06,0.0,0.06,19,8,42.1,0.59,0.25,0.0,0.0,83,84.6,83,24,0,,0,1.71,47,38,9,0.28,0.62,0,49,55,0,3,35,51,,,0
FRA-Ligue 1,2021,Marseille,Mickaël Cuisance,FRA,"MF,FW",20,1999,23,11,1024,11.4,2,1,3,2,0,0,3,0,0.18,0.09,0.26,0.18,0.26,9,4,44.4,0.79,0.35,0.22,0.5,45,29.9,71,1,12,20,5,1.7,19,11,8,0.7,0.74,0,34,11,1,10,5,10,,,0
FRA-Ligue 1,2021,Metz,Papa Ndiaga Yade,MTN,"FW,MF",20,2000,28,9,1001,11.1,3,4,7,3,0,0,4,0,0.27,0.36,0.63,0.27,0.63,28,6,21.4,2.52,0.54,0.11,0.5,36,29.3,65,1,19,22,10,1.18,15,11,4,0.36,0.66,0,33,8,1,34,6,8,,,0
FRA-Ligue 1,2021,Monaco,Aurélien Tchouaméni,FRA,MF,20,2000,36,36,3063,34.0,2,4,6,2,0,0,9,1,0.06,0.12,0.18,0.06,0.18,53,12,22.6,1.56,0.35,0.04,0.17,85,89.6,85,26,0,,0,2.08,67,38,29,0.85,-0.41,1,58,61,1,29,67,66,,,0
FRA-Ligue 1,2021,Monaco,Florentino Luís,POR,MF,20,1999,9,2,241,2.7,0,0,0,0,0,0,1,0,0.0,0.0,0.0,0.0,0.0,1,0,0.0,0.37,0.0,0.0,,27,7.0,52,0,7,20,6,1.89,4,6,-2,-0.75,-1.77,0,4,4,0,1,8,3,,,0
FRA-Ligue 1,2021,Monaco,Giulian Biancone,FRA,DF,20,2000,2,1,92,1.0,0,0,0,0,0,0,1,0,0.0,0.0,0.0,0.0,0.0,1,0,0.0,0.98,0.0,0.0,,46,2.7,73,0,1,19,2,1.5,0,1,-1,-0.98,-1.92,0,1,2,0,8,1,3,,,0
FRA-Ligue 1,2021,Monaco,Radosław Majecki,POL,GK,20,1999,1,1,90,1.0,0,0,0,0,0,0,0,0,0.0,0.0,0.0,0.0,0.0,0,0,,0.0,0.0,,,90,2.6,90,1,0,,27,3.0,2,1,1,1.0,0.11,0,0,0,0,0,0,1,,,0
FRA-Ligue 1,2021,Monaco,Sofiane Diop,MAR,MF,20,2000,32,24,2023,22.5,7,1,8,7,0,0,4,0,0.31,0.04,0.36,0.31,0.36,44,18,40.9,1.96,0.8,0.16,0.39,63,59.2,72,4,8,37,0,2.03,46,26,20,0.89,-0.01,0,33,56,4,39,31,35,,,0
FRA-Ligue 1,2021,Montpellier,Clément Vidal,FRA,DF,20,2000,2,1,86,1.0,0,0,0,0,0,0,0,0,0.0,0.0,0.0,0.0,0.0,0,0,,0.0,0.0,,,43,2.5,74,0,1,12,11,0.0,1,2,-1,-1.05,-1.02,0,1,0,0,0,2,1,,,0
FRA-Ligue 1,2021,Montpellier,Samy Benchamma,FRA,MF,20,2000,5,0,42,0.5,0,0,0,0,0,0,1,0,0.0,0.0,0.0,0.0,0.0,0,0,,0.0,0.0,,,8,1.2,,0,5,8,7,1.4,1,1,0,0.0,0.05,0,3,1,0,0,0,1,,,0
FRA-Ligue 1,2021,Nantes,Abdoulaye Sylla,GUI,DF,20,2000,2,0,8,0.1,0,0,0,0,0,0,0,0,0.0,0.0,0.0,0.0,0.0,0,0,,0.0,0.0,,,4,0.2,,0,2,4,3,0.5,0,1,-1,-11.25,-11.07,0,0,0,0,1,0,1,,,0
FRA-Ligue 1,2021,Nantes,Batista Mendy,FRA,"DF,MF",20,2000,2,0,76,0.8,0,0,0,0,0,0,0,0,0.0,0.0,0.0,0.0,0.0,0,0,,0.0,0.0,,,38,2.2,,0,2,38,9,1.5,1,1,0,0.0,0.22,0,3,1,0,0,1,1,,,0
FRA-Ligue 1,2021,Nantes,Bridge Ndilu,FRA,FW,20,2000,6,0,42,0.5,0,0,0,0,0,0,1,0,0.0,0.0,0.0,0.0,0.0,3,1,33.3,6.43,2.14,0.0,0.0,7,1.2,,0,6,7,7,0.33,1,1,0,0.0,0.21,0,1,2,1,2,0,0,,,0
FRA-Ligue 1,2021,Nice,Amine Gouiri,ALG,"FW,MF",20,2000,34,31,2747,30.5,12,7,19,8,4,4,5,0,0.39,0.23,0.62,0.26,0.49,80,33,41.3,2.62,1.08,0.1,0.24,81,80.3,86,21,3,26,0,1.41,40,40,0,0.0,0.4,0,45,36,8,87,18,18,,,0
FRA-Ligue 1,2021,Nice,Andy Pelmard,MAD,DF,20,2000,19,12,1207,13.4,0,0,0,0,0,0,1,0,0.0,0.0,0.0,0.0,0.0,2,1,50.0,0.15,0.07,0.0,0.0,64,35.3,86,11,7,25,15,1.26,21,20,1,0.07,0.24,0,17,6,0,3,22,12,,,0
FRA-Ligue 1,2021,Nice,Eddy Sylvestre,FRA,FW,20,1999,4,1,97,1.1,0,0,0,0,0,0,1,0,0.0,0.0,0.0,0.0,0.0,0,0,,0.0,0.0,,,24,2.8,61,0,3,12,2,1.5,2,1,1,0.93,1.04,0,2,1,0,3,1,1,,,0
FRA-Ligue 1,2021,Nice,Hicham Boudaoui,ALG,MF,20,1999,25,22,1736,19.3,3,2,5,3,0,0,9,0,0.16,0.1,0.26,0.16,0.26,16,9,56.3,0.83,0.47,0.19,0.33,69,50.8,76,6,3,20,1,1.12,22,33,-11,-0.57,-1.0,0,29,22,6,15,26,32,,,0
FRA-Ligue 1,2021,Nice,Jean-Clair Todibo,FRA,DF,20,1999,15,15,1330,14.8,1,0,1,1,0,0,5,0,0.07,0.0,0.07,0.07,0.07,7,1,14.3,0.47,0.07,0.14,1.0,89,38.9,89,13,0,,0,1.67,24,20,4,0.27,0.57,0,17,14,0,2,18,13,,,0
FRA-Ligue 1,2021,Nice,Malik Sellouki,FRA,MF,20,2000,4,0,66,0.7,1,0,1,1,0,0,1,0,1.36,0.0,1.36,1.36,1.36,4,1,25.0,5.45,1.36,0.25,1.0,17,1.9,,0,4,17,10,0.0,1,0,1,1.36,1.47,0,1,2,0,6,2,0,,,0
FRA-Ligue 1,2021,Nîmes,Antoine Valerio,FRA,MF,20,1999,1,1,70,0.8,0,0,0,0,0,0,0,0,0.0,0.0,0.0,0.0,0.0,0,0,,0.0,0.0,,,70,2.0,70,0,0,,2,0.0,0,2,-2,-2.57,-1.79,0,2,0,0,1,2,0,,,0
FRA-Ligue 1,2021,Nîmes,Mahamadou Doucouré,MLI,FW,20,2000,3,0,45,0.5,0,0,0,0,0,0,0,0,0.0,0.0,0.0,0.0,0.0,0,0,,0.0,0.0,,,15,1.3,,0,3,15,0,1.0,1,1,0,0.0,0.83,0,0,1,0,1,0,1,,,0
FRA-Ligue 1,2021,Paris Saint-Germain,Marcin Bułka,POL,GK,20,1999,1,1,90,1.0,0,0,0,0,0,0,0,0,0.0,0.0,0.0,0.0,0.0,0,0,,0.0,0.0,,,90,2.6,90,1,0,,3,0.0,0,1,-1,-1.0,-2.59,0,0,0,0,0,0,0,,,0
FRA-Ligue 1,2021,Paris Saint-Germain,Mitchel Bakker,NED,"DF,MF",20,2000,26,18,1694,18.8,0,2,2,0,0,0,1,0,0.0,0.11,0.11,0.0,0.11,3,3,100.0,0.16,0.16,0.0,0.0,65,49.5,84,13,8,22,12,2.31,49,10,39,2.07,1.08,0,16,9,3,50,22,30,,,0
FRA-Ligue 1,2021,Paris Saint-Germain,Moise Kean,ITA,FW,20,2000,26,22,1698,18.9,13,0,13,13,0,0,4,0,0.69,0.0,0.69,0.69,0.69,52,24,46.2,2.76,1.27,0.25,0.54,65,49.6,76,6,4,6,4,2.23,37,16,21,1.11,-0.82,0,33,6,5,8,8,9,,,0
FRA-Ligue 1,2021,Reims,Alexis Flips,FRA,MF,20,2000,2,0,43,0.5,1,0,1,1,0,0,0,0,2.09,0.0,2.09,2.09,2.09,2,1,50.0,4.19,2.09,0.5,1.0,22,1.3,,0,2,22,5,0.5,1,0,1,2.09,2.33,0,1,1,0,5,0,0,,,0
FRA-Ligue 1,2021,Reims,Dario Maresic,AUT,DF,20,1999,8,5,514,5.7,0,0,0,0,0,0,0,0,0.0,0.0,0.0,0.0,0.0,0,0,,0.0,0.0,,,64,15.0,90,5,3,21,29,0.38,1,9,-8,-1.4,-1.4,0,8,1,0,3,11,10,,,0
FRA-Ligue 1,2021,Reims,Fraser Hornby,SCO,"FW,MF",20,1999,3,0,35,0.4,0,0,0,0,0,0,1,0,0.0,0.0,0.0,0.0,0.0,2,1,50.0,5.14,2.57,0.0,0.0,12,1.0,,0,3,12,7,0.0,0,0,0,0.0,0.21,0,1,0,0,0,1,0,,,0
FRA-Ligue 1,2021,Reims,Yehvann Diouf,SEN,GK,20,1999,2,1,135,1.5,0,0,0,0,0,0,0,0,0.0,0.0,0.0,0.0,0.0,0,0,,0.0,0.0,,,68,3.9,90,1,1,45,32,0.5,1,1,0,0.0,0.22,0,0,1,0,0,0,0,,,0
FRA-Ligue 1,2021,Saint-Étienne,Baptiste Gabard,FRA,MF,20,2000,2,2,133,1.5,0,0,0,0,0,0,1,0,0.0,0.0,0.0,0.0,0.0,0,0,,0.0,0.0,,,67,3.9,67,0,0,,1,0.0,0,3,-3,-2.03,-1.78,0,2,3,0,0,2,3,,,0
FRA-Ligue 1,2021,Saint-Étienne,Charles Abi,FRA,"FW,MF",20,2000,24,9,912,10.1,3,2,5,3,0,0,1,0,0.3,0.2,0.49,0.3,0.49,19,4,21.1,1.87,0.39,0.16,0.75,38,26.7,64,1,15,22,2,1.33,16,23,-7,-0.69,-0.51,0,18,8,7,3,4,2,,,0
FRA-Ligue 1,2021,Saint-Étienne,Etienne Green,ENG,GK,20,2000,8,8,720,8.0,0,0,0,0,0,0,0,0,0.0,0.0,0.0,0.0,0.0,0,0,,0.0,0.0,,,90,21.1,90,8,0,,3,1.63,12,8,4,0.5,1.03,0,2,1,0,0,0,0,,,0
FRA-Ligue 1,2021,Strasbourg,Mohamed Simakan,FRA,"DF,MF",20,2000,19,19,1615,17.9,1,1,2,1,0,0,2,0,0.06,0.06,0.11,0.06,0.11,15,6,40.0,0.84,0.33,0.07,0.17,85,47.2,85,15,0,,0,1.05,25,31,-6,-0.33,-0.18,0,23,27,1,6,33,28,,,0
FRA-Ligue 1,2021,Angers,Enzo Ebosse,CMR,DF,21,1999,6,3,260,2.9,0,0,0,0,0,0,1,0,0.0,0.0,0.0,0.0,0.0,0,0,,0.0,0.0,,,43,7.6,60,1,3,27,3,1.67,4,10,-6,-2.08,-1.74,0,3,4,0,4,2,3,,,0
FRA-Ligue 1,2021,Angers,Yassin Fortune,HAI,"FW,MF",21,1999,1,0,15,0.2,0,0,0,0,0,0,0,0,0.0,0.0,0.0,0.0,0.0,0,0,,0.0,0.0,,,15,0.4,,0,1,15,0,0.0,0,1,-1,-6.0,-5.55,0,0,0,0,0,0,0,,,0
FRA-Ligue 1,2021,Bordeaux,Josh Maja,NGA,FW,21,1998,17,11,804,8.9,2,0,2,2,0,0,2,0,0.22,0.0,0.22,0.22,0.22,19,9,47.4,2.13,1.01,0.11,0.22,47,23.5,63,0,6,18,5,1.35,11,5,6,0.67,1.36,0,8,12,2,0,7,3,,,0
FRA-Ligue 1,2021,Bordeaux,Loïc Bessile,TOG,DF,21,1999,1,1,90,1.0,0,0,0,0,0,0,0,0,0.0,0.0,0.0,0.0,0.0,0,0,,0.0,0.0,,,90,2.6,90,1,0,,5,3.0,2,1,1,1.0,1.41,0,1,0,0,0,1,0,,,0
FRA-Ligue 1,2021,Bordeaux,Mehdi Zerkane,ALG,"MF,FW",21,1999,27,15,1187,13.2,1,1,2,1,0,0,3,1,0.08,0.08,0.15,0.08,0.15,15,7,46.7,1.14,0.53,0.07,0.14,44,34.7,59,0,12,25,0,1.15,17,19,-2,-0.15,0.33,0,21,26,1,10,10,16,,,0
FRA-Ligue 1,2021,Brest,Ibrahima Diallo,FRA,MF,21,1999,5,5,440,4.9,0,0,0,0,0,0,1,0,0.0,0.0,0.0,0.0,0.0,1,0,0.0,0.2,0.0,0.0,,88,12.9,88,3,0,,0,1.2,8,12,-4,-0.82,-0.46,0,8,8,0,4,4,10,,,0
FRA-Ligue 1,2021,Dijon,Anthony Racioppi,SUI,GK,21,1998,21,21,1890,21.0,0,0,0,0,0,0,0,0,0.0,0.0,0.0,0.0,0.0,0,0,,0.0,0.0,,,90,55.3,90,21,0,,13,0.57,16,33,-17,-0.81,1.01,0,0,4,0,0,2,0,,,1
FRA-Ligue 1,2021,Dijon,Mihai Dobre,ROU,"MF,FW",21,1998,22,4,529,5.9,0,0,0,0,0,0,0,0,0.0,0.0,0.0,0.0,0.0,9,1,11.1,1.53,0.17,0.0,0.0,24,15.5,63,0,18,15,12,0.5,5,16,-11,-1.87,-0.72,0,5,6,2,4,10,6,,,0
FRA-Ligue 1,2021,Dijon,Mounir Chouiar,FRA,"MF,FW",21,1999,23,14,1288,14.3,0,2,2,0,0,1,5,0,0.0,0.14,0.14,0.0,0.14,24,6,25.0,1.68,0.42,0.0,0.0,56,37.7,74,4,9,28,5,0.48,8,30,-22,-1.54,-0.44,0,26,24,3,50,10,13,,,0
FRA-Ligue 1,2021,Lens,Facundo Medina,ARG,DF,21,1999,24,23,2007,22.3,2,0,2,2,0,0,11,0,0.09,0.0,0.09,0.09,0.09,10,5,50.0,0.45,0.22,0.2,0.4,84,58.7,87,20,1,7,6,1.63,35,27,8,0.36,0.8,0,33,7,1,4,43,24,,,1
FRA-Ligue 1,2021,Lens,Ignatius Ganago,CMR,FW,21,1999,24,16,1304,14.5,7,0,7,7,0,0,0,0,0.48,0.0,0.48,0.48,0.48,40,18,45.0,2.76,1.24,0.18,0.39,54,38.1,70,4,8,23,3,1.33,16,20,-4,-0.28,-0.49,0,15,46,11,14,8,3,,,0
FRA-Ligue 1,2021,Lille,Boubakary Soumaré,FRA,MF,21,1999,32,21,1919,21.3,0,1,1,0,0,0,3,0,0.0,0.05,0.05,0.0,0.05,8,3,37.5,0.38,0.14,0.0,0.0,60,56.1,83,14,11,16,5,2.16,36,15,21,0.98,-0.21,0,23,16,0,1,39,27,,,0
FRA-Ligue 1,2021,Lorient,Armand Lauriente,FRA,"MF,FW",21,1998,29,16,1622,18.0,3,5,8,3,0,0,4,0,0.17,0.28,0.44,0.17,0.44,58,19,32.8,3.22,1.05,0.05,0.16,56,47.4,81,8,13,26,2,1.14,23,33,-10,-0.55,-0.15,0,23,38,8,92,17,12,,,0
FRA-Ligue 1,2021,Lorient,Stéphane Diarra,FRA,"MF,FW",21,1998,13,2,197,2.2,0,0,0,0,0,0,1,0,0.0,0.0,0.0,0.0,0.0,2,2,100.0,0.91,0.91,0.0,0.0,15,5.8,28,0,11,13,13,0.54,3,5,-2,-0.91,-0.47,0,4,4,3,14,4,0,,,0
FRA-Ligue 1,2021,Lorient,Terem Moffi,NGA,FW,21,1999,32,26,2073,23.0,14,2,16,13,1,1,2,0,0.61,0.09,0.69,0.56,0.65,56,25,44.6,2.43,1.09,0.23,0.52,65,60.6,75,3,6,21,0,1.19,33,39,-6,-0.26,0.54,0,30,18,12,6,4,8,,,0
FRA-Ligue 1,2021,Lorient,Trevoh Chalobah,ENG,"DF,MF",21,1999,29,24,2237,24.9,2,2,4,2,0,0,5,0,0.08,0.08,0.16,0.08,0.16,15,3,20.0,0.6,0.12,0.13,0.67,77,65.4,87,19,5,30,2,1.14,33,46,-13,-0.52,-0.14,0,20,26,0,11,67,28,,,0
FRA-Ligue 1,2021,Marseille,Leonardo Balerdi,ARG,DF,21,1999,21,19,1634,18.2,2,0,2,2,0,0,6,1,0.11,0.0,0.11,0.11,0.11,13,5,38.5,0.72,0.28,0.15,0.4,78,47.8,86,17,2,3,15,1.62,24,24,0,0.0,-0.35,0,31,27,2,1,30,21,,,0
FRA-Ligue 1,2021,Marseille,Lucas Perrin,FRA,DF,21,1998,7,3,308,3.4,1,0,1,1,0,0,1,0,0.29,0.0,0.29,0.29,0.29,3,1,33.3,0.88,0.29,0.33,1.0,44,9.0,70,1,4,25,18,1.29,5,5,0,0.0,-0.2,0,4,4,0,0,9,4,,,0
FRA-Ligue 1,2021,Marseille,Pape Gueye,SEN,MF,21,1999,32,22,2058,22.9,2,0,2,2,0,0,11,1,0.09,0.0,0.09,0.09,0.09,17,4,23.5,0.74,0.17,0.12,0.5,64,60.2,79,15,10,33,2,1.56,33,32,1,0.04,-0.35,1,47,46,1,10,48,23,,,0
FRA-Ligue 1,2021,Metz,Cheikh Tidiane Sabaly,SEN,"FW,MF",21,1999,1,0,12,0.1,0,0,0,0,0,0,0,0,0.0,0.0,0.0,0.0,0.0,1,0,0.0,7.5,0.0,0.0,,12,0.4,,0,1,12,1,0.0,0,0,0,0.0,0.11,0,0,0,0,1,0,0,,,0
FRA-Ligue 1,2021,Metz,Ibrahima Niane,SEN,FW,21,1999,10,9,663,7.4,6,0,6,5,1,1,0,0,0.81,0.0,0.81,0.68,0.68,23,9,39.1,3.12,1.22,0.22,0.56,66,19.4,71,2,1,23,0,1.0,8,8,0,0.0,0.13,0,11,12,3,3,0,1,,,0
FRA-Ligue 1,2021,Monaco,Krépin Diatta,SEN,MF,21,1999,12,3,389,4.3,1,0,1,1,0,0,3,0,0.23,0.0,0.23,0.23,0.23,3,1,33.3,0.69,0.23,0.33,1.0,32,11.4,60,0,9,23,1,2.42,13,4,9,2.08,1.34,0,3,8,3,12,3,3,,,0
FRA-Ligue 1,2021,Monaco,Youssouf Fofana,FRA,MF,21,1999,35,35,2873,31.9,0,3,3,0,0,0,10,1,0.0,0.09,0.09,0.0,0.09,36,4,11.1,1.13,0.13,0.0,0.0,82,84.0,82,24,0,,1,2.09,65,32,33,1.03,0.87,1,46,34,0,37,35,55,,,0
FRA-Ligue 1,2021,Montpellier,Nicolas Cozza,FRA,DF,21,1999,20,15,1369,15.2,0,0,0,0,0,0,2,0,0.0,0.0,0.0,0.0,0.0,1,0,0.0,0.07,0.0,0.0,,68,40.0,84,7,5,21,17,1.4,23,28,-5,-0.33,-0.46,0,15,17,1,14,27,30,,,0
FRA-Ligue 1,2021,Nantes,Alban Lafont,CIV,GK,21,1999,38,38,3420,38.0,0,0,0,0,0,0,2,0,0.0,0.0,0.0,0.0,0.0,0,0,,0.0,0.0,,,90,100.0,90,38,0,,0,1.05,47,55,-8,-0.21,,0,1,8,0,1,0,1,,,0
FRA-Ligue 1,2021,Nantes,Imran Louza,MAR,MF,21,1999,33,28,2379,26.4,7,2,9,2,5,5,4,1,0.26,0.08,0.34,0.08,0.15,37,15,40.5,1.4,0.57,0.05,0.13,72,69.6,81,13,5,20,1,1.12,33,39,-6,-0.23,-0.05,0,36,45,3,88,36,31,,,0
FRA-Ligue 1,2021,Nantes,Randal Kolo Muani,FRA,FW,21,1998,37,35,3029,33.7,9,4,13,9,0,0,3,0,0.27,0.12,0.39,0.27,0.39,58,28,48.3,1.72,0.83,0.16,0.32,82,88.6,85,19,2,32,0,1.05,44,48,-4,-0.12,0.8,0,63,73,22,18,10,13,,,0
FRA-Ligue 1,2021,Nice,Hicham Mahou,FRA,"FW,MF",21,1999,2,0,34,0.4,0,0,0,0,0,0,1,0,0.0,0.0,0.0,0.0,0.0,0,0,,0.0,0.0,,,17,1.0,,0,2,17,4,0.0,0,2,-2,-5.29,-5.27,0,3,0,0,3,2,1,,,0
FRA-Ligue 1,2021,Nice,Jordan Lotomba,SUI,"DF,MF",21,1998,30,24,2123,23.6,1,0,1,1,0,0,7,1,0.04,0.0,0.04,0.04,0.04,8,2,25.0,0.34,0.08,0.13,0.5,71,62.1,83,13,6,23,1,1.43,29,29,0,0.0,0.21,1,28,34,2,53,36,24,,,0
FRA-Ligue 1,2021,Nice,Myziane Maolida,COM,"FW,MF",21,1999,19,11,1077,12.0,3,1,4,3,0,0,2,0,0.25,0.08,0.33,0.25,0.33,19,4,21.1,1.59,0.33,0.16,0.75,57,31.5,80,5,8,25,4,1.42,18,17,1,0.08,0.24,0,18,10,2,29,6,9,,,0
FRA-Ligue 1,2021,Nice,Stanley N'Soki,FRA,DF,21,1999,18,13,1246,13.8,0,0,0,0,0,0,4,0,0.0,0.0,0.0,0.0,0.0,7,0,0.0,0.51,0.0,0.0,,69,36.4,89,11,5,19,13,0.89,14,24,-10,-0.72,-1.01,0,11,6,0,8,27,21,,,0
FRA-Ligue 1,2021,Nîmes,Kelyan Guessoum,ALG,DF,21,1999,15,11,1128,12.5,0,0,0,0,0,0,2,0,0.0,0.0,0.0,0.0,0.0,6,1,16.7,0.48,0.08,0.0,0.0,75,33.0,88,10,4,39,8,1.0,14,19,-5,-0.4,0.62,0,6,13,0,0,24,7,,,0
FRA-Ligue 1,2021,Nîmes,Matteo Ahlinvi,BEN,MF,21,1999,20,10,899,10.0,2,0,2,2,0,0,0,0,0.2,0.0,0.2,0.2,0.2,12,7,58.3,1.2,0.7,0.17,0.29,45,26.3,77,5,10,13,14,0.75,5,21,-16,-1.6,-1.07,0,16,15,1,7,3,20,,,0
FRA-Ligue 1,2021,Nîmes,Yassine Benrahou,FRA,MF,21,1999,23,15,1239,13.8,0,0,0,0,0,0,2,0,0.0,0.0,0.0,0.0,0.0,18,4,22.2,1.31,0.29,0.0,0.0,54,36.2,73,3,8,18,6,0.91,18,23,-5,-0.36,0.71,0,8,25,0,90,6,11,,,0
FRA-Ligue 1,2021,Paris Saint-Germain,Colin Dagba,FRA,DF,21,1998,25,15,1357,15.1,1,2,3,1,0,0,3,0,0.07,0.13,0.2,0.07,0.2,7,1,14.3,0.46,0.07,0.14,1.0,54,39.7,78,7,10,19,7,2.16,38,9,29,1.92,0.66,0,20,9,3,39,18,11,,,0
FRA-Ligue 1,2021,Paris Saint-Germain,Kylian Mbappé,FRA,"FW,MF",21,1998,31,27,2380,26.4,27,7,34,21,6,6,5,0,1.02,0.26,1.29,0.79,1.06,103,55,53.4,3.89,2.08,0.2,0.38,77,69.6,86,16,4,18,0,2.23,68,20,48,1.82,0.95,0,23,38,17,53,3,2,,,0
FRA-Ligue 1,2021,Reims,Mouhamadou Drammeh,GAM,MF,21,1999,6,1,173,1.9,0,0,0,0,0,0,1,0,0.0,0.0,0.0,0.0,0.0,1,0,0.0,0.52,0.0,0.0,,29,5.1,90,1,5,17,13,1.17,1,4,-3,-1.56,-1.42,0,1,4,0,0,2,0,,,0
FRA-Ligue 1,2021,Saint-Étienne,Panagiotis Retsos,GRE,DF,21,1998,4,4,272,3.0,0,0,0,0,0,0,2,0,0.0,0.0,0.0,0.0,0.0,1,1,100.0,0.33,0.33,0.0,0.0,68,8.0,68,2,0,,2,0.25,2,7,-5,-1.65,-1.45,0,6,1,0,0,3,3,,,0
FRA-Ligue 1,2021,Saint-Étienne,Yvann Macon,FRA,DF,21,1998,6,6,539,6.0,1,1,2,1,0,0,2,0,0.17,0.17,0.33,0.17,0.33,2,2,100.0,0.33,0.33,0.5,0.5,90,15.8,90,5,0,,0,1.67,8,7,1,0.17,0.57,0,11,7,0,13,9,21,,,0
FRA-Ligue 1,2021,Saint-Étienne,Zaydou Youssouf,COM,MF,21,1999,29,14,1229,13.7,1,1,2,1,0,0,2,0,0.07,0.07,0.15,0.07,0.15,15,4,26.7,1.1,0.29,0.07,0.25,42,35.9,67,2,15,19,6,1.24,17,20,-3,-0.22,0.15,0,18,37,1,19,27,17,,,0
FRA-Ligue 1,2021,Strasbourg,Ismael Aaneba,FRA,DF,21,1999,2,0,11,0.1,0,0,0,0,0,0,0,0,0.0,0.0,0.0,0.0,0.0,0,0,,0.0,0.0,,,6,0.3,,0,2,6,18,2.0,0,0,0,0.0,0.24,0,1,0,0,0,1,0,,,0
FRA-Ligue 1,2021,Angers,Wilfried Kanga,CIV,FW,22,1998,2,2,132,1.5,0,0,0,0,0,0,0,0,0.0,0.0,0.0,0.0,0.0,1,1,100.0,0.68,0.68,0.0,0.0,66,3.9,66,0,0,,0,1.5,1,2,-1,-0.68,-0.22,0,2,1,1,1,2,0,,,0
FRA-Ligue 1,2021,Bordeaux,Samuel Kalu,NGA,"MF,FW",22,1997,20,14,964,10.7,4,1,5,4,0,0,3,0,0.37,0.09,0.47,0.37,0.47,26,9,34.6,2.43,0.84,0.15,0.44,48,28.2,62,0,6,17,0,1.45,13,9,4,0.37,1.03,0,16,37,5,28,9,13,,,0
FRA-Ligue 1,2021,Brest,Hugo Magnetti,FRA,MF,22,1998,13,7,603,6.7,0,0,0,0,0,0,4,0,0.0,0.0,0.0,0.0,0.0,9,1,11.1,1.34,0.15,0.0,0.0,46,17.6,80,4,6,7,19,1.23,7,10,-3,-0.45,-0.03,0,12,9,0,6,13,15,,,0
FRA-Ligue 1,2021,Brest,Irvin Cardona,MLT,FW,22,1997,36,22,2029,22.5,7,1,8,7,0,0,2,0,0.31,0.04,0.35,0.31,0.35,55,18,32.7,2.44,0.8,0.13,0.39,56,59.3,77,5,14,24,2,1.03,37,46,-9,-0.4,0.05,0,18,15,17,34,11,6,,,0
FRA-Ligue 1,2021,Brest,Jean Lucas,BRA,MF,22,1998,16,11,1011,11.2,0,2,2,0,0,0,4,1,0.0,0.18,0.18,0.0,0.18,20,5,25.0,1.78,0.45,0.0,0.0,63,29.6,83,7,5,20,0,0.69,13,17,-4,-0.36,0.09,1,13,22,0,14,9,15,,,0
FRA-Ligue 1,2021,Brest,Jérémy Le Douaron,FRA,MF,22,1998,28,7,816,9.1,1,2,3,1,0,0,0,0,0.11,0.22,0.33,0.11,0.33,14,7,50.0,1.54,0.77,0.07,0.14,29,23.9,65,0,21,17,3,1.11,13,16,-3,-0.33,0.12,0,18,17,1,14,10,13,,,0
FRA-Ligue 1,2021,Brest,Romain Faivre,FRA,"MF,FW",22,1998,36,33,2891,32.1,6,5,11,5,1,1,0,0,0.19,0.16,0.34,0.16,0.31,66,24,36.4,2.05,0.75,0.08,0.21,80,84.5,86,19,3,22,0,1.11,40,58,-18,-0.56,-0.9,0,36,72,0,142,32,30,,,1
FRA-Ligue 1,2021,Brest,Romain Perraud,FRA,DF,22,1997,36,35,3140,34.9,3,7,10,3,0,0,4,0,0.09,0.2,0.29,0.09,0.29,43,11,25.6,1.23,0.32,0.07,0.27,87,91.8,90,34,1,7,0,1.11,47,56,-9,-0.26,1.99,0,46,54,3,133,46,35,,,0
FRA-Ligue 1,2021,Brest,Ronaël Pierre-Gabriel,FRA,DF,22,1998,29,28,2305,25.6,1,0,1,1,0,0,4,0,0.04,0.0,0.04,0.04,0.04,8,2,25.0,0.31,0.08,0.13,0.5,79,67.4,82,16,1,10,3,1.1,30,47,-17,-0.66,-0.74,0,28,28,2,40,29,42,,,0
FRA-Ligue 1,2021,Brest,Sébastien Cibois,FRA,GK,22,1998,3,3,270,3.0,0,0,0,0,0,0,0,0,0.0,0.0,0.0,0.0,0.0,0,0,,0.0,0.0,,,90,7.9,90,3,0,,25,1.33,4,4,0,0.0,0.46,0,1,0,0,0,0,0,,,0
FRA-Ligue 1,2021,Dijon,Aurélien Scheidler,FRA,FW,22,1998,10,3,342,3.8,1,0,1,1,0,0,1,0,0.26,0.0,0.26,0.26,0.26,8,2,25.0,2.11,0.53,0.13,0.5,34,10.0,82,1,7,14,6,0.4,1,9,-8,-2.11,-0.94,0,7,4,6,2,1,0,,,0
FRA-Ligue 1,2021,Dijon,Pape Cheikh Diop,SEN,MF,22,1997,21,13,1089,12.1,0,0,0,0,0,0,5,0,0.0,0.0,0.0,0.0,0.0,6,0,0.0,0.5,0.0,0.0,,52,31.8,73,3,8,18,7,0.67,8,17,-9,-0.74,0.76,0,42,24,0,2,10,13,,,0
FRA-Ligue 1,2021,Lens,Wuilker Faríñez,VEN,GK,22,1998,3,1,107,1.2,0,0,0,0,0,0,0,0,0.0,0.0,0.0,0.0,0.0,0,0,,0.0,0.0,,,36,3.1,90,1,2,9,35,2.0,1,3,-2,-1.68,-1.76,0,0,0,0,0,0,0,,,0
FRA-Ligue 1,2021,Lille,Jonathan Ikone,FRA,"MF,FW",22,1998,37,26,2177,24.2,4,5,9,3,1,1,0,0,0.17,0.21,0.37,0.12,0.33,46,12,26.1,1.9,0.5,0.07,0.25,59,63.7,75,6,11,21,0,2.24,36,19,17,0.7,-1.03,0,13,23,6,8,6,13,,,0
FRA-Ligue 1,2021,Lille,Renato Sanches,POR,MF,22,1997,23,14,1270,14.1,1,3,4,1,0,0,4,0,0.07,0.21,0.28,0.07,0.28,21,3,14.3,1.49,0.21,0.05,0.33,55,37.1,79,4,9,18,2,2.13,23,9,14,0.99,-0.14,0,27,27,2,46,11,9,,,0
FRA-Ligue 1,2021,Lorient,Andrew Gravillon,GLP,DF,22,1998,26,26,2272,25.2,1,2,3,1,0,0,3,1,0.04,0.08,0.12,0.04,0.12,14,4,28.6,0.55,0.16,0.07,0.25,87,66.4,87,24,0,,4,1.04,30,44,-14,-0.55,-0.24,0,20,36,0,9,57,20,,,1
FRA-Ligue 1,2021,Lorient,Houboulang Mendes,GNB,DF,22,1998,17,15,1297,14.4,0,0,0,0,0,0,3,0,0.0,0.0,0.0,0.0,0.0,5,1,20.0,0.35,0.07,0.0,0.0,76,37.9,84,8,2,20,10,1.18,18,25,-7,-0.49,-0.02,0,24,6,1,41,14,18,,,0
FRA-Ligue 1,2021,Lyon,Bruno Guimarães,BRA,MF,22,1997,33,21,1754,19.5,3,1,4,2,1,1,6,0,0.15,0.05,0.21,0.1,0.15,26,14,53.8,1.33,0.72,0.08,0.14,53,51.3,73,5,12,19,2,1.97,45,18,27,1.39,0.79,0,34,37,0,17,14,42,,,0
FRA-Ligue 1,2021,Lyon,Houssem Aouar,ALG,MF,22,1998,30,23,1781,19.8,7,3,10,5,2,2,3,1,0.35,0.15,0.51,0.25,0.4,70,27,38.6,3.54,1.36,0.07,0.19,59,52.1,71,6,7,21,1,1.97,48,27,21,1.06,0.13,0,21,24,3,22,20,14,,,0
FRA-Ligue 1,2021,Lyon,Jean Lucas,BRA,MF,22,1998,8,1,172,1.9,0,0,0,0,0,0,1,0,0.0,0.0,0.0,0.0,0.0,5,0,0.0,2.62,0.0,0.0,,22,5.0,74,0,7,14,10,2.13,2,3,-1,-0.52,-1.6,0,3,2,0,8,3,3,,,0
FRA-Ligue 1,2021,Lyon,Jeff Reine-Adélaïde,FRA,"FW,MF",22,1998,1,0,24,0.3,0,0,0,0,0,0,0,0,0.0,0.0,0.0,0.0,0.0,1,1,100.0,3.75,3.75,0.0,0.0,24,0.7,,0,1,24,0,3.0,0,0,0,0.0,-1.01,0,1,1,0,3,0,0,,,0
FRA-Ligue 1,2021,Lyon,Lucas Paquetá,BRA,MF,22,1997,30,27,2275,25.3,9,5,14,9,0,0,6,1,0.36,0.2,0.55,0.36,0.55,55,23,41.8,2.18,0.91,0.16,0.39,76,66.5,81,12,3,33,1,2.1,61,31,30,1.19,0.56,1,64,68,5,11,19,37,,,0
FRA-Ligue 1,2021,Marseille,Christopher Rocchia,FRA,DF,22,1998,2,0,22,0.2,0,0,0,0,0,0,0,0,0.0,0.0,0.0,0.0,0.0,0,0,,0.0,0.0,,,11,0.6,,0,2,11,3,1.5,1,0,1,4.09,3.93,0,2,1,0,0,0,0,,,0
FRA-Ligue 1,2021,Marseille,Maxime Lopez,FRA,FW,22,1997,4,2,134,1.5,0,0,0,0,0,0,1,0,0.0,0.0,0.0,0.0,0.0,0,0,,0.0,0.0,,,34,3.9,56,0,2,11,2,1.25,2,1,1,0.67,0.51,0,4,1,0,0,2,1,,,0
FRA-Ligue 1,2021,Marseille,Pol Lirola,ESP,"MF,DF",22,1997,19,17,1553,17.3,2,2,4,2,0,0,3,0,0.12,0.12,0.23,0.12,0.23,10,5,50.0,0.58,0.29,0.2,0.4,82,45.4,89,15,2,18,0,1.32,24,24,0,0.0,-0.34,0,14,16,0,58,27,16,,,0
FRA-Ligue 1,2021,Metz,Aaron Leya Iseka,BEL,FW,22,1997,21,12,1008,11.2,4,0,4,2,2,3,4,0,0.36,0.0,0.36,0.18,0.18,20,9,45.0,1.79,0.8,0.1,0.22,48,29.5,65,1,9,26,5,1.14,8,15,-7,-0.62,-0.74,0,26,12,2,2,0,3,,,0
FRA-Ligue 1,2021,Metz,Lamine Gueye,SEN,"FW,MF",22,1998,26,19,1454,16.2,3,2,5,3,0,0,1,0,0.19,0.12,0.31,0.19,0.31,40,17,42.5,2.48,1.05,0.08,0.18,56,42.5,68,2,7,23,4,1.35,14,22,-8,-0.5,-0.68,0,13,36,9,68,21,9,,,0
FRA-Ligue 1,2021,Metz,Mamadou Fofana,MLI,"MF,DF",22,1998,16,11,1070,11.9,0,0,0,0,0,0,2,0,0.0,0.0,0.0,0.0,0.0,3,0,0.0,0.25,0.0,0.0,,67,31.3,83,8,5,32,21,1.31,14,15,-1,-0.08,0.03,0,13,2,0,1,21,14,,,0
FRA-Ligue 1,2021,Metz,Warren Tchimbembé,CGO,MF,22,1998,15,4,495,5.5,0,0,0,0,0,0,0,0,0.0,0.0,0.0,0.0,0.0,6,1,16.7,1.09,0.18,0.0,0.0,33,14.5,68,0,11,20,11,1.4,10,8,2,0.36,0.55,0,4,6,0,5,4,4,,,0
FRA-Ligue 1,2021,Metz,Youssef Maziz,FRA,MF,22,1998,11,2,257,2.9,0,0,0,0,0,0,1,0,0.0,0.0,0.0,0.0,0.0,6,0,0.0,2.1,0.0,0.0,,23,7.5,64,0,9,14,23,1.18,1,4,-3,-1.05,-1.02,0,2,5,0,10,6,0,,,0
FRA-Ligue 1,2021,Monaco,Axel Disasi,FRA,DF,22,1998,29,24,2011,22.3,3,0,3,3,0,0,4,2,0.13,0.0,0.13,0.13,0.13,18,6,33.3,0.81,0.27,0.17,0.5,69,58.8,80,16,5,16,6,2.1,45,24,21,0.94,0.11,0,28,19,1,7,27,18,,,1
FRA-Ligue 1,2021,Montpellier,Dimitry Bertaud,COD,GK,22,1998,9,7,745,8.3,0,0,0,0,0,0,0,0,0.0,0.0,0.0,0.0,0.0,0,0,,0.0,0.0,,,83,21.8,90,7,2,58,25,1.56,10,11,-1,-0.12,-0.09,0,0,4,0,0,1,0,,,0
FRA-Ligue 1,2021,Montpellier,Stephy Mavididi,ENG,"FW,MF",22,1998,35,23,2030,22.6,9,0,9,9,0,0,3,0,0.4,0.0,0.4,0.4,0.4,30,18,60.0,1.33,0.8,0.3,0.5,58,59.4,79,4,12,19,0,1.51,37,30,7,0.31,0.89,0,31,33,3,31,13,6,,,0
FRA-Ligue 1,2021,Nantes,Ludovic Blas,FRA,"MF,FW",22,1997,36,32,2787,31.0,10,4,14,10,0,0,5,0,0.32,0.13,0.45,0.32,0.45,71,24,33.8,2.29,0.78,0.14,0.42,77,81.5,85,14,4,15,1,1.08,41,45,-4,-0.13,0.44,0,52,50,5,21,22,27,,,0
FRA-Ligue 1,2021,Nice,Alexis Claude-Maurice,FRA,"MF,FW",22,1998,30,21,1910,21.2,4,5,9,4,0,0,2,0,0.19,0.24,0.42,0.19,0.42,35,17,48.6,1.65,0.8,0.11,0.24,64,55.8,81,14,9,24,3,1.1,31,34,-3,-0.14,-0.14,0,25,53,1,57,14,20,,,0
FRA-Ligue 1,2021,Nice,Jeff Reine-Adélaïde,FRA,"MF,FW",22,1998,14,12,1058,11.8,1,2,3,1,0,0,1,0,0.09,0.17,0.26,0.09,0.26,15,5,33.3,1.28,0.43,0.07,0.2,76,30.9,84,9,2,28,0,0.93,10,15,-5,-0.43,-0.5,0,6,21,3,21,3,5,,,0
FRA-Ligue 1,2021,Nice,Kasper Dolberg,DEN,FW,22,1997,25,21,1928,21.4,6,2,8,4,2,2,2,0,0.28,0.09,0.37,0.19,0.28,37,18,48.6,1.73,0.84,0.11,0.22,77,56.4,86,14,4,28,0,1.52,27,27,0,0.0,0.18,0,20,49,5,3,8,3,,,0
FRA-Ligue 1,2021,Nice,Robson Bambu,BRA,DF,22,1997,15,12,1046,11.6,0,0,0,0,0,0,3,1,0.0,0.0,0.0,0.0,0.0,3,1,33.3,0.26,0.09,0.0,0.0,70,30.6,84,9,3,12,17,1.6,18,15,3,0.26,0.49,0,20,10,1,1,12,11,,,0
FRA-Ligue 1,2021,Nîmes,Lamine Fomba,FRA,MF,22,1998,32,24,2175,24.2,1,1,2,1,0,0,8,0,0.04,0.04,0.08,0.04,0.08,25,7,28.0,1.03,0.29,0.04,0.14,68,63.6,83,16,8,24,4,1.09,27,37,-10,-0.41,1.1,0,45,16,0,1,55,41,,,0
FRA-Ligue 1,2021,Nîmes,Lucas Buadés,FRA,"DF,MF",22,1997,2,0,21,0.2,0,0,0,0,0,0,0,0,0.0,0.0,0.0,0.0,0.0,0,0,,0.0,0.0,,,11,0.6,,0,2,11,6,0.5,0,0,0,0.0,0.82,0,0,0,0,1,0,0,,,0
FRA-Ligue 1,2021,Nîmes,Sami Ben Amar,MAR,FW,22,1998,1,0,7,0.1,0,0,0,0,0,0,0,0,0.0,0.0,0.0,0.0,0.0,0,0,,0.0,0.0,,,7,0.2,,0,1,7,1,3.0,1,0,1,12.86,13.7,0,0,0,0,0,0,0,,,0
FRA-Ligue 1,2021,Nîmes,Sofiane Alakouch,MAR,DF,22,1998,22,17,1505,16.7,0,2,2,0,0,0,4,0,0.0,0.12,0.12,0.0,0.12,5,0,0.0,0.3,0.0,0.0,,68,44.0,84,9,5,17,9,0.77,22,34,-12,-0.72,0.18,0,25,26,1,19,25,32,,,0
FRA-Ligue 1,2021,Reims,Dereck Kutesa,SUI,MF,22,1997,28,6,687,7.6,1,2,3,1,0,0,2,0,0.13,0.26,0.39,0.13,0.39,10,4,40.0,1.31,0.52,0.1,0.25,25,20.1,54,0,22,16,9,0.93,6,12,-6,-0.79,-0.72,0,13,16,5,15,7,6,,,0
FRA-Ligue 1,2021,Reims,Kaj Sierhuis,NED,FW,22,1998,24,6,652,7.2,0,1,1,0,0,0,2,0,0.0,0.14,0.14,0.0,0.14,14,3,21.4,1.93,0.41,0.0,0.0,27,19.1,69,1,18,13,13,1.0,10,8,2,0.28,0.6,0,18,5,1,6,2,2,,,0
FRA-Ligue 1,2021,Reims,Moreto Cassamã,GNB,MF,22,1998,29,26,2031,22.6,1,1,2,1,0,0,8,3,0.04,0.04,0.09,0.04,0.09,11,2,18.2,0.49,0.09,0.09,0.5,70,59.4,76,11,3,22,2,0.97,25,35,-10,-0.44,-0.57,0,30,28,0,20,39,33,,,0
FRA-Ligue 1,2021,Reims,Thibault De Smet,BEL,DF,22,1998,8,6,496,5.5,0,0,0,0,0,0,3,0,0.0,0.0,0.0,0.0,0.0,0,0,,0.0,0.0,,,62,14.5,78,2,2,15,28,0.88,8,7,1,0.18,0.46,0,11,6,0,11,7,7,,,0
FRA-Ligue 1,2021,Reims,Wout Faes,BEL,DF,22,1998,33,33,2899,32.2,1,0,1,1,0,0,13,2,0.03,0.0,0.03,0.03,0.03,11,1,9.1,0.34,0.03,0.09,1.0,88,84.8,88,31,0,,0,1.21,39,41,-2,-0.06,0.97,1,23,15,0,0,63,22,,,0
FRA-Ligue 1,2021,Rennes,Faitout Maouassa,FRA,DF,22,1998,23,13,1170,13.0,0,1,1,0,0,0,4,0,0.0,0.08,0.08,0.0,0.08,27,8,29.6,2.08,0.62,0.0,0.0,51,34.2,73,4,10,23,3,1.57,16,13,3,0.23,-0.13,0,13,18,0,60,18,16,,,0
FRA-Ligue 1,2021,Saint-Étienne,Arnaud Nordin,FRA,"MF,FW",22,1998,32,20,1771,19.7,4,4,8,4,0,0,1,0,0.2,0.2,0.41,0.2,0.41,45,16,35.6,2.29,0.81,0.09,0.25,55,51.8,69,1,12,32,0,1.34,20,24,-4,-0.2,0.23,0,13,60,3,72,9,8,,,0
FRA-Ligue 1,2021,Saint-Étienne,Assane Dioussé,SEN,MF,22,1997,1,0,1,0.0,0,0,0,0,0,0,0,0,0.0,0.0,0.0,0.0,0.0,0,0,,0.0,0.0,,,1,0.0,,0,1,1,0,3.0,0,0,0,0.0,0.32,0,0,0,0,0,0,0,,,0
FRA-Ligue 1,2021,Saint-Étienne,Harold Moukoudi,CMR,DF,22,1997,26,26,2276,25.3,3,1,4,3,0,0,6,0,0.12,0.04,0.16,0.12,0.16,13,5,38.5,0.51,0.2,0.23,0.6,88,66.5,88,25,0,,3,1.23,32,38,-6,-0.24,0.23,0,24,14,0,0,44,33,,,0
FRA-Ligue 1,2021,Saint-Étienne,Mahdi Camara,FRA,"MF,DF",22,1998,37,37,3290,36.6,3,2,5,3,0,0,4,0,0.08,0.05,0.14,0.08,0.14,24,8,33.3,0.66,0.22,0.13,0.38,89,96.2,89,32,0,,0,1.22,40,52,-12,-0.33,-0.33,0,50,41,0,38,76,67,,,0
FRA-Ligue 1,2021,Saint-Étienne,Rayan Souici,FRA,MF,22,1998,1,0,5,0.1,0,0,0,0,0,0,0,0,0.0,0.0,0.0,0.0,0.0,0,0,,0.0,0.0,,,5,0.1,,0,1,5,3,0.0,0,0,0,0.0,0.32,0,0,0,0,0,0,0,,,0
FRA-Ligue 1,2021,Strasbourg,Ibrahima Sissoko,MLI,MF,22,1997,36,29,2581,28.7,0,0,0,0,0,0,6,0,0.0,0.0,0.0,0.0,0.0,25,3,12.0,0.87,0.1,0.0,0.0,72,75.5,84,18,7,19,0,1.06,40,38,2,0.07,1.25,0,66,22,1,28,47,50,,,0
FRA-Ligue 1,2021,Strasbourg,Jean-Ricner Bellegarde,HAI,MF,22,1998,36,25,2086,23.2,1,1,2,1,0,0,3,0,0.04,0.04,0.09,0.04,0.09,24,5,20.8,1.04,0.22,0.04,0.2,58,61.0,74,4,11,21,0,1.06,28,35,-7,-0.3,-0.17,0,33,48,0,67,21,37,,,0
ITA-Serie A,2021,Bologna,Wisdom Amey,ITA,DF,14,2005,1,0,2,0.0,0,0,0,0,0,0,0,0,0.0,0.0,0.0,0.0,0.0,0,0,,0.0,0.0,,,2,0.1,,0,1,2,2,0.0,0,0,0,0.0,0.37,0,0,0,0,0,1,0,,,0
ITA-Serie A,2021,Bologna,Kacper Urbanski,POL,MF,15,2004,1,0,2,0.0,0,0,0,0,0,0,0,0,0.0,0.0,0.0,0.0,0.0,0,0,,0.0,0.0,,,2,0.1,,0,1,2,3,0.0,0,0,0,0.0,0.37,0,0,0,0,0,0,0,,,0
ITA-Serie A,2021,Parma,Chaka Traorè,CIV,FW,15,2004,3,0,18,0.2,0,0,0,0,0,0,0,0,0.0,0.0,0.0,0.0,0.0,1,0,0.0,5.0,0.0,0.0,,6,0.5,,0,3,6,5,0.0,0,2,-2,-10.0,-8.89,0,0,3,0,0,0,0,,,0
ITA-Serie A,2021,Bologna,Antonio Raimondo,ITA,FW,16,2004,1,0,1,0.0,0,0,0,0,0,0,0,0,0.0,0.0,0.0,0.0,0.0,0,0,,0.0,0.0,,,1,0.0,,0,1,1,0,1.0,0,0,0,0.0,0.37,0,0,0,0,0,0,0,,,0
ITA-Serie A,2021,Hellas Verona,Destiny Udogie,ITA,"DF,MF",17,2002,6,0,170,1.9,0,0,0,0,0,0,1,0,0.0,0.0,0.0,0.0,0.0,1,0,0.0,0.53,0.0,0.0,,28,5.0,,0,6,28,25,0.33,1,4,-3,-1.59,-1.62,0,5,3,1,1,2,4,,,0
ITA-Serie A,2021,Hellas Verona,Philip Ankhrah,GHA,FW,17,2002,1,0,13,0.1,0,0,0,0,0,0,0,0,0.0,0.0,0.0,0.0,0.0,0,0,,0.0,0.0,,,13,0.4,,0,1,13,3,1.0,0,0,0,0.0,0.05,0,0,1,0,0,0,0,,,0
ITA-Serie A,2021,Lazio,Marco Bertini,ITA,MF,17,2002,1,0,5,0.1,0,0,0,0,0,0,0,0,0.0,0.0,0.0,0.0,0.0,0,0,,0.0,0.0,,,5,0.1,,0,1,5,0,0.0,0,0,0,0.0,-0.16,0,0,0,0,0,0,0,,,0
ITA-Serie A,2021,Lazio,Raúl Moro,ESP,MF,17,2002,1,0,11,0.1,0,0,0,0,0,0,0,0,0.0,0.0,0.0,0.0,0.0,0,0,,0.0,0.0,,,11,0.3,,0,1,11,5,0.0,0,0,0,0.0,-0.16,0,0,0,0,0,0,0,,,0
ITA-Serie A,2021,Napoli,Antonio Cioffi,ITA,FW,17,2002,1,0,12,0.1,0,0,0,0,0,0,0,0,0.0,0.0,0.0,0.0,0.0,0,0,,0.0,0.0,,,12,0.4,,0,1,12,19,3.0,1,0,1,7.5,6.34,0,0,0,0,0,1,0,,,0
ITA-Serie A,2021,Parma,Daan Dierckx,BEL,DF,17,2003,7,6,471,5.2,0,0,0,0,0,0,1,0,0.0,0.0,0.0,0.0,0.0,0,0,,0.0,0.0,,,67,13.8,76,3,1,13,12,0.14,5,14,-9,-1.72,-0.65,0,5,0,1,0,11,4,,,0
ITA-Serie A,2021,Sassuolo,Brian Oddei,ITA,FW,17,2002,5,0,45,0.5,0,2,2,0,0,0,0,0,0.0,4.0,4.0,0.0,4.0,2,1,50.0,4.0,2.0,0.0,0.0,9,1.3,,0,5,9,16,0.6,4,3,1,2.0,1.81,0,0,1,0,7,0,1,,,0
ITA-Serie A,2021,Udinese,Jayden Braaf,NED,FW,17,2002,4,1,116,1.3,1,0,1,1,0,0,0,0,0.78,0.0,0.78,0.78,0.78,2,2,100.0,1.55,1.55,0.5,0.5,29,3.4,69,0,3,16,9,1.5,3,4,-1,-0.78,-0.37,0,2,1,0,1,0,0,,,0
ITA-Serie A,2021,Atalanta,Amad Diallo,CIV,"FW,MF",18,2002,1,0,14,0.2,0,0,0,0,0,0,1,0,0.0,0.0,0.0,0.0,0.0,1,0,0.0,6.43,0.0,0.0,,14,0.4,,0,1,14,10,0.0,0,1,-1,-6.43,-7.59,0,1,2,0,0,0,0,,,0
ITA-Serie A,2021,Atalanta,Manu Gyabuaa,ITA,MF,18,2001,1,0,2,0.0,0,0,0,0,0,0,0,0,0.0,0.0,0.0,0.0,0.0,0,0,,0.0,0.0,,,2,0.1,,0,1,2,3,3.0,0,0,0,0.0,-1.13,0,0,0,0,0,0,0,,,0
ITA-Serie A,2021,Atalanta,Matteo Ruggeri,ITA,MF,18,2002,6,3,208,2.3,0,0,0,0,0,0,0,0,0.0,0.0,0.0,0.0,0.0,2,0,0.0,0.87,0.0,0.0,,35,6.1,60,0,3,10,24,1.33,4,5,-1,-0.43,-1.67,0,3,0,0,8,4,0,,,0
ITA-Serie A,2021,Benevento,Siriki Sanogo,CIV,FW,18,2001,1,0,10,0.1,0,0,0,0,0,0,0,0,0.0,0.0,0.0,0.0,0.0,0,0,,0.0,0.0,,,10,0.3,,0,1,10,6,1.0,0,0,0,0.0,0.92,0,0,0,0,0,0,0,,,0
ITA-Serie A,2021,Bologna,Aaron Hickey,SCO,"DF,MF",18,2002,11,10,758,8.4,0,0,0,0,0,0,3,1,0.0,0.0,0.0,0.0,0.0,3,0,0.0,0.36,0.0,0.0,,69,22.2,74,4,1,15,8,1.27,13,16,-3,-0.36,0.02,0,12,15,0,8,16,8,,,0
ITA-Serie A,2021,Bologna,Andri Fannar Baldursson,ISL,MF,18,2002,8,1,217,2.4,0,0,0,0,0,0,2,0,0.0,0.0,0.0,0.0,0.0,2,0,0.0,0.83,0.0,0.0,,27,6.3,64,0,7,22,28,0.5,4,6,-2,-0.83,-0.49,0,9,3,1,0,3,5,,,0
ITA-Serie A,2021,Bologna,Mattia Pagliuca,ITA,FW,18,2002,1,0,13,0.1,0,0,0,0,0,0,0,0,0.0,0.0,0.0,0.0,0.0,0,0,,0.0,0.0,,,13,0.4,,0,1,13,4,0.0,0,0,0,0.0,0.37,0,0,1,0,0,1,0,,,0
ITA-Serie A,2021,Bologna,Musa Juwara,GAM,MF,18,2001,5,0,46,0.5,0,0,0,0,0,0,1,0,0.0,0.0,0.0,0.0,0.0,1,1,100.0,1.96,1.96,0.0,0.0,9,1.3,,0,5,9,10,0.6,1,0,1,1.96,2.36,0,1,2,0,5,0,2,,,0
ITA-Serie A,2021,Bologna,Omar Khailoti,ITA,DF,18,2001,1,0,28,0.3,0,0,0,0,0,0,0,0,0.0,0.0,0.0,0.0,0.0,0,0,,0.0,0.0,,,28,0.8,,0,1,28,11,0.0,1,1,0,0.0,0.37,0,0,0,0,1,1,0,,,0
ITA-Serie A,2021,Bologna,Simone Rabbi,ITA,FW,18,2001,4,0,35,0.4,0,1,1,0,0,0,0,0,0.0,2.57,2.57,0.0,2.57,0,0,,0.0,0.0,,,9,1.0,,0,4,9,9,0.5,1,1,0,0.0,0.37,0,3,2,1,1,0,0,,,0
ITA-Serie A,2021,Crotone,Luis Rojas,CHI,MF,18,2002,7,0,104,1.2,0,0,0,0,0,0,1,0,0.0,0.0,0.0,0.0,0.0,1,0,0.0,0.87,0.0,0.0,,15,3.0,,0,7,15,26,0.57,2,2,0,0.0,1.28,0,2,0,0,0,1,0,,,0
ITA-Serie A,2021,Genoa,Nicolò Rovella,ITA,MF,18,2001,20,12,1187,13.2,0,2,2,0,0,0,4,0,0.0,0.15,0.15,0.0,0.15,11,2,18.2,0.83,0.15,0.0,0.0,59,34.7,81,6,8,26,16,1.0,14,23,-9,-0.68,-0.6,0,20,24,0,28,23,20,,,0
ITA-Serie A,2021,Hellas Verona,Eddie Salcedo,ITA,"MF,FW",18,2001,21,7,755,8.4,2,0,2,2,0,0,3,0,0.24,0.0,0.24,0.24,0.24,22,10,45.5,2.62,1.19,0.09,0.2,36,22.1,65,1,14,21,12,0.86,11,10,1,0.12,0.22,0,14,15,3,18,6,5,,,0
ITA-Serie A,2021,Juventus,Radu Drăgușin,ROU,DF,18,2002,1,0,1,0.0,0,0,0,0,0,0,0,0,0.0,0.0,0.0,0.0,0.0,0,0,,0.0,0.0,,,1,0.0,,0,1,1,22,3.0,0,0,0,0.0,-1.03,0,2,1,0,0,0,0,,,0
ITA-Serie A,2021,Milan,Daniel Maldini,ITA,"FW,MF",18,2001,5,0,29,0.3,0,0,0,0,0,0,0,0,0.0,0.0,0.0,0.0,0.0,1,1,100.0,3.1,3.1,0.0,0.0,6,0.8,,0,5,6,17,2.4,0,1,-1,-3.1,-4.01,0,4,1,0,2,0,0,,,0
ITA-Serie A,2021,Milan,Lorenzo Colombo,ITA,FW,18,2002,4,1,94,1.0,0,0,0,0,0,0,0,0,0.0,0.0,0.0,0.0,0.0,4,1,25.0,3.83,0.96,0.0,0.0,24,2.7,45,0,3,16,13,2.25,1,0,1,0.96,0.09,0,1,0,3,1,0,1,,,0
ITA-Serie A,2021,Parma,Botond Balogh,HUN,DF,18,2002,3,1,165,1.8,0,0,0,0,0,0,1,0,0.0,0.0,0.0,0.0,0.0,0,0,,0.0,0.0,,,55,4.8,90,1,2,38,16,0.33,2,4,-2,-1.09,0.07,0,1,0,0,0,2,5,,,0
ITA-Serie A,2021,Parma,Drissa Camara,CIV,MF,18,2002,1,0,15,0.2,0,0,0,0,0,0,0,0,0.0,0.0,0.0,0.0,0.0,0,0,,0.0,0.0,,,15,0.4,,0,1,15,19,0.0,2,3,-1,-6.0,-4.86,0,0,0,0,1,0,0,,,0
ITA-Serie A,2021,Parma,Márk Kosznovszky,HUN,MF,18,2002,1,1,90,1.0,0,0,0,0,0,0,0,0,0.0,0.0,0.0,0.0,0.0,1,1,100.0,1.0,1.0,0.0,0.0,90,2.6,90,1,0,,0,0.0,0,3,-3,-3.0,-1.89,0,2,0,0,0,1,2,,,0
ITA-Serie A,2021,Roma,Edoardo Bove,ITA,MF,18,2002,1,0,11,0.1,0,0,0,0,0,0,0,0,0.0,0.0,0.0,0.0,0.0,0,0,,0.0,0.0,,,11,0.3,,0,1,11,0,3.0,1,0,1,8.18,7.94,0,0,0,0,0,0,0,,,0
ITA-Serie A,2021,Roma,Nicola Zalewski,POL,MF,18,2002,1,0,11,0.1,0,1,1,0,0,0,0,0,0.0,8.18,8.18,0.0,8.18,0,0,,0.0,0.0,,,11,0.3,,0,1,11,4,3.0,1,0,1,8.18,7.94,0,0,1,0,0,0,1,,,0
ITA-Serie A,2021,Roma,Riccardo Calafiori,ITA,DF,18,2002,3,1,66,0.7,0,0,0,0,0,0,2,0,0.0,0.0,0.0,0.0,0.0,0,0,,0.0,0.0,,,22,1.9,45,0,2,11,15,2.33,0,2,-2,-2.73,-3.05,0,6,2,0,0,0,1,,,0
ITA-Serie A,2021,Sassuolo,Isaac Karamoko,FRA,FW,18,2002,1,0,1,0.0,0,0,0,0,0,0,0,0,0.0,0.0,0.0,0.0,0.0,0,0,,0.0,0.0,,,1,0.0,,0,1,1,4,0.0,0,0,0,0.0,-0.21,0,0,0,0,0,0,0,,,0
ITA-Serie A,2021,Spezia,Lucien Agoume,FRA,MF,18,2002,12,9,800,8.9,0,0,0,0,0,0,2,0,0.0,0.0,0.0,0.0,0.0,3,1,33.3,0.34,0.11,0.0,0.0,67,23.4,84,6,3,13,22,1.08,14,14,0,0.0,0.69,0,16,9,0,1,16,10,,,0
ITA-Serie A,2021,Udinese,Manuel Gasparini,ITA,GK,18,2002,1,0,3,0.0,0,0,0,0,0,0,0,0,0.0,0.0,0.0,0.0,0.0,0,0,,0.0,0.0,,,3,0.1,,0,1,3,34,0.0,0,0,0,0.0,0.42,0,0,0,0,0,0,0,,,0
ITA-Serie A,2021,Udinese,Martin Palumbo,NOR,MF,18,2002,3,1,63,0.7,0,0,0,0,0,0,0,0,0.0,0.0,0.0,0.0,0.0,0,0,,0.0,0.0,,,21,1.8,55,0,2,4,15,0.0,0,2,-2,-2.86,-2.48,0,1,0,0,0,1,1,,,0
ITA-Serie A,2021,Atalanta,Davide Angelo Ghislandi,ITA,MF,19,2001,1,0,5,0.1,0,0,0,0,0,0,0,0,0.0,0.0,0.0,0.0,0.0,0,0,,0.0,0.0,,,5,0.1,,0,1,5,5,3.0,0,0,0,0.0,-1.13,0,0,0,0,0,0,0,,,0
ITA-Serie A,2021,Benevento,Amadou Diambo,GHA,MF,19,2001,1,0,3,0.0,0,0,0,0,0,0,0,0,0.0,0.0,0.0,0.0,0.0,0,0,,0.0,0.0,,,3,0.1,,0,1,3,6,1.0,0,0,0,0.0,0.92,0,0,0,0,0,0,0,,,0
ITA-Serie A,2021,Benevento,Christian Pastina,ITA,DF,19,2001,3,0,121,1.3,0,1,1,0,0,0,1,0,0.0,0.74,0.74,0.0,0.74,0,0,,0.0,0.0,,,40,3.5,,0,3,40,30,0.33,2,5,-3,-2.23,-1.36,0,2,0,0,2,1,0,,,0
ITA-Serie A,2021,Benevento,Giuseppe Di Serio,ITA,FW,19,2001,16,1,292,3.2,0,0,0,0,0,0,1,0,0.0,0.0,0.0,0.0,0.0,4,2,50.0,1.23,0.62,0.0,0.0,18,8.5,87,0,15,14,22,1.19,4,7,-3,-0.92,0.0,0,13,17,2,1,0,2,,,0
ITA-Serie A,2021,Bologna,Edoardo Vergani,ITA,FW,19,2001,1,0,12,0.1,0,0,0,0,0,0,0,0,0.0,0.0,0.0,0.0,0.0,0,0,,0.0,0.0,,,12,0.4,,0,1,12,6,0.0,0,0,0,0.0,0.37,0,0,0,0,0,0,0,,,0
ITA-Serie A,2021,Bologna,Emanuel Vignato,ITA,MF,19,2000,31,11,1203,13.4,1,4,5,1,0,0,4,0,0.07,0.3,0.37,0.07,0.37,23,8,34.8,1.72,0.6,0.04,0.13,39,35.2,77,3,20,18,7,0.97,17,27,-10,-0.75,-0.59,0,13,12,2,61,11,10,,,0
ITA-Serie A,2021,Bologna,Valentin Antov,BUL,DF,19,2000,5,2,232,2.6,0,0,0,0,0,0,1,0,0.0,0.0,0.0,0.0,0.0,1,0,0.0,0.39,0.0,0.0,,46,6.8,82,1,3,23,13,0.6,1,6,-5,-1.94,-1.69,0,2,2,0,0,5,2,,,0
ITA-Serie A,2021,Cagliari,Andrea Carboni,ITA,DF,19,2001,15,12,1085,12.1,0,1,1,0,0,0,2,0,0.0,0.08,0.08,0.0,0.08,5,0,0.0,0.41,0.0,0.0,,72,31.7,84,8,3,24,13,1.27,15,14,1,0.08,0.74,0,11,6,0,22,14,24,,,0
ITA-Serie A,2021,Crotone,Gian Crespi,ITA,GK,19,2001,1,1,90,1.0,0,0,0,0,0,0,0,0,0.0,0.0,0.0,0.0,0.0,0,0,,0.0,0.0,,,90,2.6,90,1,0,,32,1.0,0,0,0,0.0,1.27,0,0,0,0,0,0,0,,,0
ITA-Serie A,2021,Genoa,Steeve-Mike Ebongue,FRA,MF,19,2001,3,0,52,0.6,0,1,1,0,0,0,0,0,0.0,1.73,1.73,0.0,1.73,0,0,,0.0,0.0,,,17,1.5,,0,3,17,1,1.33,2,0,2,3.46,3.81,0,0,0,0,0,0,1,,,0
ITA-Serie A,2021,Genoa,Yayah Kallon,SLE,FW,19,2001,1,0,45,0.5,0,0,0,0,0,0,0,0,0.0,0.0,0.0,0.0,0.0,2,1,50.0,4.0,2.0,0.0,0.0,45,1.3,,0,1,45,0,3.0,0,0,0,0.0,0.29,0,0,0,2,1,0,0,,,0
ITA-Serie A,2021,Hellas Verona,Ivan Ilić,SRB,MF,19,2001,29,19,1835,20.4,2,0,2,2,0,0,2,0,0.1,0.0,0.1,0.1,0.1,12,3,25.0,0.59,0.15,0.17,0.67,63,53.7,80,11,10,32,9,1.0,22,28,-6,-0.29,-0.52,0,24,29,0,41,30,17,,,0
ITA-Serie A,2021,Juventus,Félix Correia,POR,"FW,MF",19,2001,1,0,7,0.1,0,0,0,0,0,0,0,0,0.0,0.0,0.0,0.0,0.0,0,0,,0.0,0.0,,,7,0.2,,0,1,7,7,3.0,1,0,1,12.86,11.86,0,1,0,0,0,0,0,,,0
ITA-Serie A,2021,Juventus,Nicolò Fagioli,ITA,MF,19,2001,1,0,21,0.2,0,0,0,0,0,0,0,0,0.0,0.0,0.0,0.0,0.0,0,0,,0.0,0.0,,,21,0.6,,0,1,21,16,3.0,0,0,0,0.0,-1.03,0,1,2,0,1,0,0,,,0
ITA-Serie A,2021,Lazio,Nicolò Armini,ITA,DF,19,2001,1,0,5,0.1,0,0,0,0,0,0,0,0,0.0,0.0,0.0,0.0,0.0,0,0,,0.0,0.0,,,5,0.1,,0,1,5,22,0.0,0,0,0,0.0,-0.16,0,1,0,0,0,0,0,,,0
ITA-Serie A,2021,Parma,Joshua Zirkzee,NED,FW,19,2001,4,0,113,1.3,0,0,0,0,0,0,0,0,0.0,0.0,0.0,0.0,0.0,1,0,0.0,0.8,0.0,0.0,,28,3.3,,0,4,28,1,0.75,0,2,-2,-1.59,-0.45,0,4,0,0,0,0,2,,,0
ITA-Serie A,2021,Parma,Simon Sohm,SUI,"MF,FW",19,2001,18,8,899,10.0,1,0,1,1,0,0,1,0,0.1,0.0,0.1,0.1,0.1,5,1,20.0,0.5,0.1,0.2,1.0,50,26.3,77,4,10,28,11,0.33,5,28,-23,-2.3,-1.55,0,8,4,2,4,7,14,,,0
ITA-Serie A,2021,Parma,Vasilios Zagaritis,GRE,DF,19,2001,2,0,65,0.7,0,0,0,0,0,0,0,0,0.0,0.0,0.0,0.0,0.0,0,0,,0.0,0.0,,,33,1.9,,0,2,33,6,0.0,0,1,-1,-1.38,-0.23,0,0,1,1,7,0,0,,,0
ITA-Serie A,2021,Roma,Bryan Reynolds,USA,"MF,DF",19,2001,5,3,283,3.1,0,0,0,0,0,0,0,0,0.0,0.0,0.0,0.0,0.0,0,0,,0.0,0.0,,,57,8.3,69,0,2,38,8,1.4,5,2,3,0.95,0.75,0,5,3,0,7,5,1,,,0
ITA-Serie A,2021,Roma,Ebrima Darboe,GAM,MF,19,2001,5,4,323,3.6,0,0,0,0,0,0,2,0,0.0,0.0,0.0,0.0,0.0,3,0,0.0,0.84,0.0,0.0,,65,9.4,79,1,1,8,7,1.4,8,4,4,1.11,0.94,0,3,3,0,0,8,2,,,0
ITA-Serie A,2021,Sampdoria,Kristoffer Askildsen,NOR,MF,19,2001,6,0,95,1.1,0,0,0,0,0,0,2,0,0.0,0.0,0.0,0.0,0.0,1,0,0.0,0.95,0.0,0.0,,16,2.8,,0,6,16,29,2.17,1,2,-1,-0.95,-0.92,0,3,1,0,1,2,0,,,0
ITA-Serie A,2021,Spezia,Roberto Piccoli,ITA,FW,19,2001,20,8,703,7.8,5,0,5,5,0,0,0,0,0.64,0.0,0.64,0.64,0.64,16,12,75.0,2.05,1.54,0.31,0.42,35,20.6,63,1,12,17,12,0.6,10,16,-6,-0.77,-0.3,0,16,13,3,1,2,4,,,0
ITA-Serie A,2021,Torino,Vincenzo Millico,ITA,FW,19,2000,3,0,21,0.2,0,0,0,0,0,0,0,0,0.0,0.0,0.0,0.0,0.0,0,0,,0.0,0.0,,,7,0.6,,0,3,7,0,0.0,0,0,0,0.0,0.5,0,0,0,0,1,0,0,,,0
ITA-Serie A,2021,Torino,Wilfried Singo,CIV,MF,19,2000,28,20,1854,20.6,1,2,3,1,0,0,4,1,0.05,0.1,0.15,0.05,0.15,10,1,10.0,0.49,0.05,0.1,1.0,66,54.2,83,14,8,24,3,0.89,26,39,-13,-0.63,-0.29,1,27,50,2,81,32,15,,,0
ITA-Serie A,2021,Atalanta,Bosko Sutalo,CRO,"DF,MF",20,2000,7,3,233,2.6,0,0,0,0,0,0,0,0,0.0,0.0,0.0,0.0,0.0,0,0,,0.0,0.0,,,33,6.8,65,1,4,9,24,2.29,4,3,1,0.39,-0.8,0,2,4,0,3,5,5,,,0
ITA-Serie A,2021,Bologna,Andreas Skov Olsen,DEN,MF,20,1999,26,12,1179,13.1,2,3,5,2,0,0,1,0,0.15,0.23,0.38,0.15,0.38,30,10,33.3,2.29,0.76,0.07,0.2,45,34.5,72,1,14,23,1,1.08,17,20,-3,-0.23,0.21,0,12,12,2,65,3,13,,,0
ITA-Serie A,2021,Bologna,Federico Ravaglia,ITA,GK,20,1999,4,4,360,4.0,0,0,0,0,0,0,0,0,0.0,0.0,0.0,0.0,0.0,0,0,,0.0,0.0,,,90,10.5,90,4,0,,18,0.25,3,10,-7,-1.75,-1.54,0,1,0,0,0,0,0,,,0
ITA-Serie A,2021,Cagliari,Fabrizio Caligara,ITA,MF,20,2000,10,2,183,2.0,0,0,0,0,0,0,2,0,0.0,0.0,0.0,0.0,0.0,0,0,,0.0,0.0,,,18,5.4,53,0,8,10,9,0.8,2,6,-4,-1.97,-1.63,0,11,2,0,7,3,4,,,0
ITA-Serie A,2021,Cagliari,Gabriele Zappa,ITA,"DF,MF",20,1999,34,27,2395,26.6,0,4,4,0,0,0,3,0,0.0,0.15,0.15,0.0,0.15,11,1,9.1,0.41,0.04,0.0,0.0,70,70.0,83,13,7,23,4,0.94,28,46,-18,-0.68,-0.85,0,25,11,1,68,30,21,,,0
ITA-Serie A,2021,Cagliari,Mattéo Tramoni,FRA,"FW,MF",20,2000,6,0,74,0.8,0,0,0,0,0,0,1,0,0.0,0.0,0.0,0.0,0.0,1,0,0.0,1.22,0.0,0.0,,12,2.2,,0,6,12,19,0.83,1,4,-3,-3.65,-3.3,0,1,1,0,0,1,2,,,0
ITA-Serie A,2021,Cagliari,Sebastian Walukiewicz,POL,DF,20,2000,19,18,1618,18.0,0,1,1,0,0,0,1,0,0.0,0.06,0.06,0.0,0.06,3,1,33.3,0.17,0.06,0.0,0.0,85,47.3,89,17,1,18,14,0.74,23,36,-13,-0.72,-0.57,0,16,5,0,2,35,18,,,0
ITA-Serie A,2021,Crotone,Augustus Kargbo,SLE,"FW,MF",20,1999,1,0,32,0.4,0,0,0,0,0,0,0,0,0.0,0.0,0.0,0.0,0.0,0,0,,0.0,0.0,,,32,0.9,,0,1,32,1,0.0,0,1,-1,-2.81,-1.59,0,0,1,0,1,0,0,,,0
ITA-Serie A,2021,Fiorentina,Cristóbal Montiel,ESP,MF,20,2000,2,0,4,0.0,0,0,0,0,0,0,0,0,0.0,0.0,0.0,0.0,0.0,0,0,,0.0,0.0,,,2,0.1,,0,2,2,25,1.5,0,0,0,0.0,0.32,0,0,1,0,0,0,0,,,0
ITA-Serie A,2021,Fiorentina,Dušan Vlahović,SRB,FW,20,2000,37,34,2923,32.5,21,3,24,15,6,6,1,0,0.65,0.09,0.74,0.46,0.55,86,41,47.7,2.65,1.26,0.17,0.37,79,85.5,84,20,3,25,1,1.05,41,52,-11,-0.34,-0.16,0,53,69,26,21,6,5,,,0
ITA-Serie A,2021,Genoa,Manolo Portanova,ITA,"FW,MF",20,2000,3,0,66,0.7,0,0,0,0,0,0,0,0,0.0,0.0,0.0,0.0,0.0,1,1,100.0,1.36,1.36,0.0,0.0,22,1.9,,0,3,22,10,1.0,2,1,1,1.36,1.69,0,3,6,0,0,1,3,,,0
ITA-Serie A,2021,Hellas Verona,Ebrima Colley,GAM,"MF,FW",20,2000,23,4,734,8.2,1,0,1,1,0,0,1,0,0.12,0.0,0.12,0.12,0.12,17,7,41.2,2.08,0.86,0.06,0.14,32,21.5,68,1,19,24,8,1.17,9,10,-1,-0.12,-0.09,0,13,17,7,12,6,5,,,0
ITA-Serie A,2021,Hellas Verona,Ivor Pandur,CRO,GK,20,2000,4,4,332,3.7,0,0,0,0,0,0,0,0,0.0,0.0,0.0,0.0,0.0,0,0,,0.0,0.0,,,83,9.7,83,3,0,,34,0.75,4,6,-2,-0.54,-0.54,0,0,0,0,0,0,0,,,0
ITA-Serie A,2021,Hellas Verona,Matteo Lovato,ITA,DF,20,2000,24,14,1386,15.4,0,0,0,0,0,0,5,0,0.0,0.0,0.0,0.0,0.0,1,0,0.0,0.06,0.0,0.0,,58,40.5,75,9,10,33,9,1.58,17,17,0,0.0,0.09,0,26,9,0,1,38,14,,,0
ITA-Serie A,2021,Juventus,Dejan Kulusevski,SWE,"MF,FW",20,2000,35,19,1923,21.4,4,3,7,4,0,0,7,0,0.19,0.14,0.33,0.19,0.33,34,7,20.6,1.59,0.33,0.12,0.57,55,56.2,80,6,16,26,2,2.03,48,21,27,1.26,0.54,0,41,29,5,60,11,18,,,0
ITA-Serie A,2021,Juventus,Manolo Portanova,ITA,MF,20,2000,2,1,70,0.8,0,0,0,0,0,0,1,0,0.0,0.0,0.0,0.0,0.0,5,2,40.0,6.43,2.57,0.0,0.0,35,2.0,55,0,1,15,14,2.0,2,1,1,1.29,0.26,0,2,3,0,0,1,2,,,0
ITA-Serie A,2021,Juventus,Matthijs de Ligt,NED,DF,20,1999,27,25,2220,24.7,1,1,2,1,0,0,4,0,0.04,0.04,0.08,0.04,0.08,19,6,31.6,0.77,0.24,0.05,0.17,82,64.9,88,22,2,10,2,2.07,49,27,22,0.89,-0.38,0,40,23,1,5,36,22,,,0
ITA-Serie A,2021,Milan,Brahim Díaz,MAR,MF,20,1999,27,15,1228,13.6,4,3,7,4,0,0,2,0,0.29,0.22,0.51,0.29,0.51,26,8,30.8,1.91,0.59,0.15,0.5,45,35.9,62,0,12,24,7,2.07,27,8,19,1.39,0.82,0,14,29,1,16,2,10,,,0
ITA-Serie A,2021,Milan,Jens Petter Hauge,NOR,MF,20,1999,18,3,532,5.9,2,0,2,2,0,0,0,0,0.34,0.0,0.34,0.34,0.34,7,3,42.9,1.18,0.51,0.29,0.67,30,15.6,72,0,15,21,17,1.94,16,7,9,1.52,0.77,0,12,1,1,4,2,4,,,0
ITA-Serie A,2021,Milan,Matteo Gabbia,ITA,DF,20,1999,8,7,557,6.2,0,0,0,0,0,0,2,0,0.0,0.0,0.0,0.0,0.0,5,0,0.0,0.81,0.0,0.0,,70,16.3,78,6,1,13,16,2.13,12,4,8,1.29,0.51,0,5,5,0,0,6,5,,,0
ITA-Serie A,2021,Milan,Pierre Kalulu,FRA,DF,20,2000,13,7,727,8.1,1,1,2,1,0,0,1,0,0.12,0.12,0.25,0.12,0.25,3,1,33.3,0.37,0.12,0.33,1.0,56,21.3,75,3,6,34,23,1.69,14,12,2,0.25,-0.79,0,9,2,0,17,21,14,,,0
ITA-Serie A,2021,Milan,Sandro Tonali,ITA,MF,20,2000,25,17,1330,14.8,0,0,0,0,0,0,1,1,0.0,0.0,0.0,0.0,0.0,10,3,30.0,0.68,0.2,0.0,0.0,53,38.9,68,4,8,23,10,2.2,28,16,12,0.81,-0.09,0,18,18,0,26,21,19,,,0
ITA-Serie A,2021,Napoli,Elif Elmas,MKD,MF,20,1999,33,3,740,8.2,2,1,3,2,0,0,3,0,0.24,0.12,0.36,0.24,0.36,14,7,50.0,1.7,0.85,0.14,0.29,22,21.6,73,1,30,17,3,1.94,20,10,10,1.22,0.04,0,10,8,1,6,2,3,,,0
ITA-Serie A,2021,Parma,Andrea Adorante,ITA,FW,20,2000,1,0,10,0.1,0,0,0,0,0,0,0,0,0.0,0.0,0.0,0.0,0.0,0,0,,0.0,0.0,,,10,0.3,,0,1,10,5,0.0,0,1,-1,-9.0,-7.87,0,0,0,0,0,0,0,,,0
ITA-Serie A,2021,Parma,Maxime Busi,BEL,"DF,MF",20,1999,24,11,1195,13.3,0,1,1,0,0,0,3,0,0.0,0.08,0.08,0.0,0.08,7,1,14.3,0.53,0.08,0.0,0.0,50,34.9,83,7,13,21,5,0.33,12,36,-24,-1.81,-1.0,0,23,9,1,31,15,13,,,0
ITA-Serie A,2021,Parma,Valentin Mihaila,ROU,FW,20,2000,16,4,698,7.8,3,0,3,3,0,0,2,0,0.39,0.0,0.39,0.39,0.39,20,11,55.0,2.58,1.42,0.15,0.27,44,20.4,82,1,12,31,2,0.44,14,21,-7,-0.9,0.32,0,5,8,5,14,5,1,,,0
ITA-Serie A,2021,Roma,Marash Kumbulla,ALB,DF,20,2000,21,14,1363,15.1,1,0,1,1,0,0,8,0,0.07,0.0,0.07,0.07,0.07,6,3,50.0,0.4,0.2,0.17,0.33,65,39.9,81,8,7,32,8,1.9,32,24,8,0.53,0.44,0,26,14,0,1,27,11,,,0
ITA-Serie A,2021,Sampdoria,Mikkel Damsgaard,DEN,"MF,FW",20,2000,35,18,1773,19.7,2,4,6,2,0,0,3,0,0.1,0.2,0.3,0.1,0.3,25,8,32.0,1.27,0.41,0.08,0.25,51,51.8,75,3,17,24,2,1.37,26,32,-6,-0.3,-0.52,0,26,28,3,63,25,23,,,0
ITA-Serie A,2021,Sassuolo,Giacomo Raspadori,ITA,FW,20,2000,27,13,1232,13.7,6,0,6,6,0,0,1,0,0.44,0.0,0.44,0.44,0.44,24,12,50.0,1.75,0.88,0.25,0.5,46,36.0,74,4,14,19,8,1.56,23,16,7,0.51,0.47,0,9,23,4,42,3,3,,,0
ITA-Serie A,2021,Sassuolo,Hamed Junior Traorè,CIV,MF,20,2000,35,20,1789,19.9,5,2,7,5,0,0,6,0,0.25,0.1,0.35,0.25,0.35,43,14,32.6,2.16,0.7,0.12,0.36,51,52.3,73,5,15,22,2,1.57,28,36,-8,-0.4,-1.29,0,26,19,4,61,20,17,,,0
ITA-Serie A,2021,Benevento,Adolfo Gaich,ARG,FW,21,1999,15,9,768,8.5,2,0,2,2,0,0,1,0,0.23,0.0,0.23,0.23,0.23,24,7,29.2,2.81,0.82,0.08,0.29,51,22.5,68,0,6,25,2,0.53,10,19,-9,-1.05,-0.17,0,24,19,3,1,3,4,,,0
ITA-Serie A,2021,Benevento,Daam Foulon,BEL,"DF,MF",21,1999,23,11,1021,11.3,0,1,1,0,0,0,4,0,0.0,0.09,0.09,0.0,0.09,1,0,0.0,0.09,0.0,0.0,,44,29.9,68,3,12,23,4,1.04,11,18,-7,-0.62,0.43,0,16,23,0,27,13,16,,,1
ITA-Serie A,2021,Bologna,Mattias Svanberg,SWE,MF,21,1999,34,24,1852,20.6,5,2,7,5,0,0,8,1,0.24,0.1,0.34,0.24,0.34,58,19,32.8,2.82,0.92,0.09,0.26,54,54.2,68,2,10,23,1,1.06,35,41,-6,-0.29,0.17,1,45,44,0,9,33,19,,,0
ITA-Serie A,2021,Bologna,Musa Barrow,GAM,"MF,FW",21,1998,38,34,2921,32.5,8,8,16,8,0,1,0,0,0.25,0.25,0.49,0.25,0.49,88,39,44.3,2.71,1.2,0.09,0.21,77,85.4,83,18,4,26,0,1.08,45,55,-10,-0.31,0.41,0,19,32,12,137,12,11,,,0
ITA-Serie A,2021,Bologna,Takehiro Tomiyasu,JPN,DF,21,1998,31,31,2715,30.2,2,0,2,2,0,0,4,0,0.07,0.0,0.07,0.07,0.07,16,4,25.0,0.53,0.13,0.13,0.5,88,79.4,88,27,0,,0,1.1,42,53,-11,-0.36,0.02,0,31,16,3,23,57,31,,,1
ITA-Serie A,2021,Cagliari,Alessandro Tripaldelli,ITA,"DF,MF",21,1999,10,3,300,3.3,0,0,0,0,0,0,1,0,0.0,0.0,0.0,0.0,0.0,0,0,,0.0,0.0,,,30,8.8,65,0,7,15,17,0.4,3,10,-7,-2.1,-1.84,0,9,4,0,9,3,5,,,0
ITA-Serie A,2021,Cagliari,Riccardo Sottil,ITA,MF,21,1999,21,12,1184,13.2,2,1,3,2,0,0,3,0,0.15,0.08,0.23,0.15,0.23,24,9,37.5,1.82,0.68,0.08,0.22,56,34.6,77,0,9,28,1,0.71,21,21,0,0.0,0.64,0,19,34,1,44,5,3,,,0
ITA-Serie A,2021,Crotone,Denis Drăguș,ROU,FW,21,1999,9,1,177,2.0,0,0,0,0,0,0,1,0,0.0,0.0,0.0,0.0,0.0,4,0,0.0,2.03,0.0,0.0,,20,5.2,71,0,8,13,14,0.22,1,5,-4,-2.03,-0.84,0,4,4,2,2,1,2,,,0
ITA-Serie A,2021,Genoa,Filippo Melegoni,ITA,MF,21,1999,14,3,389,4.3,0,0,0,0,0,0,1,0,0.0,0.0,0.0,0.0,0.0,4,1,25.0,0.93,0.23,0.0,0.0,28,11.4,79,1,11,14,20,1.29,3,8,-5,-1.16,-0.98,0,3,5,0,13,4,5,,,0
ITA-Serie A,2021,Genoa,Gianluca Scamacca,ITA,FW,21,1999,26,13,1352,15.0,8,2,10,6,2,2,1,0,0.53,0.13,0.67,0.4,0.53,47,18,38.3,3.13,1.2,0.13,0.33,52,39.5,78,4,13,26,5,0.88,20,23,-3,-0.2,0.15,0,32,17,10,10,8,10,,,1
ITA-Serie A,2021,Genoa,Giuseppe Caso,ITA,"FW,MF",21,1998,2,0,54,0.6,0,0,0,0,0,0,0,0,0.0,0.0,0.0,0.0,0.0,0,0,,0.0,0.0,,,27,1.6,,0,2,27,2,0.0,3,2,1,1.67,1.99,0,2,2,0,2,0,0,,,0
ITA-Serie A,2021,Genoa,Lennart-Marten Czyborra,GER,MF,21,1999,17,15,1173,13.0,1,0,1,1,0,0,2,0,0.08,0.0,0.08,0.08,0.08,5,2,40.0,0.38,0.15,0.2,0.5,69,34.3,74,9,2,30,15,1.47,12,13,-1,-0.08,0.32,0,11,4,0,27,19,11,,,0
ITA-Serie A,2021,Genoa,Luca Pellegrini,ITA,"MF,DF",21,1999,11,7,639,7.1,0,1,1,0,0,0,2,0,0.0,0.14,0.14,0.0,0.14,5,0,0.0,0.7,0.0,0.0,,58,18.7,73,3,4,31,3,0.36,5,15,-10,-1.41,-1.38,0,10,16,0,28,8,6,,,1
ITA-Serie A,2021,Hellas Verona,Andrea Danzi,ITA,MF,21,1999,2,1,104,1.2,0,0,0,0,0,0,1,0,0.0,0.0,0.0,0.0,0.0,1,0,0.0,0.87,0.0,0.0,,52,3.0,90,1,1,14,11,3.0,0,0,0,0.0,0.05,0,1,0,0,0,3,0,,,0
ITA-Serie A,2021,Hellas Verona,Kevin Rüegg,SUI,MF,21,1998,7,1,205,2.3,0,0,0,0,0,0,0,0,0.0,0.0,0.0,0.0,0.0,1,1,100.0,0.44,0.44,0.0,0.0,29,6.0,69,0,6,23,18,0.86,2,3,-1,-0.44,-0.41,0,2,1,1,3,2,0,,,0
ITA-Serie A,2021,Inter,Achraf Hakimi,MAR,MF,21,1998,37,29,2665,29.6,7,8,15,7,0,0,6,0,0.24,0.27,0.51,0.24,0.51,39,16,41.0,1.32,0.54,0.18,0.44,72,77.9,86,19,8,22,0,2.38,72,26,46,1.55,0.6,0,31,37,8,115,25,32,,,0
ITA-Serie A,2021,Inter,Alessandro Bastoni,ITA,DF,21,1999,33,33,2922,32.5,0,3,3,0,0,0,6,0,0.0,0.09,0.09,0.0,0.09,10,1,10.0,0.31,0.03,0.0,0.0,89,85.4,89,29,0,,3,2.45,71,26,45,1.39,-0.24,0,39,28,0,25,44,24,,,0
ITA-Serie A,2021,Inter,Andrea Pinamonti,ITA,FW,21,1999,8,1,169,1.9,1,0,1,1,0,0,0,0,0.53,0.0,0.53,0.53,0.53,4,2,50.0,2.13,1.07,0.25,0.5,21,4.9,64,0,7,15,20,2.75,9,0,9,4.79,3.55,0,2,6,1,1,1,0,,,0
ITA-Serie A,2021,Juventus,Alessandro Di Pardo,ITA,"DF,MF",21,1999,4,0,14,0.2,0,0,0,0,0,0,0,0,0.0,0.0,0.0,0.0,0.0,0,0,,0.0,0.0,,,4,0.4,,0,4,4,13,2.5,1,0,1,6.43,5.42,0,0,1,0,1,0,0,,,0
ITA-Serie A,2021,Juventus,Giacomo Vrioni,ALB,FW,21,1998,1,0,1,0.0,0,0,0,0,0,0,0,0,0.0,0.0,0.0,0.0,0.0,0,0,,0.0,0.0,,,1,0.0,,0,1,1,5,1.0,0,0,0,0.0,-1.03,0,0,0,0,0,0,0,,,0
ITA-Serie A,2021,Juventus,Gianluca Frabotta,ITA,"DF,MF",21,1999,15,8,689,7.7,0,1,1,0,0,0,5,0,0.0,0.13,0.13,0.0,0.13,5,2,40.0,0.65,0.26,0.0,0.0,46,20.1,79,4,7,9,18,1.93,12,8,4,0.52,-0.63,0,12,2,0,32,14,5,,,0
ITA-Serie A,2021,Juventus,Weston McKennie,USA,MF,21,1998,34,18,1702,18.9,5,2,7,5,0,0,5,0,0.26,0.11,0.37,0.26,0.37,29,15,51.7,1.53,0.79,0.17,0.33,50,49.8,74,6,16,23,2,2.18,33,16,17,0.9,-0.25,0,44,7,4,10,28,19,,,0
ITA-Serie A,2021,Milan,Alexis Saelemaekers,BEL,MF,21,1999,32,27,2016,22.4,2,4,6,2,0,0,7,1,0.09,0.18,0.27,0.09,0.27,28,7,25.0,1.25,0.31,0.07,0.29,63,58.9,70,3,5,28,0,2.16,42,25,17,0.76,-0.27,1,30,34,6,49,25,26,,,0
ITA-Serie A,2021,Milan,Diogo Dalot,POR,DF,21,1999,21,10,1090,12.1,1,1,2,1,0,0,5,0,0.08,0.08,0.17,0.08,0.17,10,5,50.0,0.83,0.41,0.1,0.2,52,31.9,89,9,11,18,14,2.1,21,13,8,0.66,-0.31,0,25,4,2,34,27,18,,,0
ITA-Serie A,2021,Milan,Gianluigi Donnarumma,ITA,GK,21,1999,37,37,3330,37.0,0,0,0,0,0,0,1,0,0.0,0.0,0.0,0.0,0.0,0,0,,0.0,0.0,,,90,97.4,90,37,0,,0,2.11,71,38,33,0.89,0.89,0,1,4,0,0,1,0,,,0
ITA-Serie A,2021,Milan,Rafael Leão,POR,"MF,FW",21,1999,30,22,1924,21.4,6,6,12,6,0,0,5,0,0.28,0.28,0.56,0.28,0.56,43,20,46.5,2.01,0.94,0.14,0.3,64,56.3,78,7,8,27,1,1.9,37,24,13,0.61,-0.6,0,28,21,4,31,5,8,,,0
ITA-Serie A,2021,Napoli,Victor Osimhen,NGA,FW,21,1998,24,16,1573,17.5,10,3,13,10,0,0,4,0,0.57,0.17,0.74,0.57,0.74,66,24,36.4,3.78,1.37,0.15,0.42,66,46.0,83,6,8,31,1,2.13,44,19,25,1.43,0.46,0,34,36,20,13,8,15,,,0
ITA-Serie A,2021,Parma,Dennis Man,ROU,"FW,MF",21,1998,14,8,699,7.8,2,1,3,2,0,0,1,0,0.26,0.13,0.39,0.26,0.39,19,6,31.6,2.45,0.77,0.11,0.33,50,20.4,72,4,6,21,0,0.5,12,17,-5,-0.64,0.65,0,6,7,0,8,2,6,,,0
ITA-Serie A,2021,Parma,Lautaro Valenti,ARG,DF,21,1999,11,6,499,5.5,0,0,0,0,0,0,0,0,0.0,0.0,0.0,0.0,0.0,4,0,0.0,0.72,0.0,0.0,,45,14.6,69,3,5,17,10,0.09,3,16,-13,-2.34,-1.39,0,5,8,0,2,8,4,,,0
ITA-Serie A,2021,Roma,Justin Kluivert,NED,"FW,MF",21,1999,2,0,19,0.2,0,0,0,0,0,0,0,0,0.0,0.0,0.0,0.0,0.0,1,0,0.0,4.74,0.0,0.0,,10,0.6,,0,2,10,1,1.5,0,0,0,0.0,-0.26,0,1,0,0,1,0,0,,,0
ITA-Serie A,2021,Roma,Roger Ibanez,BRA,DF,21,1998,30,28,2398,26.6,0,2,2,0,0,0,7,1,0.0,0.08,0.08,0.0,0.08,17,4,23.5,0.64,0.15,0.0,0.0,80,70.1,84,22,2,28,1,1.77,48,39,9,0.34,0.25,1,53,32,0,6,78,37,,,1
ITA-Serie A,2021,Sassuolo,Mert Müldür,TUR,DF,21,1999,28,18,1672,18.6,0,0,0,0,0,0,2,0,0.0,0.0,0.0,0.0,0.0,15,1,6.7,0.81,0.05,0.0,0.0,60,48.9,77,4,10,29,8,1.79,35,29,6,0.32,0.22,0,20,15,0,50,38,19,,,0
ITA-Serie A,2021,Sassuolo,Nicolás Schiappacasse,URU,FW,21,1999,1,0,15,0.2,0,0,0,0,0,0,0,0,0.0,0.0,0.0,0.0,0.0,0,0,,0.0,0.0,,,15,0.4,,0,1,15,7,0.0,0,0,0,0.0,-0.21,0,0,0,0,0,0,0,,,0
ITA-Serie A,2021,Spezia,Kevin Agudelo,COL,FW,21,1998,29,14,1356,15.1,1,2,3,1,0,0,4,0,0.07,0.13,0.2,0.07,0.2,19,4,21.1,1.26,0.27,0.05,0.25,47,39.6,72,4,15,23,8,1.03,26,26,0,0.0,0.87,0,20,32,2,11,9,29,,,0
ITA-Serie A,2021,Spezia,Tommaso Pobega,ITA,MF,21,1999,20,17,1229,13.7,6,0,6,6,0,0,6,0,0.44,0.0,0.44,0.44,0.44,22,10,45.5,1.61,0.73,0.27,0.6,61,35.9,68,1,3,26,12,1.35,21,21,0,0.0,0.82,0,28,18,0,10,8,12,,,0
ITA-Serie A,2021,Torino,Alessandro Buongiorno,ITA,DF,21,1999,12,9,858,9.5,0,0,0,0,0,0,4,0,0.0,0.0,0.0,0.0,0.0,3,0,0.0,0.31,0.0,0.0,,72,25.1,83,7,3,36,24,0.83,10,19,-9,-0.94,-0.59,0,17,11,1,1,10,5,,,0
ITA-Serie A,2021,Udinese,Mamadou Coulibaly,SEN,MF,21,1999,3,2,184,2.0,0,0,0,0,0,0,0,0,0.0,0.0,0.0,0.0,0.0,2,0,0.0,0.98,0.0,0.0,,61,5.4,90,2,1,4,7,0.0,0,3,-3,-1.47,-1.11,0,3,1,1,3,1,7,,,0
ITA-Serie A,2021,Udinese,Petar Mićin,SRB,MF,21,1998,1,0,15,0.2,0,0,0,0,0,0,0,0,0.0,0.0,0.0,0.0,0.0,0,0,,0.0,0.0,,,15,0.4,,0,1,15,26,0.0,0,1,-1,-6.0,-5.6,0,1,0,0,0,0,0,,,0
ITA-Serie A,2021,Atalanta,Cristian Romero,ARG,DF,22,1998,31,29,2545,28.3,2,2,4,2,0,0,10,0,0.07,0.07,0.14,0.07,0.14,14,7,50.0,0.5,0.25,0.14,0.29,82,74.4,85,24,2,41,3,2.19,70,35,35,1.24,0.41,0,71,33,0,0,108,38,,,0
ITA-Serie A,2021,Bologna,Nicolás Domínguez,ARG,MF,22,1998,28,15,1255,13.9,1,0,1,1,0,0,8,0,0.07,0.0,0.07,0.07,0.07,18,6,33.3,1.29,0.43,0.06,0.17,45,36.7,63,1,13,24,3,1.21,11,20,-9,-0.65,-0.44,0,23,15,1,12,25,27,,,0
ITA-Serie A,2021,Crotone,Giovanni Crociata,ITA,MF,22,1997,2,0,26,0.3,0,0,0,0,0,0,0,0,0.0,0.0,0.0,0.0,0.0,0,0,,0.0,0.0,,,13,0.8,,0,2,13,16,0.0,0,1,-1,-3.46,-2.24,0,2,1,0,1,0,0,,,0
ITA-Serie A,2021,Crotone,Giuseppe Cuomo,ITA,DF,22,1998,13,8,801,8.9,0,0,0,0,0,0,4,0,0.0,0.0,0.0,0.0,0.0,2,0,0.0,0.22,0.0,0.0,,62,23.4,85,5,5,25,16,0.92,8,18,-10,-1.12,0.15,0,15,6,0,1,18,20,,,0
ITA-Serie A,2021,Crotone,Niccolò Zanellato,ITA,MF,22,1998,27,18,1637,18.2,1,1,2,1,0,0,3,0,0.05,0.05,0.11,0.05,0.11,5,1,20.0,0.27,0.05,0.2,1.0,61,47.9,80,8,9,22,9,0.78,27,54,-27,-1.48,-0.47,0,30,34,1,9,16,18,,,0
ITA-Serie A,2021,Crotone,Pedro Pereira,POR,MF,22,1998,35,29,2549,28.3,0,4,4,0,0,0,6,0,0.0,0.14,0.14,0.0,0.14,14,6,42.9,0.49,0.21,0.0,0.0,73,74.5,80,15,6,39,1,0.66,34,62,-28,-0.99,0.97,0,33,18,5,71,20,37,,,0
ITA-Serie A,2021,Fiorentina,Bartłomiej Drągowski,POL,GK,22,1997,36,36,3148,35.0,0,1,1,0,0,0,0,1,0.0,0.03,0.03,0.0,0.03,0,0,,0.0,0.0,,,87,92.0,87,34,0,,0,1.05,46,56,-10,-0.29,0.38,0,1,5,0,0,1,2,,,0
ITA-Serie A,2021,Fiorentina,Christian Kouamé,CIV,"FW,MF",22,1997,33,9,995,11.1,1,1,2,1,0,0,4,0,0.09,0.09,0.18,0.09,0.18,17,6,35.3,1.54,0.54,0.06,0.17,30,29.1,68,2,24,16,2,1.12,11,17,-6,-0.54,-0.32,0,25,33,5,7,4,5,,,0
ITA-Serie A,2021,Fiorentina,Federico Chiesa,ITA,MF,22,1997,3,3,240,2.7,1,1,2,1,0,0,0,0,0.37,0.37,0.75,0.37,0.75,10,1,10.0,3.75,0.37,0.1,1.0,80,7.0,80,1,0,,0,1.0,5,4,1,0.37,0.74,0,2,3,2,11,1,2,,,0
ITA-Serie A,2021,Fiorentina,Igor,BRA,"DF,MF",22,1998,21,13,1168,13.0,0,0,0,0,0,0,5,0,0.0,0.0,0.0,0.0,0.0,1,1,100.0,0.08,0.08,0.0,0.0,56,34.2,80,9,8,15,11,1.19,10,19,-9,-0.69,-0.57,0,21,6,1,4,24,10,,,0
ITA-Serie A,2021,Fiorentina,Nikola Milenković,SRB,DF,22,1997,34,34,3034,33.7,3,1,4,3,0,0,7,1,0.09,0.03,0.12,0.09,0.12,22,10,45.5,0.65,0.3,0.14,0.3,89,88.7,89,32,0,,1,1.06,44,52,-8,-0.24,0.7,0,56,16,0,6,47,25,,,0
ITA-Serie A,2021,Fiorentina,Patrick Cutrone,ITA,FW,22,1998,11,0,196,2.2,0,0,0,0,0,0,0,0,0.0,0.0,0.0,0.0,0.0,3,1,33.3,1.38,0.46,0.0,0.0,18,5.7,,0,11,18,2,0.91,2,6,-4,-1.84,-1.61,0,8,3,0,4,1,4,,,0
ITA-Serie A,2021,Fiorentina,Pol Lirola,ESP,MF,22,1997,12,4,498,5.5,0,1,1,0,0,0,3,0,0.0,0.18,0.18,0.0,0.18,2,0,0.0,0.36,0.0,0.0,,42,14.6,79,2,8,23,4,0.83,6,10,-4,-0.72,-0.48,0,4,3,1,23,7,9,,,0
ITA-Serie A,2021,Genoa,Jérôme Onguéné,CMR,DF,22,1997,4,1,181,2.0,0,0,0,0,0,0,0,0,0.0,0.0,0.0,0.0,0.0,0,0,,0.0,0.0,,,45,5.3,90,1,3,30,11,1.0,3,6,-3,-1.49,-1.27,0,3,1,0,1,2,1,,,0
ITA-Serie A,2021,Hellas Verona,Federico Dimarco,ITA,"DF,MF",22,1997,35,29,2613,29.0,5,3,8,5,0,0,6,0,0.17,0.1,0.28,0.17,0.28,38,14,36.8,1.31,0.48,0.13,0.36,75,76.4,83,21,6,33,2,1.14,33,36,-3,-0.1,-0.21,0,32,50,6,259,50,19,,,0
ITA-Serie A,2021,Hellas Verona,Ronaldo Vieira,GNB,MF,22,1998,4,2,226,2.5,0,0,0,0,0,0,1,0,0.0,0.0,0.0,0.0,0.0,2,0,0.0,0.8,0.0,0.0,,57,6.6,90,2,2,23,4,1.0,2,2,0,0.0,0.06,0,6,4,0,0,0,3,,,0
ITA-Serie A,2021,Hellas Verona,Ľubomír Tupta,SVK,MF,22,1998,2,1,50,0.6,0,0,0,0,0,0,0,0,0.0,0.0,0.0,0.0,0.0,2,1,50.0,3.6,1.8,0.0,0.0,25,1.5,45,0,1,5,0,1.5,0,0,0,0.0,0.05,0,0,1,0,0,0,0,,,0
ITA-Serie A,2021,Inter,Lautaro Martínez,ARG,FW,22,1997,38,30,2561,28.5,17,6,23,15,2,2,5,0,0.6,0.21,0.81,0.53,0.74,109,40,36.7,3.83,1.41,0.14,0.38,67,74.9,79,8,8,25,0,2.39,66,24,42,1.48,0.22,0,65,61,11,13,30,13,,,0
ITA-Serie A,2021,Juventus,Federico Chiesa,ITA,MF,22,1997,30,28,2210,24.6,8,8,16,8,0,0,3,1,0.33,0.33,0.65,0.33,0.65,60,25,41.7,2.44,1.02,0.13,0.32,74,64.6,78,7,2,7,1,2.07,50,25,25,1.02,-0.02,0,30,36,11,72,13,25,,,0
ITA-Serie A,2021,Juventus,Merih Demiral,TUR,DF,22,1998,15,10,940,10.4,0,1,1,0,0,0,1,0,0.0,0.1,0.1,0.0,0.1,6,2,33.3,0.57,0.19,0.0,0.0,63,27.5,90,10,5,8,11,2.47,24,8,16,1.53,0.7,0,11,1,2,0,21,10,,,0
ITA-Serie A,2021,Milan,Fikayo Tomori,ENG,DF,22,1997,17,16,1466,16.3,1,0,1,1,0,0,0,0,0.06,0.0,0.06,0.06,0.06,5,4,80.0,0.31,0.25,0.2,0.25,86,42.9,90,16,1,26,3,2.06,34,14,20,1.23,0.63,0,14,1,0,1,19,19,,,0
ITA-Serie A,2021,Milan,Ismaël Bennacer,ALG,MF,22,1997,21,17,1326,14.7,0,2,2,0,0,0,4,0,0.0,0.14,0.14,0.0,0.14,12,1,8.3,0.81,0.07,0.0,0.0,63,38.8,71,4,4,31,0,2.24,28,17,11,0.75,-0.2,0,20,30,0,10,20,17,,,0
ITA-Serie A,2021,Milan,Theo Hernández,FRA,DF,22,1997,33,33,2933,32.6,7,5,12,7,0,0,9,0,0.21,0.15,0.37,0.21,0.37,47,13,27.7,1.44,0.4,0.15,0.54,89,85.8,89,31,0,,1,2.09,63,37,26,0.8,-0.5,0,39,81,6,75,34,31,,,0
ITA-Serie A,2021,Parma,Giuseppe Pezzella,ITA,DF,22,1997,24,21,1828,20.3,1,4,5,1,0,0,7,0,0.05,0.2,0.25,0.05,0.25,8,2,25.0,0.39,0.1,0.13,0.5,76,53.5,82,11,3,35,3,0.58,27,37,-10,-0.49,1.43,0,24,25,0,93,13,20,,,0
ITA-Serie A,2021,Parma,Yann Karamoh,FRA,"FW,MF",22,1998,24,16,1294,14.4,2,1,3,2,0,0,3,0,0.14,0.07,0.21,0.14,0.21,22,10,45.5,1.53,0.7,0.09,0.2,54,37.8,67,3,8,28,2,0.71,18,23,-5,-0.35,1.3,0,14,13,8,21,4,17,,,0
ITA-Serie A,2021,Roma,Carles Pérez,ESP,"MF,FW",22,1998,21,6,773,8.6,2,1,3,2,0,0,0,0,0.23,0.12,0.35,0.23,0.35,23,8,34.8,2.68,0.93,0.09,0.25,37,22.6,87,4,15,17,11,1.67,13,16,-3,-0.35,-0.79,0,12,7,0,26,6,4,,,0
ITA-Serie A,2021,Roma,Gonzalo Villar,ESP,MF,22,1998,33,21,1859,20.7,0,1,1,0,0,0,7,0,0.0,0.05,0.05,0.0,0.05,10,1,10.0,0.48,0.05,0.0,0.0,56,54.4,79,8,12,17,3,1.55,37,29,8,0.39,0.27,0,51,49,0,7,23,20,,,0
ITA-Serie A,2021,Sampdoria,Mehdi Léris,ALG,"DF,MF",22,1998,20,3,386,4.3,0,0,0,0,0,0,1,0,0.0,0.0,0.0,0.0,0.0,2,1,50.0,0.47,0.23,0.0,0.0,19,11.3,67,1,17,11,18,1.45,6,4,2,0.47,0.58,0,13,3,0,17,11,7,,,0
ITA-Serie A,2021,Sassuolo,Manuel Locatelli,ITA,MF,22,1998,34,32,2883,32.0,4,2,6,2,2,2,9,0,0.12,0.06,0.19,0.06,0.12,42,10,23.8,1.31,0.31,0.05,0.2,85,84.3,89,28,2,23,0,1.76,53,47,6,0.19,-0.15,0,53,48,1,44,56,43,,,0
ITA-Serie A,2021,Sassuolo,Maxime Lopez,FRA,MF,22,1997,29,22,1864,20.7,2,0,2,2,0,0,7,0,0.1,0.0,0.1,0.1,0.1,11,4,36.4,0.53,0.19,0.18,0.5,64,54.5,77,8,7,24,5,1.62,33,27,6,0.29,0.17,0,24,22,0,39,17,14,,,0
ITA-Serie A,2021,Sassuolo,Rogério,BRA,DF,22,1998,28,21,1877,20.9,0,1,1,0,0,0,4,0,0.0,0.05,0.05,0.0,0.05,16,3,18.8,0.77,0.14,0.0,0.0,67,54.9,83,16,7,19,6,1.54,30,29,1,0.05,-0.36,0,28,25,1,76,30,14,,,0
ITA-Serie A,2021,Spezia,Giulio Maggiore,ITA,MF,22,1998,33,26,2214,24.6,3,1,4,3,0,0,3,0,0.12,0.04,0.16,0.12,0.16,40,15,37.5,1.63,0.61,0.08,0.2,67,64.7,78,8,7,26,0,1.03,32,42,-10,-0.41,0.34,0,58,41,4,20,21,37,,,0
ITA-Serie A,2021,Spezia,Julian Chabot,GER,DF,22,1998,25,19,1655,18.4,1,1,2,1,0,0,11,1,0.05,0.05,0.11,0.05,0.11,9,3,33.3,0.49,0.16,0.11,0.33,66,48.4,83,14,6,15,8,0.76,22,35,-13,-0.71,-0.35,1,32,32,0,3,38,35,,,0
ITA-Serie A,2021,Spezia,Martin Erlic,CRO,DF,22,1998,27,19,1798,20.0,3,1,4,3,0,0,6,0,0.15,0.05,0.2,0.15,0.2,9,3,33.3,0.45,0.15,0.33,1.0,67,52.6,89,17,8,14,6,1.19,27,37,-10,-0.5,0.05,0,37,13,0,2,39,16,,,0
ITA-Serie A,2021,Spezia,Riccardo Marchizza,ITA,DF,22,1998,24,17,1561,17.3,0,2,2,0,0,0,4,0,0.0,0.12,0.12,0.0,0.12,7,0,0.0,0.4,0.0,0.0,,65,45.6,81,10,7,27,7,1.0,24,30,-6,-0.35,0.33,0,17,14,4,72,11,11,,,0
ITA-Serie A,2021,Spezia,Salvador Ferrer,ESP,DF,22,1998,18,14,1190,13.2,0,1,1,0,0,0,4,0,0.0,0.08,0.08,0.0,0.08,3,1,33.3,0.23,0.08,0.0,0.0,66,34.8,79,10,4,22,11,1.39,24,19,5,0.38,1.39,0,15,8,0,56,22,9,,,0
ITA-Serie A,2021,Udinese,Jean-Victor Makengo,FRA,MF,22,1998,17,5,522,5.8,0,0,0,0,0,0,1,0,0.0,0.0,0.0,0.0,0.0,4,0,0.0,0.69,0.0,0.0,,31,15.3,62,0,12,18,15,1.41,8,11,-3,-0.52,-0.11,0,13,4,0,5,5,5,,,0
ITA-Serie A,2021,Udinese,Nahuel Molina,ARG,MF,22,1998,29,18,1828,20.3,2,5,7,2,0,0,1,0,0.1,0.25,0.34,0.1,0.34,16,6,37.5,0.79,0.3,0.13,0.33,63,53.5,89,15,11,20,4,1.0,27,34,-7,-0.34,0.16,0,17,11,4,86,19,17,,,0
,2021,Dortmund,Youssoufa Moukoko,GER,FW,15,2004,14,2,422,4.7,3,0,3,3,0,0,0,0,0.64,0.0,0.64,0.64,0.64,20,8,40.0,4.27,1.71,0.15,0.38,30,13.8,85,1,12,21,4,1.14,10,5,5,1.07,0.25,0,9,8,4,0,0,2,,,0
,2021,Stuttgart,Mohamed Sankoh,NED,FW,16,2003,1,0,17,0.2,0,0,0,0,0,0,0,0,0.0,0.0,0.0,0.0,0.0,0,0,,0.0,0.0,,,17,0.6,,0,1,17,2,0.0,0,0,0,0.0,-0.03,0,0,0,0,0,0,0,,,0
,2021,Bayern Munich,Jamal Musiala,GER,MF,17,2003,26,7,881,9.8,6,1,7,6,0,0,0,0,0.61,0.1,0.72,0.61,0.72,25,11,44.0,2.55,1.12,0.24,0.55,34,28.8,67,0,19,22,8,2.35,26,14,12,1.23,-0.55,0,12,21,2,5,15,13,,,0
,2021,Dortmund,Gio Reyna,USA,MF,17,2002,32,23,1976,22.0,4,5,9,4,0,0,1,0,0.18,0.23,0.41,0.18,0.41,38,14,36.8,1.73,0.64,0.11,0.29,62,64.6,80,9,9,16,0,1.97,44,31,13,0.59,-0.74,0,28,48,4,57,11,15,,,0
,2021,Dortmund,Jude Bellingham,ENG,MF,17,2003,29,19,1697,18.9,1,3,4,1,0,0,6,1,0.05,0.16,0.21,0.05,0.21,33,9,27.3,1.75,0.48,0.03,0.11,59,55.5,76,5,10,26,2,1.79,41,29,12,0.64,-0.49,1,40,52,1,18,28,32,,,0
,2021,Hertha BSC,Luca Netz,GER,DF,17,2003,11,2,309,3.4,1,0,1,1,0,0,0,0,0.29,0.0,0.29,0.29,0.29,2,1,50.0,0.58,0.29,0.5,1.0,28,10.1,68,1,9,19,3,1.0,4,9,-5,-1.46,-1.26,0,2,2,0,8,5,8,,,0
,2021,Hertha BSC,Marten Winkler,GER,MF,17,2002,1,0,1,0.0,0,0,0,0,0,0,0,0,0.0,0.0,0.0,0.0,0.0,0,0,,0.0,0.0,,,1,0.0,,0,1,1,0,1.0,0,0,0,0.0,0.32,0,0,0,0,0,0,0,,,0
,2021,Hoffenheim,Maximilian Beier,GER,"FW,MF",17,2002,3,0,10,0.1,0,0,0,0,0,0,0,0,0.0,0.0,0.0,0.0,0.0,0,0,,0.0,0.0,,,3,0.3,,0,3,3,8,1.33,0,1,-1,-9.0,-8.97,0,1,1,0,0,0,0,,,0
,2021,Leverkusen,Emrehan Gedikli,GER,FW,17,2003,1,0,25,0.3,0,0,0,0,0,0,0,0,0.0,0.0,0.0,0.0,0.0,0,0,,0.0,0.0,,,25,0.8,,0,1,25,11,0.0,1,1,0,0.0,-0.42,0,1,0,0,0,0,0,,,0
,2021,Leverkusen,Florian Wirtz,GER,MF,17,2003,29,25,2224,24.7,5,6,11,5,0,0,1,0,0.2,0.24,0.45,0.2,0.45,31,15,48.4,1.25,0.61,0.16,0.33,77,72.7,84,16,4,33,0,1.45,41,30,11,0.45,0.12,0,25,14,7,19,12,21,,,0
,2021,Mainz 05,Paul Nebel,GER,"FW,MF",17,2002,4,0,51,0.6,0,0,0,0,0,0,0,0,0.0,0.0,0.0,0.0,0.0,0,0,,0.0,0.0,,,13,1.7,,0,4,13,3,0.0,0,2,-2,-3.53,-3.08,0,2,1,0,0,2,1,,,0
,2021,Schalke 04,Kerim Calhanoglu,GER,MF,17,2002,4,4,296,3.3,0,0,0,0,0,0,0,0,0.0,0.0,0.0,0.0,0.0,1,1,100.0,0.3,0.3,0.0,0.0,74,9.7,74,2,0,,5,0.25,0,8,-8,-2.43,-0.71,0,1,1,0,5,6,3,,,0
,2021,Schalke 04,Vasileios Pavlidis,GRE,DF,17,2002,1,0,2,0.0,0,0,0,0,0,0,0,0,0.0,0.0,0.0,0.0,0.0,0,0,,0.0,0.0,,,2,0.1,,0,1,2,4,0.0,0,0,0,0.0,1.8,0,0,0,0,0,0,0,,,0
,2021,Stuttgart,Alkhaly Momo Cissé,GUI,FW,17,2002,5,0,38,0.4,0,0,0,0,0,0,1,0,0.0,0.0,0.0,0.0,0.0,0,0,,0.0,0.0,,,8,1.2,,0,5,8,5,0.4,2,0,2,4.74,4.77,0,2,0,0,1,0,1,,,0
,2021,Stuttgart,Lilian Egloff,GER,MF,17,2002,2,0,16,0.2,0,0,0,0,0,0,0,0,0.0,0.0,0.0,0.0,0.0,0,0,,0.0,0.0,,,8,0.5,,0,2,8,3,3.0,1,0,1,5.63,5.63,0,0,0,0,0,0,0,,,0
,2021,Augsburg,Tim Civeja,ALB,MF,18,2002,3,0,34,0.4,0,0,0,0,0,0,0,0,0.0,0.0,0.0,0.0,0.0,0,0,,0.0,0.0,,,11,1.1,,0,3,11,8,0.0,0,0,0,0.0,0.54,0,0,0,0,0,3,0,,,0
,2021,Bayern Munich,Christopher Scott,GER,MF,18,2002,2,0,34,0.4,0,0,0,0,0,0,0,0,0.0,0.0,0.0,0.0,0.0,1,0,0.0,2.65,0.0,0.0,,17,1.1,,0,2,17,2,2.0,1,1,0,0.0,-1.64,0,0,0,0,0,0,1,,,0
,2021,Bayern Munich,Tanguy Nianzou,FRA,DF,18,2002,6,0,118,1.3,0,0,0,0,0,0,1,1,0.0,0.0,0.0,0.0,0.0,0,0,,0.0,0.0,,,20,3.9,,0,6,20,3,2.17,2,1,1,0.76,-0.89,0,4,4,0,0,3,1,,,0
,2021,Dortmund,Ansgar Knauff,GER,MF,18,2002,4,0,71,0.8,1,1,2,1,0,0,0,0,1.27,1.27,2.54,1.27,2.54,2,1,50.0,2.54,1.27,0.5,1.0,18,2.3,,0,4,18,3,1.75,3,2,1,1.27,0.42,0,3,2,0,3,0,0,,,0
,2021,Dortmund,Reinier,BRA,MF,18,2002,14,1,257,2.9,1,1,2,1,0,0,0,0,0.35,0.35,0.7,0.35,0.7,3,1,33.3,1.05,0.35,0.33,1.0,18,8.4,78,0,13,14,13,1.79,6,7,-1,-0.35,-1.31,0,3,4,1,2,2,4,,,0
,2021,Eintracht Frankfurt,Elias Bördner,GER,GK,18,2002,1,1,90,1.0,0,0,0,0,0,0,0,0,0.0,0.0,0.0,0.0,0.0,0,0,,0.0,0.0,,,90,2.9,90,1,0,,7,3.0,3,1,2,2.0,1.58,0,0,0,0,0,2,0,,,0
,2021,Gladbach,Rocco Reitz,GER,MF,18,2002,2,1,60,0.7,0,0,0,0,0,0,1,0,0.0,0.0,0.0,0.0,0.0,0,0,,0.0,0.0,,,30,2.0,59,0,1,1,10,3.0,2,2,0,0.0,-0.24,0,2,1,0,0,2,2,,,0
,2021,Hertha BSC,Jonas Dirkner,GER,MF,18,2002,1,0,16,0.2,0,0,0,0,0,0,0,0,0.0,0.0,0.0,0.0,0.0,0,0,,0.0,0.0,,,16,0.5,,0,1,16,0,0.0,0,1,-1,-5.63,-5.33,0,0,0,0,0,1,0,,,0
,2021,Hertha BSC,Márton Dárdai,HUN,"DF,MF",18,2002,12,9,821,9.1,0,1,1,0,0,0,0,0,0.0,0.11,0.11,0.0,0.11,2,0,0.0,0.22,0.0,0.0,,68,26.8,86,7,3,15,11,1.17,8,12,-4,-0.44,-0.16,0,10,4,0,25,19,12,,,0
,2021,Hoffenheim,Georginio Rutter,FRA,FW,18,2002,9,2,241,2.7,1,0,1,1,0,0,0,0,0.37,0.0,0.37,0.37,0.37,6,3,50.0,2.24,1.12,0.17,0.33,27,7.9,68,1,7,15,3,1.11,3,3,0,0.0,0.06,0,3,8,2,3,0,4,,,0
,2021,Hoffenheim,Marco John,GER,MF,18,2002,14,12,997,11.1,0,0,0,0,0,0,1,0,0.0,0.0,0.0,0.0,0.0,5,0,0.0,0.45,0.0,0.0,,71,32.6,79,8,2,26,8,1.36,19,19,0,0.0,0.09,0,5,14,1,29,15,13,,,0
,2021,Hoffenheim,Melayro Bogarde,SUR,DF,18,2002,9,2,277,3.1,0,1,1,0,0,0,1,0,0.0,0.32,0.32,0.0,0.32,4,2,50.0,1.3,0.65,0.0,0.0,31,9.1,88,1,7,14,22,1.67,3,9,-6,-1.95,-2.08,0,5,10,0,2,6,4,,,0
,2021,Köln,Jan Thielmann,GER,"FW,MF",18,2002,24,9,1029,11.4,2,3,5,2,0,0,0,0,0.17,0.26,0.44,0.17,0.44,12,4,33.3,1.05,0.35,0.17,0.5,43,33.6,70,2,15,27,4,1.0,11,21,-10,-0.87,-0.17,0,13,8,2,43,8,6,,,0
,2021,RB Leipzig,Dennis Borkowski,GER,"FW,MF",18,2002,2,0,11,0.1,0,0,0,0,0,0,0,0,0.0,0.0,0.0,0.0,0.0,0,0,,0.0,0.0,,,6,0.4,,0,2,6,6,2.0,0,0,0,0.0,-0.83,0,1,0,0,0,0,0,,,0
,2021,RB Leipzig,Joscha Wosz,GER,MF,18,2002,2,0,34,0.4,0,0,0,0,0,0,0,0,0.0,0.0,0.0,0.0,0.0,0,0,,0.0,0.0,,,17,1.1,,0,2,17,9,3.0,0,0,0,0.0,-0.83,0,1,0,0,0,1,2,,,0
,2021,RB Leipzig,Lazar Samardzic,SRB,MF,18,2002,7,2,200,2.2,0,1,1,0,0,0,0,0,0.0,0.45,0.45,0.0,0.45,1,0,0.0,0.45,0.0,0.0,,29,6.5,69,0,5,13,18,1.71,3,1,2,0.9,0.08,0,6,3,0,1,2,7,,,0
,2021,Schalke 04,Jimmy Kaparos,DOM,MF,18,2001,1,0,18,0.2,0,0,0,0,0,0,0,0,0.0,0.0,0.0,0.0,0.0,0,0,,0.0,0.0,,,18,0.6,,0,1,18,1,0.0,0,0,0,0.0,1.8,0,0,0,0,0,0,0,,,0
,2021,Schalke 04,Malick Thiaw,GER,DF,18,2001,19,15,1452,16.1,1,0,1,1,0,0,5,1,0.06,0.0,0.06,0.06,0.06,8,4,50.0,0.5,0.25,0.13,0.25,76,47.5,89,14,4,31,9,0.53,5,40,-35,-2.17,-0.71,1,26,8,2,3,35,28,,,1
,2021,Schalke 04,Mehmet Aydin,GER,MF,18,2002,6,6,500,5.6,0,0,0,0,0,0,0,0,0.0,0.0,0.0,0.0,0.0,1,0,0.0,0.18,0.0,0.0,,83,16.3,83,4,0,,2,1.0,5,10,-5,-0.9,1.07,0,9,6,1,10,4,7,,,0
,2021,Schalke 04,Mikail Maden,NOR,MF,18,2002,1,0,6,0.1,0,0,0,0,0,0,0,0,0.0,0.0,0.0,0.0,0.0,0,0,,0.0,0.0,,,6,0.2,,0,1,6,0,0.0,0,0,0,0.0,1.8,0,0,0,0,0,0,0,,,0
,2021,Stuttgart,Naouirou Ahamada,FRA,MF,18,2002,6,3,252,2.8,0,0,0,0,0,0,2,1,0.0,0.0,0.0,0.0,0.0,5,1,20.0,1.79,0.36,0.0,0.0,42,8.2,43,0,3,41,6,0.5,3,12,-9,-3.21,-3.53,0,6,9,0,0,2,1,,,0
,2021,Werder Bremen,Eren Dinkçi,GER,MF,18,2001,8,1,108,1.2,1,0,1,1,0,0,0,1,0.83,0.0,0.83,0.83,0.83,3,2,66.7,2.5,1.67,0.33,0.5,14,3.5,45,0,7,9,7,0.5,2,5,-3,-2.5,-1.95,0,1,0,1,0,2,1,,,0
,2021,Werder Bremen,Nick Woltemade,GER,MF,18,2002,6,1,147,1.6,0,1,1,0,0,0,1,0,0.0,0.61,0.61,0.0,0.61,5,3,60.0,3.06,1.84,0.0,0.0,25,4.8,45,0,5,20,7,0.17,3,5,-2,-1.22,-0.64,0,2,2,0,1,0,2,,,0
,2021,Wolfsburg,Bartosz Białek,POL,FW,18,2001,19,1,270,3.0,2,0,2,2,0,0,1,0,0.67,0.0,0.67,0.67,0.67,9,5,55.6,3.0,1.67,0.22,0.4,14,8.8,72,0,18,11,12,1.95,9,3,6,2.0,1.42,0,8,3,1,0,3,5,,,0
,2021,Arminia,Sebastian Müller,GER,"FW,MF",19,2001,2,0,4,0.0,0,0,0,0,0,0,0,0,0.0,0.0,0.0,0.0,0.0,0,0,,0.0,0.0,,,2,0.1,,0,2,2,1,0.0,0,1,-1,-22.5,-21.76,0,0,0,0,0,0,0,,,0
,2021,Augsburg,Lukas Petkov,BUL,"FW,MF",19,2000,1,0,4,0.0,0,0,0,0,0,0,0,0,0.0,0.0,0.0,0.0,0.0,0,0,,0.0,0.0,,,4,0.1,,0,1,4,2,0.0,0,1,-1,-22.5,-22.0,0,0,0,0,0,0,0,,,0
,2021,Bayern Munich,Alphonso Davies,CAN,DF,19,2000,23,22,1763,19.6,1,2,3,1,0,0,2,1,0.05,0.1,0.15,0.05,0.15,4,3,75.0,0.2,0.15,0.25,0.33,77,57.6,80,16,1,1,4,2.22,55,32,23,1.17,-1.05,0,14,37,3,36,30,28,,,0
,2021,Bayern Munich,Joshua Zirkzee,NED,FW,19,2001,3,1,92,1.0,0,0,0,0,0,0,0,0,0.0,0.0,0.0,0.0,0.0,4,1,25.0,3.91,0.98,0.0,0.0,31,3.0,56,0,2,18,2,2.0,1,3,-2,-1.96,-3.68,0,2,1,1,0,0,1,,,0
,2021,Bayern Munich,Tiago Dantas,POR,MF,19,2000,2,1,69,0.8,0,0,0,0,0,0,0,0,0.0,0.0,0.0,0.0,0.0,0,0,,0.0,0.0,,,35,2.3,65,0,1,4,10,2.0,0,0,0,0.0,-1.65,0,0,1,0,3,0,1,,,0
,2021,Hertha BSC,Daishawn Redan,NED,FW,19,2001,7,0,102,1.1,0,0,0,0,0,0,0,0,0.0,0.0,0.0,0.0,0.0,3,2,66.7,2.65,1.76,0.0,0.0,15,3.3,,0,7,15,6,0.29,0,4,-4,-3.53,-3.32,0,2,2,0,3,1,0,,,0
,2021,Hertha BSC,Jonas Michelbrink,GER,MF,19,2001,2,0,39,0.4,0,0,0,0,0,0,1,0,0.0,0.0,0.0,0.0,0.0,0,0,,0.0,0.0,,,20,1.3,,0,2,20,1,2.0,0,0,0,0.0,0.33,0,0,3,0,0,0,0,,,0
,2021,Köln,Noah Katterbach,GER,"DF,MF",19,2001,21,12,1111,12.3,0,0,0,0,0,0,1,0,0.0,0.0,0.0,0.0,0.0,9,2,22.2,0.73,0.16,0.0,0.0,53,36.3,80,5,9,17,11,0.95,13,17,-4,-0.32,0.69,0,9,17,1,32,23,11,,,0
,2021,Köln,Sava Cestic,SRB,DF,19,2001,11,11,899,10.0,0,0,0,0,0,0,3,0,0.0,0.0,0.0,0.0,0.0,1,0,0.0,0.1,0.0,0.0,,82,29.4,82,9,0,,6,1.27,10,19,-9,-0.9,-0.19,0,15,4,0,0,19,10,,,0
,2021,Köln,Tolu Arokodare,NGA,FW,19,2000,10,0,112,1.2,0,0,0,0,0,0,0,0,0.0,0.0,0.0,0.0,0.0,3,1,33.3,2.41,0.8,0.0,0.0,11,3.7,,0,10,11,7,0.6,3,4,-1,-0.8,-0.04,0,1,1,2,1,1,1,,,0
,2021,Leverkusen,Jeremie Frimpong,NED,"DF,MF",19,2000,10,4,436,4.8,0,0,0,0,0,0,1,0,0.0,0.0,0.0,0.0,0.0,3,0,0.0,0.62,0.0,0.0,,44,14.2,74,2,6,23,4,1.4,7,8,-1,-0.21,-0.72,0,8,12,0,21,2,4,,,0
,2021,Mainz 05,Merveille Papela,GER,MF,19,2001,1,0,2,0.0,0,0,0,0,0,0,0,0,0.0,0.0,0.0,0.0,0.0,0,0,,0.0,0.0,,,2,0.1,,0,1,2,4,0.0,0,0,0,0.0,0.5,0,0,0,0,0,0,0,,,0
,2021,Mainz 05,Niklas Tauer,GER,FW,19,2001,5,0,69,0.8,0,0,0,0,0,0,0,0,0.0,0.0,0.0,0.0,0.0,0,0,,0.0,0.0,,,14,2.3,,0,5,14,5,1.4,0,2,-2,-2.61,-2.16,0,0,1,0,1,5,1,,,0
,2021,Schalke 04,Can Bozdogan,GER,MF,19,2001,14,5,651,7.2,0,2,2,0,0,0,0,0,0.0,0.28,0.28,0.0,0.28,8,2,25.0,1.11,0.28,0.0,0.0,47,21.3,64,0,9,37,14,0.57,6,16,-10,-1.38,0.52,0,7,16,0,15,8,9,,,1
,2021,Schalke 04,Levent Mercan,GER,"DF,MF",19,2000,1,0,5,0.1,0,0,0,0,0,0,0,0,0.0,0.0,0.0,0.0,0.0,0,0,,0.0,0.0,,,5,0.2,,0,1,5,16,0.0,0,0,0,0.0,1.8,0,0,0,0,0,0,0,,,0
,2021,Schalke 04,Matthew Hoppe,USA,FW,19,2001,22,15,1305,14.5,6,1,7,6,0,0,3,0,0.41,0.07,0.48,0.41,0.48,21,8,38.1,1.45,0.55,0.29,0.75,59,42.6,79,3,7,16,3,0.55,13,33,-20,-1.38,0.72,0,21,16,8,5,5,8,,,0
,2021,Schalke 04,Rabbi Matondo,WAL,"MF,FW",19,2000,3,3,220,2.4,0,0,0,0,0,0,0,0,0.0,0.0,0.0,0.0,0.0,0,0,,0.0,0.0,,,73,7.2,73,0,0,,5,0.0,0,9,-9,-3.68,-2.03,0,2,1,1,0,1,2,,,0
,2021,Stuttgart,Roberto Massimo,GER,MF,19,2000,18,7,757,8.4,0,0,0,0,0,0,2,0,0.0,0.0,0.0,0.0,0.0,15,4,26.7,1.78,0.48,0.0,0.0,42,24.7,69,3,11,25,5,1.28,11,16,-5,-0.59,-0.83,0,5,7,7,11,10,12,,,0
,2021,Stuttgart,Tanguy Coulibaly,FRA,"MF,FW",19,2001,31,17,1506,16.7,2,1,3,2,0,0,2,0,0.12,0.06,0.18,0.12,0.18,26,9,34.6,1.55,0.54,0.08,0.22,49,49.2,72,2,14,21,1,1.35,25,32,-7,-0.42,-0.88,0,33,18,11,24,10,17,,,0
,2021,Union Berlin,Leon Dajaku,GER,"FW,MF",19,2001,2,0,37,0.4,0,0,0,0,0,0,0,0,0.0,0.0,0.0,0.0,0.0,0,0,,0.0,0.0,,,19,1.2,,0,2,19,4,0.5,0,1,-1,-2.43,-2.67,0,0,1,2,0,0,0,,,0
,2021,Union Berlin,Tim Maciejewski,GER,MF,19,2001,1,0,8,0.1,0,0,0,0,0,0,0,0,0.0,0.0,0.0,0.0,0.0,0,0,,0.0,0.0,,,8,0.3,,0,1,8,10,3.0,1,0,1,11.25,11.07,0,0,0,0,0,0,0,,,0
,2021,Bayern Munich,Chris Richards,USA,DF,20,2000,3,1,89,1.0,0,1,1,0,0,0,0,0,0.0,1.01,1.01,0.0,1.01,0,0,,0.0,0.0,,,30,2.9,64,0,2,13,8,2.33,3,1,2,2.02,0.42,0,0,0,0,3,1,0,,,0
,2021,Bayern Munich,Josip Stanišić,CRO,DF,20,2000,1,1,90,1.0,0,0,0,0,0,0,0,0,0.0,0.0,0.0,0.0,0.0,2,0,0.0,2.0,0.0,0.0,,90,2.9,90,1,0,,2,1.0,1,1,0,0.0,-1.67,0,1,0,0,1,1,2,,,0
,2021,Bayern Munich,Mickaël Cuisance,FRA,MF,20,1999,1,0,18,0.2,0,0,0,0,0,0,0,0,0.0,0.0,0.0,0.0,0.0,0,0,,0.0,0.0,,,18,0.6,,0,1,18,0,3.0,1,0,1,5.0,3.4,0,0,0,0,0,1,0,,,0
,2021,Dortmund,Erling Haaland,NOR,FW,20,2000,28,27,2407,26.7,27,6,33,25,2,4,2,0,1.01,0.22,1.23,0.93,1.16,92,49,53.3,3.44,1.83,0.27,0.51,86,78.7,88,23,1,27,0,1.93,64,33,31,1.16,1.43,0,21,22,15,7,4,3,,,0
,2021,Dortmund,Jadon Sancho,ENG,MF,20,2000,26,24,2062,22.9,8,11,19,7,1,1,0,0,0.35,0.48,0.83,0.31,0.79,52,18,34.6,2.27,0.79,0.13,0.39,79,67.4,83,14,2,30,1,1.85,45,28,17,0.74,-0.34,0,1,22,9,104,17,9,,,0
,2021,Dortmund,Mateu Morey,ESP,"DF,MF",20,2000,13,10,829,9.2,0,2,2,0,0,0,1,0,0.0,0.22,0.22,0.0,0.22,2,0,0.0,0.22,0.0,0.0,,64,27.1,79,2,3,14,14,1.92,22,17,5,0.54,-0.43,0,12,8,1,33,16,8,,,0
,2021,Eintracht Frankfurt,Obite N'Dicka,CIV,DF,20,1999,23,23,2044,22.7,3,1,4,3,0,0,10,0,0.13,0.04,0.18,0.13,0.18,17,5,29.4,0.75,0.22,0.18,0.6,89,66.8,89,22,0,,4,1.96,51,35,16,0.7,0.7,0,33,30,0,15,49,21,,,0
,2021,Freiburg,Jeong Woo-yeong,KOR,"FW,MF",20,1999,26,7,823,9.1,4,0,4,4,0,0,0,0,0.44,0.0,0.44,0.44,0.44,14,6,42.9,1.53,0.66,0.29,0.67,32,26.9,71,0,19,17,7,1.31,14,13,1,0.11,0.15,0,12,12,1,14,12,4,,,0
,2021,Freiburg,Nishan Burkart,SUI,"FW,MF",20,2000,1,0,15,0.2,0,0,0,0,0,0,0,0,0.0,0.0,0.0,0.0,0.0,0,0,,0.0,0.0,,,15,0.5,,0,1,15,2,0.0,0,0,0,0.0,0.0,0,0,0,0,0,0,0,,,0
,2021,Freiburg,Yannik Keitel,GER,MF,20,2000,12,4,498,5.5,0,0,0,0,0,0,1,0,0.0,0.0,0.0,0.0,0.0,8,1,12.5,1.45,0.18,0.0,0.0,42,16.3,78,1,8,24,8,1.25,6,9,-3,-0.54,-0.65,0,12,6,0,0,10,7,,,0
,2021,Gladbach,Jordan Beyer,GER,DF,20,2000,4,2,188,2.1,0,0,0,0,0,0,0,0,0.0,0.0,0.0,0.0,0.0,0,0,,0.0,0.0,,,47,6.1,90,2,2,4,17,2.25,4,4,0,0.0,-0.25,0,2,5,0,0,5,0,,,0
,2021,Hertha BSC,Jessic Ngankam,GER,FW,20,2000,15,2,296,3.3,2,0,2,2,0,0,1,0,0.61,0.0,0.61,0.61,0.61,6,4,66.7,1.82,1.22,0.33,0.5,20,9.7,67,0,13,13,7,0.87,4,5,-1,-0.3,0.02,0,9,6,2,0,0,3,,,0
,2021,Hoffenheim,Chris Richards,USA,DF,20,2000,11,11,944,10.5,0,1,1,0,0,0,1,0,0.0,0.1,0.1,0.0,0.1,2,0,0.0,0.19,0.0,0.0,,86,30.8,86,8,0,,1,1.18,13,13,0,0.0,0.09,0,6,5,0,0,22,8,,,0
,2021,Hoffenheim,Christoph Baumgartner,AUT,"MF,FW",20,1999,31,28,2369,26.3,6,3,9,6,0,0,6,0,0.23,0.11,0.34,0.23,0.34,62,22,35.5,2.36,0.84,0.1,0.27,76,77.4,81,13,3,30,0,1.23,43,46,-3,-0.11,-0.24,0,69,53,1,22,26,33,,,0
,2021,Hoffenheim,Ryan Sessegnon,ENG,"DF,MF",20,2000,23,17,1574,17.5,2,3,5,2,0,0,4,0,0.11,0.17,0.29,0.11,0.29,5,2,40.0,0.29,0.11,0.4,1.0,68,51.4,85,13,6,21,1,1.26,25,27,-2,-0.11,-0.11,0,35,6,8,72,34,27,,,0
,2021,Köln,Ismail Jakobs,SEN,"MF,DF",20,1999,23,18,1726,19.2,1,1,2,1,0,0,6,0,0.05,0.05,0.1,0.05,0.1,22,6,27.3,1.15,0.31,0.05,0.17,75,56.4,87,12,5,32,1,0.87,20,36,-16,-0.83,-0.16,0,23,13,3,76,17,10,,,0
,2021,Leverkusen,Paulinho,BRA,FW,20,2000,1,1,65,0.7,0,0,0,0,0,0,0,0,0.0,0.0,0.0,0.0,0.0,3,1,33.3,4.15,1.38,0.0,0.0,65,2.1,65,0,0,,1,0.0,0,2,-2,-2.77,-3.25,0,0,0,0,0,0,0,,,0
,2021,Mainz 05,Jonathan Burkardt,GER,"MF,FW",20,2000,29,16,1373,15.3,2,0,2,2,0,0,0,0,0.13,0.0,0.13,0.13,0.13,30,12,40.0,1.97,0.79,0.07,0.17,47,44.9,72,1,13,17,2,1.1,17,29,-12,-0.79,-0.52,0,27,43,2,11,8,15,,,0
,2021,Mainz 05,Leandro Barreiro Martins,LUX,MF,20,2000,29,27,2303,25.6,2,2,4,2,0,0,5,0,0.08,0.08,0.16,0.08,0.16,33,11,33.3,1.29,0.43,0.06,0.18,79,75.3,84,13,2,24,4,1.34,27,37,-10,-0.39,0.44,0,66,48,0,9,55,37,,,0
,2021,Mainz 05,Luca Kilian,GER,DF,20,1999,6,4,381,4.2,0,0,0,0,0,0,1,0,0.0,0.0,0.0,0.0,0.0,1,0,0.0,0.24,0.0,0.0,,64,12.5,90,4,2,11,11,0.67,5,9,-4,-0.94,-0.51,0,5,3,0,0,13,6,,,0
,2021,Schalke 04,Ahmed Kutucu,TUR,"FW,MF",20,2000,7,0,108,1.2,0,0,0,0,0,0,1,0,0.0,0.0,0.0,0.0,0.0,1,0,0.0,0.83,0.0,0.0,,15,3.5,,0,7,15,4,0.43,0,3,-3,-2.5,-0.73,0,2,1,0,2,0,2,,,0
,2021,Schalke 04,Florian Flick,GER,MF,20,2000,4,4,360,4.0,1,0,1,1,0,0,1,0,0.25,0.0,0.25,0.25,0.25,1,1,100.0,0.25,0.25,1.0,1.0,90,11.8,90,4,0,,1,0.75,7,10,-3,-0.75,1.18,0,4,2,0,1,7,7,,,0
,2021,Schalke 04,Henning Matriciani,GER,DF,20,2000,1,0,24,0.3,0,0,0,0,0,0,0,0,0.0,0.0,0.0,0.0,0.0,0,0,,0.0,0.0,,,24,0.8,,0,1,24,1,3.0,0,1,-1,-3.75,-1.97,0,0,0,0,0,0,1,,,0
,2021,Schalke 04,Kilian Ludewig,GER,"MF,DF",20,2000,6,6,520,5.8,0,0,0,0,0,0,1,0,0.0,0.0,0.0,0.0,0.0,0,0,,0.0,0.0,,,87,17.0,87,5,0,,7,0.5,4,13,-9,-1.56,0.28,0,7,3,2,15,6,5,,,0
,2021,Schalke 04,Ozan Kabak,TUR,DF,20,2000,14,14,1243,13.8,0,0,0,0,0,0,6,1,0.0,0.0,0.0,0.0,0.0,12,2,16.7,0.87,0.14,0.0,0.0,89,40.6,89,12,0,,1,0.43,11,38,-27,-1.95,-0.27,1,21,7,1,0,13,11,,,0
,2021,Stuttgart,Darko Churlinov,MKD,"FW,MF",20,2000,14,0,216,2.4,0,1,1,0,0,0,0,0,0.0,0.42,0.42,0.0,0.42,3,0,0.0,1.25,0.0,0.0,,15,7.1,,0,14,15,8,1.29,6,3,3,1.25,1.31,0,3,3,2,6,0,1,,,0
,2021,Stuttgart,Luca Mack,GER,MF,20,2000,1,0,6,0.1,0,0,0,0,0,0,0,0,0.0,0.0,0.0,0.0,0.0,0,0,,0.0,0.0,,,6,0.2,,0,1,6,2,3.0,0,0,0,0.0,-0.03,0,0,0,0,0,0,0,,,0
,2021,Stuttgart,Mateo Klimowicz,GER,"FW,MF",20,2000,25,12,1198,13.3,1,1,2,1,0,0,1,0,0.08,0.08,0.15,0.08,0.15,33,11,33.3,2.48,0.83,0.03,0.09,48,39.2,71,1,13,27,7,1.04,20,24,-4,-0.3,-0.54,0,13,17,0,7,2,15,,,0
,2021,Union Berlin,Nico Schlotterbeck,GER,DF,20,1999,16,15,1285,14.3,1,0,1,1,0,0,4,1,0.07,0.0,0.07,0.07,0.07,22,8,36.4,1.54,0.56,0.05,0.13,80,42.0,84,11,1,18,5,1.44,22,20,2,0.14,-0.11,1,23,25,0,10,35,16,,,1
,2021,Werder Bremen,Felix Agu,NGA,MF,20,1999,15,8,701,7.8,1,0,1,1,0,0,0,0,0.13,0.0,0.13,0.13,0.13,4,2,50.0,0.51,0.26,0.25,0.5,47,22.9,76,5,7,13,16,1.0,12,15,-3,-0.39,0.3,0,5,26,1,12,17,10,,,0
,2021,Werder Bremen,Ilia Gruev,BUL,MF,20,2000,1,0,1,0.0,0,0,0,0,0,0,0,0,0.0,0.0,0.0,0.0,0.0,0,0,,0.0,0.0,,,1,0.0,,0,1,1,9,3.0,0,0,0,0.0,0.62,0,1,0,0,0,0,0,,,0
,2021,Werder Bremen,Jean-Manuel Mbom,GER,MF,20,2000,21,15,1160,12.9,0,1,1,0,0,0,7,0,0.0,0.08,0.08,0.0,0.08,7,1,14.3,0.54,0.08,0.0,0.0,55,37.9,70,3,6,17,11,1.05,14,18,-4,-0.31,0.49,0,32,17,2,21,12,12,,,0
,2021,Werder Bremen,Josh Sargent,USA,"FW,MF",20,2000,32,30,2506,27.8,5,2,7,5,0,0,7,0,0.18,0.07,0.25,0.18,0.25,45,21,46.7,1.62,0.75,0.11,0.24,78,81.9,81,12,2,46,0,0.97,25,44,-19,-0.68,-0.36,0,35,42,6,13,16,22,,,1
,2021,Werder Bremen,Romano Schmid,AUT,"MF,FW",20,2000,22,13,1177,13.1,0,3,3,0,0,0,2,0,0.0,0.23,0.23,0.0,0.23,18,3,16.7,1.38,0.23,0.0,0.0,54,38.5,74,1,9,24,6,0.86,15,23,-8,-0.61,0.01,0,18,21,6,16,10,15,,,0
,2021,Werder Bremen,Tahith Chong,CUW,"MF,FW",20,1999,13,4,386,4.3,0,1,1,0,0,0,1,0,0.0,0.23,0.23,0.0,0.23,9,1,11.1,2.1,0.23,0.0,0.0,30,12.6,68,1,9,13,6,1.08,5,8,-3,-0.7,-0.09,0,13,14,0,10,5,7,,,0
,2021,Wolfsburg,Maxence Lacroix,FRA,DF,20,2000,30,29,2590,28.8,1,1,2,1,0,0,5,0,0.03,0.03,0.07,0.03,0.07,16,3,18.8,0.56,0.1,0.06,0.33,86,84.6,89,27,1,13,2,1.77,49,32,17,0.59,-0.75,0,25,27,1,7,67,34,,,0
,2021,Wolfsburg,Tim Siersleben,GER,DF,20,2000,1,0,34,0.4,0,0,0,0,0,0,0,0,0.0,0.0,0.0,0.0,0.0,1,0,0.0,2.65,0.0,0.0,,34,1.1,,0,1,34,21,0.0,1,1,0,0.0,-0.71,0,0,0,0,0,0,2,,,0
,2021,Arminia,Arne Maier,GER,MF,21,1999,16,13,1034,11.5,0,0,0,0,0,0,0,0,0.0,0.0,0.0,0.0,0.0,11,2,18.2,0.96,0.17,0.0,0.0,65,33.8,78,5,3,6,5,1.19,7,16,-9,-0.78,-0.03,0,2,5,2,28,7,10,,,0
,2021,Augsburg,Reece Oxford,ENG,DF,21,1998,24,13,1358,15.1,0,0,0,0,0,0,2,0,0.0,0.0,0.0,0.0,0.0,6,1,16.7,0.4,0.07,0.0,0.0,57,44.4,90,12,11,17,10,1.29,17,29,-12,-0.8,-0.48,0,14,13,0,2,26,17,,,0
,2021,Augsburg,Ruben Vargas,SUI,"MF,FW",21,1998,30,18,1612,17.9,6,3,9,6,0,0,2,1,0.33,0.17,0.5,0.33,0.5,38,13,34.2,2.12,0.73,0.16,0.46,54,52.7,73,5,12,26,1,0.9,19,27,-8,-0.45,0.17,0,27,31,10,19,21,13,,,0
,2021,Dortmund,Dan-Axel Zagadou,FRA,DF,21,1999,9,3,276,3.1,0,0,0,0,0,0,0,0,0.0,0.0,0.0,0.0,0.0,1,1,100.0,0.33,0.33,0.0,0.0,31,9.0,68,1,6,12,1,1.89,6,5,1,0.33,-0.58,0,0,1,0,0,6,3,,,0
,2021,Eintracht Frankfurt,Tuta,BRA,DF,21,1999,19,16,1459,16.2,0,0,0,0,0,0,5,0,0.0,0.0,0.0,0.0,0.0,4,0,0.0,0.25,0.0,0.0,,77,47.7,88,14,3,17,11,1.89,36,29,7,0.43,-0.07,0,30,13,0,8,28,21,,,1
,2021,Freiburg,Lino Tempelmann,GER,MF,21,1999,10,2,270,3.0,0,0,0,0,0,0,2,0,0.0,0.0,0.0,0.0,0.0,4,0,0.0,1.33,0.0,0.0,,27,8.8,68,1,8,17,13,1.2,5,7,-2,-0.67,-0.73,0,4,7,0,3,1,3,,,0
,2021,Gladbach,Hannes Wolf,AUT,MF,21,1999,32,14,1378,15.3,3,2,5,3,0,0,2,0,0.2,0.13,0.33,0.2,0.33,16,7,43.8,1.04,0.46,0.19,0.43,43,45.0,76,5,18,18,2,1.5,27,30,-3,-0.2,-0.78,0,35,26,2,6,9,14,,,0
,2021,Hertha BSC,Arne Maier,GER,MF,21,1999,2,0,30,0.3,0,0,0,0,0,0,0,0,0.0,0.0,0.0,0.0,0.0,0,0,,0.0,0.0,,,15,1.0,,0,2,15,0,1.5,1,0,1,3.0,3.36,0,1,0,0,0,0,1,,,0
,2021,Hertha BSC,Matheus Cunha,BRA,"MF,FW",21,1999,27,25,2149,23.9,7,4,11,5,2,3,9,0,0.29,0.17,0.46,0.21,0.38,70,35,50.0,2.93,1.47,0.07,0.14,80,70.2,84,17,2,30,0,1.0,32,40,-8,-0.34,-0.04,0,46,74,5,109,30,17,,,0
,2021,Hertha BSC,Mattéo Guendouzi,FRA,MF,21,1999,24,19,1818,20.2,2,1,3,2,0,0,5,0,0.1,0.05,0.15,0.1,0.15,17,9,52.9,0.84,0.45,0.12,0.22,76,59.4,87,16,5,35,0,1.13,27,29,-2,-0.1,0.55,0,24,47,0,10,23,15,,,0
,2021,Hoffenheim,Jacob Bruun Larsen,DEN,MF,21,1998,2,1,89,1.0,0,0,0,0,0,0,0,0,0.0,0.0,0.0,0.0,0.0,0,0,,0.0,0.0,,,45,2.9,58,0,1,31,7,0.5,1,2,-1,-1.01,-0.98,0,2,0,2,2,0,0,,,0
,2021,Köln,Sebastiaan Bornauw,BEL,DF,21,1999,24,23,2083,23.1,1,1,2,1,0,0,3,0,0.04,0.04,0.09,0.04,0.09,18,5,27.8,0.78,0.22,0.06,0.2,87,68.1,90,23,1,13,1,1.04,21,40,-19,-0.82,-0.18,0,24,11,2,2,39,24,,,0
,2021,Leverkusen,Edmond Tapsoba,BFA,DF,21,1999,31,29,2652,29.5,1,0,1,1,0,0,5,0,0.03,0.0,0.03,0.03,0.03,16,5,31.3,0.54,0.17,0.06,0.2,86,86.7,90,29,2,21,0,1.55,44,35,9,0.31,-0.8,0,43,10,7,4,50,29,,,1
,2021,Leverkusen,Exequiel Palacios,ARG,MF,21,1998,9,7,572,6.4,0,0,0,0,0,0,1,0,0.0,0.0,0.0,0.0,0.0,2,0,0.0,0.31,0.0,0.0,,64,18.7,78,4,2,13,12,2.22,7,5,2,0.31,-0.12,0,8,16,0,1,12,20,,,0
,2021,Leverkusen,Lennart Grill,GER,GK,21,1999,4,4,360,4.0,0,0,0,0,0,0,0,0,0.0,0.0,0.0,0.0,0.0,0,0,,0.0,0.0,,,90,11.8,90,4,0,,16,0.75,3,7,-4,-1.0,-1.6,0,1,0,0,0,0,0,,,0
,2021,Leverkusen,Moussa Diaby,FRA,"FW,MF",21,1999,32,28,2388,26.5,4,11,15,4,0,0,5,0,0.15,0.41,0.57,0.15,0.57,50,25,50.0,1.88,0.94,0.08,0.16,75,78.0,82,18,4,22,0,1.63,45,30,15,0.57,0.7,0,27,17,10,124,11,8,,,0
,2021,Mainz 05,Abass Issah,GHA,"FW,MF",21,1998,2,0,18,0.2,0,0,0,0,0,0,0,0,0.0,0.0,0.0,0.0,0.0,0,0,,0.0,0.0,,,9,0.6,,0,2,9,5,0.0,0,0,0,0.0,0.5,0,1,0,0,0,0,0,,,0
,2021,RB Leipzig,Dayot Upamecano,FRA,DF,21,1998,29,27,2330,25.9,1,0,1,1,0,0,6,0,0.04,0.0,0.04,0.04,0.04,13,6,46.2,0.5,0.23,0.08,0.17,80,76.1,84,23,2,37,1,1.72,41,26,15,0.58,-1.02,0,36,9,0,5,38,30,,,0
,2021,RB Leipzig,Ibrahima Konaté,FRA,DF,21,1999,14,8,695,7.7,1,0,1,1,0,0,2,0,0.13,0.0,0.13,0.13,0.13,4,2,50.0,0.52,0.26,0.25,0.5,50,22.7,76,4,6,15,10,2.21,16,9,7,0.91,0.11,0,13,15,0,0,10,4,,,0
,2021,RB Leipzig,Justin Kluivert,NED,"MF,FW",21,1999,19,8,813,9.0,3,1,4,3,0,0,2,0,0.33,0.11,0.44,0.33,0.44,18,7,38.9,1.99,0.77,0.17,0.43,43,26.6,72,0,11,22,7,1.68,17,12,5,0.55,-0.37,0,14,14,7,24,5,2,,,0
,2021,RB Leipzig,Tyler Adams,USA,MF,21,1999,27,21,1850,20.6,1,1,2,1,0,0,3,0,0.05,0.05,0.1,0.05,0.1,7,4,57.1,0.34,0.19,0.14,0.25,69,60.5,83,13,6,20,1,2.11,35,19,16,0.78,-0.11,0,29,29,2,19,32,26,,,0
,2021,Schalke 04,Jan Luca Schuler,GER,FW,21,1999,2,0,40,0.4,0,0,0,0,0,0,0,0,0.0,0.0,0.0,0.0,0.0,1,0,0.0,2.25,0.0,0.0,,20,1.3,,0,2,20,0,0.5,0,0,0,0.0,1.82,0,1,0,0,0,0,2,,,0
,2021,Schalke 04,Nassim Boujellab,MAR,"MF,FW",21,1999,12,6,605,6.7,1,0,1,1,0,0,2,0,0.15,0.0,0.15,0.15,0.15,14,5,35.7,2.08,0.74,0.07,0.2,50,19.8,72,3,6,29,2,0.25,3,18,-15,-2.23,-0.55,0,16,18,0,3,6,10,,,0
,2021,Stuttgart,Silas Katompa,COD,MF,21,1998,25,24,1919,21.3,11,4,15,8,3,3,6,0,0.52,0.19,0.7,0.38,0.56,45,19,42.2,2.11,0.89,0.18,0.42,77,62.7,79,9,1,16,0,1.44,39,33,6,0.28,0.68,0,34,41,13,30,21,29,,,0
,2021,Wolfsburg,Omar Marmoush,EGY,"FW,MF",21,1999,1,0,1,0.0,0,0,0,0,0,0,0,0,0.0,0.0,0.0,0.0,0.0,0,0,,0.0,0.0,,,1,0.0,,0,1,1,6,1.0,0,0,0,0.0,-0.71,0,0,0,0,0,0,0,,,0
,2021,Arminia,Amos Pieper,GER,DF,22,1998,30,30,2682,29.8,1,1,2,1,0,0,6,0,0.03,0.03,0.07,0.03,0.07,15,6,40.0,0.5,0.2,0.07,0.17,89,87.6,89,28,0,,0,1.03,23,47,-24,-0.81,-0.33,0,21,23,1,6,74,33,,,0
,2021,Arminia,Fabian Kunze,GER,MF,22,1998,26,12,1270,14.1,0,0,0,0,0,0,6,0,0.0,0.0,0.0,0.0,0.0,7,1,14.3,0.5,0.07,0.0,0.0,49,41.5,86,9,14,17,7,1.19,11,30,-19,-1.35,-0.99,0,36,26,0,2,20,25,,,0
,2021,Arminia,Nathan de Medina,BEL,DF,22,1997,16,7,639,7.1,0,1,1,0,0,0,5,1,0.0,0.14,0.14,0.0,0.14,0,0,,0.0,0.0,,,40,20.9,68,3,9,18,12,1.06,4,13,-9,-1.27,-0.64,0,10,4,0,8,12,10,,,0
,2021,Arminia,Ritsu Doan,JPN,"MF,FW",22,1998,34,33,2768,30.8,5,2,7,5,0,0,1,0,0.16,0.07,0.23,0.16,0.23,69,21,30.4,2.24,0.68,0.07,0.24,81,90.5,83,14,1,26,0,1.03,24,46,-22,-0.72,0.52,0,31,64,5,138,30,34,,,0
,2021,Arminia,Sergio Córdova,VEN,"FW,MF",22,1997,23,13,1090,12.1,2,1,3,2,0,0,0,0,0.17,0.08,0.25,0.17,0.25,20,4,20.0,1.65,0.33,0.1,0.5,47,35.6,67,1,10,22,1,1.0,8,17,-9,-0.74,0.03,0,15,22,9,12,11,12,,,0
,2021,Augsburg,Fredrik Jensen,FIN,FW,22,1997,13,1,377,4.2,0,1,1,0,0,0,0,0,0.0,0.24,0.24,0.0,0.24,5,1,20.0,1.19,0.24,0.0,0.0,29,12.3,53,0,12,27,1,0.77,5,6,-1,-0.24,0.33,0,7,2,1,4,1,3,,,0
,2021,Augsburg,László Bénes,SVK,"MF,FW",22,1997,12,9,660,7.3,1,1,2,1,0,0,3,0,0.14,0.14,0.27,0.14,0.27,8,3,37.5,1.09,0.41,0.13,0.33,55,21.6,68,1,3,16,3,0.83,6,13,-7,-0.95,-0.54,0,12,17,0,35,7,6,,,0
,2021,Augsburg,Marco Richter,GER,"MF,FW",22,1997,29,16,1416,15.7,3,1,4,3,0,0,4,1,0.19,0.06,0.25,0.19,0.25,55,19,34.5,3.5,1.21,0.05,0.16,49,46.3,74,3,13,17,1,0.9,15,27,-12,-0.76,-0.43,1,20,36,7,64,7,10,,,0
,2021,Augsburg,Ohis Felix Uduokhai,GER,DF,22,1997,29,29,2610,29.0,1,0,1,1,0,0,5,0,0.03,0.0,0.03,0.03,0.03,14,3,21.4,0.48,0.1,0.07,0.33,90,85.3,90,29,0,,0,1.14,28,42,-14,-0.48,0.32,0,24,24,1,5,55,24,,,1
,2021,Augsburg,Robert Gumny,POL,DF,22,1998,24,14,1377,15.3,1,0,1,1,0,0,4,0,0.07,0.0,0.07,0.07,0.07,6,4,66.7,0.39,0.26,0.17,0.25,57,45.0,81,9,10,25,10,1.04,17,30,-13,-0.85,-0.58,0,21,21,1,31,19,15,,,0
,2021,Dortmund,Felix Passlack,GER,"DF,MF",22,1998,7,3,362,4.0,1,0,1,1,0,0,0,0,0.25,0.0,0.25,0.25,0.25,5,1,20.0,1.24,0.25,0.2,1.0,52,11.8,82,2,4,29,14,2.57,9,3,6,1.49,0.72,0,4,6,1,7,3,6,,,0
,2021,Dortmund,Steffen Tigges,GER,FW,22,1998,6,0,56,0.6,0,0,0,0,0,0,0,0,0.0,0.0,0.0,0.0,0.0,4,2,50.0,6.43,3.21,0.0,0.0,9,1.8,,0,6,9,8,1.5,1,3,-2,-3.21,-4.14,0,4,0,0,1,1,4,,,0
,2021,Eintracht Frankfurt,Aymen Barkok,MAR,"MF,FW",22,1998,26,9,977,10.9,2,3,5,2,0,0,5,0,0.18,0.28,0.46,0.18,0.46,19,6,31.6,1.75,0.55,0.11,0.33,38,31.9,74,1,17,18,6,1.73,20,15,5,0.46,-0.01,0,23,7,1,41,10,18,,,0
,2021,Eintracht Frankfurt,Luka Jović,SRB,FW,22,1997,18,8,894,9.9,4,1,5,4,0,0,2,0,0.4,0.1,0.5,0.4,0.5,25,6,24.0,2.52,0.6,0.16,0.67,50,29.2,83,4,10,23,1,1.89,26,15,11,1.11,0.9,0,13,8,3,2,1,1,,,0
,2021,Eintracht Frankfurt,Ragnar Ache,GER,FW,22,1998,7,0,100,1.1,1,0,1,1,0,0,1,0,0.9,0.0,0.9,0.9,0.9,2,1,50.0,1.8,0.9,0.5,1.0,14,3.3,,0,7,14,3,2.29,4,1,3,2.7,2.3,0,5,1,1,1,1,0,,,0
,2021,Freiburg,Ermedin Demirović,BIH,FW,22,1998,30,19,1498,16.6,5,6,11,5,0,0,7,0,0.3,0.36,0.66,0.3,0.66,42,19,45.2,2.52,1.14,0.12,0.26,50,49.0,70,0,11,15,2,1.4,32,25,7,0.42,0.82,0,44,15,10,9,1,9,,,0
,2021,Freiburg,Florian Müller,GER,GK,22,1997,31,31,2790,31.0,0,0,0,0,0,0,0,0,0.0,0.0,0.0,0.0,0.0,0,0,,0.0,0.0,,,90,91.2,90,31,0,,0,1.32,45,46,-1,-0.03,-0.37,0,1,3,0,0,2,0,,,0
,2021,Freiburg,Guus Til,NED,FW,22,1997,7,1,125,1.4,0,0,0,0,0,0,1,0,0.0,0.0,0.0,0.0,0.0,2,1,50.0,1.44,0.72,0.0,0.0,18,4.1,55,0,6,12,16,1.0,1,1,0,0.0,0.0,0,5,1,1,4,1,3,,,0
,2021,Gladbach,László Bénes,SVK,MF,22,1997,7,1,150,1.7,0,1,1,0,0,0,0,0,0.0,0.6,0.6,0.0,0.6,2,0,0.0,1.2,0.0,0.0,,21,4.9,45,0,6,18,6,1.43,3,5,-2,-1.2,-1.51,0,0,5,0,16,4,2,,,0
,2021,Gladbach,Marcus Thuram,FRA,"MF,FW",22,1997,29,20,1731,19.2,8,3,11,8,0,0,3,1,0.42,0.16,0.57,0.42,0.57,58,21,36.2,3.02,1.09,0.14,0.38,60,56.6,75,3,9,26,0,1.31,43,29,14,0.73,1.13,0,37,37,17,23,13,15,,,0
,2021,Hertha BSC,Deyovaisio Zeefuik,NED,"MF,DF",22,1998,22,10,905,10.1,1,0,1,1,0,0,4,1,0.1,0.0,0.1,0.1,0.1,3,2,66.7,0.3,0.2,0.33,0.5,41,29.6,66,2,12,20,7,1.09,11,14,-3,-0.3,0.04,1,19,18,1,22,16,9,,,0
,2021,Hertha BSC,Dodi Lukebakio,BEL,"FW,MF",22,1997,29,21,1855,20.6,5,5,10,3,2,2,4,1,0.24,0.24,0.49,0.15,0.39,42,19,45.2,2.04,0.92,0.07,0.16,64,60.6,76,3,8,32,0,1.0,29,35,-6,-0.29,0.08,1,34,31,20,28,12,15,,,0
,2021,Hertha BSC,Javairô Dilrosun,NED,"MF,FW",22,1998,12,5,529,5.9,0,1,1,0,0,0,0,0,0.0,0.17,0.17,0.0,0.17,8,1,12.5,1.36,0.17,0.0,0.0,44,17.3,67,0,7,28,3,1.17,9,7,2,0.34,0.8,0,8,11,1,9,4,4,,,0
,2021,Hertha BSC,Jordan Torunarigha,GER,DF,22,1997,14,11,969,10.8,0,0,0,0,0,0,5,0,0.0,0.0,0.0,0.0,0.0,4,1,25.0,0.37,0.09,0.0,0.0,69,31.7,82,9,3,23,8,1.43,15,15,0,0.0,0.47,0,15,2,0,3,17,5,,,0
,2021,Hoffenheim,Dennis Geiger,GER,MF,22,1998,9,9,658,7.3,1,1,2,1,0,0,4,1,0.14,0.14,0.27,0.14,0.27,7,3,42.9,0.96,0.41,0.14,0.33,73,21.5,73,3,0,,0,1.33,10,12,-2,-0.27,-0.27,0,15,9,0,34,3,10,,,0
,2021,Köln,Dimitris Limnios,GRE,MF,22,1998,12,2,378,4.2,0,0,0,0,0,0,0,0,0.0,0.0,0.0,0.0,0.0,6,3,50.0,1.43,0.71,0.0,0.0,32,12.4,61,0,10,26,9,0.25,3,6,-3,-0.71,0.06,0,5,12,1,13,2,5,,,0
,2021,Köln,Elvis Rexhbeçaj,KVX,MF,22,1997,30,20,1833,20.4,5,2,7,5,0,0,4,0,0.25,0.1,0.34,0.25,0.34,28,11,39.3,1.37,0.54,0.18,0.45,61,59.9,81,8,10,21,3,1.0,20,36,-16,-0.79,-0.05,0,24,49,1,60,27,32,,,0
,2021,Köln,Emmanuel Dennis,NGA,FW,22,1997,9,6,474,5.3,0,1,1,0,0,0,0,0,0.0,0.19,0.19,0.0,0.19,5,0,0.0,0.95,0.0,0.0,,53,15.5,72,2,3,13,3,0.78,6,9,-3,-0.57,0.23,0,15,5,7,10,0,8,,,0
,2021,Köln,Salih Özcan,TUR,MF,22,1998,28,15,1371,15.2,0,1,1,0,0,0,3,0,0.0,0.07,0.07,0.0,0.07,11,5,45.5,0.72,0.33,0.0,0.0,49,44.8,80,7,13,14,6,1.04,13,27,-14,-0.92,-0.28,0,32,43,4,12,19,16,,,0
,2021,Leverkusen,Leon Bailey,JAM,"FW,MF",22,1997,30,25,2141,23.8,9,8,17,9,0,0,6,0,0.38,0.34,0.71,0.38,0.71,58,21,36.2,2.44,0.88,0.16,0.43,71,70.0,82,15,5,20,0,1.57,42,27,15,0.63,0.73,0,24,44,15,157,11,8,,,0
,2021,Leverkusen,Timothy Fosu-Mensah,NED,DF,22,1998,6,5,409,4.5,0,0,0,0,0,0,2,0,0.0,0.0,0.0,0.0,0.0,2,1,50.0,0.44,0.22,0.0,0.0,68,13.4,73,2,1,45,1,0.83,6,5,1,0.22,-0.22,0,5,4,0,9,7,2,,,0
,2021,Mainz 05,Finn Dahmen,GER,GK,22,1998,3,3,270,3.0,0,0,0,0,0,0,0,0,0.0,0.0,0.0,0.0,0.0,0,0,,0.0,0.0,,,90,8.8,90,3,0,,31,1.0,6,10,-4,-1.33,-0.91,0,0,2,0,0,0,0,,,0
,2021,Mainz 05,Ridle Baku,GER,DF,22,1998,2,2,180,2.0,0,0,0,0,0,0,0,0,0.0,0.0,0.0,0.0,0.0,0,0,,0.0,0.0,,,90,5.9,90,2,0,,0,0.0,2,7,-5,-2.5,-2.12,0,1,5,0,6,2,1,,,0
,2021,RB Leipzig,Amadou Haidara,MLI,MF,22,1998,31,21,1905,21.2,3,1,4,3,0,0,4,0,0.14,0.05,0.19,0.14,0.19,42,13,31.0,1.98,0.61,0.07,0.23,61,62.3,80,9,10,23,1,1.81,37,22,15,0.71,-0.3,0,23,17,5,30,32,29,,,0
,2021,RB Leipzig,Christopher Nkunku,FRA,"MF,FW",22,1997,28,19,1892,21.0,6,6,12,6,0,0,2,0,0.29,0.29,0.57,0.29,0.57,55,26,47.3,2.62,1.24,0.11,0.23,68,61.8,85,10,9,30,0,1.96,39,17,22,1.05,0.58,0,40,50,15,144,9,11,,,0
,2021,RB Leipzig,Dani Olmo,ESP,MF,22,1998,32,26,2194,24.4,5,9,14,4,1,1,1,0,0.21,0.37,0.57,0.16,0.53,77,24,31.2,3.16,0.98,0.05,0.17,69,71.7,78,8,6,27,0,2.0,46,20,26,1.07,0.86,0,21,38,2,24,18,19,,,0
,2021,RB Leipzig,Josep Martinez,ESP,GK,22,1998,1,1,90,1.0,0,0,0,0,0,0,0,0,0.0,0.0,0.0,0.0,0.0,0,0,,0.0,0.0,,,90,2.9,90,1,0,,28,0.0,1,2,-1,-1.0,-1.88,0,0,0,0,0,0,0,,,0
,2021,RB Leipzig,Nordi Mukiele,FRA,"DF,MF",22,1997,28,21,1677,18.6,3,1,4,3,0,0,5,0,0.16,0.05,0.21,0.16,0.21,21,7,33.3,1.13,0.38,0.14,0.43,60,54.8,75,9,7,16,2,2.04,37,14,23,1.23,0.91,0,39,23,2,47,26,31,,,0
,2021,Schalke 04,Blendi Idrizi,KVX,MF,22,1998,3,3,238,2.6,1,0,1,1,0,0,1,0,0.38,0.0,0.38,0.38,0.38,4,1,25.0,1.51,0.38,0.25,1.0,79,7.8,79,0,0,,0,1.0,5,6,-1,-0.38,1.54,0,3,1,0,1,3,5,,,0
,2021,Schalke 04,Hamza Mendyl,MAR,MF,22,1997,3,1,95,1.1,0,0,0,0,0,0,1,0,0.0,0.0,0.0,0.0,0.0,1,0,0.0,0.95,0.0,0.0,,32,3.1,69,0,2,13,19,0.0,0,1,-1,-0.95,0.87,0,2,0,0,1,1,2,,,0
,2021,Stuttgart,Borna Sosa,CRO,"MF,DF",22,1998,26,25,2042,22.7,0,9,9,0,0,0,2,0,0.0,0.4,0.4,0.0,0.4,14,4,28.6,0.62,0.18,0.0,0.0,79,66.7,80,16,1,32,2,1.58,38,33,5,0.22,0.57,0,17,14,2,212,34,12,,,0
,2021,Stuttgart,Gregor Kobel,SUI,GK,22,1997,33,33,2970,33.0,0,0,0,0,0,0,0,0,0.0,0.0,0.0,0.0,0.0,0,0,,0.0,0.0,,,90,97.1,90,33,0,,0,1.27,54,54,0,0.0,-1.0,0,0,6,0,0,2,3,,,0
,2021,Stuttgart,Konstantinos Mavropanos,GRE,DF,22,1997,21,19,1463,16.3,0,0,0,0,0,0,5,0,0.0,0.0,0.0,0.0,0.0,16,3,18.8,0.98,0.18,0.0,0.0,70,47.8,74,8,2,31,4,1.48,24,23,1,0.06,0.06,0,23,17,1,5,60,29,,,0
,2021,Stuttgart,Nicolás González,ARG,"FW,MF",22,1998,15,10,934,10.4,6,2,8,3,3,4,5,0,0.58,0.19,0.77,0.29,0.48,49,13,26.5,4.72,1.25,0.06,0.23,62,30.5,76,6,5,35,0,1.2,16,13,3,0.29,0.37,0,13,33,7,13,4,5,,,0
,2021,Stuttgart,Orel Mangala,BEL,MF,22,1998,24,24,2109,23.4,1,3,4,1,0,0,4,0,0.04,0.13,0.17,0.04,0.17,25,9,36.0,1.07,0.38,0.04,0.11,88,68.9,88,22,0,,1,1.46,44,35,9,0.38,1.14,0,34,28,0,10,24,15,,,0
,2021,Union Berlin,Julian Ryerson,NOR,"MF,DF",22,1997,24,10,1069,11.9,0,2,2,0,0,0,2,0,0.0,0.17,0.17,0.0,0.17,6,0,0.0,0.51,0.0,0.0,,45,34.9,87,4,14,15,9,1.63,17,18,-1,-0.08,-0.45,0,10,12,1,26,10,15,,,0
,2021,Union Berlin,Keita Endo,JPN,MF,22,1997,16,4,456,5.1,1,0,1,1,0,0,0,0,0.2,0.0,0.2,0.2,0.2,8,3,37.5,1.58,0.59,0.13,0.33,29,14.9,54,0,12,20,14,1.44,6,6,0,0.0,-0.24,0,9,13,2,9,5,3,,,0
,2021,Union Berlin,Petar Musa,CRO,FW,22,1998,14,8,715,7.9,1,3,4,1,0,0,2,0,0.13,0.38,0.5,0.13,0.5,17,5,29.4,2.14,0.63,0.06,0.2,51,23.4,68,0,6,29,1,1.5,8,10,-2,-0.25,-0.6,0,23,14,7,3,5,7,,,0
,2021,Union Berlin,Taiwo Awoniyi,NGA,FW,22,1997,21,16,1359,15.1,5,2,7,5,0,0,0,0,0.33,0.13,0.46,0.33,0.46,30,13,43.3,1.99,0.86,0.17,0.38,65,44.4,77,3,5,26,1,1.48,22,17,5,0.33,0.23,0,22,20,15,4,3,3,,,0
,2021,Werder Bremen,Johannes Eggestein,GER,FW,22,1998,2,0,33,0.4,0,0,0,0,0,0,0,0,0.0,0.0,0.0,0.0,0.0,0,0,,0.0,0.0,,,17,1.1,,0,2,17,1,3.0,0,1,-1,-2.73,-2.13,0,1,0,0,1,1,0,,,0
,2021,Werder Bremen,Marco Friedl,AUT,DF,22,1998,32,31,2785,30.9,0,0,0,0,0,0,6,0,0.0,0.0,0.0,0.0,0.0,8,1,12.5,0.26,0.03,0.0,0.0,87,91.0,89,29,1,35,0,0.94,34,53,-19,-0.61,0.04,0,31,31,0,28,56,34,,,0
,2021,Wolfsburg,Josip Brekalo,CRO,"MF,FW",22,1998,29,22,1814,20.2,7,3,10,7,0,0,1,0,0.35,0.15,0.5,0.35,0.5,47,21,44.7,2.33,1.04,0.15,0.33,63,59.3,76,4,7,21,2,1.83,35,22,13,0.64,-0.15,0,8,16,2,59,17,12,,,0
,2021,Wolfsburg,Marin Pongračić,CRO,DF,22,1997,10,7,575,6.4,0,0,0,0,0,0,2,1,0.0,0.0,0.0,0.0,0.0,1,0,0.0,0.16,0.0,0.0,,58,18.8,77,2,3,11,11,1.9,14,5,9,1.41,0.87,1,11,3,0,1,12,10,,,0
,2021,Wolfsburg,Ridle Baku,GER,"MF,DF",22,1998,32,31,2678,29.8,6,7,13,6,0,0,1,0,0.2,0.24,0.44,0.2,0.44,35,13,37.1,1.18,0.44,0.17,0.46,84,87.5,86,19,1,19,0,1.84,58,36,22,0.74,0.27,0,32,41,10,104,42,33,,,0
,2021,Wolfsburg,Xaver Schlager,AUT,MF,22,1997,32,30,2626,29.2,2,4,6,2,0,0,7,0,0.07,0.14,0.21,0.07,0.21,49,5,10.2,1.68,0.17,0.04,0.4,82,85.8,84,15,2,47,0,1.72,51,33,18,0.62,-0.63,0,46,34,1,10,54,42,,,0
ENG-Premier League,2122,Brighton,Evan Ferguson,IRL,FW,16,2004,1,0,23,0.3,0,0,0,0,0,0,0,0,0.0,0.0,0.0,0.0,0.0,0,0,,0.0,0.0,,,23,0.7,,0,1,23,16,0.0,0,1,-1,-3.91,-3.89,0,0,0,0,1,0,0,,,0
ENG-Premier League,2122,Liverpool,Kaide Gordon,ENG,FW,16,2004,1,0,9,0.1,0,0,0,0,0,0,0,0,0.0,0.0,0.0,0.0,0.0,1,1,100.0,10.0,10.0,0.0,0.0,9,0.3,,0,1,9,3,3.0,0,0,0,0.0,-1.79,0,1,0,0,0,0,0,,,0
ENG-Premier League,2122,Aston Villa,Carney Chukwuemeka,AUT,MF,17,2003,12,2,301,3.3,0,1,1,0,0,0,0,0,0.0,0.3,0.3,0.0,0.3,4,1,25.0,1.2,0.3,0.0,0.0,25,8.8,59,0,10,18,19,1.33,5,6,-1,-0.3,-0.27,0,3,9,0,0,2,0,,,0
ENG-Premier League,2122,Everton,Isaac Price,NIR,MF,17,2003,1,0,14,0.2,0,0,0,0,0,0,0,0,0.0,0.0,0.0,0.0,0.0,1,0,0.0,6.43,0.0,0.0,,14,0.4,,0,1,14,4,0.0,0,1,-1,-6.43,-5.85,0,0,0,0,0,0,0,,,0
ENG-Premier League,2122,Leeds United,Leo Fuhr Hjelde,NOR,DF,17,2003,2,0,150,1.7,0,0,0,0,0,0,0,0,0.0,0.0,0.0,0.0,0.0,0,0,,0.0,0.0,,,75,4.4,,0,2,75,14,1.5,2,5,-3,-1.8,-0.86,0,1,0,0,3,4,4,,,0
ENG-Premier League,2122,Manchester Utd,Alejandro Garnacho,ARG,MF,17,2004,2,0,13,0.1,0,0,0,0,0,0,0,0,0.0,0.0,0.0,0.0,0.0,0,0,,0.0,0.0,,,7,0.4,,0,2,7,5,0.5,0,0,0,0.0,0.0,0,1,0,0,0,0,0,,,0
ENG-Premier League,2122,Manchester Utd,Shola Shoretire,ENG,"FW,MF",17,2004,1,0,16,0.2,0,0,0,0,0,0,0,0,0.0,0.0,0.0,0.0,0.0,0,0,,0.0,0.0,,,16,0.5,,0,1,16,1,0.0,0,0,0,0.0,0.0,0,0,1,0,0,0,0,,,0
ENG-Premier League,2122,Tottenham Hotspur,Dane Scarlett,ENG,FW,17,2004,1,0,4,0.0,0,0,0,0,0,0,0,0,0.0,0.0,0.0,0.0,0.0,0,0,,0.0,0.0,,,4,0.1,,0,1,4,23,3.0,0,0,0,0.0,-0.76,0,0,0,0,0,0,0,,,0
ENG-Premier League,2122,West Ham United,Sonny Perkins,ENG,"FW,MF",17,2004,1,0,4,0.0,0,0,0,0,0,0,0,0,0.0,0.0,0.0,0.0,0.0,0,0,,0.0,0.0,,,4,0.1,,0,1,4,4,0.0,0,0,0,0.0,-0.24,0,0,0,0,0,0,0,,,0
ENG-Premier League,2122,Aston Villa,Tim Iroegbunam,ENG,MF,18,2003,3,1,92,1.0,0,0,0,0,0,0,1,0,0.0,0.0,0.0,0.0,0.0,1,0,0.0,0.98,0.0,0.0,,31,2.7,72,0,2,10,19,2.33,1,0,1,0.98,1.06,0,2,0,0,0,1,4,,,0
ENG-Premier League,2122,Brentford,Finley Stevens,WAL,DF,18,2003,1,0,15,0.2,0,0,0,0,0,0,0,0,0.0,0.0,0.0,0.0,0.0,0,0,,0.0,0.0,,,15,0.4,,0,1,15,22,0.0,0,0,0,0.0,0.21,0,0,0,0,1,0,1,,,0
ENG-Premier League,2122,Brentford,Nathan Young-Coombes,ENG,FW,18,2003,1,0,4,0.0,0,0,0,0,0,0,0,0,0.0,0.0,0.0,0.0,0.0,0,0,,0.0,0.0,,,4,0.1,,0,1,4,7,3.0,0,0,0,0.0,0.21,0,1,0,0,0,0,0,,,0
ENG-Premier League,2122,Crystal Palace,Jesurun Rak Sakyi,ENG,MF,18,2002,2,1,80,0.9,0,0,0,0,0,0,0,0,0.0,0.0,0.0,0.0,0.0,0,0,,0.0,0.0,,,40,2.3,66,0,1,14,5,1.5,1,0,1,1.13,1.04,0,1,3,0,2,1,0,,,0
ENG-Premier League,2122,Everton,Lewis Dobbin,ENG,"FW,MF",18,2003,3,0,32,0.4,0,0,0,0,0,0,1,0,0.0,0.0,0.0,0.0,0.0,0,0,,0.0,0.0,,,11,0.9,,0,3,11,8,1.67,1,1,0,0.0,0.61,0,1,1,0,0,0,1,,,0
ENG-Premier League,2122,Everton,Tyler Onyango,ENG,MF,18,2003,3,0,28,0.3,0,0,0,0,0,0,0,0,0.0,0.0,0.0,0.0,0.0,1,0,0.0,3.21,0.0,0.0,,9,0.8,,0,3,9,2,0.33,0,0,0,0.0,0.61,0,0,0,0,0,0,0,,,0
ENG-Premier League,2122,Leeds United,Charlie Cresswell,ENG,DF,18,2002,5,1,141,1.6,0,0,0,0,0,0,1,0,0.0,0.0,0.0,0.0,0.0,1,0,0.0,0.64,0.0,0.0,,28,4.1,90,1,4,13,26,1.4,4,4,0,0.0,1.02,0,3,0,1,1,2,2,,,0
ENG-Premier League,2122,Leeds United,Lewis Bate,ENG,MF,18,2002,3,1,146,1.6,0,0,0,0,0,0,0,0,0.0,0.0,0.0,0.0,0.0,1,0,0.0,0.62,0.0,0.0,,49,4.3,58,0,2,44,13,1.0,3,4,-1,-0.62,0.37,0,3,1,0,0,1,0,,,0
ENG-Premier League,2122,Leeds United,Stuart McKinstry,SCO,MF,18,2002,1,0,4,0.0,0,0,0,0,0,0,0,0,0.0,0.0,0.0,0.0,0.0,0,0,,0.0,0.0,,,4,0.1,,0,1,4,8,0.0,0,0,0,0.0,0.97,0,0,0,0,0,0,0,,,0
ENG-Premier League,2122,Liverpool,Harvey Elliott,ENG,MF,18,2003,6,4,346,3.8,0,0,0,0,0,0,0,0,0.0,0.0,0.0,0.0,0.0,10,1,10.0,2.6,0.26,0.0,0.0,58,10.1,77,2,2,20,6,2.67,7,2,5,1.3,-0.54,0,2,6,0,10,4,0,,,0
ENG-Premier League,2122,Liverpool,Tyler Morton,ENG,MF,18,2002,2,1,66,0.7,0,0,0,0,0,0,1,0,0.0,0.0,0.0,0.0,0.0,0,0,,0.0,0.0,,,33,1.9,59,0,1,7,7,2.0,1,1,0,0.0,-1.82,0,1,0,0,0,3,0,,,0
ENG-Premier League,2122,Manchester City,CJ Egan-Riley,ENG,DF,18,2003,1,0,4,0.0,0,0,0,0,0,0,0,0,0.0,0.0,0.0,0.0,0.0,0,0,,0.0,0.0,,,4,0.1,,0,1,4,6,3.0,2,0,2,45.0,43.13,0,0,0,0,0,0,1,,,0
ENG-Premier League,2122,Manchester City,James Mcatee,ENG,MF,18,2002,2,0,20,0.2,0,0,0,0,0,0,0,0,0.0,0.0,0.0,0.0,0.0,1,0,0.0,4.5,0.0,0.0,,10,0.6,,0,2,10,11,3.0,1,0,1,4.5,2.59,0,1,0,0,0,0,0,,,0
ENG-Premier League,2122,Manchester City,Kayky Chagas,BRA,MF,18,2003,1,0,7,0.1,0,0,0,0,0,0,0,0,0.0,0.0,0.0,0.0,0.0,0,0,,0.0,0.0,,,7,0.2,,0,1,7,2,3.0,1,0,1,12.86,10.96,0,1,0,0,0,0,0,,,0
ENG-Premier League,2122,Manchester City,Liam Delap,ENG,FW,18,2003,1,0,10,0.1,0,0,0,0,0,0,0,0,0.0,0.0,0.0,0.0,0.0,0,0,,0.0,0.0,,,10,0.3,,0,1,10,3,3.0,1,0,1,9.0,7.1,0,1,1,0,0,0,0,,,0
ENG-Premier League,2122,Manchester Utd,Hannibal Mejbri,TUN,MF,18,2003,2,1,68,0.8,0,0,0,0,0,0,2,0,0.0,0.0,0.0,0.0,0.0,1,1,100.0,1.32,1.32,0.0,0.0,34,2.0,61,0,1,7,5,0.0,0,2,-2,-2.65,-2.7,0,3,0,1,0,0,1,,,0
ENG-Premier League,2122,Norwich City,Jonathan Rowe,ENG,"FW,MF",18,2003,13,0,223,2.5,0,1,1,0,0,0,0,0,0.0,0.4,0.4,0.0,0.4,3,2,66.7,1.21,0.81,0.0,0.0,17,6.5,,0,13,17,8,0.23,2,5,-3,-1.21,0.42,0,4,7,1,4,2,2,,,0
ENG-Premier League,2122,Norwich City,Tony Springett,IRL,MF,18,2002,3,1,141,1.6,0,0,0,0,0,0,1,0,0.0,0.0,0.0,0.0,0.0,1,1,100.0,0.64,0.64,0.0,0.0,47,4.1,66,0,2,38,3,0.0,0,6,-6,-3.83,-2.32,0,1,4,0,2,0,1,,,0
ENG-Premier League,2122,Southampton,Valentino Livramento,ENG,DF,18,2002,28,25,2202,24.5,1,1,2,1,0,0,2,0,0.04,0.04,0.08,0.04,0.08,12,3,25.0,0.49,0.12,0.08,0.33,79,64.4,87,22,3,10,0,1.14,25,42,-17,-0.69,-0.18,0,12,36,1,62,47,30,,,0
ENG-Premier League,2122,Wolves,Chem Campbell,WAL,"FW,MF",18,2002,1,0,13,0.1,0,0,0,0,0,0,0,0,0.0,0.0,0.0,0.0,0.0,0,0,,0.0,0.0,,,13,0.4,,0,1,13,6,0.0,0,0,0,0.0,0.13,0,0,0,0,0,0,1,,,0
ENG-Premier League,2122,Arsenal,Bukayo Saka,ENG,"MF,FW",19,2001,38,36,2978,33.1,11,7,18,9,2,2,6,0,0.33,0.21,0.54,0.27,0.48,97,31,32.0,2.93,0.94,0.09,0.29,78,87.1,81,16,2,27,0,1.82,52,39,13,0.39,0.39,0,38,59,17,111,22,23,,,0
ENG-Premier League,2122,Aston Villa,Jaden Philogene Bidace,ENG,"FW,MF",19,2002,1,0,5,0.1,0,0,0,0,0,0,0,0,0.0,0.0,0.0,0.0,0.0,0,0,,0.0,0.0,,,5,0.1,,0,1,5,8,3.0,0,0,0,0.0,0.05,0,0,1,0,0,0,0,,,0
ENG-Premier League,2122,Brighton,Jeremy Sarmiento,ECU,MF,19,2002,5,1,48,0.5,0,0,0,0,0,0,0,0,0.0,0.0,0.0,0.0,0.0,0,0,,0.0,0.0,,,10,1.4,12,0,4,9,7,0.8,0,2,-2,-3.75,-3.75,0,0,2,0,0,0,1,,,0
ENG-Premier League,2122,Brighton,Moisés Caicedo,ECU,MF,19,2001,8,8,660,7.3,1,1,2,1,0,0,2,0,0.14,0.14,0.27,0.14,0.27,10,4,40.0,1.36,0.55,0.1,0.25,83,19.3,83,4,0,,11,2.13,13,6,7,0.95,1.25,0,7,11,1,0,11,10,,,0
ENG-Premier League,2122,Crystal Palace,Michael Olise,FRA,"FW,MF",19,2001,26,12,1141,12.7,2,5,7,2,0,0,4,0,0.16,0.39,0.55,0.16,0.55,19,10,52.6,1.5,0.79,0.11,0.2,44,33.4,76,4,14,16,2,1.23,18,14,4,0.32,0.32,0,16,27,1,97,7,19,,,0
ENG-Premier League,2122,Everton,Jarrad Branthwaite,ENG,DF,19,2002,6,4,388,4.3,1,0,1,1,0,0,0,1,0.23,0.0,0.23,0.23,0.23,3,2,66.7,0.7,0.46,0.33,0.5,65,11.3,72,3,2,51,20,0.17,6,13,-7,-1.62,-1.15,0,3,4,0,0,1,2,,,0
ENG-Premier League,2122,Leeds United,Cody Drameh,ENG,DF,19,2001,3,1,128,1.4,0,0,0,0,0,0,1,0,0.0,0.0,0.0,0.0,0.0,0,0,,0.0,0.0,,,43,3.7,90,1,2,19,7,1.0,1,6,-5,-3.52,-2.64,0,2,0,0,2,1,3,,,0
ENG-Premier League,2122,Leeds United,Crysencio Summerville,NED,"FW,MF",19,2001,6,0,130,1.4,0,0,0,0,0,0,0,0,0.0,0.0,0.0,0.0,0.0,2,0,0.0,1.38,0.0,0.0,,22,3.8,,0,6,22,19,0.83,3,1,2,1.38,2.45,0,1,1,0,3,2,3,,,0
ENG-Premier League,2122,Leeds United,Joe Gelhardt,ENG,FW,19,2002,20,5,746,8.3,2,2,4,2,0,0,4,0,0.24,0.24,0.48,0.24,0.48,23,10,43.5,2.77,1.21,0.09,0.2,37,21.8,73,2,15,25,11,0.65,11,25,-14,-1.69,-0.91,0,17,24,5,3,0,3,,,0
ENG-Premier League,2122,Leeds United,Sam Greenwood,ENG,MF,19,2002,7,1,237,2.6,0,2,2,0,0,0,0,0,0.0,0.76,0.76,0.0,0.76,4,0,0.0,1.52,0.0,0.0,,34,6.9,84,0,6,26,14,1.57,7,5,2,0.76,1.86,0,7,2,1,6,2,5,,,0
ENG-Premier League,2122,Leicester City,Kasey McAteer,IRL,MF,19,2001,1,0,3,0.0,0,0,0,0,0,0,0,0,0.0,0.0,0.0,0.0,0.0,0,0,,0.0,0.0,,,3,0.1,,0,1,3,4,3.0,0,0,0,0.0,-0.08,0,0,0,0,0,0,0,,,0
ENG-Premier League,2122,Manchester City,Cole Palmer,ENG,FW,19,2002,4,1,123,1.4,0,0,0,0,0,0,0,0,0.0,0.0,0.0,0.0,0.0,4,1,25.0,2.93,0.73,0.0,0.0,31,3.6,86,0,3,12,20,3.0,6,0,6,4.39,2.56,0,1,1,0,3,1,2,,,0
ENG-Premier League,2122,Manchester Utd,Anthony Elanga,SWE,MF,19,2002,21,14,1214,13.5,2,2,4,2,0,0,0,0,0.15,0.15,0.3,0.15,0.3,21,7,33.3,1.56,0.52,0.1,0.29,58,35.5,78,5,7,17,3,1.43,20,17,3,0.22,0.34,0,8,22,3,21,8,18,,,0
ENG-Premier League,2122,Manchester Utd,Mason Greenwood,ENG,"MF,FW",19,2001,18,16,1271,14.1,5,1,6,5,0,0,1,0,0.35,0.07,0.42,0.35,0.42,48,19,39.6,3.4,1.35,0.1,0.26,71,37.2,76,4,2,27,3,1.72,22,18,4,0.28,0.45,0,15,16,3,34,1,8,,,0
ENG-Premier League,2122,Norwich City,Andrew Omobamidele,IRL,DF,19,2002,5,4,382,4.2,1,0,1,1,0,0,1,0,0.24,0.0,0.24,0.24,0.24,2,1,50.0,0.47,0.24,0.5,1.0,76,11.2,90,4,1,22,9,0.6,3,9,-6,-1.41,0.22,0,3,5,0,0,5,5,,,0
ENG-Premier League,2122,Norwich City,Bali Mumba,ENG,"DF,MF",19,2001,1,0,45,0.5,0,0,0,0,0,0,0,0,0.0,0.0,0.0,0.0,0.0,0,0,,0.0,0.0,,,45,1.3,,0,1,45,5,0.0,0,3,-3,-6.0,-4.45,0,0,0,0,0,0,1,,,0
ENG-Premier League,2122,Norwich City,Christos Tzolis,GRE,"MF,FW",19,2002,14,3,336,3.7,0,0,0,0,0,0,0,0,0.0,0.0,0.0,0.0,0.0,6,2,33.3,1.61,0.54,0.0,0.0,24,9.8,60,0,11,14,16,0.86,0,9,-9,-2.41,-0.89,0,2,4,2,8,1,3,,,0
ENG-Premier League,2122,Southampton,Armando Broja,ALB,FW,19,2001,32,21,1975,21.9,6,0,6,6,0,0,2,0,0.27,0.0,0.27,0.27,0.27,45,20,44.4,2.05,0.91,0.13,0.3,62,57.7,82,6,11,24,0,1.13,26,37,-11,-0.5,0.31,0,28,26,13,8,3,7,,,0
ENG-Premier League,2122,Watford,João Pedro,BRA,"FW,MF",19,2001,28,15,1644,18.3,3,1,4,3,0,0,1,0,0.16,0.05,0.22,0.16,0.22,47,16,34.0,2.57,0.88,0.06,0.19,59,48.1,84,10,13,29,1,0.46,19,35,-16,-0.88,0.49,0,15,30,6,24,12,15,,,0
ENG-Premier League,2122,West Ham United,Daniel Chesters,ENG,MF,19,2002,1,0,1,0.0,0,0,0,0,0,0,0,0,0.0,0.0,0.0,0.0,0.0,0,0,,0.0,0.0,,,1,0.0,,0,1,1,1,0.0,0,0,0,0.0,-0.24,0,0,0,0,0,0,0,,,0
ENG-Premier League,2122,West Ham United,Harrison Ashby,SCO,"DF,MF",19,2001,1,0,7,0.1,0,0,0,0,0,0,0,0,0.0,0.0,0.0,0.0,0.0,0,0,,0.0,0.0,,,7,0.2,,0,1,7,7,0.0,0,1,-1,-12.86,-13.12,0,0,0,0,0,1,0,,,0
ENG-Premier League,2122,Wolves,Fábio Silva,POR,FW,19,2002,22,6,572,6.4,0,0,0,0,0,0,0,0,0.0,0.0,0.0,0.0,0.0,19,5,26.3,2.99,0.79,0.0,0.0,26,16.7,76,2,16,7,15,1.41,9,7,2,0.31,0.54,0,13,8,4,2,1,2,,,0
ENG-Premier League,2122,Wolves,Ki-Jana Hoever,NED,MF,19,2002,8,4,308,3.4,0,0,0,0,0,0,1,0,0.0,0.0,0.0,0.0,0.0,1,0,0.0,0.29,0.0,0.0,,39,9.0,74,3,4,4,21,0.75,0,5,-5,-1.46,-1.46,0,5,4,1,8,5,8,,,0
ENG-Premier League,2122,Wolves,Luke Cundle,ENG,MF,19,2002,4,2,180,2.0,0,0,0,0,0,0,0,0,0.0,0.0,0.0,0.0,0.0,0,0,,0.0,0.0,,,45,5.3,87,1,2,4,29,1.5,2,1,1,0.5,0.67,0,3,1,0,2,1,3,,,0
ENG-Premier League,2122,Arsenal,Folarin Balogun,USA,FW,20,2001,2,1,70,0.8,0,0,0,0,0,0,0,0,0.0,0.0,0.0,0.0,0.0,3,0,0.0,3.86,0.0,0.0,,35,2.0,58,0,1,12,0,0.0,0,1,-1,-1.29,-1.66,0,0,1,1,0,0,1,,,0
ENG-Premier League,2122,Arsenal,Gabriel Martinelli,BRA,"MF,FW",20,2001,29,21,1860,20.7,6,6,12,5,1,1,3,1,0.29,0.29,0.58,0.24,0.53,52,16,30.8,2.52,0.77,0.1,0.31,64,54.4,80,9,8,21,7,1.72,34,25,9,0.44,0.2,1,23,20,10,74,19,20,,,0
ENG-Premier League,2122,Aston Villa,Cameron Archer,ENG,"FW,MF",20,2001,3,0,27,0.3,0,0,0,0,0,0,0,0,0.0,0.0,0.0,0.0,0.0,1,0,0.0,3.33,0.0,0.0,,9,0.8,,0,3,9,9,1.0,1,0,1,3.33,3.41,0,3,0,0,0,0,0,,,0
ENG-Premier League,2122,Aston Villa,Jacob Ramsey,ENG,MF,20,2001,34,29,2467,27.4,6,1,7,6,0,0,6,0,0.22,0.04,0.26,0.22,0.26,34,11,32.4,1.24,0.4,0.18,0.55,73,72.1,80,14,5,28,1,1.21,40,35,5,0.18,0.84,0,32,44,1,26,20,44,,,0
ENG-Premier League,2122,Brentford,Mads Bidstrup,DEN,MF,20,2001,4,0,41,0.5,0,0,0,0,0,0,0,0,0.0,0.0,0.0,0.0,0.0,0,0,,0.0,0.0,,,10,1.2,,0,4,10,14,1.75,1,0,1,2.2,2.43,0,1,0,0,0,1,0,,,0
ENG-Premier League,2122,Brighton,Tariq Lamptey,GHA,"MF,DF",20,2000,30,16,1561,17.3,0,2,2,0,0,0,4,0,0.0,0.12,0.12,0.0,0.12,19,4,21.1,1.1,0.23,0.0,0.0,52,45.6,79,7,14,22,3,1.2,14,21,-7,-0.4,-0.65,0,27,50,3,93,21,24,,,0
ENG-Premier League,2122,Brighton,Taylor Richards,ENG,MF,20,2000,2,0,25,0.3,0,0,0,0,0,0,0,0,0.0,0.0,0.0,0.0,0.0,1,0,0.0,3.6,0.0,0.0,,13,0.7,,0,2,13,14,0.0,0,0,0,0.0,0.05,0,1,1,0,0,0,0,,,0
ENG-Premier League,2122,Burnley,Nathan Collins,IRL,DF,20,2001,19,18,1670,18.6,2,0,2,2,0,0,2,1,0.11,0.0,0.11,0.11,0.11,14,4,28.6,0.75,0.22,0.14,0.5,88,48.8,90,17,1,51,17,1.05,17,25,-8,-0.43,0.13,0,20,12,4,3,24,15,,,0
ENG-Premier League,2122,Chelsea,Callum Hudson-Odoi,ENG,MF,20,2000,15,11,962,10.7,1,2,3,1,0,0,1,0,0.09,0.19,0.28,0.09,0.28,18,7,38.9,1.68,0.65,0.06,0.14,64,28.1,80,3,4,20,7,1.93,24,8,16,1.5,0.51,0,10,17,4,32,2,10,,,0
ENG-Premier League,2122,Crystal Palace,Nathan Ferguson,ENG,DF,20,2000,1,0,9,0.1,0,0,0,0,0,0,0,0,0.0,0.0,0.0,0.0,0.0,0,0,,0.0,0.0,,,9,0.3,,0,1,9,3,0.0,0,0,0,0.0,-0.11,0,0,0,0,0,0,0,,,0
ENG-Premier League,2122,Everton,Anthony Gordon,ENG,"MF,FW",20,2001,35,25,2285,25.4,4,2,6,4,0,0,4,0,0.16,0.08,0.24,0.16,0.24,44,18,40.9,1.73,0.71,0.09,0.22,65,66.8,83,14,10,20,2,0.91,23,40,-17,-0.67,-0.19,0,25,64,8,121,20,30,,,0
ENG-Premier League,2122,Everton,Ellis Simms,ENG,FW,20,2001,1,1,61,0.7,0,0,0,0,0,0,0,0,0.0,0.0,0.0,0.0,0.0,0,0,,0.0,0.0,,,61,1.8,61,0,0,,6,1.0,0,0,0,0.0,0.62,0,0,0,0,0,0,0,,,0
ENG-Premier League,2122,Leeds United,Kristoffer Klaesson,NOR,GK,20,2000,1,0,36,0.4,0,0,0,0,0,0,0,0,0.0,0.0,0.0,0.0,0.0,0,0,,0.0,0.0,,,36,1.1,,0,1,36,37,3.0,3,0,3,7.5,8.56,0,0,0,0,0,0,0,,,0
ENG-Premier League,2122,Leeds United,Liam McCarron,SCO,DF,20,2001,1,0,10,0.1,0,0,0,0,0,0,0,0,0.0,0.0,0.0,0.0,0.0,0,0,,0.0,0.0,,,10,0.3,,0,1,10,10,0.0,0,1,-1,-9.0,-8.05,0,0,0,0,0,0,0,,,0
ENG-Premier League,2122,Leicester City,Lewis Brunt,ENG,"DF,MF",20,2000,1,0,24,0.3,0,0,0,0,0,0,0,0,0.0,0.0,0.0,0.0,0.0,0,0,,0.0,0.0,,,24,0.7,,0,1,24,4,0.0,1,1,0,0.0,-0.08,0,0,0,0,0,0,0,,,0
ENG-Premier League,2122,Leicester City,Luke Thomas,ENG,"DF,MF",20,2001,22,21,1912,21.2,0,1,1,0,0,0,2,0,0.0,0.05,0.05,0.0,0.05,4,0,0.0,0.19,0.0,0.0,,87,55.9,88,20,1,60,5,1.27,32,35,-3,-0.14,-0.5,0,15,15,0,33,42,31,,,0
ENG-Premier League,2122,Leicester City,Wesley Fofana,FRA,DF,20,2000,7,7,630,7.0,0,0,0,0,0,0,2,0,0.0,0.0,0.0,0.0,0.0,3,1,33.3,0.43,0.14,0.0,0.0,90,18.4,90,7,0,,2,1.43,13,7,6,0.86,0.95,0,7,7,0,0,7,8,,,0
ENG-Premier League,2122,Liverpool,Curtis Jones,ENG,MF,20,2001,15,10,851,9.5,1,1,2,1,0,0,0,0,0.11,0.11,0.21,0.11,0.21,20,7,35.0,2.12,0.74,0.05,0.14,57,24.9,77,4,5,16,10,2.47,26,9,17,1.8,0.01,0,10,19,1,5,8,10,,,0
ENG-Premier League,2122,Liverpool,Neco Williams,WAL,"DF,MF",20,2001,1,0,8,0.1,0,1,1,0,0,0,0,0,0.0,11.25,11.25,0.0,11.25,0,0,,0.0,0.0,,,8,0.2,,0,1,8,12,3.0,1,0,1,11.25,9.48,0,0,0,0,0,0,0,,,0
ENG-Premier League,2122,Norwich City,Adam Idah,IRL,"FW,MF",20,2001,17,6,625,6.9,1,1,2,1,0,0,0,0,0.14,0.14,0.29,0.14,0.29,14,4,28.6,2.02,0.58,0.07,0.25,37,18.3,83,3,11,12,6,0.76,7,11,-4,-0.58,1.26,0,7,10,10,13,2,7,,,0
ENG-Premier League,2122,Norwich City,Billy Gilmour,SCO,MF,20,2001,24,21,1855,20.6,0,1,1,0,0,0,2,0,0.0,0.05,0.05,0.0,0.05,18,3,16.7,0.87,0.15,0.0,0.0,77,54.2,86,15,3,16,7,0.33,8,52,-44,-2.13,-1.16,0,28,23,1,98,16,21,,,0
ENG-Premier League,2122,Norwich City,Brandon Williams,ENG,DF,20,2000,26,23,2120,23.6,0,1,1,0,0,0,8,0,0.0,0.04,0.04,0.0,0.04,4,1,25.0,0.17,0.04,0.0,0.0,82,62.0,88,19,3,32,6,0.69,16,52,-36,-1.53,0.2,0,22,44,0,14,40,36,,,0
ENG-Premier League,2122,Tottenham Hotspur,Bryan Gil,ESP,"FW,MF",20,2001,9,0,94,1.0,0,0,0,0,0,0,0,0,0.0,0.0,0.0,0.0,0.0,1,1,100.0,0.96,0.96,0.0,0.0,10,2.7,,0,9,10,7,1.44,2,1,1,0.96,0.2,0,1,4,0,6,0,0,,,0
ENG-Premier League,2122,Tottenham Hotspur,Oliver Skipp,ENG,MF,20,2000,18,14,1350,15.0,0,0,0,0,0,0,6,0,0.0,0.0,0.0,0.0,0.0,4,1,25.0,0.27,0.07,0.0,0.0,75,39.5,87,12,4,34,1,1.78,21,13,8,0.53,-0.38,0,16,16,1,7,13,21,,,0
ENG-Premier League,2122,Watford,Jeremy Ngakia,,DF,20,2000,16,9,903,10.0,0,0,0,0,0,0,0,0,0.0,0.0,0.0,0.0,0.0,5,0,0.0,0.5,0.0,0.0,,56,26.4,81,5,7,24,17,0.63,8,19,-11,-1.1,0.05,0,10,6,0,25,16,19,,,0
ENG-Premier League,2122,Wolves,Rayan Aït-Nouri,ALG,MF,20,2001,23,20,1828,20.3,1,2,3,1,0,0,4,0,0.05,0.1,0.15,0.05,0.15,13,4,30.8,0.64,0.2,0.08,0.25,79,53.5,89,17,3,13,12,1.13,25,26,-1,-0.05,0.18,0,14,20,3,96,19,37,,,0
ENG-Premier League,2122,Arsenal,Albert Sambi Lokonga,BEL,MF,21,1999,19,12,1134,12.6,0,0,0,0,0,0,5,0,0.0,0.0,0.0,0.0,0.0,20,8,40.0,1.59,0.63,0.0,0.0,60,33.2,83,9,7,20,18,1.74,11,11,0,0.0,-0.51,0,12,15,0,2,13,16,,,0
ENG-Premier League,2122,Arsenal,Emile Smith Rowe,ENG,MF,21,2000,33,21,1921,21.3,10,2,12,10,0,0,1,0,0.47,0.09,0.56,0.47,0.56,40,23,57.5,1.87,1.08,0.25,0.43,58,56.2,80,10,12,19,2,1.73,28,28,0,0.0,-0.78,0,5,21,2,45,13,7,,,0
ENG-Premier League,2122,Arsenal,Nuno Tavares,POR,DF,21,2000,22,13,1176,13.1,1,1,2,1,0,0,2,0,0.08,0.08,0.15,0.08,0.15,23,2,8.7,1.76,0.15,0.04,0.5,53,34.4,83,10,9,11,16,1.77,25,19,6,0.46,0.18,0,23,13,1,41,10,13,,,0
ENG-Premier League,2122,Arsenal,Reiss Nelson,ENG,"FW,MF",21,1999,1,0,20,0.2,0,0,0,0,0,0,0,0,0.0,0.0,0.0,0.0,0.0,1,0,0.0,4.5,0.0,0.0,,20,0.6,,0,1,20,1,0.0,0,1,-1,-4.5,-4.87,0,0,0,0,0,0,0,,,0
ENG-Premier League,2122,Brentford,Bryan Mbeumo,CMR,FW,21,1999,35,34,2905,32.3,4,7,11,3,1,1,4,0,0.12,0.22,0.34,0.09,0.31,77,22,28.6,2.39,0.68,0.04,0.14,83,84.9,85,22,1,29,1,1.23,41,47,-6,-0.19,0.16,0,20,38,13,74,12,16,,,0
ENG-Premier League,2122,Brentford,Dominic Thompson,ENG,MF,21,2000,2,2,146,1.6,0,0,0,0,0,0,0,0,0.0,0.0,0.0,0.0,0.0,1,0,0.0,0.62,0.0,0.0,,73,4.3,73,0,0,,11,0.0,0,3,-3,-1.85,-1.71,0,1,0,0,2,2,0,,,0
ENG-Premier League,2122,Brighton,Aaron Connolly,IRL,FW,21,2000,4,1,156,1.7,0,0,0,0,0,0,0,0,0.0,0.0,0.0,0.0,0.0,2,0,0.0,1.15,0.0,0.0,,39,4.6,60,0,3,32,5,1.25,2,1,1,0.58,0.66,0,0,6,0,0,0,0,,,0
ENG-Premier League,2122,Burnley,Dwight McNeil,ENG,MF,21,1999,38,35,3107,34.5,0,1,1,0,0,0,1,0,0.0,0.03,0.03,0.0,0.03,52,15,28.8,1.51,0.43,0.0,0.0,82,90.8,87,26,3,21,0,0.92,31,49,-18,-0.52,-0.23,0,16,36,1,200,33,53,,,0
ENG-Premier League,2122,Chelsea,Reece James,ENG,MF,21,1999,26,22,1864,20.7,5,9,14,5,0,0,4,1,0.24,0.43,0.68,0.24,0.68,37,10,27.0,1.79,0.48,0.14,0.5,72,54.5,81,17,4,23,1,1.73,41,21,20,0.97,-0.36,0,20,31,4,107,15,24,,,1
ENG-Premier League,2122,Crystal Palace,Conor Gallagher,ENG,MF,21,2000,34,33,2845,31.6,8,3,11,8,0,0,10,0,0.25,0.09,0.35,0.25,0.35,52,22,42.3,1.64,0.7,0.15,0.36,84,83.2,86,26,1,17,0,1.32,41,38,3,0.09,-0.06,0,65,66,2,127,26,35,,,0
ENG-Premier League,2122,Crystal Palace,Marc Guéhi,ENG,DF,21,2000,36,36,3222,35.8,2,1,3,2,0,0,4,0,0.06,0.03,0.08,0.06,0.08,19,5,26.3,0.53,0.14,0.11,0.4,90,94.2,90,35,0,,1,1.25,49,43,6,0.17,1.08,0,14,35,0,3,30,20,,,0
ENG-Premier League,2122,Crystal Palace,Tyrick Mitchell,ENG,DF,21,1999,36,35,3101,34.5,0,2,2,0,0,0,1,0,0.0,0.06,0.06,0.0,0.06,4,0,0.0,0.12,0.0,0.0,,86,90.7,88,32,1,18,1,1.22,45,43,2,0.06,-0.51,0,16,14,2,62,40,54,,,0
ENG-Premier League,2122,Everton,Moise Kean,ITA,FW,21,2000,1,0,1,0.0,0,0,0,0,0,0,0,0,0.0,0.0,0.0,0.0,0.0,0,0,,0.0,0.0,,,1,0.0,,0,1,1,0,1.0,0,0,0,0.0,0.61,0,0,0,0,0,0,0,,,0
ENG-Premier League,2122,Leeds United,Illan Meslier,FRA,GK,21,2000,38,38,3384,37.6,0,0,0,0,0,0,2,0,0.0,0.0,0.0,0.0,0.0,0,0,,0.0,0.0,,,89,98.9,89,37,0,,0,1.0,39,79,-40,-1.06,-8.56,0,0,5,0,0,0,1,,,0
ENG-Premier League,2122,Leeds United,Jamie Shackleton,ENG,"DF,MF",21,1999,14,7,709,7.9,0,0,0,0,0,0,4,0,0.0,0.0,0.0,0.0,0.0,4,1,25.0,0.51,0.13,0.0,0.0,51,20.7,75,3,7,26,14,0.86,9,14,-5,-0.63,0.43,0,13,6,0,4,7,17,,,0
ENG-Premier League,2122,Leeds United,Pascal Struijk,NED,DF,21,1999,29,22,2055,22.8,1,0,1,1,0,0,6,1,0.04,0.0,0.04,0.04,0.04,11,4,36.4,0.48,0.18,0.09,0.25,71,60.1,86,20,7,24,2,1.0,25,52,-27,-1.18,-0.52,0,25,7,1,0,37,38,,,0
ENG-Premier League,2122,Manchester City,Ferrán Torres,ESP,FW,21,2000,4,4,303,3.4,2,1,3,2,0,0,0,0,0.59,0.3,0.89,0.59,0.89,13,4,30.8,3.86,1.19,0.15,0.5,76,8.9,76,2,0,,3,2.25,8,1,7,2.08,0.17,0,1,1,1,3,0,2,,,0
ENG-Premier League,2122,Manchester City,Phil Foden,ENG,FW,21,2000,28,24,2128,23.6,9,5,14,9,0,0,1,0,0.38,0.21,0.59,0.38,0.59,57,22,38.6,2.41,0.93,0.16,0.41,76,62.2,84,15,4,26,5,2.43,59,16,43,1.82,-0.27,0,14,23,13,134,12,9,,,0
ENG-Premier League,2122,Manchester Utd,Jadon Sancho,ENG,"MF,FW",21,2000,29,20,1900,21.1,3,3,6,3,0,0,0,0,0.14,0.14,0.28,0.14,0.28,26,9,34.6,1.23,0.43,0.12,0.33,66,55.6,81,11,9,31,3,1.55,29,28,1,0.05,0.11,0,4,7,7,28,13,8,,,0
ENG-Premier League,2122,Newcastle United,Joe Willock,ENG,MF,21,1999,29,24,2038,22.6,2,0,2,2,0,0,0,0,0.09,0.0,0.09,0.09,0.09,35,11,31.4,1.55,0.49,0.06,0.18,70,59.6,81,9,5,18,2,1.28,26,36,-10,-0.44,0.08,0,34,26,0,16,19,37,,,0
ENG-Premier League,2122,Norwich City,Josh Sargent,USA,"FW,MF",21,2000,26,18,1572,17.5,2,1,3,2,0,0,1,0,0.11,0.06,0.17,0.11,0.17,23,3,13.0,1.32,0.17,0.09,0.67,60,46.0,79,5,8,19,0,0.62,11,33,-22,-1.26,0.64,0,9,23,4,11,10,17,,,0
ENG-Premier League,2122,Norwich City,Max Aarons,ENG,DF,21,2000,34,32,2881,32.0,0,2,2,0,0,0,8,0,0.0,0.06,0.06,0.0,0.06,13,2,15.4,0.41,0.06,0.0,0.0,85,84.2,89,29,2,22,2,0.53,18,69,-51,-1.59,0.08,0,26,52,1,50,26,45,,,1
ENG-Premier League,2122,Norwich City,Ozan Kabak,TUR,DF,21,2000,11,11,922,10.2,0,0,0,0,0,0,2,0,0.0,0.0,0.0,0.0,0.0,5,2,40.0,0.49,0.2,0.0,0.0,84,27.0,84,9,0,,8,0.18,4,25,-21,-2.05,-0.61,0,10,9,0,1,16,5,,,0
ENG-Premier League,2122,Southampton,William Smallbone,IRL,"MF,FW",21,2000,4,2,133,1.5,0,0,0,0,0,0,0,0,0.0,0.0,0.0,0.0,0.0,1,0,0.0,0.68,0.0,0.0,,33,3.9,57,0,2,10,12,0.25,3,5,-2,-1.35,-0.75,0,2,1,0,4,2,4,,,0
ENG-Premier League,2122,Tottenham Hotspur,Dejan Kulusevski,SWE,"MF,FW",21,2000,18,14,1261,14.0,5,8,13,5,0,0,3,0,0.36,0.57,0.93,0.36,0.93,26,10,38.5,1.86,0.71,0.19,0.5,70,36.9,81,4,4,32,0,1.94,35,11,24,1.71,1.5,0,20,15,4,25,13,12,,,0
ENG-Premier League,2122,Tottenham Hotspur,Ryan Sessegnon,ENG,MF,21,2000,15,13,1047,11.6,0,2,2,0,0,0,2,0,0.0,0.17,0.17,0.0,0.17,6,1,16.7,0.52,0.09,0.0,0.0,70,30.6,74,4,2,41,7,2.0,26,10,16,1.38,0.88,0,19,7,5,38,7,21,,,0
ENG-Premier League,2122,West Ham United,Ben Johnson,ENG,"DF,MF",21,2000,20,16,1397,15.5,1,0,1,1,0,0,1,0,0.06,0.0,0.06,0.06,0.06,5,1,20.0,0.32,0.06,0.2,1.0,70,40.8,84,13,4,14,12,1.7,23,18,5,0.32,0.14,0,10,4,0,55,21,15,,,0
ENG-Premier League,2122,Wolves,Chiquinho,POR,MF,21,2000,8,1,208,2.3,0,3,3,0,0,0,0,0,0.0,1.3,1.3,0.0,1.3,5,2,40.0,2.16,0.87,0.0,0.0,26,6.1,90,1,7,17,7,1.0,5,5,0,0.0,0.14,0,9,7,0,25,1,6,,,0
ENG-Premier League,2122,Wolves,Francisco Trincão,POR,"FW,MF",21,1999,28,16,1336,14.8,2,1,3,2,0,0,0,0,0.13,0.07,0.2,0.13,0.2,32,14,43.8,2.16,0.94,0.06,0.14,48,39.1,74,1,12,12,9,1.21,13,15,-2,-0.13,-0.01,0,13,22,1,33,10,14,,,0
ENG-Premier League,2122,Wolves,Morgan Gibbs-White,ENG,"FW,MF",21,2000,2,0,9,0.1,0,0,0,0,0,0,1,0,0.0,0.0,0.0,0.0,0.0,2,0,0.0,20.0,0.0,0.0,,5,0.3,,0,2,5,1,0.0,0,0,0,0.0,0.13,0,2,0,0,1,0,0,,,0
ENG-Premier League,2122,Wolves,Pedro Neto,POR,"FW,MF",21,2000,13,5,466,5.2,1,1,2,1,0,0,3,0,0.19,0.19,0.39,0.19,0.39,17,4,23.5,3.28,0.77,0.06,0.25,36,13.6,59,0,8,21,0,0.85,4,14,-10,-1.93,-2.08,0,2,6,1,37,5,5,,,0
ENG-Premier League,2122,Arsenal,Eddie Nketiah,ENG,FW,22,1999,21,8,835,9.3,5,1,6,5,0,0,3,0,0.54,0.11,0.65,0.54,0.65,28,12,42.9,3.02,1.29,0.18,0.42,40,24.4,82,4,13,14,5,1.76,18,18,0,0.0,-0.45,0,17,14,5,5,5,5,,,0
ENG-Premier League,2122,Arsenal,Martin Ødegaard,NOR,MF,22,1998,36,32,2785,30.9,7,4,11,7,0,0,4,0,0.23,0.13,0.36,0.23,0.36,53,21,39.6,1.71,0.68,0.13,0.33,77,81.4,84,20,4,26,0,1.92,53,39,14,0.45,0.59,0,27,20,3,59,10,19,,,0
ENG-Premier League,2122,Arsenal,Takehiro Tomiyasu,JPN,DF,22,1998,21,20,1679,18.7,0,1,1,0,0,0,2,0,0.0,0.05,0.05,0.0,0.05,11,2,18.2,0.59,0.11,0.0,0.0,80,49.1,84,16,1,1,1,1.95,30,20,10,0.54,0.38,0,16,14,0,31,23,16,,,0
ENG-Premier League,2122,Brentford,Josh Dasilva,ENG,"MF,FW",22,1998,9,2,257,2.9,0,0,0,0,0,0,0,1,0.0,0.0,0.0,0.0,0.0,1,0,0.0,0.35,0.0,0.0,,29,7.5,39,0,7,26,1,0.89,4,4,0,0.0,0.23,0,4,3,0,4,1,1,,,0
ENG-Premier League,2122,Brentford,Mads Bech Sørensen,DEN,DF,22,1999,11,9,835,9.3,0,0,0,0,0,0,3,0,0.0,0.0,0.0,0.0,0.0,2,0,0.0,0.22,0.0,0.0,,76,24.4,83,7,2,45,14,1.45,9,14,-5,-0.54,-0.43,0,8,4,0,10,5,6,,,0
ENG-Premier League,2122,Brentford,Mads Roerslev,DEN,"MF,DF",22,1999,21,12,1240,13.8,1,1,2,1,0,0,1,0,0.07,0.07,0.15,0.07,0.15,5,2,40.0,0.36,0.15,0.2,0.5,59,36.3,89,11,9,19,15,1.29,17,27,-10,-0.73,-0.81,0,18,8,2,35,16,12,,,0
ENG-Premier League,2122,Brentford,Marcus Forss,FIN,FW,22,1999,7,1,209,2.3,0,1,1,0,0,0,0,0,0.0,0.43,0.43,0.0,0.43,5,0,0.0,2.15,0.0,0.0,,30,6.1,90,1,6,20,16,0.86,4,4,0,0.0,0.22,0,3,1,0,1,1,3,,,0
ENG-Premier League,2122,Brighton,Alexis Mac Allister,ARG,"MF,FW",22,1998,33,22,2123,23.6,5,2,7,3,2,3,4,0,0.21,0.08,0.3,0.13,0.21,60,11,18.3,2.54,0.47,0.05,0.27,64,62.1,86,18,11,21,5,1.33,31,29,2,0.08,0.36,0,30,39,4,67,12,41,,,0
ENG-Premier League,2122,Brighton,Jakub Moder,POL,"MF,FW",22,1999,28,19,1701,18.9,0,3,3,0,0,0,1,0,0.0,0.16,0.16,0.0,0.16,28,6,21.4,1.48,0.32,0.0,0.0,61,49.7,81,10,9,18,2,1.18,17,23,-6,-0.32,-0.53,0,19,11,0,45,10,26,,,0
ENG-Premier League,2122,Brighton,Steven Alzate,COL,MF,22,1998,9,5,404,4.5,0,0,0,0,0,0,0,0,0.0,0.0,0.0,0.0,0.0,1,1,100.0,0.22,0.22,0.0,0.0,45,11.8,69,1,4,15,18,1.11,3,7,-4,-0.89,-0.95,0,6,4,0,0,11,5,,,0
ENG-Premier League,2122,Chelsea,Christian Pulisic,USA,"MF,FW",22,1998,22,13,1290,14.3,6,2,8,6,0,0,2,0,0.42,0.14,0.56,0.42,0.56,28,11,39.3,1.95,0.77,0.21,0.55,59,37.7,85,9,9,20,5,1.77,27,10,17,1.19,0.09,0,15,31,4,14,5,7,,,0
ENG-Premier League,2122,Chelsea,Kai Havertz,GER,"FW,MF",22,1999,29,22,1809,20.1,8,3,11,8,0,0,3,0,0.4,0.15,0.55,0.4,0.55,56,23,41.1,2.79,1.14,0.14,0.35,62,52.9,77,11,7,16,6,2.0,44,18,26,1.29,0.34,0,40,25,12,8,5,9,,,0
ENG-Premier League,2122,Chelsea,Malang Sarr,FRA,DF,22,1999,8,6,546,6.1,0,0,0,0,0,0,2,0,0.0,0.0,0.0,0.0,0.0,1,0,0.0,0.16,0.0,0.0,,68,16.0,85,4,2,18,21,2.0,6,7,-1,-0.16,-1.54,0,8,1,0,4,11,7,,,0
ENG-Premier League,2122,Chelsea,Mason Mount,ENG,MF,22,1999,32,27,2363,26.3,11,10,21,10,1,1,4,0,0.42,0.38,0.8,0.38,0.76,76,29,38.2,2.89,1.1,0.13,0.34,74,69.1,85,20,5,16,3,1.97,56,25,31,1.18,0.16,0,30,23,5,153,12,18,,,0
ENG-Premier League,2122,Chelsea,Trevoh Chalobah,ENG,DF,22,1999,20,17,1449,16.1,3,1,4,3,0,0,2,0,0.19,0.06,0.25,0.19,0.25,9,7,77.8,0.56,0.43,0.33,0.43,72,42.4,82,13,3,20,13,2.3,38,9,29,1.8,1.16,0,19,14,0,4,19,28,,,0
ENG-Premier League,2122,Everton,Vitaliy Mykolenko,UKR,"DF,MF",22,1999,13,12,1055,11.7,1,0,1,1,0,0,0,0,0.09,0.0,0.09,0.09,0.09,8,2,25.0,0.68,0.17,0.13,0.5,81,30.8,85,10,1,32,4,1.08,14,17,-3,-0.26,0.51,0,13,9,0,41,16,14,,,0
ENG-Premier League,2122,Leeds United,Tyler Roberts,WAL,"MF,FW",22,1999,23,7,987,11.0,1,1,2,1,0,0,5,0,0.09,0.09,0.18,0.09,0.18,30,13,43.3,2.74,1.19,0.03,0.08,43,28.9,84,4,16,25,4,0.83,9,26,-17,-1.55,-0.81,0,14,19,3,15,5,8,,,0
ENG-Premier League,2122,Leicester City,Boubakary Soumaré,FRA,MF,22,1999,19,12,1102,12.2,0,1,1,0,0,0,0,0,0.0,0.08,0.08,0.0,0.08,6,2,33.3,0.49,0.16,0.0,0.0,58,32.2,77,6,7,26,7,1.37,19,27,-8,-0.65,-1.08,0,16,17,0,4,11,13,,,0
ENG-Premier League,2122,Leicester City,Kiernan Dewsbury-Hall,ENG,MF,22,1998,28,23,2105,23.4,1,2,3,1,0,0,4,0,0.04,0.09,0.13,0.04,0.13,21,3,14.3,0.9,0.13,0.05,0.33,75,61.5,88,19,5,17,8,1.46,37,27,10,0.43,0.91,0,20,29,0,86,20,23,,,0
ENG-Premier League,2122,Leicester City,Patson Daka,ZAM,FW,22,1998,23,13,1159,12.9,5,3,8,5,0,0,2,0,0.39,0.23,0.62,0.39,0.62,26,16,61.5,2.02,1.24,0.19,0.31,50,33.9,76,2,10,17,13,1.17,20,20,0,0.0,-0.12,0,17,14,7,1,2,10,,,0
ENG-Premier League,2122,Liverpool,Caoimhín Kelleher,IRL,GK,22,1998,2,2,180,2.0,0,0,0,0,0,0,0,0,0.0,0.0,0.0,0.0,0.0,0,0,,0.0,0.0,,,90,5.3,90,2,0,,34,2.0,7,2,5,2.5,0.75,0,0,1,0,0,0,1,,,0
ENG-Premier League,2122,Liverpool,Ibrahima Konaté,FRA,DF,22,1999,11,11,990,11.0,0,0,0,0,0,0,2,0,0.0,0.0,0.0,0.0,0.0,4,0,0.0,0.36,0.0,0.0,,90,28.9,90,11,0,,26,2.27,28,10,18,1.64,-0.22,0,10,3,0,0,17,11,,,0
ENG-Premier League,2122,Liverpool,Trent Alexander-Arnold,ENG,DF,22,1998,32,32,2853,31.7,2,12,14,2,0,0,2,0,0.06,0.38,0.44,0.06,0.44,51,15,29.4,1.61,0.47,0.04,0.13,89,83.4,89,30,0,,2,2.38,80,22,58,1.83,0.24,0,12,7,11,277,44,24,,,0
ENG-Premier League,2122,Manchester Utd,Diogo Dalot,POR,DF,22,1999,24,19,1801,20.0,0,0,0,0,0,0,4,0,0.0,0.0,0.0,0.0,0.0,13,4,30.8,0.65,0.2,0.0,0.0,75,52.7,89,18,5,21,13,1.63,28,29,-1,-0.05,-0.11,0,18,4,1,59,28,39,,,0
ENG-Premier League,2122,Southampton,Ibrahima Diallo,FRA,MF,22,1999,23,10,1023,11.4,0,2,2,0,0,0,1,0,0.0,0.18,0.18,0.0,0.18,8,4,50.0,0.7,0.35,0.0,0.0,44,29.9,81,7,13,17,12,1.13,13,21,-8,-0.7,-0.1,0,8,15,0,8,7,11,,,0
ENG-Premier League,2122,Southampton,Mohammed Salisu,GHA,DF,22,1999,34,33,2972,33.0,0,0,0,0,0,0,10,1,0.0,0.0,0.0,0.0,0.0,24,10,41.7,0.73,0.3,0.0,0.0,87,86.9,88,32,1,54,2,1.09,42,57,-15,-0.45,1.35,1,38,7,2,13,76,46,,,1
ENG-Premier League,2122,Southampton,Nathan Tella,NGA,"MF,FW",22,1999,14,10,804,8.9,0,1,1,0,0,0,2,0,0.0,0.11,0.11,0.0,0.11,12,5,41.7,1.34,0.56,0.0,0.0,57,23.5,74,1,4,15,14,0.79,14,18,-4,-0.45,0.24,0,17,22,3,12,7,9,,,0
ENG-Premier League,2122,Southampton,Yan Valery,TUN,DF,22,1999,5,3,370,4.1,0,0,0,0,0,0,0,0,0.0,0.0,0.0,0.0,0.0,2,0,0.0,0.49,0.0,0.0,,74,10.8,90,3,2,50,29,0.8,2,7,-5,-1.22,-0.66,0,3,3,0,4,7,6,,,0
ENG-Premier League,2122,Tottenham Hotspur,Emerson,BRA,"MF,DF",22,1999,31,26,2286,25.4,1,1,2,1,0,0,5,0,0.04,0.04,0.08,0.04,0.08,15,4,26.7,0.59,0.16,0.07,0.25,74,66.8,85,17,5,16,3,1.81,43,26,17,0.67,-0.28,0,28,45,2,74,24,44,,,0
ENG-Premier League,2122,Tottenham Hotspur,Japhet Tanganga,ENG,"DF,MF",22,1999,11,10,735,8.2,0,0,0,0,0,0,4,1,0.0,0.0,0.0,0.0,0.0,7,2,28.6,0.86,0.24,0.0,0.0,67,21.5,73,4,1,8,7,2.18,11,8,3,0.37,-0.5,1,19,8,1,10,9,9,,,0
ENG-Premier League,2122,Watford,Cucho,COL,"MF,FW",22,1999,25,11,1147,12.7,5,2,7,5,0,0,3,0,0.39,0.16,0.55,0.39,0.55,33,11,33.3,2.59,0.86,0.15,0.45,46,33.5,75,5,14,23,7,0.68,19,34,-15,-1.18,-0.07,0,12,12,1,54,7,5,,,1
ENG-Premier League,2122,Watford,Imran Louza,MAR,MF,22,1999,20,17,1416,15.7,0,0,0,0,0,0,6,0,0.0,0.0,0.0,0.0,0.0,17,4,23.5,1.08,0.25,0.0,0.0,71,41.4,77,8,3,37,9,0.5,12,38,-26,-1.65,-0.89,0,24,14,0,54,42,22,,,0
ENG-Premier League,2122,West Ham United,Declan Rice,ENG,MF,22,1999,36,35,3179,35.3,1,4,5,1,0,0,8,0,0.03,0.11,0.14,0.03,0.14,26,8,30.8,0.74,0.23,0.04,0.13,88,93.0,90,35,1,29,0,1.47,56,49,7,0.2,-0.55,0,28,10,0,30,60,41,,,0
ENG-Premier League,2122,Wolves,Toti Gomes,POR,DF,22,1999,4,4,360,4.0,0,0,0,0,0,0,1,0,0.0,0.0,0.0,0.0,0.0,1,0,0.0,0.25,0.0,0.0,,90,10.5,90,4,0,,12,1.75,7,6,1,0.25,0.43,0,2,3,1,1,7,7,,,0
ESP-La Liga,2122,Alavés,Tomás Mendes,ESP,MF,16,2004,1,0,9,0.1,0,0,0,0,0,0,0,0,0.0,0.0,0.0,0.0,0.0,0,0,,0.0,0.0,,,9,0.3,,0,1,9,5,0.0,0,0,0,0.0,0.9,0,0,0,0,0,0,0,,,0
ESP-La Liga,2122,Barcelona,Gavi,ESP,"MF,FW",16,2004,34,28,2316,25.7,2,5,7,2,0,0,11,1,0.08,0.19,0.27,0.08,0.27,30,8,26.7,1.17,0.31,0.07,0.25,68,67.7,78,11,6,23,2,1.85,44,27,17,0.66,-0.4,1,63,69,12,49,29,19,,,0
ESP-La Liga,2122,Espanyol,Luca Koleosho,ITA,MF,16,2004,1,0,1,0.0,0,0,0,0,0,0,0,0,0.0,0.0,0.0,0.0,0.0,0,0,,0.0,0.0,,,1,0.0,,0,1,1,0,1.0,0,0,0,0.0,0.34,0,2,0,0,0,0,0,,,0
ESP-La Liga,2122,Barcelona,Alejandro Balde,ESP,DF,17,2003,5,2,188,2.1,0,0,0,0,0,0,0,0,0.0,0.0,0.0,0.0,0.0,1,0,0.0,0.48,0.0,0.0,,38,5.5,65,0,3,19,13,1.4,0,4,-4,-1.91,-2.86,0,4,4,0,6,1,1,,,0
ESP-La Liga,2122,Barcelona,Estanis,ESP,FW,17,2003,1,0,11,0.1,0,0,0,0,0,0,0,0,0.0,0.0,0.0,0.0,0.0,0,0,,0.0,0.0,,,11,0.3,,0,1,11,0,3.0,0,0,0,0.0,-0.79,0,1,0,0,0,0,1,,,0
ESP-La Liga,2122,Barcelona,Ilias Akhomach,MAR,FW,17,2004,2,2,124,1.4,0,0,0,0,0,0,0,0,0.0,0.0,0.0,0.0,0.0,4,2,50.0,2.9,1.45,0.0,0.0,62,3.6,62,0,0,,3,3.0,1,0,1,0.73,-0.07,0,3,4,0,6,0,1,,,0
ESP-La Liga,2122,Celta Vigo,Hugo Sotelo,ESP,MF,17,2003,1,0,2,0.0,0,0,0,0,0,0,0,0,0.0,0.0,0.0,0.0,0.0,0,0,,0.0,0.0,,,2,0.1,,0,1,2,4,3.0,0,1,-1,-45.0,-45.03,0,0,0,0,0,0,0,,,0
ESP-La Liga,2122,Cádiz,Álvaro Bastida,ESP,MF,17,2004,6,2,197,2.2,0,0,0,0,0,0,1,0,0.0,0.0,0.0,0.0,0.0,0,0,,0.0,0.0,,,33,5.8,69,0,4,15,14,0.67,4,6,-2,-0.91,-0.52,0,1,0,0,0,3,4,,,0
ESP-La Liga,2122,Levante,Alejandro Primo,ESP,GK,17,2004,1,1,90,1.0,0,0,0,0,0,0,0,0,0.0,0.0,0.0,0.0,0.0,0,0,,0.0,0.0,,,90,2.6,90,1,0,,1,3.0,3,1,2,2.0,2.73,0,0,0,0,0,0,0,,,0
ESP-La Liga,2122,Sevilla,Juanlu Sánchez,ESP,"DF,MF",17,2003,1,0,5,0.1,0,0,0,0,0,0,1,0,0.0,0.0,0.0,0.0,0.0,0,0,,0.0,0.0,,,5,0.1,,0,1,5,9,1.0,0,0,0,0.0,-0.61,0,1,0,0,0,0,0,,,0
ESP-La Liga,2122,Valencia,Cristhian Mosquera,ESP,DF,17,2004,6,3,212,2.4,0,0,0,0,0,0,1,0,0.0,0.0,0.0,0.0,0.0,1,0,0.0,0.42,0.0,0.0,,35,6.2,60,1,3,11,16,0.83,1,5,-4,-1.7,-1.67,0,4,0,0,0,3,3,,,0
ESP-La Liga,2122,Valencia,Mario Dominguez,ESP,MF,17,2004,2,0,25,0.3,0,0,0,0,0,0,0,0,0.0,0.0,0.0,0.0,0.0,0,0,,0.0,0.0,,,13,0.7,,0,2,13,2,2.0,0,0,0,0.0,0.13,0,1,0,0,0,0,0,,,0
ESP-La Liga,2122,Valencia,Yellu Santiago,ESP,MF,17,2004,3,0,82,0.9,0,0,0,0,0,0,0,0,0.0,0.0,0.0,0.0,0.0,0,0,,0.0,0.0,,,27,2.4,,0,3,27,2,0.33,0,3,-3,-3.29,-3.24,0,1,1,0,0,0,2,,,0
ESP-La Liga,2122,Athletic Club,Nicolás Serrano,ESP,MF,18,2003,14,3,317,3.5,1,0,1,1,0,0,0,0,0.28,0.0,0.28,0.28,0.28,9,4,44.4,2.56,1.14,0.11,0.25,23,9.3,74,1,11,9,17,1.14,3,6,-3,-0.85,-1.14,0,8,6,1,22,2,5,,,0
ESP-La Liga,2122,Atlético Madrid,Giuliano Simeone,ARG,"FW,MF",18,2002,1,0,1,0.0,0,0,0,0,0,0,0,0,0.0,0.0,0.0,0.0,0.0,0,0,,0.0,0.0,,,1,0.0,,0,1,1,13,1.0,0,0,0,0.0,-0.58,0,0,2,0,0,0,0,,,0
ESP-La Liga,2122,Atlético Madrid,Javier Serrano,ESP,MF,18,2003,5,1,68,0.8,0,0,0,0,0,0,1,1,0.0,0.0,0.0,0.0,0.0,0,0,,0.0,0.0,,,14,2.0,45,0,4,6,15,2.6,1,0,1,1.32,0.76,0,4,1,0,0,3,1,,,0
ESP-La Liga,2122,Barcelona,Ansu Fati,ESP,FW,18,2002,10,3,336,3.7,4,0,4,4,0,0,0,0,1.07,0.0,1.07,1.07,1.07,18,8,44.4,4.82,2.14,0.22,0.5,34,9.8,59,0,7,23,0,1.7,8,4,4,1.07,0.31,0,9,12,3,3,0,2,,,0
ESP-La Liga,2122,Barcelona,Pedri,ESP,MF,18,2002,12,10,885,9.8,3,1,4,3,0,0,0,0,0.31,0.1,0.41,0.31,0.41,12,6,50.0,1.22,0.61,0.25,0.5,74,25.9,82,4,2,33,0,2.67,28,9,19,1.93,1.54,0,1,17,0,17,5,13,,,0
ESP-La Liga,2122,Barcelona,Yusuf Demir,AUT,FW,18,2003,6,2,192,2.1,0,0,0,0,0,0,0,0,0.0,0.0,0.0,0.0,0.0,1,0,0.0,0.47,0.0,0.0,,32,5.6,60,0,4,18,10,1.5,2,1,1,0.47,-0.34,0,0,4,0,2,2,1,,,0
ESP-La Liga,2122,Celta Vigo,Hugo Álvarez,ESP,"DF,MF",18,2003,1,0,11,0.1,0,0,0,0,0,0,0,0,0.0,0.0,0.0,0.0,0.0,1,0,0.0,8.18,0.0,0.0,,11,0.3,,0,1,11,5,3.0,0,0,0,0.0,0.0,0,0,0,0,0,0,0,,,0
ESP-La Liga,2122,Granada,Matias Arezo,URU,FW,18,2002,8,1,162,1.8,0,0,0,0,0,0,1,0,0.0,0.0,0.0,0.0,0.0,5,3,60.0,2.78,1.67,0.0,0.0,20,4.7,71,0,7,13,8,0.25,4,5,-1,-0.56,-0.11,0,3,1,0,4,1,3,,,0
ESP-La Liga,2122,Levante,Marc Pubill,ESP,"DF,MF",18,2003,11,5,512,5.7,0,1,1,0,0,0,1,0,0.0,0.18,0.18,0.0,0.18,6,1,16.7,1.05,0.18,0.0,0.0,47,15.0,79,2,6,20,9,0.73,9,17,-8,-1.41,-0.88,0,11,8,0,15,5,7,,,0
ESP-La Liga,2122,Mallorca,Javier Llabrés,ESP,MF,18,2002,5,1,132,1.5,0,0,0,0,0,0,0,0,0.0,0.0,0.0,0.0,0.0,5,2,40.0,3.41,1.36,0.0,0.0,26,3.9,73,0,4,15,16,0.0,0,2,-2,-1.36,-0.68,0,0,0,1,4,0,2,,,0
ESP-La Liga,2122,Osasuna,Iker Benito,ESP,MF,18,2002,4,1,118,1.3,0,0,0,0,0,0,1,0,0.0,0.0,0.0,0.0,0.0,3,1,33.3,2.29,0.76,0.0,0.0,30,3.5,66,0,3,17,6,1.0,0,4,-4,-3.05,-2.78,0,1,3,0,4,0,1,,,0
ESP-La Liga,2122,Real Madrid,Eduardo Camavinga,FRA,MF,18,2002,26,13,1236,13.7,2,1,3,2,0,0,8,0,0.15,0.07,0.22,0.15,0.22,12,5,41.7,0.87,0.36,0.17,0.4,48,36.1,71,6,13,24,8,2.42,33,13,20,1.46,0.26,0,34,29,1,3,17,35,,,0
ESP-La Liga,2122,Valencia,Ilaix Moriba,GUI,MF,18,2003,14,9,818,9.1,0,0,0,0,0,0,9,1,0.0,0.0,0.0,0.0,0.0,14,5,35.7,1.54,0.55,0.0,0.0,58,23.9,74,4,5,30,0,1.07,6,11,-5,-0.55,-0.55,1,21,25,0,3,13,17,,,0
ESP-La Liga,2122,Valencia,Jesus Vazquez,ESP,"MF,DF",18,2003,15,8,813,9.0,0,0,0,0,0,0,0,0,0.0,0.0,0.0,0.0,0.0,4,1,25.0,0.44,0.11,0.0,0.0,54,23.8,78,3,7,27,20,1.0,7,12,-5,-0.55,-0.55,0,14,8,0,24,9,12,,,0
ESP-La Liga,2122,Valencia,Ruben Lendinez,ESP,DF,18,2003,4,1,137,1.5,0,0,0,0,0,0,2,0,0.0,0.0,0.0,0.0,0.0,1,0,0.0,0.66,0.0,0.0,,34,4.0,90,1,3,16,7,0.75,2,6,-4,-2.63,-2.6,0,2,0,0,0,2,3,,,0
ESP-La Liga,2122,Valencia,Yunus Musah,USA,"MF,FW",18,2002,29,13,1259,14.0,1,0,1,1,0,0,5,0,0.07,0.0,0.07,0.07,0.07,7,2,28.6,0.5,0.14,0.14,0.5,43,36.8,75,1,16,17,5,1.31,13,18,-5,-0.36,-0.36,0,24,16,0,27,14,14,,,0
ESP-La Liga,2122,Villarreal,Yeremi Pino,ESP,"MF,FW",18,2002,31,21,1678,18.6,6,4,10,6,0,0,2,0,0.32,0.21,0.54,0.32,0.54,27,15,55.6,1.45,0.8,0.22,0.4,54,49.1,70,3,10,22,2,1.55,31,20,11,0.59,-0.18,0,29,34,10,15,7,14,,,0
ESP-La Liga,2122,Alavés,Facundo Pellistri,URU,"MF,FW",19,2001,21,6,672,7.5,0,0,0,0,0,0,0,0,0.0,0.0,0.0,0.0,0.0,7,2,28.6,0.94,0.27,0.0,0.0,32,19.6,62,0,15,20,14,0.76,4,10,-6,-0.8,0.11,0,8,20,3,13,5,5,,,0
ESP-La Liga,2122,Alavés,Javi López,ESP,DF,19,2002,9,4,462,5.1,0,0,0,0,0,0,2,0,0.0,0.0,0.0,0.0,0.0,0,0,,0.0,0.0,,,51,13.5,87,3,5,23,21,0.11,3,12,-9,-1.75,-0.99,0,6,12,0,14,4,4,,,0
ESP-La Liga,2122,Alavés,Unai Ropero,ESP,FW,19,2001,1,0,12,0.1,0,0,0,0,0,0,0,0,0.0,0.0,0.0,0.0,0.0,0,0,,0.0,0.0,,,12,0.4,,0,1,12,0,0.0,0,0,0,0.0,0.9,0,0,1,0,0,0,0,,,0
ESP-La Liga,2122,Athletic Club,Nico Williams,ESP,MF,19,2002,34,11,1337,14.9,0,0,0,0,0,0,4,0,0.0,0.0,0.0,0.0,0.0,33,10,30.3,2.22,0.67,0.0,0.0,39,39.1,71,1,23,24,0,1.44,19,15,4,0.27,0.14,0,24,23,10,60,6,10,,,0
ESP-La Liga,2122,Atlético Madrid,Carlos Martín,ESP,"FW,MF",19,2002,1,0,6,0.1,0,0,0,0,0,0,1,0,0.0,0.0,0.0,0.0,0.0,0,0,,0.0,0.0,,,6,0.2,,0,1,6,9,3.0,1,0,1,15.0,14.45,0,1,0,0,0,0,0,,,0
ESP-La Liga,2122,Barcelona,Abde Ezzalzouli,MAR,FW,19,2001,10,6,580,6.4,1,0,1,1,0,0,4,0,0.16,0.0,0.16,0.16,0.16,16,4,25.0,2.48,0.62,0.06,0.25,58,17.0,81,1,4,24,3,1.7,8,8,0,0.0,-0.95,0,17,15,2,15,9,9,,,0
ESP-La Liga,2122,Barcelona,Nicolás González,ESP,MF,19,2002,27,12,1114,12.4,2,1,3,2,0,0,6,0,0.16,0.08,0.24,0.16,0.24,17,4,23.5,1.37,0.32,0.12,0.5,41,32.6,72,2,15,17,4,2.04,21,10,11,0.89,0.15,0,38,19,1,7,6,21,,,0
ESP-La Liga,2122,Celta Vigo,Gabriel Veiga,ESP,MF,19,2002,7,0,108,1.2,0,0,0,0,0,0,0,0,0.0,0.0,0.0,0.0,0.0,2,0,0.0,1.67,0.0,0.0,,15,3.2,,0,7,15,4,1.86,0,3,-3,-2.5,-2.58,0,1,3,0,3,4,4,,,0
ESP-La Liga,2122,Espanyol,Gori,ESP,MF,19,2002,1,0,9,0.1,0,0,0,0,0,0,1,0,0.0,0.0,0.0,0.0,0.0,0,0,,0.0,0.0,,,9,0.3,,0,1,9,4,1.0,0,0,0,0.0,0.34,0,1,0,0,0,0,0,,,0
ESP-La Liga,2122,Espanyol,Lluís Recasens,ESP,DF,19,2002,1,0,45,0.5,0,0,0,0,0,0,0,0,0.0,0.0,0.0,0.0,0.0,0,0,,0.0,0.0,,,45,1.3,,0,1,45,0,0.0,0,2,-2,-4.0,-3.71,0,0,0,0,0,2,0,,,0
ESP-La Liga,2122,Getafe,Emmanuel Amankwaa Akurugu,GHA,MF,19,2001,3,1,79,0.9,0,1,1,0,0,0,0,0,0.0,1.14,1.14,0.0,1.14,1,0,0.0,1.14,0.0,0.0,,26,2.3,63,0,2,8,8,1.0,2,1,1,1.14,1.38,0,1,1,0,4,1,0,,,0
ESP-La Liga,2122,Granada,Raúl Torrente,ESP,DF,19,2001,18,15,1282,14.2,0,0,0,0,0,0,5,0,0.0,0.0,0.0,0.0,0.0,4,0,0.0,0.28,0.0,0.0,,71,37.5,80,12,3,27,11,0.94,15,20,-5,-0.35,0.15,0,24,11,1,2,11,22,,,0
ESP-La Liga,2122,Levante,Omar Faraj,PLE,FW,19,2002,1,0,4,0.0,0,0,0,0,0,0,0,0,0.0,0.0,0.0,0.0,0.0,0,0,,0.0,0.0,,,4,0.1,,0,1,4,1,3.0,0,0,0,0.0,0.66,0,1,0,0,0,0,0,,,0
ESP-La Liga,2122,Real Madrid,Peter González,DOM,MF,19,2002,3,0,27,0.3,0,0,0,0,0,0,0,0,0.0,0.0,0.0,0.0,0.0,2,1,50.0,6.67,3.33,0.0,0.0,9,0.8,,0,3,9,1,2.0,1,0,1,3.33,2.06,0,0,2,0,1,1,0,,,0
ESP-La Liga,2122,Real Sociedad,Ander Barrenetxea,ESP,"MF,FW",19,2001,11,6,547,6.1,1,1,2,1,0,0,0,0,0.16,0.16,0.33,0.16,0.33,8,3,37.5,1.32,0.49,0.13,0.33,50,16.0,61,0,5,36,1,1.09,5,8,-3,-0.49,-0.68,0,10,16,1,9,2,10,,,0
ESP-La Liga,2122,Real Sociedad,Beñat Turrientes,ESP,MF,19,2002,8,1,207,2.3,0,0,0,0,0,0,1,0,0.0,0.0,0.0,0.0,0.0,7,2,28.6,3.04,0.87,0.0,0.0,26,6.1,83,0,7,18,13,1.5,2,2,0,0.0,-0.08,0,3,3,0,2,2,0,,,0
ESP-La Liga,2122,Real Sociedad,Germán Valera,ESP,"FW,MF",19,2002,3,0,51,0.6,0,0,0,0,0,0,0,0,0.0,0.0,0.0,0.0,0.0,1,0,0.0,1.76,0.0,0.0,,17,1.5,,0,3,17,2,2.33,1,1,0,0.0,-0.08,0,3,0,0,1,0,2,,,0
ESP-La Liga,2122,Real Sociedad,Roberto Navarro,ESP,"MF,FW",19,2002,6,3,199,2.2,0,0,0,0,0,0,0,0,0.0,0.0,0.0,0.0,0.0,7,3,42.9,3.17,1.36,0.0,0.0,33,5.8,54,0,3,12,12,1.67,2,3,-1,-0.45,-0.56,0,3,2,1,2,2,3,,,0
ESP-La Liga,2122,Sevilla,Carmona,ESP,"DF,MF",19,2002,1,0,24,0.3,0,0,0,0,0,0,0,0,0.0,0.0,0.0,0.0,0.0,0,0,,0.0,0.0,,,24,0.7,,0,1,24,14,1.0,0,0,0,0.0,-0.61,0,0,1,0,0,1,0,,,0
ESP-La Liga,2122,Sevilla,Valentino Scotta,ESP,DF,19,2001,1,0,1,0.0,0,0,0,0,0,0,0,0,0.0,0.0,0.0,0.0,0.0,0,0,,0.0,0.0,,,1,0.0,,0,1,1,3,1.0,0,0,0,0.0,-0.61,0,0,0,0,0,0,0,,,0
ESP-La Liga,2122,Valencia,Koba Koindredi,FRA,MF,19,2001,10,1,181,2.0,0,0,0,0,0,0,1,0,0.0,0.0,0.0,0.0,0.0,1,0,0.0,0.5,0.0,0.0,,18,5.3,51,0,9,14,14,0.9,5,5,0,0.0,0.14,0,8,6,0,2,4,3,,,0
ESP-La Liga,2122,Alavés,Jesús Owono,EQG,GK,20,2001,1,1,90,1.0,0,0,0,0,0,0,0,0,0.0,0.0,0.0,0.0,0.0,0,0,,0.0,0.0,,,90,2.6,90,1,0,,2,1.0,1,1,0,0.0,0.92,0,0,0,0,0,0,0,,,0
ESP-La Liga,2122,Alavés,Marc Tenas,ESP,MF,20,2001,3,0,54,0.6,0,0,0,0,0,0,2,0,0.0,0.0,0.0,0.0,0.0,0,0,,0.0,0.0,,,18,1.6,,0,3,18,0,1.0,0,2,-2,-3.33,-2.48,0,3,1,0,2,0,1,,,0
ESP-La Liga,2122,Athletic Club,Julen Agirrezabala,ESP,GK,20,2000,4,4,360,4.0,0,0,0,0,0,0,0,0,0.0,0.0,0.0,0.0,0.0,0,0,,0.0,0.0,,,90,10.5,90,4,0,,10,1.25,5,5,0,0.0,-0.21,0,0,0,0,0,0,0,,,0
ESP-La Liga,2122,Athletic Club,Unai Vencedor Paris,ESP,MF,20,2000,34,29,2383,26.5,0,0,0,0,0,0,4,0,0.0,0.0,0.0,0.0,0.0,20,2,10.0,0.76,0.08,0.0,0.0,70,69.7,78,13,5,27,0,1.44,28,26,2,0.08,-0.36,0,28,35,0,47,18,12,,,0
ESP-La Liga,2122,Barcelona,Alvaro Sanz,ESP,MF,20,2001,2,0,29,0.3,0,0,0,0,0,0,0,0,0.0,0.0,0.0,0.0,0.0,0,0,,0.0,0.0,,,15,0.8,,0,2,15,5,2.0,0,1,-1,-3.1,-3.93,0,0,1,0,0,0,0,,,0
ESP-La Liga,2122,Barcelona,Eric García,ESP,DF,20,2001,26,23,2039,22.7,0,0,0,0,0,0,5,1,0.0,0.0,0.0,0.0,0.0,6,4,66.7,0.26,0.18,0.0,0.0,78,59.6,82,16,3,48,7,2.0,46,20,26,1.15,0.89,0,35,5,2,2,41,17,,,0
ESP-La Liga,2122,Barcelona,Mika Mármol,ESP,DF,20,2001,1,0,1,0.0,0,0,0,0,0,0,0,0,0.0,0.0,0.0,0.0,0.0,0,0,,0.0,0.0,,,1,0.0,,0,1,1,1,1.0,0,0,0,0.0,-0.79,0,0,0,0,0,0,0,,,0
ESP-La Liga,2122,Barcelona,Sergiño Dest,USA,"DF,FW",20,2000,21,17,1512,16.8,0,3,3,0,0,0,2,0,0.0,0.18,0.18,0.0,0.18,12,3,25.0,0.71,0.18,0.0,0.0,72,44.2,84,9,4,20,4,1.67,23,15,8,0.48,-0.56,0,17,19,1,59,2,15,,,0
ESP-La Liga,2122,Celta Vigo,Carlos Dominguez,ESP,DF,20,2001,8,3,344,3.8,0,0,0,0,0,0,1,0,0.0,0.0,0.0,0.0,0.0,1,0,0.0,0.26,0.0,0.0,,43,10.1,86,2,5,17,24,2.25,6,2,4,1.05,1.16,0,3,4,0,0,5,2,,,0
ESP-La Liga,2122,Elche,John Donald,ESP,DF,20,2000,2,2,180,2.0,0,0,0,0,0,0,0,0,0.0,0.0,0.0,0.0,0.0,2,1,50.0,1.0,0.5,0.0,0.0,90,5.3,90,2,0,,12,1.5,3,2,1,0.5,0.86,0,2,0,0,0,3,5,,,0
ESP-La Liga,2122,Espanyol,Daniel Villahermosa,ESP,MF,20,2001,1,0,23,0.3,0,0,0,0,0,0,0,0,0.0,0.0,0.0,0.0,0.0,0,0,,0.0,0.0,,,23,0.7,,0,1,23,2,1.0,0,0,0,0.0,0.34,0,0,1,0,0,0,0,,,0
ESP-La Liga,2122,Espanyol,Joan García,ESP,GK,20,2001,2,1,108,1.2,0,0,0,0,0,0,0,0,0.0,0.0,0.0,0.0,0.0,0,0,,0.0,0.0,,,54,3.2,90,1,1,18,30,0.5,1,3,-2,-1.67,-1.37,0,0,0,0,0,1,0,,,0
ESP-La Liga,2122,Espanyol,Jofre,ESP,MF,20,2001,3,0,20,0.2,0,1,1,0,0,0,0,0,0.0,4.5,4.5,0.0,4.5,0,0,,0.0,0.0,,,7,0.6,,0,3,7,5,1.33,2,0,2,9.0,9.4,0,0,4,0,3,0,1,,,0
ESP-La Liga,2122,Espanyol,Nico Ribaudo,ESP,"MF,FW",20,2001,31,7,1116,12.4,2,0,2,2,0,0,5,1,0.16,0.0,0.16,0.16,0.16,20,4,20.0,1.61,0.32,0.1,0.5,36,32.6,65,0,24,28,4,1.23,15,14,1,0.08,0.63,1,26,36,3,16,8,7,,,0
ESP-La Liga,2122,Espanyol,Rubén,ESP,DF,20,2001,4,1,150,1.7,0,1,1,0,0,0,0,0,0.0,0.6,0.6,0.0,0.6,1,0,0.0,0.6,0.0,0.0,,38,4.4,90,1,3,20,4,1.0,2,3,-1,-0.6,-0.27,0,4,1,0,9,2,1,,,0
ESP-La Liga,2122,Granada,Barcia,ESP,DF,20,2000,1,1,75,0.8,0,0,0,0,0,0,0,0,0.0,0.0,0.0,0.0,0.0,0,0,,0.0,0.0,,,75,2.2,75,0,0,,4,1.0,0,1,-1,-1.2,-0.77,0,0,0,0,0,1,0,,,0
ESP-La Liga,2122,Granada,Isma Ruiz,ESP,MF,20,2001,8,3,283,3.1,0,0,0,0,0,0,1,0,0.0,0.0,0.0,0.0,0.0,4,1,25.0,1.27,0.32,0.0,0.0,35,8.3,70,0,5,14,23,1.0,4,5,-1,-0.32,0.14,0,2,3,1,1,3,1,,,0
ESP-La Liga,2122,Mallorca,Fernando Niño,ESP,FW,20,2000,23,9,884,9.8,2,0,2,2,0,0,2,0,0.2,0.0,0.2,0.2,0.2,23,13,56.5,2.34,1.32,0.09,0.15,38,25.8,69,2,14,19,12,0.87,9,20,-11,-1.12,-0.55,0,18,19,3,1,4,5,,,0
ESP-La Liga,2122,Mallorca,Lee Kang-in,KOR,MF,20,2001,30,15,1411,15.7,1,2,3,1,0,0,4,1,0.06,0.13,0.19,0.06,0.19,36,15,41.7,2.3,0.96,0.03,0.07,47,41.3,73,2,15,21,3,0.8,16,28,-12,-0.77,-0.09,1,23,36,1,74,6,7,,,1
ESP-La Liga,2122,Mallorca,Matthew Hoppe,USA,FW,20,2001,5,1,131,1.5,0,1,1,0,0,0,0,0,0.0,0.69,0.69,0.0,0.69,2,0,0.0,1.37,0.0,0.0,,26,3.8,58,0,4,18,20,0.2,1,5,-4,-2.75,-2.12,0,4,1,2,0,0,0,,,0
ESP-La Liga,2122,Mallorca,Takefusa Kubo,JPN,"MF,FW",20,2001,28,17,1605,17.8,1,0,1,1,0,0,4,0,0.06,0.0,0.06,0.06,0.06,48,8,16.7,2.69,0.45,0.02,0.13,57,46.9,78,3,11,26,1,1.04,20,33,-13,-0.73,-0.03,0,16,47,5,53,9,19,,,0
ESP-La Liga,2122,Osasuna,Manu Sánchez,ESP,DF,20,2000,33,25,2257,25.1,1,3,4,1,0,0,6,0,0.04,0.12,0.16,0.04,0.16,6,1,16.7,0.24,0.04,0.17,1.0,68,66.0,85,14,8,17,3,1.36,24,29,-5,-0.2,0.5,0,32,16,0,71,17,36,,,0
ESP-La Liga,2122,Rayo Vallecano,Alejandro Asensio,ESP,FW,20,2000,2,0,12,0.1,0,0,0,0,0,0,0,0,0.0,0.0,0.0,0.0,0.0,1,1,100.0,7.5,7.5,0.0,0.0,6,0.4,,0,2,6,2,0.0,0,0,0,0.0,0.29,0,0,0,0,1,0,0,,,0
ESP-La Liga,2122,Real Betis,Raúl,ESP,FW,20,2000,1,0,1,0.0,0,0,0,0,0,0,0,0,0.0,0.0,0.0,0.0,0.0,0,0,,0.0,0.0,,,1,0.0,,0,1,1,1,3.0,0,0,0,0.0,-0.58,0,0,0,0,0,0,0,,,0
ESP-La Liga,2122,Real Betis,Roberto González,ESP,MF,20,2001,4,1,135,1.5,0,0,0,0,0,0,0,0,0.0,0.0,0.0,0.0,0.0,2,0,0.0,1.33,0.0,0.0,,34,3.9,79,0,3,19,6,1.75,4,1,3,2.0,1.48,0,2,3,0,1,1,4,,,0
ESP-La Liga,2122,Real Madrid,Juanmi Latasa,ESP,FW,20,2001,1,0,9,0.1,0,0,0,0,0,0,0,0,0.0,0.0,0.0,0.0,0.0,1,0,0.0,10.0,0.0,0.0,,9,0.3,,0,1,9,2,1.0,0,0,0,0.0,-1.29,0,0,0,0,0,0,0,,,0
ESP-La Liga,2122,Real Madrid,Mario Gila,ESP,DF,20,2000,2,0,25,0.3,0,0,0,0,0,0,0,0,0.0,0.0,0.0,0.0,0.0,0,0,,0.0,0.0,,,13,0.7,,0,2,13,1,3.0,2,0,2,7.2,5.95,0,0,0,0,0,1,0,,,0
ESP-La Liga,2122,Real Madrid,Miguel Gutiérrez,ESP,DF,20,2001,3,3,260,2.9,0,1,1,0,0,0,1,0,0.0,0.35,0.35,0.0,0.35,0,0,,0.0,0.0,,,87,7.6,87,1,0,,8,3.0,12,3,9,3.12,1.98,0,3,8,0,9,4,5,,,0
ESP-La Liga,2122,Real Madrid,Rodrygo,BRA,FW,20,2001,33,17,1523,16.9,4,4,8,4,0,0,4,0,0.24,0.24,0.47,0.24,0.47,34,15,44.1,2.01,0.89,0.12,0.27,46,44.5,68,2,16,23,1,2.21,38,13,25,1.48,0.34,0,21,29,13,41,11,14,,,0
ESP-La Liga,2122,Real Madrid,Sergio Santos,ESP,DF,20,2001,1,0,11,0.1,0,0,0,0,0,0,0,0,0.0,0.0,0.0,0.0,0.0,0,0,,0.0,0.0,,,11,0.3,,0,1,11,0,3.0,1,0,1,8.18,6.91,0,0,0,0,1,0,0,,,0
ESP-La Liga,2122,Real Sociedad,Ander Martin,ESP,MF,20,2000,5,1,88,1.0,0,0,0,0,0,0,0,0,0.0,0.0,0.0,0.0,0.0,3,2,66.7,3.07,2.05,0.0,0.0,18,2.6,58,0,4,8,8,1.4,2,2,0,0.0,-0.08,0,4,0,0,5,3,0,,,0
ESP-La Liga,2122,Real Sociedad,Jon Pacheco,ESP,DF,20,2001,10,4,381,4.2,0,0,0,0,0,0,1,0,0.0,0.0,0.0,0.0,0.0,0,0,,0.0,0.0,,,38,11.1,79,3,6,11,25,2.0,8,4,4,0.94,0.97,0,3,1,0,0,6,4,,,0
ESP-La Liga,2122,Real Sociedad,Julen Lobete,ESP,FW,20,2000,13,2,284,3.2,2,0,2,2,0,0,0,0,0.63,0.0,0.63,0.63,0.63,9,2,22.2,2.85,0.63,0.22,1.0,22,8.3,73,1,11,13,9,1.92,6,4,2,0.63,0.61,0,9,11,5,0,1,3,,,0
ESP-La Liga,2122,Sevilla,Iván Romero,ESP,FW,20,2001,5,2,178,2.0,0,0,0,0,0,0,0,0,0.0,0.0,0.0,0.0,0.0,2,1,50.0,1.01,0.51,0.0,0.0,36,5.2,62,0,3,18,20,2.2,4,1,3,1.52,0.96,0,4,6,1,0,2,2,,,0
ESP-La Liga,2122,Sevilla,Luismi,ESP,MF,20,2001,2,0,13,0.1,0,0,0,0,0,0,0,0,0.0,0.0,0.0,0.0,0.0,0,0,,0.0,0.0,,,7,0.4,,0,2,7,13,1.0,0,0,0,0.0,-0.61,0,0,0,0,0,0,0,,,0
ESP-La Liga,2122,Sevilla,Pedro Ortiz,ESP,MF,20,2000,1,0,7,0.1,0,0,0,0,0,0,0,0,0.0,0.0,0.0,0.0,0.0,1,1,100.0,12.86,12.86,0.0,0.0,7,0.2,,0,1,7,1,3.0,0,0,0,0.0,-0.61,0,1,0,0,0,0,0,,,0
ESP-La Liga,2122,Valencia,Bryan Gil,ESP,"MF,FW",20,2001,13,9,753,8.4,0,1,1,0,0,0,3,0,0.0,0.12,0.12,0.0,0.12,11,2,18.2,1.31,0.24,0.0,0.0,58,22.0,75,2,4,20,2,1.31,5,8,-3,-0.36,-0.29,0,13,20,7,45,1,8,,,0
ESP-La Liga,2122,Valencia,Giorgi Mamardashvili,GEO,GK,20,2000,18,18,1620,18.0,0,0,0,0,0,0,2,0,0.0,0.0,0.0,0.0,0.0,0,0,,0.0,0.0,,,90,47.4,90,18,0,,17,1.22,18,20,-2,-0.11,0.04,0,0,2,0,0,0,0,,,0
ESP-La Liga,2122,Villarreal,Carlo,ESP,MF,20,2001,1,0,7,0.1,0,0,0,0,0,0,0,0,0.0,0.0,0.0,0.0,0.0,0,0,,0.0,0.0,,,7,0.2,,0,1,7,3,3.0,0,0,0,0.0,-0.69,0,0,0,0,0,0,0,,,0
ESP-La Liga,2122,Villarreal,Nicolas Jackson,SEN,FW,20,2001,9,0,165,1.8,0,0,0,0,0,0,1,0,0.0,0.0,0.0,0.0,0.0,5,1,20.0,2.73,0.55,0.0,0.0,18,4.8,,0,9,18,2,1.89,3,3,0,0.0,-0.72,0,2,5,1,1,1,1,,,0
ESP-La Liga,2122,Villarreal,Nikita Iosifov,RUS,FW,20,2001,1,0,1,0.0,0,0,0,0,0,0,0,0,0.0,0.0,0.0,0.0,0.0,0,0,,0.0,0.0,,,1,0.0,,0,1,1,5,3.0,0,0,0,0.0,-0.68,0,0,0,0,2,0,0,,,0
ESP-La Liga,2122,Alavés,Miguel,ESP,"FW,MF",21,1999,22,10,829,9.2,1,1,2,1,0,0,2,0,0.11,0.11,0.22,0.11,0.22,22,4,18.2,2.39,0.43,0.05,0.25,38,24.2,70,1,12,11,13,0.68,8,13,-5,-0.54,0.46,0,19,20,5,6,1,3,,,0
ESP-La Liga,2122,Alavés,Mircea Ţîrlea,ROU,DF,21,2000,1,0,15,0.2,0,0,0,0,0,0,0,0,0.0,0.0,0.0,0.0,0.0,0,0,,0.0,0.0,,,15,0.4,,0,1,15,3,0.0,0,0,0,0.0,0.9,0,0,0,0,2,0,0,,,0
ESP-La Liga,2122,Athletic Club,Oihan Sancet,ESP,FW,21,2000,27,16,1422,15.8,6,4,10,6,0,0,2,0,0.38,0.25,0.63,0.38,0.63,30,14,46.7,1.9,0.89,0.2,0.43,53,41.6,71,0,11,26,0,1.37,23,17,6,0.38,0.33,0,20,27,5,10,5,6,,,0
ESP-La Liga,2122,Atlético Madrid,João Félix,POR,FW,21,1999,24,13,1263,14.0,8,4,12,8,0,0,3,1,0.57,0.29,0.86,0.57,0.86,39,15,38.5,2.78,1.07,0.21,0.53,53,36.9,74,4,11,27,0,1.71,28,22,6,0.43,-0.24,1,15,57,9,18,7,2,,,0
ESP-La Liga,2122,Barcelona,Ferrán Torres,ESP,FW,21,2000,18,17,1412,15.7,4,4,8,3,1,1,1,0,0.25,0.25,0.51,0.19,0.45,52,19,36.5,3.31,1.21,0.06,0.16,78,41.3,80,10,1,45,0,2.28,31,11,20,1.27,0.83,0,10,20,16,6,4,5,,,0
ESP-La Liga,2122,Barcelona,Riqui Puig,ESP,MF,21,1999,15,2,487,5.4,1,0,1,1,0,0,0,0,0.18,0.0,0.18,0.18,0.18,9,3,33.3,1.66,0.55,0.11,0.33,32,14.2,90,2,13,24,23,1.73,7,4,3,0.55,-0.27,0,8,10,0,1,3,3,,,0
ESP-La Liga,2122,Celta Vigo,José Fontán,ESP,DF,21,2000,9,3,276,3.1,0,0,0,0,0,0,3,0,0.0,0.0,0.0,0.0,0.0,1,0,0.0,0.33,0.0,0.0,,31,8.1,75,2,6,9,25,1.0,1,4,-3,-0.98,-1.06,0,10,0,0,5,9,3,,,0
ESP-La Liga,2122,Celta Vigo,Miguel Baeza,ESP,MF,21,2000,1,0,2,0.0,0,0,0,0,0,0,0,0,0.0,0.0,0.0,0.0,0.0,0,0,,0.0,0.0,,,2,0.1,,0,1,2,16,0.0,0,0,0,0.0,0.0,0,0,0,0,1,0,0,,,0
ESP-La Liga,2122,Cádiz,Pedro Benito,ESP,FW,21,2000,1,0,31,0.3,0,0,0,0,0,0,0,0,0.0,0.0,0.0,0.0,0.0,0,0,,0.0,0.0,,,31,0.9,,0,1,31,0,1.0,0,0,0,0.0,0.42,0,3,0,0,1,0,0,,,0
ESP-La Liga,2122,Cádiz,Raúl Parra,ESP,DF,21,1999,2,1,88,1.0,0,0,0,0,0,0,0,0,0.0,0.0,0.0,0.0,0.0,0,0,,0.0,0.0,,,44,2.6,75,0,1,13,8,2.0,2,1,1,1.02,1.48,0,0,1,0,0,0,1,,,0
ESP-La Liga,2122,Cádiz,Víctor Chust,ESP,DF,21,2000,25,20,1830,20.3,0,0,0,0,0,0,2,0,0.0,0.0,0.0,0.0,0.0,9,2,22.2,0.44,0.1,0.0,0.0,73,53.5,85,17,5,28,12,1.08,22,27,-5,-0.25,0.38,0,14,8,0,2,16,11,,,0
ESP-La Liga,2122,Espanyol,Victor Gomez,ESP,"DF,MF",21,2000,1,0,4,0.0,0,0,0,0,0,0,0,0,0.0,0.0,0.0,0.0,0.0,0,0,,0.0,0.0,,,4,0.1,,0,1,4,0,1.0,0,0,0,0.0,0.34,0,0,0,0,0,0,0,,,0
ESP-La Liga,2122,Getafe,Florentino Luís,POR,MF,21,1999,22,9,992,11.0,0,1,1,0,0,0,2,0,0.0,0.09,0.09,0.0,0.09,3,1,33.3,0.27,0.09,0.0,0.0,45,29.0,85,4,13,18,13,1.23,7,15,-8,-0.73,-0.73,0,18,2,0,1,25,25,,,0
ESP-La Liga,2122,Getafe,Hugo Duro,ESP,FW,21,1999,1,0,12,0.1,0,0,0,0,0,0,0,0,0.0,0.0,0.0,0.0,0.0,2,1,50.0,15.0,7.5,0.0,0.0,12,0.4,,0,1,12,2,0.0,0,0,0,0.0,0.21,0,1,1,0,0,0,0,,,0
ESP-La Liga,2122,Getafe,Jorge Cuenca,ESP,DF,21,1999,32,31,2683,29.8,1,0,1,1,0,0,6,2,0.03,0.0,0.03,0.03,0.03,16,7,43.8,0.54,0.23,0.06,0.14,84,78.5,86,26,1,10,0,1.09,26,32,-6,-0.2,0.04,0,33,14,0,6,47,32,,,0
ESP-La Liga,2122,Getafe,José Juan Macías,MEX,FW,21,1999,7,2,201,2.2,0,0,0,0,0,0,1,0,0.0,0.0,0.0,0.0,0.0,4,0,0.0,1.79,0.0,0.0,,29,5.9,56,0,5,18,4,0.14,1,4,-3,-1.34,-1.2,0,1,11,4,3,1,0,,,0
ESP-La Liga,2122,Granada,Monchu,ESP,MF,21,1999,14,7,668,7.4,0,0,0,0,0,0,3,1,0.0,0.0,0.0,0.0,0.0,8,1,12.5,1.08,0.13,0.0,0.0,48,19.5,77,3,7,18,7,1.21,6,11,-5,-0.67,-0.28,0,29,11,0,6,3,6,,,0
ESP-La Liga,2122,Levante,Álex Cantero,ESP,"FW,MF",21,2000,25,4,610,6.8,0,1,1,0,0,0,1,0,0.0,0.15,0.15,0.0,0.15,15,5,33.3,2.21,0.74,0.0,0.0,24,17.8,68,0,21,16,11,0.68,15,16,-1,-0.15,0.62,0,12,4,0,6,1,4,,,0
ESP-La Liga,2122,Mallorca,Josep Antoni Gayá,ESP,DF,21,2000,1,1,58,0.6,0,0,0,0,0,0,0,0,0.0,0.0,0.0,0.0,0.0,0,0,,0.0,0.0,,,58,1.7,58,0,0,,17,0.0,1,4,-3,-4.66,-4.01,0,0,0,0,0,1,0,,,0
ESP-La Liga,2122,Mallorca,Leo Román,ESP,GK,21,2000,2,2,180,2.0,0,0,0,0,0,0,0,0,0.0,0.0,0.0,0.0,0.0,0,0,,0.0,0.0,,,90,5.3,90,2,0,,13,0.0,0,5,-5,-2.5,-1.89,0,0,0,0,0,0,0,,,0
ESP-La Liga,2122,Osasuna,Javi Martínez,ESP,MF,21,1999,26,9,879,9.8,1,1,2,1,0,0,1,0,0.1,0.1,0.2,0.1,0.2,10,2,20.0,1.02,0.2,0.1,0.5,34,25.7,67,1,17,16,12,1.46,13,16,-3,-0.31,0.08,0,15,9,0,31,10,15,,,0
ESP-La Liga,2122,Rayo Vallecano,Fran Garcia,ESP,DF,21,1999,34,34,3025,33.6,1,0,1,1,0,0,4,0,0.03,0.0,0.03,0.03,0.03,25,8,32.0,0.74,0.24,0.04,0.13,89,88.5,89,32,0,,2,1.21,36,40,-4,-0.12,1.48,0,24,15,2,127,47,39,,,0
ESP-La Liga,2122,Rayo Vallecano,Álvaro Aguirre,ESP,FW,21,2000,1,0,9,0.1,0,0,0,0,0,0,0,0,0.0,0.0,0.0,0.0,0.0,0,0,,0.0,0.0,,,9,0.3,,0,1,9,0,0.0,0,0,0,0.0,0.29,0,0,0,0,0,0,0,,,0
ESP-La Liga,2122,Real Betis,Calderón,ESP,DF,21,2000,1,0,65,0.7,0,0,0,0,0,0,0,0,0.0,0.0,0.0,0.0,0.0,0,0,,0.0,0.0,,,65,1.9,,0,1,65,2,1.0,1,0,1,1.38,0.82,0,1,1,0,4,0,0,,,0
ESP-La Liga,2122,Real Betis,Diego Lainez,MEX,MF,21,2000,7,1,140,1.6,0,0,0,0,0,0,0,0,0.0,0.0,0.0,0.0,0.0,1,1,100.0,0.64,0.64,0.0,0.0,20,4.1,45,0,6,16,20,2.0,1,2,-1,-0.64,-1.27,0,4,1,0,2,0,1,,,0
ESP-La Liga,2122,Real Betis,Juan Miranda,ESP,DF,21,2000,13,9,783,8.7,0,2,2,0,0,0,3,0,0.0,0.23,0.23,0.0,0.23,6,2,33.3,0.69,0.23,0.0,0.0,60,22.9,83,6,4,9,17,1.54,10,6,4,0.46,-0.15,0,13,13,0,27,14,12,,,0
ESP-La Liga,2122,Real Betis,Kike Hermoso,ESP,DF,21,1999,1,1,90,1.0,1,0,1,1,0,0,0,0,1.0,0.0,1.0,1.0,1.0,2,1,50.0,2.0,1.0,0.5,1.0,90,2.6,90,1,0,,2,3.0,3,1,2,2.0,1.46,0,1,0,0,0,0,1,,,0
ESP-La Liga,2122,Real Betis,Rodri,ESP,MF,21,2000,21,10,881,9.8,1,2,3,1,0,0,1,0,0.1,0.2,0.31,0.1,0.31,15,7,46.7,1.53,0.72,0.07,0.14,42,25.8,63,0,11,23,12,1.62,16,14,2,0.2,-0.5,0,2,16,1,11,2,7,,,0
ESP-La Liga,2122,Real Madrid,Antonio Blanco,ESP,MF,21,2000,1,0,31,0.3,0,0,0,0,0,0,0,0,0.0,0.0,0.0,0.0,0.0,0,0,,0.0,0.0,,,31,0.9,,0,1,31,14,3.0,2,0,2,5.81,4.56,0,1,0,0,0,1,0,,,0
ESP-La Liga,2122,Real Madrid,Vinicius Júnior,BRA,"FW,MF",21,2000,35,30,2690,29.9,17,10,27,17,0,0,6,0,0.57,0.33,0.9,0.57,0.9,80,43,53.8,2.68,1.44,0.21,0.4,77,78.7,86,15,5,21,0,2.34,65,22,43,1.44,0.7,0,34,74,26,46,5,26,,,0
ESP-La Liga,2122,Real Sociedad,Alexander Isak,SWE,FW,21,1999,32,26,2140,23.8,6,2,8,4,2,2,6,0,0.25,0.08,0.34,0.17,0.25,73,35,47.9,3.07,1.47,0.05,0.11,67,62.6,76,5,6,27,1,1.56,21,21,0,0.0,-0.21,0,31,30,15,17,3,4,,,0
ESP-La Liga,2122,Real Sociedad,Cristo,ESP,DF,21,2000,1,0,17,0.2,0,0,0,0,0,0,0,0,0.0,0.0,0.0,0.0,0.0,1,0,0.0,5.29,0.0,0.0,,17,0.5,,0,1,17,3,3.0,1,0,1,5.29,5.24,0,1,0,0,2,0,0,,,0
ESP-La Liga,2122,Real Sociedad,Naïs Djouahra,FRA,MF,21,1999,7,1,219,2.4,0,0,0,0,0,0,0,0,0.0,0.0,0.0,0.0,0.0,5,2,40.0,2.05,0.82,0.0,0.0,31,6.4,70,0,6,25,17,1.43,3,4,-1,-0.41,-0.52,0,3,2,1,15,2,3,,,0
ESP-La Liga,2122,Valencia,Hugo Duro,ESP,"MF,FW",21,1999,30,22,1834,20.4,7,1,8,7,0,0,3,1,0.34,0.05,0.39,0.34,0.39,31,15,48.4,1.52,0.74,0.23,0.47,61,53.6,76,4,8,20,1,1.2,27,28,-1,-0.05,0.18,1,29,44,7,12,4,21,,,0
ESP-La Liga,2122,Valencia,Hugo Guillamón,ESP,"MF,DF",21,2000,31,28,2361,26.2,1,0,1,1,0,0,11,2,0.04,0.0,0.04,0.04,0.04,7,2,28.6,0.27,0.08,0.14,0.5,76,69.0,82,19,3,23,2,1.32,38,40,-2,-0.08,0.18,1,71,63,2,7,29,26,,,1
ESP-La Liga,2122,Alavés,Iván Martín,ESP,MF,22,1999,6,2,166,1.8,0,0,0,0,0,0,0,0,0.0,0.0,0.0,0.0,0.0,1,0,0.0,0.54,0.0,0.0,,28,4.9,45,0,4,19,15,0.83,2,4,-2,-1.08,-0.2,0,2,1,0,3,1,1,,,0
ESP-La Liga,2122,Athletic Club,Daniel Vivian,ESP,DF,22,1999,24,22,1986,22.1,2,1,3,2,0,0,2,0,0.09,0.05,0.14,0.09,0.14,17,8,47.1,0.77,0.36,0.12,0.25,83,58.1,89,21,2,20,4,1.67,28,23,5,0.23,0.1,0,19,20,1,3,25,23,,,0
ESP-La Liga,2122,Athletic Club,Jon Morcillo,ESP,MF,22,1998,7,0,54,0.6,0,0,0,0,0,0,2,0,0.0,0.0,0.0,0.0,0.0,1,0,0.0,1.67,0.0,0.0,,8,1.6,,0,7,8,12,1.0,1,1,0,0.0,-0.19,0,2,1,0,7,0,0,,,0
ESP-La Liga,2122,Athletic Club,Oier Zarraga,ESP,MF,22,1999,31,8,1166,13.0,1,0,1,0,1,1,5,0,0.08,0.0,0.08,0.0,0.0,18,4,22.2,1.39,0.31,0.0,0.0,38,34.1,77,3,23,24,2,1.45,15,13,2,0.15,-0.05,0,16,12,1,19,18,4,,,0
ESP-La Liga,2122,Athletic Club,Peru Nolaskoain,ESP,"DF,MF",22,1998,1,0,1,0.0,0,0,0,0,0,0,0,0,0.0,0.0,0.0,0.0,0.0,0,0,,0.0,0.0,,,1,0.0,,0,1,1,1,3.0,0,0,0,0.0,-0.18,0,1,0,0,0,0,0,,,0
ESP-La Liga,2122,Atlético Madrid,Matheus Cunha,BRA,FW,22,1999,29,8,1063,11.8,6,4,10,6,0,0,3,0,0.51,0.34,0.85,0.51,0.85,37,15,40.5,3.13,1.27,0.16,0.4,37,31.1,70,0,21,24,1,1.59,28,14,14,1.19,0.88,0,22,26,1,7,5,12,,,0
ESP-La Liga,2122,Barcelona,Emerson,BRA,DF,22,1999,3,1,91,1.0,0,0,0,0,0,0,0,0,0.0,0.0,0.0,0.0,0.0,0,0,,0.0,0.0,,,30,2.7,62,0,2,15,0,2.33,3,3,0,0.0,-0.81,0,3,3,0,2,2,2,,,0
ESP-La Liga,2122,Barcelona,Ferran Jutglà,ESP,FW,22,1999,6,4,301,3.3,1,0,1,1,0,0,1,0,0.3,0.0,0.3,0.3,0.3,10,4,40.0,2.99,1.2,0.1,0.25,50,8.8,73,1,2,4,2,2.0,6,3,3,0.9,0.12,0,4,6,1,6,1,1,,,0
ESP-La Liga,2122,Barcelona,Ronald Araújo,URU,DF,22,1999,30,25,2272,25.2,4,0,4,4,0,0,6,0,0.16,0.0,0.16,0.16,0.16,18,10,55.6,0.71,0.4,0.22,0.4,76,66.4,86,22,5,25,1,2.13,48,29,19,0.75,-0.11,0,25,12,1,7,23,23,,,0
ESP-La Liga,2122,Barcelona,Óscar Mingueza,ESP,DF,22,1999,19,9,894,9.9,0,1,1,0,0,0,2,0,0.0,0.1,0.1,0.0,0.1,2,1,50.0,0.2,0.1,0.0,0.0,47,26.1,79,3,10,18,16,1.74,13,10,3,0.3,-0.66,0,11,4,1,32,8,11,,,0
ESP-La Liga,2122,Celta Vigo,Fran Beltrán,ESP,MF,22,1999,37,31,2597,28.9,1,0,1,1,0,0,4,0,0.03,0.0,0.03,0.03,0.03,20,4,20.0,0.69,0.14,0.05,0.25,70,75.9,78,14,6,30,0,1.24,34,27,7,0.24,1.01,0,18,25,0,17,33,42,,,0
ESP-La Liga,2122,Cádiz,Chapela,ESP,MF,22,1999,9,4,398,4.4,0,0,0,0,0,0,0,0,0.0,0.0,0.0,0.0,0.0,3,0,0.0,0.68,0.0,0.0,,44,11.6,64,0,5,29,11,0.78,4,9,-5,-1.13,-0.8,0,4,9,1,12,4,2,,,0
ESP-La Liga,2122,Cádiz,Martín,ESP,MF,22,1999,6,1,115,1.3,0,0,0,0,0,0,1,0,0.0,0.0,0.0,0.0,0.0,2,0,0.0,1.57,0.0,0.0,,19,3.4,54,0,5,12,7,0.33,1,1,0,0.0,0.44,0,4,1,0,3,1,2,,,0
ESP-La Liga,2122,Cádiz,Milutin Osmajić,MNE,FW,22,1999,10,2,257,2.9,0,0,0,0,0,0,0,0,0.0,0.0,0.0,0.0,0.0,4,0,0.0,1.4,0.0,0.0,,26,7.5,57,0,8,18,6,0.8,2,5,-3,-1.05,-0.68,0,3,7,5,2,1,1,,,0
ESP-La Liga,2122,Cádiz,Tomás Alarcón,CHI,MF,22,1999,23,16,1425,15.8,0,1,1,0,0,0,5,0,0.0,0.06,0.06,0.0,0.06,15,2,13.3,0.95,0.13,0.0,0.0,62,41.7,81,9,7,19,5,0.96,12,23,-11,-0.69,-0.47,0,19,9,1,64,31,18,,,0
ESP-La Liga,2122,Espanyol,Manu Morlanes,ESP,MF,22,1999,27,11,1144,12.7,2,0,2,2,0,0,6,1,0.16,0.0,0.16,0.16,0.16,8,2,25.0,0.63,0.16,0.25,1.0,42,33.5,67,2,16,26,3,1.15,24,23,1,0.08,0.63,0,13,11,0,6,13,15,,,0
ESP-La Liga,2122,Getafe,Diego Conde,ESP,GK,22,1998,1,0,6,0.1,0,0,0,0,0,0,0,0,0.0,0.0,0.0,0.0,0.0,0,0,,0.0,0.0,,,6,0.2,,0,1,6,36,3.0,1,0,1,15.0,15.24,0,0,0,0,0,0,0,,,0
ESP-La Liga,2122,Granada,Adrián Butzke,ESP,FW,22,1999,1,0,1,0.0,0,0,0,0,0,0,0,0,0.0,0.0,0.0,0.0,0.0,0,0,,0.0,0.0,,,1,0.0,,0,1,1,9,3.0,1,0,1,90.0,90.47,0,0,0,0,0,0,0,,,0
ESP-La Liga,2122,Granada,Alberto Soro,ESP,"MF,FW",22,1999,16,7,578,6.4,0,0,0,0,0,0,0,0,0.0,0.0,0.0,0.0,0.0,7,4,57.1,1.09,0.62,0.0,0.0,36,16.9,68,1,9,11,18,1.06,11,13,-2,-0.31,0.16,0,5,5,2,15,3,11,,,0
ESP-La Liga,2122,Granada,Luís Maximiano,POR,GK,22,1999,35,35,3136,34.8,0,0,0,0,0,0,2,0,0.0,0.0,0.0,0.0,0.0,0,0,,0.0,0.0,,,90,91.7,90,34,0,,2,1.03,43,55,-12,-0.34,1.24,0,0,3,0,0,1,1,,,1
ESP-La Liga,2122,Granada,Njegoš Petrović,SRB,MF,22,1999,15,10,918,10.2,0,1,1,0,0,0,5,0,0.0,0.1,0.1,0.0,0.1,9,2,22.2,0.88,0.2,0.0,0.0,61,26.8,82,5,5,20,0,0.73,12,23,-11,-1.08,-0.86,0,11,14,1,6,10,11,,,0
ESP-La Liga,2122,Granada,Álex Collado,ESP,"MF,FW",22,1999,17,13,1020,11.3,2,1,3,2,0,0,1,0,0.18,0.09,0.26,0.18,0.26,17,8,47.1,1.5,0.71,0.12,0.25,60,29.8,71,3,4,23,2,0.88,9,16,-7,-0.62,-0.24,0,15,16,0,42,5,13,,,0
ESP-La Liga,2122,Levante,José Luis García Vayá,ESP,MF,22,1998,29,23,2012,22.4,0,0,0,0,0,0,9,0,0.0,0.0,0.0,0.0,0.0,14,2,14.3,0.63,0.09,0.0,0.0,69,58.8,83,14,6,19,5,1.07,29,39,-10,-0.45,0.51,0,47,20,0,58,37,27,,,0
ESP-La Liga,2122,Mallorca,Jordi Mboula,ESP,"MF,FW",22,1999,11,5,434,4.8,0,0,0,0,0,0,2,0,0.0,0.0,0.0,0.0,0.0,5,0,0.0,1.04,0.0,0.0,,39,12.7,68,0,6,16,10,1.09,4,6,-2,-0.41,0.34,0,6,9,5,12,3,3,,,0
ESP-La Liga,2122,Osasuna,Barbero,ESP,FW,22,1998,6,0,21,0.2,0,0,0,0,0,0,0,0,0.0,0.0,0.0,0.0,0.0,0,0,,0.0,0.0,,,4,0.6,,0,6,4,22,0.83,2,3,-1,-4.29,-3.94,0,2,1,0,0,0,0,,,0
ESP-La Liga,2122,Osasuna,Jesús Areso,ESP,DF,22,1999,3,2,188,2.1,0,0,0,0,0,0,1,0,0.0,0.0,0.0,0.0,0.0,0,0,,0.0,0.0,,,63,5.5,86,1,1,16,15,1.0,2,5,-3,-1.44,-1.13,0,3,4,0,2,0,3,,,0
ESP-La Liga,2122,Osasuna,Unai Dufur,ESP,DF,22,1999,1,1,90,1.0,0,0,0,0,0,0,0,0,0.0,0.0,0.0,0.0,0.0,1,0,0.0,1.0,0.0,0.0,,90,2.6,90,1,0,,5,0.0,0,2,-2,-2.0,-1.68,0,1,0,0,0,4,0,,,0
ESP-La Liga,2122,Rayo Vallecano,Andrés Martín,ESP,FW,22,1999,7,1,186,2.1,0,0,0,0,0,0,0,0,0.0,0.0,0.0,0.0,0.0,5,1,20.0,2.42,0.48,0.0,0.0,27,5.4,73,0,6,19,13,1.0,0,4,-4,-1.94,-1.74,0,3,2,3,2,0,0,,,0
ESP-La Liga,2122,Rayo Vallecano,Mario Hernández,ESP,"DF,MF",22,1999,9,5,395,4.4,1,0,1,1,0,0,3,0,0.23,0.0,0.23,0.23,0.23,3,1,33.3,0.68,0.23,0.33,1.0,44,11.5,72,2,4,9,26,1.33,6,6,0,0.0,0.33,0,4,4,1,15,4,4,,,0
ESP-La Liga,2122,Real Madrid,Andriy Lunin,UKR,GK,22,1999,2,2,180,2.0,0,0,0,0,0,0,0,0,0.0,0.0,0.0,0.0,0.0,0,0,,0.0,0.0,,,90,5.3,90,2,0,,32,0.5,1,2,-1,-0.5,-1.89,0,1,0,0,0,0,0,,,0
ESP-La Liga,2122,Real Sociedad,Alex Sola,ESP,"DF,FW",22,1999,2,0,41,0.5,0,0,0,0,0,0,0,0,0.0,0.0,0.0,0.0,0.0,1,0,0.0,2.2,0.0,0.0,,21,1.2,,0,2,21,3,3.0,0,0,0,0.0,-0.08,0,0,2,0,0,2,1,,,0
ESP-La Liga,2122,Real Sociedad,Martín Zubimendi,ESP,MF,22,1999,36,26,2591,28.8,2,1,3,2,0,0,4,0,0.07,0.03,0.1,0.07,0.1,20,9,45.0,0.69,0.31,0.1,0.22,72,75.8,90,25,10,25,0,1.67,30,30,0,0.0,-0.33,0,34,21,3,2,51,25,,,0
ESP-La Liga,2122,Sevilla,Jules Koundé,FRA,DF,22,1998,32,31,2736,30.4,2,1,3,2,0,0,2,2,0.07,0.03,0.1,0.07,0.1,13,3,23.1,0.43,0.1,0.15,0.67,86,80.0,87,28,1,33,0,1.81,45,25,20,0.66,0.26,0,15,28,2,18,21,17,,,0
ESP-La Liga,2122,Valencia,Thierry Correia,POR,"DF,MF",22,1999,19,18,1414,15.7,0,1,1,0,0,0,5,0,0.0,0.06,0.06,0.0,0.06,3,1,33.3,0.19,0.06,0.0,0.0,74,41.3,78,9,1,19,1,1.21,20,11,9,0.57,1.2,0,32,29,0,50,18,24,,,0
ESP-La Liga,2122,Villarreal,Samuel Chukwueze,NGA,MF,22,1999,27,12,1333,14.8,3,3,6,3,0,0,4,0,0.2,0.2,0.41,0.2,0.41,32,7,21.9,2.16,0.47,0.09,0.43,49,39.0,78,3,15,27,0,1.63,26,14,12,0.81,0.21,0,11,16,12,17,5,10,,,0
FRA-Ligue 1,2122,Lille,Leny Yoro,FRA,DF,15,2005,1,0,13,0.1,0,0,0,0,0,0,0,0,0.0,0.0,0.0,0.0,0.0,0,0,,0.0,0.0,,,13,0.4,,0,1,13,4,3.0,1,0,1,6.92,6.95,0,0,0,0,0,0,0,,,0
FRA-Ligue 1,2122,Paris Saint-Germain,El Chadaille Bitshiabu,FRA,DF,16,2005,1,0,5,0.1,0,0,0,0,0,0,0,0,0.0,0.0,0.0,0.0,0.0,0,0,,0.0,0.0,,,5,0.1,,0,1,5,10,3.0,0,0,0,0.0,-1.42,0,0,0,0,0,0,0,,,0
FRA-Ligue 1,2122,Reims,Samuel Koeberlé,FRA,MF,16,2004,1,0,1,0.0,0,0,0,0,0,0,0,0,0.0,0.0,0.0,0.0,0.0,0,0,,0.0,0.0,,,1,0.0,,0,1,1,1,3.0,0,0,0,0.0,0.03,0,0,1,0,0,0,0,,,0
FRA-Ligue 1,2122,Rennes,Jeanuël Belocian,FRA,DF,16,2005,1,0,12,0.1,0,0,0,0,0,0,0,0,0.0,0.0,0.0,0.0,0.0,0,0,,0.0,0.0,,,12,0.4,,0,1,12,10,3.0,0,1,-1,-7.5,-8.64,0,0,1,0,0,0,0,,,0
FRA-Ligue 1,2122,Rennes,Mathys Tel,FRA,"FW,MF",16,2005,7,0,56,0.6,0,0,0,0,0,0,0,0,0.0,0.0,0.0,0.0,0.0,3,1,33.3,4.82,1.61,0.0,0.0,8,1.6,,0,7,8,13,1.43,2,1,1,1.61,0.51,0,4,0,0,6,1,0,,,0
FRA-Ligue 1,2122,Troyes,Derek Mazou-Sacko,FRA,MF,16,2004,2,0,3,0.0,0,0,0,0,0,0,0,0,0.0,0.0,0.0,0.0,0.0,0,0,,0.0,0.0,,,2,0.1,,0,2,2,4,3.0,0,0,0,0.0,0.42,0,1,0,0,0,0,0,,,0
FRA-Ligue 1,2122,Angers,Guédé Nadje,FRA,FW,17,2003,1,0,3,0.0,0,0,0,0,0,0,0,0,0.0,0.0,0.0,0.0,0.0,0,0,,0.0,0.0,,,3,0.1,,0,1,3,1,0.0,0,0,0,0.0,0.29,0,0,0,0,0,0,0,,,0
FRA-Ligue 1,2122,Angers,Mohamed Ali Cho,FRA,FW,17,2004,32,21,1837,20.4,4,1,5,4,0,0,6,2,0.2,0.05,0.24,0.2,0.24,42,16,38.1,2.06,0.78,0.1,0.25,57,53.7,76,0,11,23,0,1.19,27,25,2,0.1,0.84,2,33,44,11,24,7,6,,,0
FRA-Ligue 1,2122,Bordeaux,Johaneko Louisjean,FRA,DF,17,2004,1,0,12,0.1,0,0,0,0,0,0,0,0,0.0,0.0,0.0,0.0,0.0,0,0,,0.0,0.0,,,12,0.4,,0,1,12,1,3.0,0,0,0,0.0,1.03,0,0,0,0,0,0,0,,,0
FRA-Ligue 1,2122,Lyon,Rayan Cherki,FRA,FW,17,2003,16,3,440,4.9,0,1,1,0,0,0,1,0,0.0,0.2,0.2,0.0,0.2,14,3,21.4,2.86,0.61,0.0,0.0,28,12.9,72,1,13,17,7,1.63,5,8,-3,-0.61,-1.16,0,4,8,3,26,1,2,,,0
FRA-Ligue 1,2122,Metz,William Mikelbrencis,FRA,"MF,DF",17,2004,9,8,610,6.8,0,1,1,0,0,0,0,0,0.0,0.15,0.15,0.0,0.15,5,1,20.0,0.74,0.15,0.0,0.0,68,17.8,66,2,1,79,6,0.89,5,15,-10,-1.48,-0.71,0,13,2,0,23,5,5,,,0
FRA-Ligue 1,2122,Monaco,Félix Lemaréchal,FRA,MF,17,2003,1,0,9,0.1,0,0,0,0,0,0,0,0,0.0,0.0,0.0,0.0,0.0,0,0,,0.0,0.0,,,9,0.3,,0,1,9,8,0.0,0,1,-1,-10.0,-10.69,0,0,0,0,0,0,0,,,0
FRA-Ligue 1,2122,Paris Saint-Germain,Djeidi Gassama,MTN,"FW,MF",17,2003,1,0,2,0.0,0,0,0,0,0,0,0,0,0.0,0.0,0.0,0.0,0.0,0,0,,0.0,0.0,,,2,0.1,,0,1,2,1,3.0,0,0,0,0.0,-1.42,0,0,0,0,0,0,0,,,0
FRA-Ligue 1,2122,Paris Saint-Germain,Ismaël Gharbi,TUN,MF,17,2004,1,0,2,0.0,0,0,0,0,0,0,0,0,0.0,0.0,0.0,0.0,0.0,0,0,,0.0,0.0,,,2,0.1,,0,1,2,5,1.0,0,0,0,0.0,-1.42,0,0,0,0,0,0,0,,,0
FRA-Ligue 1,2122,Reims,Ibrahim Diakité,GUI,DF,17,2003,1,0,4,0.0,0,0,0,0,0,0,0,0,0.0,0.0,0.0,0.0,0.0,0,0,,0.0,0.0,,,4,0.1,,0,1,4,1,1.0,0,1,-1,-22.5,-22.5,0,0,0,0,0,0,0,,,0
FRA-Ligue 1,2122,Reims,Martin Adeline,FRA,MF,17,2003,8,2,352,3.9,0,0,0,0,0,0,1,0,0.0,0.0,0.0,0.0,0.0,4,1,25.0,1.02,0.26,0.0,0.0,44,10.3,76,1,6,34,3,1.13,4,5,-1,-0.26,-0.26,0,16,2,0,11,8,11,,,0
FRA-Ligue 1,2122,Rennes,Lesley Ugochukwu,FRA,MF,17,2004,18,3,405,4.5,1,0,1,1,0,0,2,0,0.22,0.0,0.22,0.22,0.22,4,1,25.0,0.89,0.22,0.25,1.0,23,11.8,84,1,15,10,13,1.72,5,9,-4,-0.89,-2.26,0,14,1,0,0,3,9,,,0
FRA-Ligue 1,2122,Rennes,Loum Tchaouna,FRA,"FW,MF",17,2003,10,0,87,1.0,0,0,0,0,0,0,0,0,0.0,0.0,0.0,0.0,0.0,2,1,50.0,2.07,1.03,0.0,0.0,9,2.5,,0,10,9,18,1.6,2,3,-1,-1.03,-2.2,0,0,1,2,4,1,1,,,0
FRA-Ligue 1,2122,Saint-Étienne,Lucas Gourna-Douath,FRA,MF,17,2003,31,20,1804,20.0,1,0,1,1,0,0,7,0,0.05,0.0,0.05,0.05,0.05,11,1,9.1,0.55,0.05,0.09,1.0,58,52.7,78,8,11,23,5,1.0,26,43,-17,-0.85,0.15,0,37,27,0,5,11,27,,,0
FRA-Ligue 1,2122,Strasbourg,Habib Diarra,SEN,MF,17,2004,4,1,109,1.2,0,0,0,0,0,0,1,0,0.0,0.0,0.0,0.0,0.0,0,0,,0.0,0.0,,,27,3.2,63,0,3,15,20,2.0,1,1,0,0.0,-0.46,0,2,1,0,0,0,1,,,0
FRA-Ligue 1,2122,Troyes,Eric N'Jo,FRA,DF,17,2004,2,0,98,1.1,0,0,0,0,0,0,0,0,0.0,0.0,0.0,0.0,0.0,0,0,,0.0,0.0,,,49,2.9,,0,2,49,2,1.5,3,1,2,1.84,2.32,0,3,0,0,1,2,0,,,0
FRA-Ligue 1,2122,Bordeaux,Dilane Bakwa,FRA,"FW,MF",18,2002,5,0,43,0.5,0,0,0,0,0,0,0,0,0.0,0.0,0.0,0.0,0.0,2,1,50.0,4.19,2.09,0.0,0.0,9,1.3,,0,5,9,4,1.4,0,2,-2,-4.19,-3.2,0,2,1,0,0,0,1,,,0
FRA-Ligue 1,2122,Bordeaux,Junior Mwanga,FRA,DF,18,2003,1,1,90,1.0,0,0,0,0,0,0,0,0,0.0,0.0,0.0,0.0,0.0,0,0,,0.0,0.0,,,90,2.6,90,1,0,,1,3.0,4,2,2,2.0,3.11,0,0,0,0,1,0,2,,,0
FRA-Ligue 1,2122,Bordeaux,Timothee Pembele,FRA,"DF,MF",18,2002,26,17,1414,15.7,1,1,2,1,0,0,3,0,0.06,0.06,0.13,0.06,0.13,18,5,27.8,1.15,0.32,0.06,0.2,54,41.3,74,5,9,18,2,0.96,18,35,-17,-1.08,-0.09,0,19,17,1,42,15,8,,,0
FRA-Ligue 1,2122,Lens,Brayann Pereira,FRA,DF,18,2003,2,0,15,0.2,0,0,0,0,0,0,0,0,0.0,0.0,0.0,0.0,0.0,0,0,,0.0,0.0,,,8,0.4,,0,2,8,6,0.5,0,0,0,0.0,-0.37,0,0,0,0,2,0,1,,,0
FRA-Ligue 1,2122,Lens,Ibrahima Baldé,FRA,FW,18,2003,4,0,58,0.6,0,0,0,0,0,0,0,0,0.0,0.0,0.0,0.0,0.0,0,0,,0.0,0.0,,,15,1.7,,0,4,15,9,0.75,1,1,0,0.0,-0.37,0,0,0,1,1,0,0,,,0
FRA-Ligue 1,2122,Lorient,Redwan Bourles,FRA,MF,18,2003,4,0,16,0.2,0,0,0,0,0,0,0,0,0.0,0.0,0.0,0.0,0.0,0,0,,0.0,0.0,,,4,0.5,,0,4,4,9,1.0,1,0,1,5.63,6.39,0,0,0,0,1,0,0,,,0
FRA-Ligue 1,2122,Lorient,Théo Le Bris,FRA,MF,18,2002,4,0,61,0.7,0,0,0,0,0,0,0,0,0.0,0.0,0.0,0.0,0.0,0,0,,0.0,0.0,,,15,1.8,,0,4,15,11,1.0,0,2,-2,-2.95,-2.25,0,0,0,0,0,0,1,,,0
FRA-Ligue 1,2122,Lyon,Bradley Barcola,FRA,MF,18,2002,11,2,263,2.9,0,1,1,0,0,0,0,0,0.0,0.34,0.34,0.0,0.34,5,2,40.0,1.71,0.68,0.0,0.0,24,7.7,70,0,9,14,8,1.82,11,5,6,2.05,1.8,0,5,0,1,4,2,4,,,0
FRA-Ligue 1,2122,Lyon,Castello Lukeba,FRA,DF,18,2002,24,24,2095,23.3,2,0,2,2,0,0,1,0,0.09,0.0,0.09,0.09,0.09,6,3,50.0,0.26,0.13,0.33,0.67,87,61.3,87,22,0,,7,1.67,42,29,13,0.56,0.42,0,18,13,1,0,38,18,,,0
FRA-Ligue 1,2122,Lyon,Malo Gusto,FRA,"DF,MF",18,2003,30,21,1884,20.9,0,4,4,0,0,0,3,0,0.0,0.19,0.19,0.0,0.19,11,0,0.0,0.53,0.0,0.0,,63,55.1,82,15,9,19,7,1.7,39,29,10,0.48,0.18,0,26,20,2,69,28,36,,,1
FRA-Ligue 1,2122,Marseille,Salim Ben Seghir,FRA,FW,18,2003,1,0,1,0.0,0,0,0,0,0,0,0,0,0.0,0.0,0.0,0.0,0.0,0,0,,0.0,0.0,,,1,0.0,,0,1,1,15,3.0,0,0,0,0.0,-0.66,0,0,0,0,0,0,0,,,0
FRA-Ligue 1,2122,Metz,Lenny Lacroix,FRA,DF,18,2003,3,2,200,2.2,0,1,1,0,0,0,0,0,0.0,0.45,0.45,0.0,0.45,2,0,0.0,0.9,0.0,0.0,,67,5.8,78,1,1,45,7,2.33,5,3,2,0.9,1.91,0,1,0,0,0,10,8,,,0
FRA-Ligue 1,2122,Metz,Pape Matar Sarr,SEN,MF,18,2002,33,22,2129,23.7,1,3,4,1,0,0,7,0,0.04,0.13,0.17,0.04,0.17,31,8,25.8,1.31,0.34,0.03,0.13,65,62.3,83,15,11,27,0,0.79,26,49,-23,-0.97,-0.21,0,32,22,2,4,29,28,,,0
FRA-Ligue 1,2122,Montpellier,Béni Makouana,CGO,FW,18,2002,23,1,322,3.6,0,0,0,0,0,0,4,0,0.0,0.0,0.0,0.0,0.0,7,0,0.0,1.96,0.0,0.0,,14,9.4,90,1,22,11,10,0.61,2,9,-7,-1.96,-1.81,0,10,1,2,10,3,2,,,0
FRA-Ligue 1,2122,Montpellier,Elye Wahi,CIV,"FW,MF",18,2003,33,21,1786,19.8,10,1,11,10,0,0,2,0,0.5,0.05,0.55,0.5,0.55,43,21,48.8,2.17,1.06,0.23,0.48,54,52.2,71,5,12,24,2,1.18,32,28,4,0.2,1.08,0,18,26,21,11,4,10,,,0
FRA-Ligue 1,2122,Montpellier,Enzo Tchato,CMR,DF,18,2002,1,0,8,0.1,0,0,0,0,0,0,0,0,0.0,0.0,0.0,0.0,0.0,0,0,,0.0,0.0,,,8,0.2,,0,1,8,3,,1,0,1,11.25,11.59,0,0,0,0,0,0,0,,,0
FRA-Ligue 1,2122,Nantes,Lohann Doucet,BFA,MF,18,2002,2,0,6,0.1,0,0,0,0,0,0,0,0,0.0,0.0,0.0,0.0,0.0,0,0,,0.0,0.0,,,3,0.2,,0,2,3,6,1.0,0,0,0,0.0,-0.18,0,0,0,0,0,1,0,,,0
FRA-Ligue 1,2122,Paris Saint-Germain,Edouard Michut,FRA,MF,18,2003,5,0,70,0.8,0,1,1,0,0,0,0,1,0.0,1.29,1.29,0.0,1.29,0,0,,0.0,0.0,,,14,2.0,,0,5,14,10,2.6,2,0,2,2.57,1.17,0,2,4,0,0,1,0,,,0
FRA-Ligue 1,2122,Paris Saint-Germain,Nathan Bitumazala,FRA,MF,18,2002,1,0,11,0.1,0,0,0,0,0,0,0,0,0.0,0.0,0.0,0.0,0.0,0,0,,0.0,0.0,,,11,0.3,,0,1,11,4,3.0,0,0,0,0.0,-1.43,0,0,0,0,0,0,0,,,0
FRA-Ligue 1,2122,Paris Saint-Germain,Sekou Yansané,FRA,FW,18,2003,1,0,16,0.2,0,0,0,0,0,0,0,0,0.0,0.0,0.0,0.0,0.0,0,0,,0.0,0.0,,,16,0.5,,0,1,16,1,1.0,1,0,1,5.63,4.22,0,1,0,0,0,0,0,,,0
FRA-Ligue 1,2122,Paris Saint-Germain,Xavi Simons,NED,FW,18,2003,6,1,132,1.5,0,0,0,0,0,0,1,0,0.0,0.0,0.0,0.0,0.0,2,0,0.0,1.36,0.0,0.0,,22,3.9,65,0,5,13,12,2.67,1,0,1,0.68,-0.77,0,2,4,0,1,0,1,,,0
FRA-Ligue 1,2122,Reims,Kamory Doumbia,MLI,MF,18,2003,8,2,352,3.9,2,1,3,2,0,0,1,0,0.51,0.26,0.77,0.51,0.77,5,2,40.0,1.28,0.51,0.4,1.0,44,10.3,87,1,6,30,10,1.13,5,6,-1,-0.26,-0.26,0,1,4,1,9,4,2,,,0
FRA-Ligue 1,2122,Rennes,Andy Diouf,FRA,MF,18,2003,5,0,14,0.2,0,0,0,0,0,0,0,0,0.0,0.0,0.0,0.0,0.0,0,0,,0.0,0.0,,,3,0.4,,0,5,3,16,2.0,2,0,2,12.86,11.8,0,1,1,0,0,0,1,,,0
FRA-Ligue 1,2122,Rennes,Doğan Alemdar,TUR,GK,18,2002,12,12,1080,12.0,0,0,0,0,0,0,1,0,0.0,0.0,0.0,0.0,0.0,0,0,,0.0,0.0,,,90,31.6,90,12,0,,7,1.58,29,13,16,1.33,0.33,0,0,0,0,0,0,0,,,0
FRA-Ligue 1,2122,Rennes,Eduardo Camavinga,FRA,MF,18,2002,4,1,143,1.6,0,0,0,0,0,0,0,0,0.0,0.0,0.0,0.0,0.0,0,0,,0.0,0.0,,,36,4.2,68,0,3,25,0,1.25,2,4,-2,-1.26,-2.47,0,1,6,0,0,1,1,,,0
FRA-Ligue 1,2122,Rennes,Matthis Abline,FRA,FW,18,2003,7,1,103,1.1,0,0,0,0,0,0,0,0,0.0,0.0,0.0,0.0,0.0,2,0,0.0,1.75,0.0,0.0,,15,3.0,45,0,6,10,9,1.14,0,1,-1,-0.87,-2.04,0,2,1,0,0,0,0,,,0
FRA-Ligue 1,2122,Saint-Étienne,Abdoulaye Bakayoko,FRA,DF,18,2002,4,4,307,3.4,0,0,0,0,0,0,0,0,0.0,0.0,0.0,0.0,0.0,0,0,,0.0,0.0,,,77,9.0,77,2,0,,1,1.0,4,6,-2,-0.59,0.37,0,7,5,0,0,11,9,,,0
FRA-Ligue 1,2122,Saint-Étienne,Yanis Lhery,FRA,FW,18,2003,5,0,72,0.8,0,0,0,0,0,0,0,0,0.0,0.0,0.0,0.0,0.0,2,2,100.0,2.5,2.5,0.0,0.0,14,2.1,,0,5,14,0,0.0,0,3,-3,-3.75,-2.89,0,2,1,0,0,0,0,,,0
FRA-Ligue 1,2122,Strasbourg,Ismaël Doukouré,FRA,"DF,MF",18,2003,1,0,17,0.2,0,0,0,0,0,0,0,0,0.0,0.0,0.0,0.0,0.0,0,0,,0.0,0.0,,,17,0.5,,0,1,17,3,3.0,0,0,0,0.0,-0.45,0,0,0,0,0,0,0,,,0
FRA-Ligue 1,2122,Troyes,Tanguy Zoukrou,FRA,DF,18,2003,4,0,77,0.9,0,0,0,0,0,0,1,0,0.0,0.0,0.0,0.0,0.0,1,1,100.0,1.17,1.17,0.0,0.0,19,2.3,,0,4,19,4,1.0,0,3,-3,-3.51,-3.16,0,1,0,0,0,0,0,,,0
FRA-Ligue 1,2122,Angers,Noah Fatar,FRA,FW,19,2002,3,0,5,0.1,0,0,0,0,0,0,0,0,0.0,0.0,0.0,0.0,0.0,0,0,,0.0,0.0,,,2,0.1,,0,3,2,8,2.0,0,0,0,0.0,0.29,0,0,1,0,0,1,0,,,0
FRA-Ligue 1,2122,Angers,Waniss Taibi,FRA,MF,19,2002,7,1,132,1.5,0,0,0,0,0,0,2,0,0.0,0.0,0.0,0.0,0.0,1,0,0.0,0.68,0.0,0.0,,19,3.9,77,0,6,9,21,1.43,1,0,1,0.68,1.01,0,6,2,0,1,2,7,,,0
FRA-Ligue 1,2122,Bordeaux,Amadou Traore,FRA,FW,19,2002,1,0,19,0.2,0,0,0,0,0,0,0,0,0.0,0.0,0.0,0.0,0.0,0,0,,0.0,0.0,,,19,0.6,,0,1,19,1,0.0,0,2,-2,-9.47,-8.49,0,1,0,0,1,0,0,,,0
FRA-Ligue 1,2122,Bordeaux,Issouf Sissokho,MLI,MF,19,2002,7,6,436,4.8,0,0,0,0,0,0,3,1,0.0,0.0,0.0,0.0,0.0,3,2,66.7,0.62,0.41,0.0,0.0,62,12.7,72,2,1,4,5,0.29,3,11,-8,-1.65,-0.72,1,12,7,0,6,6,9,,,0
FRA-Ligue 1,2122,Bordeaux,Sekou Mara,FRA,FW,19,2002,26,8,905,10.1,6,0,6,5,1,1,2,0,0.6,0.0,0.6,0.5,0.5,39,18,46.2,3.88,1.79,0.13,0.28,35,26.5,71,1,18,19,7,0.85,17,22,-5,-0.5,0.72,0,22,24,2,5,2,4,,,0
FRA-Ligue 1,2122,Bordeaux,Tom Lacoux,FRA,MF,19,2002,13,11,907,10.1,0,0,0,0,0,0,5,0,0.0,0.0,0.0,0.0,0.0,2,0,0.0,0.2,0.0,0.0,,70,26.5,76,2,2,38,10,1.31,16,19,-3,-0.3,0.99,0,18,6,0,7,10,14,,,0
FRA-Ligue 1,2122,Brest,Lucien Agoume,FRA,MF,19,2002,27,21,1868,20.8,0,0,0,0,0,0,6,0,0.0,0.0,0.0,0.0,0.0,15,1,6.7,0.72,0.05,0.0,0.0,69,54.6,83,13,6,21,4,1.3,27,32,-5,-0.24,-0.07,0,31,15,0,6,49,33,,,0
FRA-Ligue 1,2122,Brest,Youssouph Badji,SEN,FW,19,2001,9,1,135,1.5,0,0,0,0,0,0,0,0,0.0,0.0,0.0,0.0,0.0,2,0,0.0,1.33,0.0,0.0,,15,3.9,71,0,8,8,8,0.33,2,3,-1,-0.67,-0.47,0,4,0,1,1,0,0,,,0
FRA-Ligue 1,2122,Lens,Arnaud Kalimuendo,FRA,FW,19,2002,32,27,2148,23.9,12,0,12,10,2,2,1,1,0.5,0.0,0.5,0.42,0.42,61,31,50.8,2.56,1.3,0.16,0.32,67,62.8,75,5,5,26,0,1.72,40,28,12,0.5,0.36,0,14,33,12,16,8,7,,,0
FRA-Ligue 1,2122,Lens,Christopher Wooh,CMR,DF,19,2001,14,11,1050,11.7,0,1,1,0,0,0,2,0,0.0,0.09,0.09,0.0,0.09,8,3,37.5,0.69,0.26,0.0,0.0,75,30.7,89,9,3,24,23,1.07,16,17,-1,-0.09,-0.66,0,9,11,0,1,23,13,,,0
FRA-Ligue 1,2122,Lens,Jonathan Varane,MTQ,MF,19,2001,1,0,1,0.0,0,0,0,0,0,0,0,0,0.0,0.0,0.0,0.0,0.0,0,0,,0.0,0.0,,,1,0.0,,0,1,1,9,0.0,0,0,0,0.0,-0.37,0,0,0,0,0,0,0,,,0
FRA-Ligue 1,2122,Lille,Amadou Onana,BEL,MF,19,2001,32,11,1359,15.1,1,0,1,1,0,0,2,1,0.07,0.0,0.07,0.07,0.07,15,6,40.0,0.99,0.4,0.07,0.17,42,39.7,83,6,21,21,4,1.59,23,17,6,0.4,0.66,0,31,25,2,0,26,30,,,0
FRA-Ligue 1,2122,Lille,Isaac Lihadji,FRA,MF,19,2002,13,2,238,2.6,1,3,4,1,0,0,1,0,0.38,1.13,1.51,0.38,1.51,3,2,66.7,1.13,0.76,0.33,0.5,18,7.0,64,0,11,10,20,1.08,8,3,5,1.89,2.03,0,4,5,0,9,2,3,,,0
FRA-Ligue 1,2122,Lorient,Baptiste Mouazan,FRA,MF,19,2001,3,1,96,1.1,0,0,0,0,0,0,0,0,0.0,0.0,0.0,0.0,0.0,1,0,0.0,0.94,0.0,0.0,,32,2.8,62,0,2,17,7,0.33,0,3,-3,-2.81,-2.14,0,3,0,0,2,1,3,,,0
FRA-Ligue 1,2122,Lorient,Dango Ouattara,BFA,"MF,FW",19,2002,25,7,812,9.0,1,2,3,1,0,0,4,0,0.11,0.22,0.33,0.11,0.33,23,7,30.4,2.55,0.78,0.04,0.14,32,23.7,76,3,18,16,1,0.8,8,18,-10,-1.11,-0.49,0,21,19,0,19,12,15,,,0
FRA-Ligue 1,2122,Lyon,Habib Keita,MLI,MF,19,2002,3,0,7,0.1,0,0,0,0,0,0,0,0,0.0,0.0,0.0,0.0,0.0,2,2,100.0,25.71,25.71,0.0,0.0,2,0.2,,0,3,2,22,1.0,0,2,-2,-25.71,-26.16,0,0,0,0,0,0,0,,,0
FRA-Ligue 1,2122,Marseille,Luis Henrique,BRA,"MF,FW",19,2001,20,7,699,7.8,0,1,1,0,0,0,0,0,0.0,0.13,0.13,0.0,0.13,6,2,33.3,0.77,0.26,0.0,0.0,35,20.4,72,1,13,15,17,2.0,7,4,3,0.39,-0.34,0,6,4,5,12,4,3,,,0
FRA-Ligue 1,2122,Marseille,Oussama Targhalline,MAR,MF,19,2002,2,0,5,0.1,0,0,0,0,0,0,1,0,0.0,0.0,0.0,0.0,0.0,0,0,,0.0,0.0,,,3,0.1,,0,2,3,19,3.0,0,0,0,0.0,-0.66,0,0,0,0,0,0,0,,,0
FRA-Ligue 1,2122,Metz,Amadou Mbengue,SEN,DF,19,2002,12,5,610,6.8,0,0,0,0,0,0,4,0,0.0,0.0,0.0,0.0,0.0,3,0,0.0,0.44,0.0,0.0,,51,17.8,78,4,7,32,12,0.58,5,15,-10,-1.48,-0.71,0,12,1,0,0,11,10,,,0
FRA-Ligue 1,2122,Metz,Boubacar Traoré,MLI,MF,19,2001,27,17,1726,19.2,1,1,2,1,0,0,9,1,0.05,0.05,0.1,0.05,0.1,22,5,22.7,1.15,0.26,0.05,0.2,64,50.5,86,14,10,27,6,0.81,14,31,-17,-0.89,0.02,1,52,15,0,1,22,28,,,0
FRA-Ligue 1,2122,Monaco,Chrislain Matsima,FRA,DF,19,2002,7,1,134,1.5,0,0,0,0,0,0,0,0,0.0,0.0,0.0,0.0,0.0,1,0,0.0,0.67,0.0,0.0,,19,3.9,45,0,6,15,15,1.86,1,2,-1,-0.67,-1.38,0,0,2,0,0,1,2,,,0
FRA-Ligue 1,2122,Monaco,Eliot Matazo,BEL,MF,19,2002,18,8,790,8.8,0,0,0,0,0,0,1,0,0.0,0.0,0.0,0.0,0.0,4,1,25.0,0.46,0.11,0.0,0.0,44,23.1,78,3,10,16,16,1.89,15,9,6,0.68,0.03,0,16,8,0,1,12,8,,,0
FRA-Ligue 1,2122,Monaco,Maghnes Akliouche,FRA,MF,19,2002,7,0,54,0.6,0,0,0,0,0,0,1,0,0.0,0.0,0.0,0.0,0.0,2,1,50.0,3.33,1.67,0.0,0.0,8,1.6,,0,7,8,4,1.57,1,2,-1,-1.67,-2.36,0,4,1,1,1,0,0,,,0
FRA-Ligue 1,2122,Monaco,Tiago Ribeiro,POR,MF,19,2002,1,0,2,0.0,0,0,0,0,0,0,0,0,0.0,0.0,0.0,0.0,0.0,0,0,,0.0,0.0,,,2,0.1,,0,1,2,0,0.0,0,1,-1,-45.0,-45.68,0,0,0,0,0,0,0,,,0
FRA-Ligue 1,2122,Montpellier,Joris Chotard,FRA,MF,19,2001,36,33,2935,32.6,1,1,2,1,0,0,5,0,0.03,0.03,0.06,0.03,0.06,18,3,16.7,0.55,0.09,0.06,0.33,82,85.8,86,22,3,28,1,1.17,42,49,-7,-0.21,0.71,0,29,10,0,19,41,30,,,0
FRA-Ligue 1,2122,Montpellier,Maxime Estève,FRA,DF,19,2002,24,20,1857,20.6,0,0,0,0,0,0,2,0,0.0,0.0,0.0,0.0,0.0,5,1,20.0,0.24,0.05,0.0,0.0,77,54.3,89,17,4,21,3,0.92,18,33,-15,-0.73,-0.9,0,10,6,0,0,22,18,,,0
FRA-Ligue 1,2122,Montpellier,Sacha Delaye,FRA,MF,19,2002,10,3,254,2.8,0,1,1,0,0,0,0,0,0.0,0.35,0.35,0.0,0.35,3,0,0.0,1.06,0.0,0.0,,25,7.4,65,0,7,8,19,,1,9,-8,-2.83,-2.72,0,5,1,0,3,1,6,,,0
FRA-Ligue 1,2122,Nantes,Mohamed Achi,FRA,MF,19,2002,1,0,10,0.1,0,0,0,0,0,0,0,0,0.0,0.0,0.0,0.0,0.0,0,0,,0.0,0.0,,,10,0.3,,0,1,10,4,1.0,0,0,0,0.0,-0.18,0,0,0,0,0,0,0,,,0
FRA-Ligue 1,2122,Nantes,Quentin Merlin,FRA,"DF,MF",19,2002,28,21,1926,21.4,2,3,5,2,0,0,0,0,0.09,0.14,0.23,0.09,0.23,11,4,36.4,0.51,0.19,0.18,0.5,69,56.3,87,16,7,14,5,1.54,34,28,6,0.28,0.22,0,10,4,1,136,25,29,,,0
FRA-Ligue 1,2122,Nantes,Willem Geubbels,FRA,"MF,FW",19,2001,22,4,544,6.0,2,1,3,2,0,0,1,0,0.33,0.17,0.5,0.33,0.5,12,3,25.0,1.99,0.5,0.17,0.67,25,15.9,57,0,18,18,6,1.41,9,13,-4,-0.66,-1.01,0,9,4,4,6,6,5,,,0
FRA-Ligue 1,2122,Paris Saint-Germain,Arnaud Kalimuendo,FRA,FW,19,2002,2,0,8,0.1,0,0,0,0,0,0,0,0,0.0,0.0,0.0,0.0,0.0,0,0,,0.0,0.0,,,4,0.2,,0,2,4,2,3.0,1,0,1,11.25,9.85,0,0,1,0,1,0,0,,,0
FRA-Ligue 1,2122,Paris Saint-Germain,Nuno Mendes,POR,DF,19,2002,27,18,1658,18.4,0,1,1,0,0,0,3,0,0.0,0.05,0.05,0.0,0.05,7,1,14.3,0.38,0.05,0.0,0.0,61,48.5,85,12,9,14,6,2.07,42,19,23,1.25,-0.33,0,18,24,1,40,19,30,,,0
FRA-Ligue 1,2122,Reims,Bradley Locko,FRA,"MF,DF",19,2002,24,11,1011,11.2,1,1,2,1,0,0,4,0,0.09,0.09,0.18,0.09,0.18,6,1,16.7,0.53,0.09,0.17,1.0,42,29.6,59,3,13,28,12,1.29,19,21,-2,-0.18,-0.22,0,15,12,2,10,14,18,,,0
FRA-Ligue 1,2122,Reims,Dion Lopy,SEN,MF,19,2002,26,19,1642,18.2,0,0,0,0,0,0,4,0,0.0,0.0,0.0,0.0,0.0,16,2,12.5,0.88,0.11,0.0,0.0,63,48.0,78,9,7,22,7,1.23,16,23,-7,-0.38,-0.69,0,37,18,1,5,24,29,,,0
FRA-Ligue 1,2122,Reims,El Bilal Touré,MLI,"FW,MF",19,2001,21,15,1194,13.3,2,4,6,1,1,1,2,0,0.15,0.3,0.45,0.08,0.38,32,11,34.4,2.41,0.83,0.03,0.09,57,34.9,71,2,6,22,0,1.29,17,14,3,0.23,0.39,0,20,14,6,4,5,5,,,0
FRA-Ligue 1,2122,Reims,Hugo Ekitike,FRA,FW,19,2002,24,15,1273,14.1,10,3,13,9,1,2,1,1,0.71,0.21,0.92,0.64,0.85,31,18,58.1,2.19,1.27,0.29,0.5,53,37.2,69,5,9,27,0,1.21,21,14,7,0.49,0.83,0,18,31,12,5,6,10,,,0
FRA-Ligue 1,2122,Reims,Nathanael Mbuku,COD,"FW,MF",19,2002,31,18,1418,15.8,2,1,3,2,0,0,1,0,0.13,0.06,0.19,0.13,0.19,33,13,39.4,2.09,0.83,0.06,0.15,46,41.5,62,2,13,23,7,1.19,17,16,1,0.06,0.15,0,10,39,2,34,8,10,,,0
FRA-Ligue 1,2122,Reims,Philippe Koffi,CIV,FW,19,2002,10,3,375,4.2,1,0,1,1,0,0,1,0,0.24,0.0,0.24,0.24,0.24,9,2,22.2,2.16,0.48,0.11,0.5,38,11.0,73,0,7,22,5,1.2,4,4,0,0.0,0.03,0,8,13,7,3,3,0,,,0
FRA-Ligue 1,2122,Rennes,Adrien Truffert,FRA,DF,19,2001,30,18,1639,18.2,3,2,5,3,0,0,4,0,0.16,0.11,0.27,0.16,0.27,19,6,31.6,1.04,0.33,0.16,0.5,55,47.9,81,9,12,16,6,1.7,42,23,19,1.04,-0.12,0,24,19,0,47,15,23,,,0
FRA-Ligue 1,2122,Rennes,Jeremy Doku,BEL,"MF,FW",19,2002,14,4,469,5.2,1,2,3,1,0,0,2,0,0.19,0.38,0.58,0.19,0.58,5,2,40.0,0.96,0.38,0.2,0.5,34,13.7,68,0,10,20,2,1.71,10,4,6,1.15,0.05,0,9,15,0,12,3,4,,,0
FRA-Ligue 1,2122,Rennes,Kamaldeen Sulemana,GHA,"MF,FW",19,2002,20,11,1015,11.3,4,2,6,4,0,0,3,0,0.35,0.18,0.53,0.35,0.53,26,8,30.8,2.31,0.71,0.15,0.5,51,29.7,70,1,9,27,1,1.55,22,9,13,1.15,0.07,0,19,14,3,29,4,14,,,0
FRA-Ligue 1,2122,Saint-Étienne,Adil Aouchiche,ALG,MF,19,2002,35,11,1081,12.0,0,4,4,0,0,0,2,0,0.0,0.33,0.33,0.0,0.33,21,10,47.6,1.75,0.83,0.0,0.0,31,31.6,61,0,24,17,2,0.83,14,25,-11,-0.92,0.01,0,10,13,2,63,14,7,,,0
FRA-Ligue 1,2122,Saint-Étienne,Bryan Djile Nokoué,CMR,DF,19,2002,2,0,57,0.6,0,0,0,0,0,0,0,0,0.0,0.0,0.0,0.0,0.0,0,0,,0.0,0.0,,,29,1.7,,0,2,29,6,0.5,0,1,-1,-1.58,-0.67,0,0,1,0,0,1,3,,,0
FRA-Ligue 1,2122,Saint-Étienne,Elhadji Dieye,SEN,FW,19,2002,5,0,34,0.4,0,0,0,0,0,0,0,0,0.0,0.0,0.0,0.0,0.0,1,0,0.0,2.65,0.0,0.0,,7,1.0,,0,5,7,2,1.2,0,1,-1,-2.65,-1.74,0,1,2,1,1,1,2,,,0
FRA-Ligue 1,2122,Saint-Étienne,Lucas Calodat,FRA,DF,19,2002,1,0,4,0.0,0,0,0,0,0,0,0,0,0.0,0.0,0.0,0.0,0.0,0,0,,0.0,0.0,,,4,0.1,,0,1,4,0,0.0,0,1,-1,-22.5,-21.6,0,0,0,0,0,0,0,,,0
FRA-Ligue 1,2122,Saint-Étienne,Mathys Saban,FRA,MF,19,2002,3,0,73,0.8,0,0,0,0,0,0,1,0,0.0,0.0,0.0,0.0,0.0,0,0,,0.0,0.0,,,24,2.1,,0,3,24,1,0.33,1,1,0,0.0,0.94,0,2,0,0,2,0,2,,,0
FRA-Ligue 1,2122,Saint-Étienne,Maxence Rivera,FRA,MF,19,2002,1,0,5,0.1,0,0,0,0,0,0,0,0,0.0,0.0,0.0,0.0,0.0,0,0,,0.0,0.0,,,5,0.1,,0,1,5,4,1.0,0,0,0,0.0,0.92,0,0,0,0,0,0,0,,,0
FRA-Ligue 1,2122,Saint-Étienne,Saidou Sow,GUI,DF,19,2002,13,11,989,11.0,2,1,3,2,0,0,2,0,0.18,0.09,0.27,0.18,0.27,3,2,66.7,0.27,0.18,0.67,1.0,76,28.9,83,9,2,36,9,0.62,13,27,-14,-1.27,-0.5,0,9,4,0,3,24,18,,,0
FRA-Ligue 1,2122,Saint-Étienne,Stefan Bajic,FRA,GK,19,2001,7,4,510,5.7,0,0,0,0,0,0,0,0,0.0,0.0,0.0,0.0,0.0,1,1,100.0,0.18,0.18,0.0,0.0,73,14.9,90,4,3,50,12,0.14,4,13,-9,-1.59,-0.78,0,0,0,0,0,0,0,,,0
FRA-Ligue 1,2122,Strasbourg,Moïse Sahi Dion,CIV,FW,19,2001,8,0,128,1.4,0,0,0,0,0,0,0,0,0.0,0.0,0.0,0.0,0.0,5,2,40.0,3.52,1.41,0.0,0.0,16,3.7,,0,8,16,15,1.75,3,1,2,1.41,1.0,0,1,4,0,1,1,0,,,0
FRA-Ligue 1,2122,Strasbourg,Nordine Kandil,FRA,MF,19,2001,5,0,90,1.0,0,1,1,0,0,0,1,0,0.0,1.0,1.0,0.0,1.0,1,0,0.0,1.0,0.0,0.0,,18,2.6,,0,5,18,18,1.4,6,3,3,3.0,2.62,0,1,2,0,7,1,1,,,0
FRA-Ligue 1,2122,Bordeaux,Thibault Klidje,TOG,FW,20,2001,5,0,86,1.0,0,0,0,0,0,0,0,0,0.0,0.0,0.0,0.0,0.0,1,0,0.0,1.05,0.0,0.0,,17,2.5,,0,5,17,5,0.4,0,2,-2,-2.09,-1.09,0,3,5,1,6,2,0,,,0
FRA-Ligue 1,2122,Brest,Martin Satriano,URU,FW,20,2001,15,11,932,10.4,4,0,4,4,0,0,5,0,0.39,0.0,0.39,0.39,0.39,24,9,37.5,2.32,0.87,0.17,0.44,62,27.3,76,1,4,23,0,1.53,14,12,2,0.19,0.55,0,14,13,2,4,2,2,,,0
FRA-Ligue 1,2122,Clermont Foot,Lucas Da Cunha,FRA,"FW,MF",20,2001,15,11,836,9.3,2,0,2,2,0,0,0,0,0.22,0.0,0.22,0.22,0.22,18,6,33.3,1.94,0.65,0.11,0.33,56,24.4,68,0,4,23,0,1.0,10,16,-6,-0.65,0.22,0,6,5,1,19,1,11,,,0
FRA-Ligue 1,2122,Clermont Foot,Yadaly Diaby,GUI,"FW,MF",20,2000,5,0,67,0.7,0,0,0,0,0,0,1,1,0.0,0.0,0.0,0.0,0.0,2,0,0.0,2.69,0.0,0.0,,13,2.0,,0,5,13,2,1.0,2,2,0,0.0,0.83,0,2,1,0,0,1,0,,,0
FRA-Ligue 1,2122,Lens,David Costa,POR,"MF,FW",20,2001,33,16,1464,16.3,3,5,8,3,0,0,2,0,0.18,0.31,0.49,0.18,0.49,25,8,32.0,1.54,0.49,0.12,0.38,44,42.8,74,1,17,16,5,1.48,25,21,4,0.25,-0.21,0,9,14,0,36,12,12,,,0
FRA-Ligue 1,2122,Lens,Ismaël Boura,COM,DF,20,2000,5,1,95,1.1,0,0,0,0,0,0,0,0,0.0,0.0,0.0,0.0,0.0,1,0,0.0,0.95,0.0,0.0,,19,2.8,90,1,4,1,4,1.8,2,1,1,0.95,0.6,0,0,0,0,1,3,2,,,0
FRA-Ligue 1,2122,Lille,Angel Gomes,ENG,MF,20,2000,24,12,954,10.6,1,1,2,1,0,0,3,0,0.09,0.09,0.19,0.09,0.19,14,2,14.3,1.32,0.19,0.07,0.5,40,27.9,61,0,12,18,13,1.63,17,13,4,0.38,0.52,0,13,15,0,17,3,13,,,0
FRA-Ligue 1,2122,Lorient,Sambou Soumano,SEN,FW,20,2001,21,4,447,5.0,3,0,3,3,0,0,1,0,0.6,0.0,0.6,0.6,0.6,18,4,22.2,3.62,0.81,0.17,0.75,21,13.1,66,0,17,11,3,0.81,6,6,0,0.0,0.85,0,13,10,7,4,1,0,,,0
FRA-Ligue 1,2122,Lyon,Sinaly Diomande,CIV,DF,20,2001,11,5,579,6.4,0,0,0,0,0,0,2,0,0.0,0.0,0.0,0.0,0.0,3,0,0.0,0.47,0.0,0.0,,53,16.9,84,4,6,27,6,1.64,10,11,-1,-0.16,-0.66,0,5,4,0,0,12,4,,,1
FRA-Ligue 1,2122,Marseille,Konrad De La Fuente,USA,"FW,MF",20,2001,16,9,785,8.7,0,2,2,0,0,0,1,0,0.0,0.23,0.23,0.0,0.23,15,4,26.7,1.72,0.46,0.0,0.0,49,23.0,68,0,7,25,4,2.0,14,9,5,0.57,-0.11,0,2,6,1,20,2,8,,,0
FRA-Ligue 1,2122,Marseille,William Saliba,FRA,"DF,MF",20,2001,36,36,3240,36.0,0,0,0,0,0,0,5,0,0.0,0.0,0.0,0.0,0.0,16,2,12.5,0.44,0.06,0.0,0.0,90,94.7,90,36,0,,1,1.86,59,38,21,0.58,-1.42,0,17,10,1,4,43,29,,,0
FRA-Ligue 1,2122,Metz,Georges Mikautadze,GEO,FW,20,2000,1,0,1,0.0,0,0,0,0,0,0,0,0,0.0,0.0,0.0,0.0,0.0,2,0,0.0,180.0,0.0,0.0,,1,0.0,,0,1,1,1,1.0,0,1,-1,-90.0,-89.13,0,0,0,0,0,0,0,,,0
FRA-Ligue 1,2122,Metz,Lenny Joseph,FRA,"FW,MF",20,2000,8,0,153,1.7,0,0,0,0,0,0,1,0,0.0,0.0,0.0,0.0,0.0,0,0,,0.0,0.0,,,19,4.5,,0,8,19,12,0.5,0,3,-3,-1.76,-0.91,0,5,1,0,1,0,2,,,0
FRA-Ligue 1,2122,Monaco,Benoît Badiashile,FRA,DF,20,2001,24,21,1838,20.4,1,0,1,1,0,0,4,0,0.05,0.0,0.05,0.05,0.05,14,4,28.6,0.69,0.2,0.07,0.25,77,53.7,86,18,3,8,2,2.08,35,22,13,0.64,-0.05,0,24,9,2,1,25,19,,,0
FRA-Ligue 1,2122,Monaco,Myron Boadu,NED,FW,20,2001,31,7,960,10.7,4,1,5,4,0,0,0,0,0.37,0.09,0.47,0.37,0.47,21,8,38.1,1.97,0.75,0.19,0.5,31,28.1,62,0,24,22,1,1.87,18,16,2,0.19,-0.65,0,16,11,12,0,1,7,,,0
FRA-Ligue 1,2122,Monaco,Strahinja Pavlović,SRB,DF,20,2001,7,5,451,5.0,0,0,0,0,0,0,4,1,0.0,0.0,0.0,0.0,0.0,5,1,20.0,1.0,0.2,0.0,0.0,64,13.2,87,4,2,7,10,1.57,7,7,0,0.0,-0.76,1,11,7,0,5,8,15,,,0
FRA-Ligue 1,2122,Monaco,Vanderson,BRA,"MF,DF",20,2001,17,12,1120,12.4,2,1,3,2,0,0,3,0,0.16,0.08,0.24,0.16,0.24,14,6,42.9,1.13,0.48,0.14,0.33,66,32.7,80,6,5,31,0,2.0,24,12,12,0.96,0.46,0,18,11,3,28,11,21,,,0
FRA-Ligue 1,2122,Monaco,Wilson Isidor,HAI,"FW,MF",20,2000,4,0,50,0.6,0,0,0,0,0,0,0,0,0.0,0.0,0.0,0.0,0.0,1,0,0.0,1.8,0.0,0.0,,13,1.5,,0,4,13,7,1.5,0,0,0,0.0,-0.67,0,1,1,2,0,0,0,,,0
FRA-Ligue 1,2122,Montpellier,Yanis Guermouche,FRA,MF,20,2001,3,0,11,0.1,0,0,0,0,0,0,0,0,0.0,0.0,0.0,0.0,0.0,0,0,,0.0,0.0,,,4,0.3,,0,3,4,4,1.0,0,0,0,0.0,0.32,0,2,0,0,0,0,1,,,0
FRA-Ligue 1,2122,Nantes,Yannis Mbemba,GAB,DF,20,2001,2,0,5,0.1,0,0,0,0,0,0,0,0,0.0,0.0,0.0,0.0,0.0,2,1,50.0,36.0,18.0,0.0,0.0,3,0.1,,0,2,3,7,1.5,0,0,0,0.0,-0.18,0,0,1,0,0,0,0,,,0
FRA-Ligue 1,2122,Nice,Dan Ndoye,SUI,FW,20,2000,3,2,205,2.3,0,1,1,0,0,0,0,0,0.0,0.44,0.44,0.0,0.44,3,0,0.0,1.32,0.0,0.0,,68,6.0,90,2,1,25,0,2.33,4,0,4,1.76,1.42,0,3,2,1,1,0,0,,,0
FRA-Ligue 1,2122,Nice,Evann Guessand,CIV,FW,20,2001,20,2,438,4.9,1,2,3,1,0,0,3,0,0.21,0.41,0.62,0.21,0.62,12,5,41.7,2.47,1.03,0.08,0.2,22,12.8,71,1,18,17,10,1.4,11,7,4,0.82,0.46,0,14,9,0,1,0,9,,,0
FRA-Ligue 1,2122,Nice,Flavius Daniliuc,AUT,DF,20,2001,24,14,1293,14.4,0,0,0,0,0,0,4,0,0.0,0.0,0.0,0.0,0.0,4,0,0.0,0.28,0.0,0.0,,54,37.8,82,9,10,15,13,2.04,22,14,8,0.56,0.22,0,17,4,1,7,16,31,,,0
FRA-Ligue 1,2122,Nice,Khéphren Thuram,FRA,MF,20,2001,36,20,1901,21.1,4,2,6,4,0,0,4,0,0.19,0.09,0.28,0.19,0.28,22,6,27.3,1.04,0.28,0.18,0.67,53,55.6,82,9,16,17,1,1.69,23,19,4,0.19,-0.52,0,33,14,1,10,27,21,,,0
FRA-Ligue 1,2122,Nice,Lucas Da Cunha,FRA,MF,20,2001,10,5,393,4.4,0,1,1,0,0,0,0,0,0.0,0.23,0.23,0.0,0.23,10,3,30.0,2.29,0.69,0.0,0.0,39,11.5,66,0,5,13,10,2.0,7,5,2,0.46,0.04,0,3,5,0,23,1,7,,,0
FRA-Ligue 1,2122,Nice,Melvin Bard,FRA,DF,20,2000,33,30,2589,28.8,2,2,4,2,0,0,3,0,0.07,0.07,0.14,0.07,0.14,5,2,40.0,0.17,0.07,0.4,1.0,78,75.7,85,23,3,16,2,1.67,38,28,10,0.35,-0.3,0,21,30,1,86,47,39,,,0
FRA-Ligue 1,2122,Paris Saint-Germain,Junior Dina Ebimbe,CMR,MF,20,2000,10,4,316,3.5,0,0,0,0,0,0,2,0,0.0,0.0,0.0,0.0,0.0,4,1,25.0,1.14,0.28,0.0,0.0,32,9.2,66,0,6,9,20,2.6,9,1,8,2.28,0.94,0,11,4,0,2,2,5,,,0
FRA-Ligue 1,2122,Reims,Fodé Doucouré,MLI,DF,20,2001,3,1,154,1.7,0,0,0,0,0,0,0,0,0.0,0.0,0.0,0.0,0.0,0,0,,0.0,0.0,,,51,4.5,90,1,2,32,6,0.33,2,4,-2,-1.17,-1.2,0,1,1,0,4,4,10,,,0
FRA-Ligue 1,2122,Saint-Étienne,Aimen Moueffek,FRA,"MF,FW",20,2001,14,4,432,4.8,0,0,0,0,0,0,1,0,0.0,0.0,0.0,0.0,0.0,4,1,25.0,0.83,0.21,0.0,0.0,31,12.6,60,0,10,19,3,1.36,5,5,0,0.0,1.05,0,5,7,0,3,2,4,,,0
FRA-Ligue 1,2122,Troyes,Issa Kaboré,BFA,"DF,MF",20,2001,31,26,2254,25.0,0,1,1,0,0,0,8,2,0.0,0.04,0.04,0.0,0.04,7,2,28.6,0.28,0.08,0.0,0.0,73,65.9,80,15,5,33,1,1.03,27,32,-5,-0.2,0.65,1,29,43,4,109,21,24,,,0
FRA-Ligue 1,2122,Troyes,Mamadou Camara,MLI,"FW,MF",20,2001,3,0,40,0.4,0,0,0,0,0,0,0,0,0.0,0.0,0.0,0.0,0.0,1,1,100.0,2.25,2.25,0.0,0.0,13,1.2,,0,3,13,5,1.0,1,1,0,0.0,0.43,0,1,0,0,0,0,1,,,0
FRA-Ligue 1,2122,Troyes,Mykola Kukharevych,UKR,FW,20,2001,2,0,15,0.2,0,0,0,0,0,0,0,0,0.0,0.0,0.0,0.0,0.0,1,0,0.0,6.0,0.0,0.0,,8,0.4,,0,2,8,2,0.5,0,0,0,0.0,0.42,0,1,0,0,0,0,0,,,0
FRA-Ligue 1,2122,Troyes,Nassim Chadli,FRA,MF,20,2001,8,1,96,1.1,0,0,0,0,0,0,1,0,0.0,0.0,0.0,0.0,0.0,2,0,0.0,1.87,0.0,0.0,,12,2.8,32,0,7,9,11,1.25,1,0,1,0.94,1.4,0,3,3,0,5,0,2,,,0
FRA-Ligue 1,2122,Troyes,Yasser Larouci,ALG,DF,20,2001,12,2,341,3.8,0,0,0,0,0,0,1,0,0.0,0.0,0.0,0.0,0.0,3,1,33.3,0.79,0.26,0.0,0.0,28,10.0,79,0,10,18,4,1.08,5,7,-2,-0.53,-0.12,0,2,8,0,14,7,5,,,0
FRA-Ligue 1,2122,Angers,Azzedine Ounahi,MAR,MF,21,2000,32,16,1633,18.1,2,1,3,2,0,0,2,0,0.11,0.06,0.17,0.11,0.17,26,4,15.4,1.43,0.22,0.08,0.5,51,47.7,85,10,16,17,1,0.97,19,34,-15,-0.83,-1.03,0,20,25,1,19,23,18,,,0
FRA-Ligue 1,2122,Angers,Batista Mendy,FRA,"MF,DF",21,2000,34,27,2413,26.8,1,1,2,1,0,0,5,0,0.04,0.04,0.07,0.04,0.07,14,6,42.9,0.52,0.22,0.07,0.17,71,70.6,83,16,7,26,2,1.06,32,41,-9,-0.34,-0.16,0,52,11,1,5,34,31,,,2
FRA-Ligue 1,2122,Angers,Bilal Brahimi,ALG,FW,21,2000,9,3,338,3.8,0,1,1,0,0,0,0,0,0.0,0.27,0.27,0.0,0.27,6,2,33.3,1.6,0.53,0.0,0.0,38,9.9,78,1,6,17,1,1.11,4,5,-1,-0.27,0.03,0,2,9,1,11,1,1,,,0
FRA-Ligue 1,2122,Angers,Jason Mbock,FRA,FW,21,1999,1,0,17,0.2,0,0,0,0,0,0,1,0,0.0,0.0,0.0,0.0,0.0,0,0,,0.0,0.0,,,17,0.5,,0,1,17,2,0.0,0,0,0,0.0,0.29,0,0,2,1,1,0,0,,,0
FRA-Ligue 1,2122,Bordeaux,Jean Onana,CMR,MF,21,2000,23,23,1832,20.4,3,2,5,3,0,0,3,1,0.15,0.1,0.25,0.15,0.25,21,4,19.0,1.03,0.2,0.14,0.75,80,53.6,80,9,0,,1,0.65,31,47,-16,-0.79,0.52,0,39,36,1,18,35,52,,,0
FRA-Ligue 1,2122,Bordeaux,Yacine Adli,FRA,"MF,FW",21,2000,36,25,2260,25.1,1,7,8,1,0,0,5,0,0.04,0.28,0.32,0.04,0.32,32,15,46.9,1.27,0.6,0.03,0.07,63,66.1,78,10,11,28,1,0.75,33,59,-26,-1.04,-0.03,0,21,27,4,119,33,28,,,0
FRA-Ligue 1,2122,Brest,Hianga'a Mbock,FRA,MF,21,1999,14,9,799,8.9,0,0,0,0,0,0,3,0,0.0,0.0,0.0,0.0,0.0,9,0,0.0,1.01,0.0,0.0,,57,23.4,81,7,5,15,17,0.79,11,16,-5,-0.56,-0.46,0,20,8,0,0,5,12,,,0
FRA-Ligue 1,2122,Brest,Lilian Brassier,FRA,DF,21,1999,31,23,2263,25.1,1,0,1,1,0,0,4,0,0.04,0.0,0.04,0.04,0.04,11,2,18.2,0.44,0.08,0.09,0.5,73,66.2,90,23,8,24,6,1.26,34,41,-7,-0.28,-0.2,0,23,18,0,17,33,25,,,1
FRA-Ligue 1,2122,Brest,Rafiki Said,COM,"FW,MF",21,2000,14,0,122,1.4,0,0,0,0,0,0,1,0,0.0,0.0,0.0,0.0,0.0,6,2,33.3,4.43,1.48,0.0,0.0,9,3.6,,0,14,9,13,1.07,0,3,-3,-2.21,-2.08,0,6,3,1,4,0,2,,,0
FRA-Ligue 1,2122,Clermont Foot,Alidu Seidu,GHA,DF,21,2000,21,16,1410,15.7,0,0,0,0,0,0,7,2,0.0,0.0,0.0,0.0,0.0,9,1,11.1,0.57,0.06,0.0,0.0,67,41.2,83,12,5,16,13,1.14,14,25,-11,-0.7,0.19,1,17,28,1,3,32,20,,,0
FRA-Ligue 1,2122,Clermont Foot,Salis Abdul Samed,GHA,MF,21,2000,31,29,2462,27.4,1,0,1,1,0,0,12,3,0.04,0.0,0.04,0.04,0.04,18,5,27.8,0.66,0.18,0.06,0.2,79,72.0,82,19,2,38,1,1.1,26,43,-17,-0.62,0.69,2,43,37,0,14,40,26,,,0
FRA-Ligue 1,2122,Lens,Cheick Doucouré,MLI,MF,21,2000,34,33,2946,32.7,1,4,5,1,0,0,7,1,0.03,0.12,0.15,0.03,0.15,31,11,35.5,0.95,0.34,0.03,0.09,87,86.1,88,28,1,28,0,1.62,52,39,13,0.4,0.21,0,42,24,0,8,63,41,,,0
FRA-Ligue 1,2122,Lille,Cheikh Niasse,SEN,MF,21,2000,4,0,44,0.5,0,0,0,0,0,0,1,0,0.0,0.0,0.0,0.0,0.0,0,0,,0.0,0.0,,,11,1.3,,0,4,11,10,2.5,0,2,-2,-4.09,-4.14,0,1,1,0,0,0,2,,,0
FRA-Ligue 1,2122,Lille,Domagoj Bradarić,CRO,DF,21,1999,15,2,417,4.6,0,0,0,0,0,0,2,0,0.0,0.0,0.0,0.0,0.0,1,0,0.0,0.22,0.0,0.0,,28,12.2,90,2,13,18,16,1.4,7,6,1,0.22,0.25,0,5,7,0,21,10,8,,,0
FRA-Ligue 1,2122,Lille,Jonathan David,CAN,FW,21,2000,38,32,2804,31.2,15,0,15,13,2,3,3,0,0.48,0.0,0.48,0.42,0.42,70,33,47.1,2.25,1.06,0.19,0.39,74,82.0,82,14,6,32,0,1.45,38,34,4,0.13,0.71,0,25,47,6,6,6,11,,,0
FRA-Ligue 1,2122,Lille,Sven Botman,NED,DF,21,2000,25,25,2250,25.0,3,1,4,3,0,0,4,0,0.12,0.04,0.16,0.12,0.16,15,5,33.3,0.6,0.2,0.2,0.6,90,65.8,90,25,0,,1,1.6,33,33,0,0.0,0.0,0,16,12,1,0,27,12,,,0
FRA-Ligue 1,2122,Lille,Tiago Djaló,POR,DF,21,2000,28,26,2329,25.9,1,1,2,1,0,0,4,0,0.04,0.04,0.08,0.04,0.08,12,5,41.7,0.46,0.19,0.08,0.2,83,68.1,88,24,2,19,6,1.46,32,27,5,0.19,0.61,0,23,22,1,11,22,38,,,2
FRA-Ligue 1,2122,Lille,Timothy Weah,USA,"MF,FW",21,2000,29,17,1616,18.0,3,4,7,3,0,0,2,1,0.17,0.22,0.39,0.17,0.39,33,8,24.2,1.84,0.45,0.09,0.38,56,47.3,80,9,12,21,1,1.34,23,29,-6,-0.33,-0.63,0,11,20,6,49,9,8,,,0
FRA-Ligue 1,2122,Lorient,Enzo Le Fée,FRA,"MF,FW",21,2000,36,25,2194,24.4,2,3,5,2,0,0,2,0,0.08,0.12,0.21,0.08,0.21,34,9,26.5,1.39,0.37,0.06,0.22,61,64.2,79,10,11,20,0,0.92,19,41,-22,-0.9,-0.46,0,31,51,1,102,29,45,,,0
FRA-Ligue 1,2122,Lorient,Samuel Loric,FRA,MF,21,2000,3,3,269,3.0,0,0,0,0,0,0,0,0,0.0,0.0,0.0,0.0,0.0,0,0,,0.0,0.0,,,90,7.9,90,2,0,,15,0.0,0,5,-5,-1.67,-1.02,0,4,5,1,13,4,5,,,0
FRA-Ligue 1,2122,Lyon,Maxence Caqueret,FRA,MF,21,2000,31,26,2335,25.9,0,0,0,0,0,0,5,0,0.0,0.0,0.0,0.0,0.0,15,2,13.3,0.58,0.08,0.0,0.0,75,68.3,85,22,5,27,0,1.58,40,35,5,0.19,-0.64,0,43,28,0,19,45,49,,,0
FRA-Ligue 1,2122,Lyon,Tetê,BRA,"FW,MF",21,2000,9,7,583,6.5,2,5,7,2,0,0,1,0,0.31,0.77,1.08,0.31,1.08,17,7,41.2,2.62,1.08,0.12,0.29,65,17.0,78,3,2,18,0,2.11,19,11,8,1.23,1.01,0,4,18,3,19,3,6,,,0
FRA-Ligue 1,2122,Marseille,Bamba Dieng,SEN,"FW,MF",21,2000,25,11,975,10.8,7,1,8,6,1,1,0,1,0.65,0.09,0.74,0.55,0.65,34,18,52.9,3.14,1.66,0.18,0.33,39,28.5,66,1,14,18,4,1.68,22,8,14,1.29,0.89,0,13,12,4,3,4,10,,,0
FRA-Ligue 1,2122,Marseille,Boubacar Kamara,FRA,"MF,DF",21,1999,34,31,2778,30.9,1,0,1,1,0,0,5,0,0.03,0.0,0.03,0.03,0.03,21,3,14.3,0.68,0.1,0.05,0.33,82,81.2,87,26,3,26,2,1.97,53,31,22,0.71,0.29,0,40,42,0,9,43,39,,,0
FRA-Ligue 1,2122,Metz,Papa Ndiaga Yade,MTN,"MF,FW",21,2000,18,5,696,7.7,0,1,1,0,0,0,3,0,0.0,0.13,0.13,0.0,0.13,8,0,0.0,1.03,0.0,0.0,,39,20.4,79,3,13,23,16,0.56,3,16,-13,-1.68,-0.99,0,8,7,0,30,10,10,,,0
FRA-Ligue 1,2122,Monaco,Aurélien Tchouaméni,FRA,MF,21,2000,35,33,2929,32.5,3,2,5,3,0,0,11,1,0.09,0.06,0.15,0.09,0.15,56,11,19.6,1.72,0.34,0.05,0.27,84,85.6,87,29,2,29,0,1.89,58,33,25,0.77,0.77,1,51,60,2,19,96,49,,,0
FRA-Ligue 1,2122,Monaco,Ismail Jakobs,SEN,"DF,MF",21,1999,28,10,1203,13.4,0,1,1,0,0,0,1,0,0.0,0.07,0.07,0.0,0.07,5,1,20.0,0.37,0.07,0.0,0.0,43,35.2,78,6,18,24,8,1.82,20,13,7,0.52,-0.21,0,15,9,1,78,14,17,,,0
FRA-Ligue 1,2122,Monaco,Sofiane Diop,MAR,MF,21,2000,30,24,1948,21.6,6,4,10,6,0,0,6,0,0.28,0.18,0.46,0.28,0.46,37,13,35.1,1.71,0.6,0.16,0.46,65,57.0,76,10,6,23,7,1.67,33,24,9,0.42,-0.56,0,28,40,4,95,25,21,,,0
FRA-Ligue 1,2122,Montpellier,Léo Leroy,FRA,MF,21,2000,24,7,626,7.0,0,0,0,0,0,0,3,0,0.0,0.0,0.0,0.0,0.0,8,3,37.5,1.15,0.43,0.0,0.0,26,18.3,68,1,17,9,13,0.75,5,18,-13,-1.87,-1.9,0,23,4,0,4,7,24,,,0
FRA-Ligue 1,2122,Montpellier,Nicholas Gioacchini,USA,MF,21,2000,28,3,497,5.5,0,2,2,0,0,0,0,0,0.0,0.36,0.36,0.0,0.36,11,2,18.2,1.99,0.36,0.0,0.0,18,14.5,56,0,25,13,5,1.11,9,11,-2,-0.36,-0.05,0,4,17,3,3,4,5,,,0
FRA-Ligue 1,2122,Nantes,Abdoulaye Sylla,GUI,DF,21,2000,2,2,157,1.7,0,0,0,0,0,0,1,0,0.0,0.0,0.0,0.0,0.0,0,0,,0.0,0.0,,,79,4.6,79,1,0,,18,0.5,3,4,-1,-0.57,-0.79,0,5,0,0,1,1,4,,,0
FRA-Ligue 1,2122,Nice,Amine Gouiri,ALG,"FW,MF",21,2000,38,32,2754,30.6,10,9,19,7,3,5,3,0,0.33,0.29,0.62,0.23,0.52,75,35,46.7,2.45,1.14,0.09,0.2,72,80.5,82,16,6,23,0,1.76,43,31,12,0.39,-0.15,0,31,33,6,101,11,15,,,0
FRA-Ligue 1,2122,Nice,Bilal Brahimi,ALG,MF,21,2000,11,2,378,4.2,0,0,0,0,0,0,1,0,0.0,0.0,0.0,0.0,0.0,4,0,0.0,0.95,0.0,0.0,,34,11.1,75,0,9,25,4,1.45,9,6,3,0.71,0.33,0,4,10,2,44,2,1,,,0
FRA-Ligue 1,2122,Nice,Hicham Boudaoui,ALG,MF,21,1999,29,21,1621,18.0,3,2,5,3,0,0,7,0,0.17,0.11,0.28,0.17,0.28,15,5,33.3,0.83,0.28,0.2,0.6,56,47.4,71,3,8,17,5,2.0,24,14,10,0.56,0.26,0,30,21,4,49,20,20,,,0
FRA-Ligue 1,2122,Nice,Jean-Clair Todibo,FRA,DF,21,1999,36,35,3115,34.6,1,0,1,1,0,0,6,0,0.03,0.0,0.03,0.03,0.03,18,5,27.8,0.52,0.14,0.06,0.2,87,91.1,89,33,1,2,1,1.83,49,35,14,0.4,-0.19,0,25,10,0,8,54,39,,,0
FRA-Ligue 1,2122,Nice,Marcin Bułka,POL,GK,21,1999,1,1,90,1.0,0,0,0,0,0,0,0,0,0.0,0.0,0.0,0.0,0.0,0,0,,0.0,0.0,,,90,2.6,90,1,0,,37,0.0,0,1,-1,-1.0,-1.46,0,0,0,0,0,0,0,,,0
FRA-Ligue 1,2122,Reims,Alexis Flips,FRA,MF,21,2000,25,13,1056,11.7,2,4,6,1,1,1,2,0,0.17,0.34,0.51,0.09,0.43,19,10,52.6,1.62,0.85,0.05,0.1,42,30.9,63,1,12,20,11,1.12,13,9,4,0.34,0.53,0,18,12,1,86,22,23,,,0
FRA-Ligue 1,2122,Reims,Fraser Hornby,SCO,FW,21,1999,8,4,350,3.9,0,0,0,0,0,0,1,0,0.0,0.0,0.0,0.0,0.0,6,2,33.3,1.54,0.51,0.0,0.0,44,10.2,67,0,4,21,5,0.88,0,1,-1,-0.26,-0.26,0,7,6,6,1,4,1,,,0
FRA-Ligue 1,2122,Reims,Jens Cajuste,SWE,MF,21,1999,8,4,364,4.0,2,0,2,1,1,1,0,0,0.49,0.0,0.49,0.25,0.25,9,7,77.8,2.23,1.73,0.11,0.14,46,10.6,64,0,4,28,0,0.63,4,8,-4,-0.99,-1.08,0,6,7,0,1,5,6,,,0
FRA-Ligue 1,2122,Reims,Maxime Busi,BEL,"DF,MF",21,1999,18,13,1296,14.4,1,0,1,1,0,0,3,0,0.07,0.0,0.07,0.07,0.07,7,2,28.6,0.49,0.14,0.14,0.5,72,37.9,86,10,5,35,1,1.28,15,19,-4,-0.28,-0.4,0,20,7,0,28,13,15,,,0
FRA-Ligue 1,2122,Reims,Mitchell van Bergen,NED,"FW,MF",21,1999,20,11,983,10.9,0,0,0,0,0,0,1,0,0.0,0.0,0.0,0.0,0.0,12,6,50.0,1.1,0.55,0.0,0.0,49,28.7,61,0,9,35,5,1.15,9,11,-2,-0.18,-0.22,0,8,4,10,50,5,6,,,0
FRA-Ligue 1,2122,Reims,Moustapha Mbow,SEN,DF,21,2000,1,1,90,1.0,0,0,0,0,0,0,0,0,0.0,0.0,0.0,0.0,0.0,0,0,,0.0,0.0,,,90,2.6,90,1,0,,8,1.0,1,1,0,0.0,0.03,0,0,0,0,0,1,5,,,0
FRA-Ligue 1,2122,Rennes,Lorenz Assignon,TOG,DF,21,2000,20,5,616,6.8,0,2,2,0,0,0,0,0,0.0,0.29,0.29,0.0,0.29,6,4,66.7,0.88,0.58,0.0,0.0,31,18.0,90,5,15,11,16,1.7,23,6,17,2.48,1.68,0,10,12,2,21,8,8,,,0
FRA-Ligue 1,2122,Rennes,Loïc Bade,FRA,DF,21,2000,14,11,985,10.9,0,1,1,0,0,0,3,1,0.0,0.09,0.09,0.0,0.09,7,0,0.0,0.64,0.0,0.0,,70,28.8,85,9,3,15,12,1.64,17,9,8,0.73,-0.53,1,6,1,0,2,10,5,,,0
FRA-Ligue 1,2122,Rennes,Warmed Omari,COM,DF,21,2000,34,31,2796,31.1,0,0,0,0,0,0,6,0,0.0,0.0,0.0,0.0,0.0,5,1,20.0,0.16,0.03,0.0,0.0,82,81.8,89,28,3,16,3,1.65,73,35,38,1.22,0.65,0,24,17,0,3,31,21,,,0
FRA-Ligue 1,2122,Saint-Étienne,Charles Abi,FRA,FW,21,2000,1,1,45,0.5,0,0,0,0,0,0,0,0,0.0,0.0,0.0,0.0,0.0,0,0,,0.0,0.0,,,45,1.3,45,0,0,,0,1.0,0,0,0,0.0,0.93,0,1,0,0,1,0,0,,,0
FRA-Ligue 1,2122,Saint-Étienne,Etienne Green,ENG,GK,21,2000,15,15,1197,13.3,0,0,0,0,0,0,1,1,0.0,0.0,0.0,0.0,0.0,0,0,,0.0,0.0,,,80,35.0,80,12,0,,18,0.73,13,27,-14,-1.05,-0.2,0,2,1,0,0,1,1,,,0
FRA-Ligue 1,2122,Troyes,Brandon Domingues,FRA,MF,21,2000,11,1,231,2.6,1,0,1,1,0,0,0,0,0.39,0.0,0.39,0.39,0.39,4,2,50.0,1.56,0.78,0.25,0.5,21,6.8,73,0,10,16,7,0.91,2,3,-1,-0.39,0.03,0,3,10,0,11,3,2,,,0
FRA-Ligue 1,2122,Troyes,Giulian Biancone,FRA,"DF,MF",21,2000,33,26,2292,25.5,1,2,3,1,0,0,10,0,0.04,0.08,0.12,0.04,0.12,30,9,30.0,1.18,0.35,0.03,0.11,69,67.0,83,18,7,21,0,1.03,27,33,-6,-0.24,0.56,0,34,33,3,87,52,43,,,0
FRA-Ligue 1,2122,Angers,Enzo Ebosse,CMR,"DF,MF",22,1999,27,21,1890,21.0,0,0,0,0,0,0,1,0,0.0,0.0,0.0,0.0,0.0,3,0,0.0,0.14,0.0,0.0,,70,55.3,85,17,6,16,4,1.0,21,33,-12,-0.57,-0.63,0,14,21,0,16,15,16,,,0
FRA-Ligue 1,2122,Bordeaux,Anel Ahmedhodžić,BIH,DF,22,1999,15,15,1350,15.0,0,1,1,0,0,0,6,0,0.0,0.07,0.07,0.0,0.07,8,4,50.0,0.53,0.27,0.0,0.0,90,39.5,90,15,0,,0,0.67,18,38,-20,-1.33,-0.51,0,20,11,0,6,21,26,,,0
FRA-Ligue 1,2122,Bordeaux,Gaëtan Poussin,FRA,GK,22,1999,13,13,1170,13.0,0,0,0,0,0,0,3,0,0.0,0.0,0.0,0.0,0.0,0,0,,0.0,0.0,,,90,34.2,90,13,0,,23,1.08,18,29,-11,-0.85,0.27,0,0,1,0,0,0,1,,,1
FRA-Ligue 1,2122,Bordeaux,Josh Maja,NGA,FW,22,1998,2,0,9,0.1,0,0,0,0,0,0,0,0,0.0,0.0,0.0,0.0,0.0,0,0,,0.0,0.0,,,5,0.3,,0,2,5,1,1.5,0,3,-3,-30.0,-29.05,0,0,0,0,0,0,0,,,0
FRA-Ligue 1,2122,Bordeaux,Mehdi Zerkane,ALG,MF,22,1999,6,0,83,0.9,0,0,0,0,0,0,0,0,0.0,0.0,0.0,0.0,0.0,1,0,0.0,1.08,0.0,0.0,,14,2.4,,0,6,14,4,0.67,2,5,-3,-3.25,-2.28,0,1,2,0,0,2,0,,,0
FRA-Ligue 1,2122,Clermont Foot,Oriol Busquets,ESP,MF,22,1999,9,2,201,2.2,0,0,0,0,0,0,0,0,0.0,0.0,0.0,0.0,0.0,1,0,0.0,0.45,0.0,0.0,,22,5.9,65,0,7,10,18,0.44,0,6,-6,-2.69,-1.99,0,2,0,0,1,1,3,,,0
FRA-Ligue 1,2122,Lens,Charles Boli,FRA,MF,22,1998,4,0,32,0.4,0,0,0,0,0,0,0,0,0.0,0.0,0.0,0.0,0.0,0,0,,0.0,0.0,,,8,0.9,,0,4,8,9,0.0,0,0,0,0.0,-0.37,0,0,2,0,2,0,1,,,0
FRA-Ligue 1,2122,Lens,Facundo Medina,ARG,DF,22,1999,31,30,2593,28.8,1,0,1,1,0,0,11,0,0.03,0.0,0.03,0.03,0.03,9,2,22.2,0.31,0.07,0.11,0.5,84,75.8,86,25,1,12,1,1.71,48,36,12,0.42,0.2,0,37,12,0,6,35,43,,,0
FRA-Ligue 1,2122,Lens,Ignatius Ganago,CMR,FW,22,1999,28,11,1024,11.4,5,1,6,5,0,0,2,0,0.44,0.09,0.53,0.44,0.53,30,11,36.7,2.64,0.97,0.17,0.45,37,29.9,67,0,17,17,3,1.64,15,16,-1,-0.09,-0.65,0,9,10,10,3,2,3,,,0
FRA-Ligue 1,2122,Lens,Kevin Danso,AUT,DF,22,1998,33,32,2790,31.0,2,2,4,2,0,0,9,2,0.06,0.06,0.13,0.06,0.13,13,4,30.8,0.42,0.13,0.15,0.5,85,81.6,87,28,1,5,2,1.73,50,36,14,0.45,0.45,1,43,36,1,1,40,31,,,0
FRA-Ligue 1,2122,Lille,Edon Zhegrova,KVX,MF,22,1999,13,5,481,5.3,2,1,3,2,0,0,2,1,0.37,0.19,0.56,0.37,0.56,15,7,46.7,2.81,1.31,0.13,0.29,37,14.1,67,1,8,18,4,1.08,7,8,-1,-0.19,-0.22,1,5,4,0,30,1,7,,,0
FRA-Ligue 1,2122,Lille,Gabriel Gudmundsson,SWE,"DF,MF",22,1999,30,15,1344,14.9,1,0,1,1,0,0,3,0,0.07,0.0,0.07,0.07,0.07,19,6,31.6,1.27,0.4,0.05,0.17,45,39.3,72,4,15,18,2,1.5,14,21,-7,-0.47,-0.77,0,27,20,5,62,18,31,,,0
FRA-Ligue 1,2122,Lorient,Armand Lauriente,FRA,"FW,MF",22,1998,35,28,2477,27.5,6,2,8,5,1,1,5,0,0.22,0.07,0.29,0.18,0.25,86,37,43.0,3.12,1.34,0.06,0.14,71,72.4,81,5,7,28,0,1.0,26,40,-14,-0.51,0.83,0,44,41,11,45,12,18,,,0
FRA-Ligue 1,2122,Lorient,Ibrahima Koné,MLI,FW,22,1999,16,6,732,8.1,5,1,6,5,0,0,2,0,0.61,0.12,0.74,0.61,0.74,14,8,57.1,1.72,0.98,0.36,0.63,46,21.4,83,2,10,24,0,1.19,12,13,-1,-0.12,0.78,0,13,11,5,4,1,4,,,0
FRA-Ligue 1,2122,Lorient,Moritz Jenz,GER,DF,22,1999,17,16,1381,15.3,1,0,1,1,0,0,5,1,0.07,0.0,0.07,0.07,0.07,9,1,11.1,0.59,0.07,0.11,1.0,81,40.4,86,13,1,1,8,1.06,16,29,-13,-0.85,-0.19,1,24,2,0,0,28,12,,,2
FRA-Ligue 1,2122,Lorient,Stéphane Diarra,FRA,"FW,MF",22,1998,15,5,525,5.8,0,0,0,0,0,0,2,0,0.0,0.0,0.0,0.0,0.0,13,5,38.5,2.23,0.86,0.0,0.0,35,15.4,66,0,10,19,0,1.07,8,10,-2,-0.34,0.47,0,6,8,2,22,7,9,,,0
FRA-Ligue 1,2122,Lorient,Terem Moffi,NGA,FW,22,1999,37,34,2711,30.1,8,4,12,6,2,2,1,0,0.27,0.13,0.4,0.2,0.33,60,23,38.3,1.99,0.76,0.1,0.26,73,79.3,78,7,3,25,0,0.97,26,49,-23,-0.76,-0.13,0,25,19,15,9,3,10,,,0
FRA-Ligue 1,2122,Marseille,Leonardo Balerdi,ARG,"DF,MF",22,1999,17,10,950,10.6,0,0,0,0,0,0,4,1,0.0,0.0,0.0,0.0,0.0,2,0,0.0,0.19,0.0,0.0,,56,27.8,88,7,7,11,8,2.29,21,11,10,0.95,0.4,0,10,5,0,0,21,7,,,0
FRA-Ligue 1,2122,Marseille,Mattéo Guendouzi,FRA,MF,22,1999,38,35,3152,35.0,4,6,10,4,0,0,6,0,0.11,0.17,0.29,0.11,0.29,47,18,38.3,1.34,0.51,0.09,0.22,83,92.2,88,30,3,21,0,1.87,61,36,25,0.71,0.71,0,28,67,0,51,13,30,,,0
FRA-Ligue 1,2122,Marseille,Pape Gueye,SEN,"MF,DF",22,1999,28,17,1528,17.0,0,1,1,0,0,0,7,0,0.0,0.06,0.06,0.0,0.06,31,4,12.9,1.83,0.24,0.0,0.0,55,44.7,83,9,11,11,5,2.11,31,17,14,0.82,0.3,0,28,41,4,3,24,20,,,0
FRA-Ligue 1,2122,Metz,Cheikh Tidiane Sabaly,SEN,FW,22,1999,6,2,150,1.7,0,0,0,0,0,0,0,0,0.0,0.0,0.0,0.0,0.0,2,1,50.0,1.2,0.6,0.0,0.0,25,4.4,58,0,4,9,5,1.0,4,2,2,1.2,2.19,0,0,1,0,0,0,3,,,0
FRA-Ligue 1,2122,Metz,Ibrahima Niane,SEN,FW,22,1999,26,20,1582,17.6,3,1,4,2,1,1,2,1,0.17,0.06,0.23,0.11,0.17,43,10,23.3,2.45,0.57,0.05,0.2,61,46.3,69,6,6,35,8,0.85,19,28,-9,-0.51,0.71,0,14,24,11,7,2,2,,,0
FRA-Ligue 1,2122,Metz,Sikou Niakaté,MLI,DF,22,1999,12,8,661,7.3,0,0,0,0,0,0,2,0,0.0,0.0,0.0,0.0,0.0,4,0,0.0,0.54,0.0,0.0,,55,19.3,68,4,4,29,14,1.25,11,11,0,0.0,1.11,0,11,5,0,1,28,7,,,1
FRA-Ligue 1,2122,Monaco,Krépin Diatta,SEN,MF,22,1999,8,3,285,3.2,1,0,1,1,0,0,0,0,0.32,0.0,0.32,0.32,0.32,3,3,100.0,0.95,0.95,0.33,0.33,36,8.3,60,0,5,21,0,1.13,4,4,0,0.0,-0.72,0,3,9,0,3,1,2,,,0
FRA-Ligue 1,2122,Monaco,Youssouf Fofana,FRA,MF,22,1999,33,23,2190,24.3,0,4,4,0,0,0,4,0,0.0,0.16,0.16,0.0,0.16,30,6,20.0,1.23,0.25,0.0,0.0,66,64.0,85,19,10,24,2,1.94,44,27,17,0.7,0.11,0,34,25,0,6,28,43,,,0
FRA-Ligue 1,2122,Montpellier,Matheus Thuler,BRA,DF,22,1999,16,10,855,9.5,0,0,0,0,0,0,3,1,0.0,0.0,0.0,0.0,0.0,1,0,0.0,0.11,0.0,0.0,,53,25.0,77,5,6,15,16,1.25,13,19,-6,-0.63,-0.42,1,12,2,0,2,9,12,,,0
FRA-Ligue 1,2122,Montpellier,Nicolas Cozza,FRA,DF,22,1999,34,32,2770,30.8,2,2,4,2,0,0,2,1,0.06,0.06,0.13,0.06,0.13,7,3,42.9,0.23,0.1,0.29,0.67,81,81.0,84,22,2,41,3,1.09,40,53,-13,-0.42,-0.56,0,24,19,1,23,40,50,,,0
FRA-Ligue 1,2122,Nantes,Alban Lafont,CIV,GK,22,1999,38,38,3420,38.0,0,0,0,0,0,0,3,0,0.0,0.0,0.0,0.0,0.0,0,0,,0.0,0.0,,,90,100.0,90,38,0,,0,1.45,55,48,7,0.18,,0,1,2,0,0,1,3,,,0
FRA-Ligue 1,2122,Nantes,Osman Bukari,GHA,"MF,FW",22,1998,24,10,1012,11.2,2,4,6,2,0,0,1,0,0.18,0.36,0.53,0.18,0.53,20,9,45.0,1.78,0.8,0.1,0.22,42,29.6,67,0,14,25,9,1.25,20,17,3,0.27,0.12,0,14,5,5,16,8,10,,,0
FRA-Ligue 1,2122,Nantes,Randal Kolo Muani,FRA,"FW,MF",22,1998,36,34,2948,32.8,12,4,16,12,0,0,2,0,0.37,0.12,0.49,0.37,0.49,56,27,48.2,1.71,0.82,0.21,0.44,82,86.2,86,21,2,16,1,1.53,49,39,10,0.31,0.88,0,59,72,18,32,6,16,,,0
FRA-Ligue 1,2122,Nice,Calvin Stengs,NED,MF,22,1998,24,11,1073,11.9,1,1,2,1,0,0,1,0,0.08,0.08,0.17,0.08,0.17,21,5,23.8,1.76,0.42,0.05,0.2,45,31.4,76,1,13,19,8,1.71,14,8,6,0.5,0.12,0,15,7,2,41,8,7,,,0
FRA-Ligue 1,2122,Nice,Jordan Lotomba,SUI,DF,22,1998,30,19,1782,19.8,0,0,0,0,0,0,4,0,0.0,0.0,0.0,0.0,0.0,9,2,22.2,0.45,0.1,0.0,0.0,59,52.1,81,10,11,23,7,1.67,26,15,11,0.56,0.28,0,11,23,2,43,11,18,,,0
FRA-Ligue 1,2122,Nice,Justin Kluivert,NED,MF,22,1999,27,24,1868,20.8,4,5,9,4,0,0,6,1,0.19,0.24,0.43,0.19,0.43,30,10,33.3,1.45,0.48,0.13,0.4,69,54.6,75,5,3,25,1,1.7,25,23,2,0.1,-0.72,0,38,29,5,164,13,8,,,0
FRA-Ligue 1,2122,Nice,Myziane Maolida,COM,"FW,MF",22,1999,1,0,34,0.4,0,0,0,0,0,0,0,0,0.0,0.0,0.0,0.0,0.0,1,0,0.0,2.65,0.0,0.0,,34,1.0,,0,1,34,1,3.0,1,0,1,2.65,2.25,0,0,0,1,0,0,0,,,0
FRA-Ligue 1,2122,Paris Saint-Germain,Achraf Hakimi,MAR,"DF,MF",22,1998,32,28,2479,27.5,4,6,10,4,0,0,3,1,0.15,0.22,0.36,0.15,0.36,20,10,50.0,0.73,0.36,0.2,0.4,77,72.5,87,19,4,14,0,2.28,70,25,45,1.63,0.77,0,20,14,6,52,27,49,,,0
FRA-Ligue 1,2122,Paris Saint-Germain,Colin Dagba,FRA,DF,22,1998,3,2,165,1.8,0,0,0,0,0,0,1,0,0.0,0.0,0.0,0.0,0.0,0,0,,0.0,0.0,,,55,4.8,70,0,1,26,17,2.33,3,2,1,0.55,-0.92,0,6,2,0,9,2,2,,,0
FRA-Ligue 1,2122,Paris Saint-Germain,Gianluigi Donnarumma,ITA,GK,22,1999,17,17,1530,17.0,0,0,0,0,0,0,3,0,0.0,0.0,0.0,0.0,0.0,0,0,,0.0,0.0,,,90,44.7,90,17,0,,15,2.41,45,17,28,1.65,0.41,0,0,2,0,0,0,0,,,0
FRA-Ligue 1,2122,Paris Saint-Germain,Kylian Mbappé,FRA,FW,22,1998,35,34,3023,33.6,28,17,45,24,4,4,10,0,0.83,0.51,1.34,0.71,1.22,147,68,46.3,4.38,2.02,0.16,0.35,86,88.4,88,24,1,21,0,2.34,86,30,56,1.67,2.12,0,29,53,39,68,4,10,,,0
FRA-Ligue 1,2122,Reims,Sambou Sissoko,FRA,MF,22,1999,8,0,176,2.0,0,0,0,0,0,0,0,0,0.0,0.0,0.0,0.0,0.0,3,0,0.0,1.53,0.0,0.0,,22,5.1,,0,8,22,7,1.13,3,5,-2,-1.02,-1.05,0,1,4,0,1,2,6,,,0
FRA-Ligue 1,2122,Saint-Étienne,Lamine Ghezali,FRA,MF,22,1999,1,0,1,0.0,0,0,0,0,0,0,0,0,0.0,0.0,0.0,0.0,0.0,0,0,,0.0,0.0,,,1,0.0,,0,1,1,0,0.0,0,1,-1,-90.0,-89.11,0,0,0,0,1,0,0,,,0
FRA-Ligue 1,2122,Saint-Étienne,Mickael Nade,FRA,DF,22,1999,30,29,2563,28.5,1,0,1,1,0,0,4,0,0.04,0.0,0.04,0.04,0.04,7,1,14.3,0.25,0.04,0.14,1.0,85,74.9,87,24,1,45,8,0.83,30,58,-28,-0.98,-0.25,0,41,31,1,0,58,36,,,0
FRA-Ligue 1,2122,Saint-Étienne,Yvann Macon,FRA,"DF,MF",22,1998,22,19,1529,17.0,0,0,0,0,0,0,7,0,0.0,0.0,0.0,0.0,0.0,15,4,26.7,0.88,0.24,0.0,0.0,70,44.7,77,9,3,20,3,0.77,15,34,-19,-1.12,-0.36,0,23,12,0,58,16,26,,,1
FRA-Ligue 1,2122,Saint-Étienne,Zaydou Youssouf,COM,MF,22,1999,30,18,1553,17.3,1,0,1,1,0,0,3,1,0.06,0.0,0.06,0.06,0.06,20,6,30.0,1.16,0.35,0.05,0.17,52,45.4,70,2,12,25,5,0.93,14,35,-21,-1.22,-0.54,0,19,24,1,21,16,25,,,1
FRA-Ligue 1,2122,Strasbourg,Lucas Perrin,FRA,DF,22,1998,31,29,2502,27.8,1,1,2,1,0,0,5,0,0.04,0.04,0.07,0.04,0.07,9,3,33.3,0.32,0.11,0.11,0.33,81,73.2,86,22,2,5,4,1.65,43,34,9,0.32,-0.46,0,46,30,2,6,42,30,,,0
FRA-Ligue 1,2122,Troyes,Ike Ugbo,CAN,FW,22,1998,14,11,814,9.0,5,0,5,4,1,1,0,0,0.55,0.0,0.55,0.44,0.44,16,7,43.8,1.77,0.77,0.25,0.57,58,23.8,70,1,3,15,1,1.0,10,15,-5,-0.55,-0.17,0,9,16,2,1,2,1,,,0
FRA-Ligue 1,2122,Troyes,Levi Lumeka,ENG,MF,22,1998,5,0,67,0.7,0,0,0,0,0,0,0,0,0.0,0.0,0.0,0.0,0.0,0,0,,0.0,0.0,,,13,2.0,,0,5,13,5,0.4,0,1,-1,-1.34,-0.94,0,2,1,2,2,0,0,,,0
ITA-Serie A,2122,Bologna,Wisdom Amey,ITA,DF,15,2005,1,1,71,0.8,0,0,0,0,0,0,0,0,0.0,0.0,0.0,0.0,0.0,0,0,,0.0,0.0,,,71,2.1,71,0,0,,4,3.0,1,0,1,1.27,1.59,0,1,2,0,0,3,1,,,0
ITA-Serie A,2122,Udinese,Simone Pafundi,ITA,FW,15,2006,1,0,23,0.3,0,0,0,0,0,0,0,0,0.0,0.0,0.0,0.0,0.0,1,1,100.0,3.91,3.91,0.0,0.0,23,0.7,,0,1,23,1,3.0,0,0,0,0.0,-0.08,0,1,0,0,0,0,0,,,0
ITA-Serie A,2122,Bologna,Kacper Urbanski,POL,MF,16,2004,1,0,45,0.5,0,0,0,0,0,0,0,0,0.0,0.0,0.0,0.0,0.0,0,0,,0.0,0.0,,,45,1.3,,0,1,45,0,3.0,1,0,1,2.0,2.32,0,2,0,0,1,0,2,,,0
ITA-Serie A,2122,Lazio,Luka Romero,ARG,MF,16,2004,8,0,84,0.9,0,0,0,0,0,0,0,0,0.0,0.0,0.0,0.0,0.0,1,1,100.0,1.07,1.07,0.0,0.0,11,2.5,,0,8,11,21,2.13,2,1,1,1.07,0.59,0,2,3,0,1,1,1,,,0
ITA-Serie A,2122,Atalanta,Giorgio Scalvini,ITA,"DF,MF",17,2003,18,9,763,8.5,1,0,1,1,0,0,1,0,0.12,0.0,0.12,0.12,0.12,16,3,18.8,1.89,0.35,0.06,0.33,42,22.3,69,2,9,16,14,1.33,12,16,-4,-0.47,-1.18,0,15,7,0,3,23,12,,,0
ITA-Serie A,2122,Atalanta,Moustapha Cissé,GUI,FW,17,2003,3,0,38,0.4,1,0,1,1,0,0,0,0,2.37,0.0,2.37,2.37,2.37,3,1,33.3,7.11,2.37,0.33,1.0,13,1.1,,0,3,13,4,2.0,1,0,1,2.37,1.94,0,2,1,2,0,0,0,,,0
ITA-Serie A,2122,Bologna,Antonio Raimondo,ITA,FW,17,2004,1,1,74,0.8,0,0,0,0,0,0,0,0,0.0,0.0,0.0,0.0,0.0,2,1,50.0,2.43,1.22,0.0,0.0,74,2.2,74,0,0,,3,3.0,1,0,1,1.22,1.54,0,3,0,3,0,0,0,,,0
ITA-Serie A,2122,Bologna,Nicola Bagnolini,ITA,GK,17,2004,1,0,3,0.0,0,0,0,0,0,0,0,0,0.0,0.0,0.0,0.0,0.0,0,0,,0.0,0.0,,,3,0.1,,0,1,3,9,3.0,0,0,0,0.0,0.29,0,0,0,0,0,0,0,,,0
ITA-Serie A,2122,Bologna,Niklas Pyyhtiä,FIN,MF,17,2003,1,0,19,0.2,0,0,0,0,0,0,0,0,0.0,0.0,0.0,0.0,0.0,0,0,,0.0,0.0,,,19,0.6,,0,1,19,4,0.0,0,0,0,0.0,0.29,0,0,0,0,0,0,0,,,0
ITA-Serie A,2122,Bologna,Riccardo Stivanello,ITA,DF,17,2004,1,0,45,0.5,0,0,0,0,0,0,0,0,0.0,0.0,0.0,0.0,0.0,0,0,,0.0,0.0,,,45,1.3,,0,1,45,4,3.0,1,0,1,2.0,2.32,0,0,1,0,0,0,1,,,0
ITA-Serie A,2122,Fiorentina,Filippo Distefano,ITA,FW,17,2003,1,0,2,0.0,0,0,0,0,0,0,0,0,0.0,0.0,0.0,0.0,0.0,0,0,,0.0,0.0,,,2,0.1,,0,1,2,1,3.0,0,0,0,0.0,-0.21,0,0,0,1,0,0,0,,,0
ITA-Serie A,2122,Hellas Verona,Diego Coppola,ITA,DF,17,2003,4,3,249,2.8,0,0,0,0,0,0,0,0,0.0,0.0,0.0,0.0,0.0,1,0,0.0,0.36,0.0,0.0,,62,7.3,80,2,1,10,10,2.0,7,5,2,0.72,0.61,0,2,1,0,0,4,5,,,0
ITA-Serie A,2122,Juventus,Fabio Miretti,ITA,MF,17,2003,6,4,321,3.6,0,0,0,0,0,0,0,0,0.0,0.0,0.0,0.0,0.0,2,0,0.0,0.56,0.0,0.0,,54,9.4,79,1,2,3,7,1.67,6,4,2,0.56,0.04,0,4,4,0,6,2,2,,,0
ITA-Serie A,2122,Roma,Cristian Volpato,ITA,MF,17,2003,3,0,38,0.4,1,0,1,1,0,0,0,0,2.37,0.0,2.37,2.37,2.37,1,1,100.0,2.37,2.37,1.0,1.0,13,1.1,,0,3,13,5,0.67,2,0,2,4.74,4.36,0,1,1,0,2,0,1,,,0
ITA-Serie A,2122,Roma,Dimitrios Keramitsis,GRE,DF,17,2004,1,0,1,0.0,0,0,0,0,0,0,0,0,0.0,0.0,0.0,0.0,0.0,0,0,,0.0,0.0,,,1,0.0,,0,1,1,6,3.0,0,0,0,0.0,-0.42,0,0,0,0,0,0,0,,,0
ITA-Serie A,2122,Salernitana,Alessandro Russo,ITA,MF,17,2003,1,0,29,0.3,0,0,0,0,0,0,0,0,0.0,0.0,0.0,0.0,0.0,0,0,,0.0,0.0,,,29,0.8,,0,1,29,2,0.0,0,0,0,0.0,1.19,0,0,1,0,0,0,0,,,0
ITA-Serie A,2122,Udinese,Riccardo Pinzi,ITA,MF,17,2003,1,0,1,0.0,0,0,0,0,0,0,0,0,0.0,0.0,0.0,0.0,0.0,0,0,,0.0,0.0,,,1,0.0,,0,1,1,3,3.0,0,0,0,0.0,-0.08,0,0,0,0,0,0,0,,,0
ITA-Serie A,2122,Venezia,Hilmir Mikaelsson,ISL,FW,17,2004,1,0,18,0.2,0,0,0,0,0,0,0,0,0.0,0.0,0.0,0.0,0.0,0,0,,0.0,0.0,,,18,0.5,,0,1,18,0,1.0,0,0,0,0.0,0.93,0,0,0,0,0,0,0,,,0
ITA-Serie A,2122,Atalanta,Tommaso De Nipoti,ITA,FW,18,2003,1,0,6,0.1,0,0,0,0,0,0,0,0,0.0,0.0,0.0,0.0,0.0,0,0,,0.0,0.0,,,6,0.2,,0,1,6,2,1.0,0,0,0,0.0,-0.45,0,0,0,1,0,0,0,,,0
ITA-Serie A,2122,Bologna,Denso Kasius,NED,MF,18,2002,7,1,180,2.0,0,0,0,0,0,0,0,0,0.0,0.0,0.0,0.0,0.0,2,1,50.0,1.0,0.5,0.0,0.0,26,5.3,61,0,6,20,8,0.57,1,3,-2,-1.0,-0.75,0,1,4,0,7,2,6,,,0
ITA-Serie A,2122,Bologna,Ebenezer Annan,GHA,DF,18,2002,1,0,25,0.3,0,0,0,0,0,0,0,0,0.0,0.0,0.0,0.0,0.0,0,0,,0.0,0.0,,,25,0.7,,0,1,25,2,0.0,0,1,-1,-3.6,-3.33,0,0,0,0,1,1,1,,,0
ITA-Serie A,2122,Cagliari,Adam Obert,SVK,DF,18,2002,6,3,274,3.0,0,0,0,0,0,0,0,0,0.0,0.0,0.0,0.0,0.0,0,0,,0.0,0.0,,,46,8.0,78,1,3,14,17,0.83,3,3,0,0.0,0.97,0,5,0,0,2,4,5,,,0
ITA-Serie A,2122,Cagliari,Christos Kourfalidis,GRE,MF,18,2002,2,0,18,0.2,0,0,0,0,0,0,0,0,0.0,0.0,0.0,0.0,0.0,1,1,100.0,5.0,5.0,0.0,0.0,9,0.5,,0,2,9,4,2.0,0,1,-1,-5.0,-4.13,0,0,0,0,0,0,0,,,0
ITA-Serie A,2122,Empoli,Tommaso Baldanzi,ITA,MF,18,2003,1,0,18,0.2,0,0,0,0,0,0,0,0,0.0,0.0,0.0,0.0,0.0,0,0,,0.0,0.0,,,18,0.5,,0,1,18,5,3.0,1,0,1,5.0,5.56,0,0,0,0,1,0,0,,,0
ITA-Serie A,2122,Genoa,Aleksander Buksa,POL,FW,18,2003,4,0,63,0.7,0,0,0,0,0,0,0,0,0.0,0.0,0.0,0.0,0.0,0,0,,0.0,0.0,,,16,1.8,,0,4,16,6,0.25,1,2,-1,-1.43,-0.57,0,2,0,0,0,0,0,,,0
ITA-Serie A,2122,Hellas Verona,Filippo Terracciano,ITA,DF,18,2003,1,0,7,0.1,0,0,0,0,0,0,0,0,0.0,0.0,0.0,0.0,0.0,0,0,,0.0,0.0,,,7,0.2,,0,1,7,2,1.0,0,0,0,0.0,-0.16,0,0,0,0,0,0,0,,,0
ITA-Serie A,2122,Inter,Mattia Zanotti,ITA,DF,18,2003,1,0,9,0.1,0,0,0,0,0,0,0,0,0.0,0.0,0.0,0.0,0.0,0,0,,0.0,0.0,,,9,0.3,,0,1,9,3,3.0,0,0,0,0.0,-1.37,0,0,0,0,0,0,0,,,0
ITA-Serie A,2122,Juventus,Matìas Soulé,ARG,"FW,MF",18,2003,2,0,5,0.1,0,0,0,0,0,0,0,0,0.0,0.0,0.0,0.0,0.0,2,0,0.0,36.0,0.0,0.0,,3,0.1,,0,2,3,7,2.0,0,0,0,0.0,-0.53,0,0,0,0,0,0,0,,,0
ITA-Serie A,2122,Lazio,Raúl Moro,ESP,FW,18,2002,11,1,201,2.2,0,1,1,0,0,0,0,0,0.0,0.45,0.45,0.0,0.45,2,1,50.0,0.9,0.45,0.0,0.0,18,5.9,45,0,10,16,24,1.36,1,4,-3,-1.34,-1.96,0,0,0,0,2,0,3,,,0
ITA-Serie A,2122,Roma,Felix Afena-Gyan,GHA,"MF,FW",18,2003,17,6,668,7.4,2,0,2,2,0,0,5,1,0.27,0.0,0.27,0.27,0.27,17,7,41.2,2.29,0.94,0.12,0.29,39,19.5,66,0,11,25,8,1.65,13,9,4,0.54,0.15,1,15,24,4,8,3,3,,,0
ITA-Serie A,2122,Salernitana,Mario Perrone,ITA,DF,18,2003,1,0,15,0.2,0,0,0,0,0,0,0,0,0.0,0.0,0.0,0.0,0.0,0,0,,0.0,0.0,,,15,0.4,,0,1,15,2,0.0,0,0,0,0.0,1.19,0,1,0,0,0,0,0,,,0
ITA-Serie A,2122,Sampdoria,Gerard Yepes,ESP,MF,18,2002,4,0,21,0.2,0,0,0,0,0,0,0,0,0.0,0.0,0.0,0.0,0.0,0,0,,0.0,0.0,,,5,0.6,,0,4,5,14,0.25,0,0,0,0.0,0.45,0,0,0,0,0,0,0,,,0
ITA-Serie A,2122,Sassuolo,Brian Oddei,ITA,FW,18,2002,2,0,8,0.1,0,0,0,0,0,0,0,0,0.0,0.0,0.0,0.0,0.0,1,0,0.0,11.25,0.0,0.0,,4,0.2,,0,2,4,11,1.5,1,0,1,11.25,11.33,0,0,1,0,0,0,0,,,0
ITA-Serie A,2122,Spezia,Aimar Sher,IRQ,MF,18,2002,1,0,45,0.5,0,0,0,0,0,0,0,0,0.0,0.0,0.0,0.0,0.0,0,0,,0.0,0.0,,,45,1.3,,0,1,45,16,0.0,0,1,-1,-2.0,-1.23,0,0,0,0,0,3,1,,,0
ITA-Serie A,2122,Spezia,Janis Antiste,FRA,"FW,MF",18,2002,18,9,796,8.8,1,0,1,1,0,0,0,0,0.11,0.0,0.11,0.11,0.11,11,3,27.3,1.24,0.34,0.09,0.33,44,23.3,70,2,9,18,17,0.72,8,23,-15,-1.7,-1.18,0,15,6,5,12,3,11,,,0
ITA-Serie A,2122,Spezia,Nicolò Bertola,ITA,DF,18,2003,2,0,35,0.4,0,0,0,0,0,0,0,0,0.0,0.0,0.0,0.0,0.0,1,1,100.0,2.57,2.57,0.0,0.0,18,1.0,,0,2,18,28,1.5,0,1,-1,-2.57,-1.8,0,0,0,0,0,3,2,,,0
ITA-Serie A,2122,Udinese,Destiny Udogie,ITA,"MF,DF",18,2002,35,29,2477,27.5,5,3,8,5,0,0,4,0,0.18,0.11,0.29,0.18,0.29,27,12,44.4,0.98,0.44,0.19,0.42,71,72.4,80,16,6,26,1,1.23,50,39,11,0.4,1.16,0,36,34,4,16,25,40,,,0
ITA-Serie A,2122,Venezia,Patrick Leal,USA,MF,18,2003,1,0,2,0.0,0,0,0,0,0,0,0,0,0.0,0.0,0.0,0.0,0.0,0,0,,0.0,0.0,,,2,0.1,,0,1,2,0,1.0,0,0,0,0.0,0.92,0,0,0,0,0,0,0,,,0
ITA-Serie A,2122,Atalanta,Alassane Sidibe,CIV,MF,19,2002,1,0,6,0.1,0,0,0,0,0,0,0,0,0.0,0.0,0.0,0.0,0.0,0,0,,0.0,0.0,,,6,0.2,,0,1,6,0,1.0,0,0,0,0.0,-0.45,0,0,0,0,0,0,1,,,0
ITA-Serie A,2122,Atalanta,Giorgio Cittadini,ITA,DF,19,2002,2,0,4,0.0,0,0,0,0,0,0,0,0,0.0,0.0,0.0,0.0,0.0,0,0,,0.0,0.0,,,2,0.1,,0,2,2,9,3.0,1,0,1,22.5,22.08,0,0,0,0,0,1,0,,,0
ITA-Serie A,2122,Bologna,Aaron Hickey,SCO,"MF,DF",19,2002,36,34,2820,31.3,5,1,6,5,0,0,7,0,0.16,0.03,0.19,0.16,0.19,21,13,61.9,0.67,0.41,0.24,0.38,78,82.5,82,17,2,24,0,1.25,34,42,-8,-0.26,0.19,0,38,71,4,51,32,30,,,0
ITA-Serie A,2122,Bologna,Luis Binks,ENG,DF,19,2001,15,7,646,7.2,0,0,0,0,0,0,3,0,0.0,0.0,0.0,0.0,0.0,2,0,0.0,0.28,0.0,0.0,,43,18.9,73,3,8,17,22,1.2,7,13,-6,-0.84,-0.67,0,7,5,0,1,18,4,,,0
ITA-Serie A,2122,Empoli,Kristjan Asllani,ALB,MF,19,2002,23,14,1353,15.0,1,1,2,1,0,0,2,0,0.07,0.07,0.13,0.07,0.13,17,6,35.3,1.13,0.4,0.06,0.17,59,39.6,87,12,9,15,10,0.96,13,24,-11,-0.73,-0.34,0,13,24,0,29,19,12,,,0
ITA-Serie A,2122,Empoli,Mattia Viti,ITA,DF,19,2002,20,16,1491,16.6,0,0,0,0,0,0,3,1,0.0,0.0,0.0,0.0,0.0,4,0,0.0,0.24,0.0,0.0,,75,43.6,87,14,4,27,14,1.35,24,24,0,0.0,0.93,1,15,12,1,0,30,19,,,1
ITA-Serie A,2122,Empoli,Samuele Ricci,ITA,MF,19,2001,21,17,1530,17.0,1,1,2,1,0,0,1,1,0.06,0.06,0.12,0.06,0.12,8,1,12.5,0.47,0.06,0.13,1.0,73,44.7,82,11,4,35,0,1.24,29,35,-6,-0.35,0.31,0,17,42,0,7,31,18,,,0
ITA-Serie A,2122,Genoa,Nicolò Rovella,ITA,MF,19,2001,21,16,1468,16.3,0,3,3,0,0,0,5,0,0.0,0.18,0.18,0.0,0.18,16,3,18.8,0.98,0.18,0.0,0.0,70,42.9,83,12,5,28,4,0.67,15,27,-12,-0.74,0.23,0,26,24,3,110,22,23,,,0
ITA-Serie A,2122,Genoa,Riccardo Calafiori,ITA,DF,19,2002,3,1,82,0.9,0,0,0,0,0,0,1,0,0.0,0.0,0.0,0.0,0.0,1,0,0.0,1.1,0.0,0.0,,27,2.4,45,0,2,19,8,0.67,0,3,-3,-3.29,-2.48,0,3,0,0,0,2,0,,,0
ITA-Serie A,2122,Hellas Verona,Matteo Cancellieri,ITA,MF,19,2002,12,1,227,2.5,1,0,1,1,0,0,1,0,0.4,0.0,0.4,0.4,0.4,4,1,25.0,1.59,0.4,0.25,1.0,19,6.6,61,0,11,15,19,0.17,4,6,-2,-0.79,-1.02,0,9,4,1,8,1,4,,,0
ITA-Serie A,2122,Juventus,Kaio Jorge,BRA,FW,19,2002,9,0,121,1.3,0,0,0,0,0,0,0,0,0.0,0.0,0.0,0.0,0.0,5,1,20.0,3.72,0.74,0.0,0.0,13,3.5,,0,9,13,11,1.89,4,2,2,1.49,1.0,0,4,5,2,1,0,1,,,0
ITA-Serie A,2122,Juventus,Martin Palumbo,NOR,MF,19,2002,1,0,13,0.1,0,0,0,0,0,0,0,0,0.0,0.0,0.0,0.0,0.0,0,0,,0.0,0.0,,,13,0.4,,0,1,13,0,1.0,0,1,-1,-6.92,-7.48,0,0,0,0,0,0,0,,,0
ITA-Serie A,2122,Milan,Daniel Maldini,ITA,MF,19,2001,8,2,148,1.6,1,0,1,1,0,0,1,0,0.61,0.0,0.61,0.61,0.61,3,1,33.3,1.82,0.61,0.33,1.0,19,4.3,52,0,6,8,22,2.25,2,2,0,0.0,-1.05,0,4,1,1,1,1,3,,,0
ITA-Serie A,2122,Milan,Luca Stanga,ITA,DF,19,2002,1,0,3,0.0,0,0,0,0,0,0,0,0,0.0,0.0,0.0,0.0,0.0,0,0,,0.0,0.0,,,3,0.1,,0,1,3,3,3.0,0,0,0,0.0,-1.0,0,1,0,0,0,0,0,,,0
ITA-Serie A,2122,Roma,Edoardo Bove,ITA,MF,19,2002,11,0,68,0.8,1,0,1,1,0,0,0,0,1.32,0.0,1.32,1.32,1.32,1,1,100.0,1.32,1.32,1.0,1.0,6,2.0,,0,11,6,21,2.27,4,0,4,5.29,4.97,0,1,3,0,2,1,1,,,0
ITA-Serie A,2122,Roma,Nicola Zalewski,POL,MF,19,2002,16,9,793,8.8,0,0,0,0,0,0,1,0,0.0,0.0,0.0,0.0,0.0,9,4,44.4,1.02,0.45,0.0,0.0,50,23.2,70,0,7,23,18,1.63,12,7,5,0.57,0.19,0,9,20,1,31,16,20,,,0
ITA-Serie A,2122,Roma,Riccardo Calafiori,ITA,DF,19,2002,6,2,174,1.9,0,1,1,0,0,0,2,0,0.0,0.52,0.52,0.0,0.52,0,0,,0.0,0.0,,,29,5.1,72,0,4,8,12,2.5,3,3,0,0.0,-0.44,0,4,0,0,3,3,3,,,0
ITA-Serie A,2122,Salernitana,Andrei Motoc,MDA,DF,19,2002,1,1,90,1.0,0,0,0,0,0,0,0,0,0.0,0.0,0.0,0.0,0.0,1,0,0.0,1.0,0.0,0.0,,90,2.6,90,1,0,,2,0.0,0,3,-3,-3.0,-1.86,0,0,2,0,0,2,1,,,0
ITA-Serie A,2122,Salernitana,Matteo Ruggeri,ITA,"MF,DF",19,2002,14,8,676,7.5,0,0,0,0,0,0,1,0,0.0,0.0,0.0,0.0,0.0,3,0,0.0,0.4,0.0,0.0,,48,19.8,69,2,6,21,0,0.71,7,15,-8,-1.07,0.15,0,1,2,1,30,3,4,,,0
ITA-Serie A,2122,Salernitana,Radu Drăgușin,ROU,DF,19,2002,7,5,488,5.4,0,0,0,0,0,0,1,0,0.0,0.0,0.0,0.0,0.0,0,0,,0.0,0.0,,,70,14.3,90,5,2,19,10,0.71,6,14,-8,-1.48,-0.34,0,3,4,0,0,14,4,,,0
ITA-Serie A,2122,Sampdoria,Radu Drăgușin,ROU,DF,19,2002,13,4,620,6.9,0,0,0,0,0,0,1,0,0.0,0.0,0.0,0.0,0.0,3,0,0.0,0.44,0.0,0.0,,48,18.1,88,3,9,30,8,1.0,5,13,-8,-1.16,-0.87,0,6,5,1,4,10,2,,,0
ITA-Serie A,2122,Sampdoria,Riccardo Ciervo,ITA,MF,19,2002,10,1,227,2.5,0,1,1,0,0,0,0,0,0.0,0.4,0.4,0.0,0.4,3,1,33.3,1.19,0.4,0.0,0.0,23,6.6,71,0,9,17,11,0.1,3,4,-1,-0.4,0.05,0,3,1,0,9,2,4,,,0
ITA-Serie A,2122,Sampdoria,Simone Trimboli,ITA,MF,19,2002,5,0,65,0.7,0,0,0,0,0,0,1,0,0.0,0.0,0.0,0.0,0.0,0,0,,0.0,0.0,,,13,1.9,,0,5,13,30,0.6,1,2,-1,-1.38,-0.96,0,2,0,0,0,2,1,,,0
ITA-Serie A,2122,Sassuolo,Emil Ceide,NOR,FW,19,2001,6,0,53,0.6,0,0,0,0,0,0,0,0,0.0,0.0,0.0,0.0,0.0,0,0,,0.0,0.0,,,9,1.5,,0,6,9,8,1.67,1,3,-2,-3.4,-3.4,0,0,0,0,0,0,1,,,0
ITA-Serie A,2122,Sassuolo,Luigi Samele,ITA,FW,19,2002,2,0,5,0.1,0,1,1,0,0,0,0,0,0.0,18.0,18.0,0.0,18.0,0,0,,0.0,0.0,,,3,0.1,,0,2,3,3,0.5,1,0,1,18.0,18.08,0,0,0,0,0,0,0,,,0
ITA-Serie A,2122,Spezia,Eddie Salcedo,ITA,"MF,FW",19,2001,12,5,429,4.8,0,0,0,0,0,0,1,0,0.0,0.0,0.0,0.0,0.0,16,4,25.0,3.36,0.84,0.0,0.0,36,12.5,68,0,7,13,7,0.83,2,10,-8,-1.68,-1.02,0,8,6,2,12,0,1,,,0
ITA-Serie A,2122,Spezia,Petar Zovko,BIH,GK,19,2002,1,0,29,0.3,0,0,0,0,0,0,1,0,0.0,0.0,0.0,0.0,0.0,0,0,,0.0,0.0,,,29,0.8,,0,1,29,36,0.0,1,2,-1,-3.1,-2.33,0,0,1,0,0,0,0,,,0
ITA-Serie A,2122,Spezia,Suf Podgoreanu,ISR,MF,19,2002,5,1,113,1.3,0,1,1,0,0,0,0,0,0.0,0.8,0.8,0.0,0.8,1,0,0.0,0.8,0.0,0.0,,23,3.3,58,0,4,14,13,1.2,4,5,-1,-0.8,-0.01,0,2,2,0,8,1,0,,,0
ITA-Serie A,2122,Torino,Samuele Ricci,ITA,MF,19,2001,12,9,722,8.0,0,0,0,0,0,0,1,0,0.0,0.0,0.0,0.0,0.0,4,1,25.0,0.5,0.12,0.0,0.0,60,21.1,76,4,3,12,4,1.42,10,8,2,0.25,0.15,0,14,14,2,0,14,5,,,0
ITA-Serie A,2122,Udinese,Brandon Soppy,FRA,MF,19,2002,28,7,777,8.6,0,0,0,0,0,0,4,0,0.0,0.0,0.0,0.0,0.0,6,2,33.3,0.69,0.23,0.0,0.0,28,22.7,65,0,21,15,8,1.04,13,12,1,0.12,0.05,0,23,33,0,13,5,10,,,0
ITA-Serie A,2122,Udinese,Lazar Samardzic,SRB,MF,19,2002,22,1,490,5.4,2,2,4,2,0,0,0,0,0.37,0.37,0.73,0.37,0.73,17,6,35.3,3.12,1.1,0.12,0.33,22,14.3,90,1,21,19,15,1.0,10,5,5,0.92,0.98,0,11,3,0,33,2,9,,,0
ITA-Serie A,2122,Venezia,Gianluca Busio,USA,MF,19,2002,29,23,1950,21.7,1,1,2,1,0,0,8,0,0.05,0.05,0.09,0.05,0.09,14,5,35.7,0.65,0.23,0.07,0.2,67,57.0,78,10,6,26,5,0.72,15,37,-22,-1.02,-0.22,0,31,17,0,38,23,29,,,0
ITA-Serie A,2122,Venezia,Issa Bah,LUX,FW,19,2002,1,0,9,0.1,0,0,0,0,0,0,0,0,0.0,0.0,0.0,0.0,0.0,0,0,,0.0,0.0,,,9,0.3,,0,1,9,1,0.0,0,0,0,0.0,0.92,0,0,1,0,0,0,0,,,0
ITA-Serie A,2122,Venezia,Tanner Tessmann,USA,MF,19,2001,20,6,680,7.6,0,0,0,0,0,0,1,1,0.0,0.0,0.0,0.0,0.0,8,3,37.5,1.06,0.4,0.0,0.0,34,19.9,65,2,14,21,17,0.75,3,12,-9,-1.19,-0.34,0,10,8,0,4,4,4,,,0
ITA-Serie A,2122,Atalanta,Roberto Piccoli,ITA,FW,20,2001,12,1,196,2.2,1,0,1,1,0,0,0,0,0.46,0.0,0.46,0.46,0.46,5,3,60.0,2.3,1.38,0.2,0.33,16,5.7,84,0,11,10,9,1.75,4,2,2,0.92,0.5,0,0,3,3,0,0,0,,,0
ITA-Serie A,2122,Bologna,Emanuel Vignato,ITA,MF,20,2000,24,3,594,6.6,0,1,1,0,0,0,2,0,0.0,0.15,0.15,0.0,0.15,5,1,20.0,0.76,0.15,0.0,0.0,25,17.4,68,0,21,19,11,1.08,10,13,-3,-0.45,-0.2,0,5,3,0,12,3,7,,,0
ITA-Serie A,2122,Cagliari,Andrea Carboni,ITA,DF,20,2001,30,25,2215,24.6,0,0,0,0,0,0,6,0,0.0,0.0,0.0,0.0,0.0,10,1,10.0,0.41,0.04,0.0,0.0,74,64.8,84,18,5,21,7,0.77,24,41,-17,-0.69,0.58,0,18,9,0,24,32,24,,,1
ITA-Serie A,2122,Empoli,Fabiano Parisi,ITA,DF,20,2000,25,16,1477,16.4,0,1,1,0,0,0,5,0,0.0,0.06,0.06,0.0,0.06,16,4,25.0,0.97,0.24,0.0,0.0,59,43.2,80,9,9,22,7,1.12,22,27,-5,-0.3,0.39,0,22,28,0,44,23,25,,,0
ITA-Serie A,2122,Empoli,Liberato Cacace,NZL,DF,20,2000,10,5,466,5.2,0,0,0,0,0,0,1,0,0.0,0.0,0.0,0.0,0.0,1,0,0.0,0.19,0.0,0.0,,47,13.6,77,2,5,17,5,0.9,5,9,-4,-0.77,-0.29,0,9,6,0,11,8,6,,,0
ITA-Serie A,2122,Genoa,Laurens Serpe,ITA,DF,20,2001,1,0,45,0.5,0,0,0,0,0,0,0,0,0.0,0.0,0.0,0.0,0.0,0,0,,0.0,0.0,,,45,1.3,,0,1,45,5,0.0,0,2,-2,-4.0,-3.17,0,0,0,0,1,0,0,,,0
ITA-Serie A,2122,Genoa,Morten Frendrup,DEN,"DF,MF",20,2001,10,6,695,7.7,0,0,0,0,0,0,1,0,0.0,0.0,0.0,0.0,0.0,4,2,50.0,0.52,0.26,0.0,0.0,70,20.3,87,5,4,44,5,1.0,4,9,-5,-0.65,0.28,0,10,4,0,8,16,25,,,0
ITA-Serie A,2122,Genoa,Roberto Piccoli,ITA,FW,20,2001,5,2,218,2.4,0,0,0,0,0,0,0,0,0.0,0.0,0.0,0.0,0.0,2,0,0.0,0.83,0.0,0.0,,44,6.4,72,1,3,25,1,0.4,1,5,-4,-1.65,-0.84,0,3,0,1,1,1,1,,,0
ITA-Serie A,2122,Genoa,Yayah Kallon,SLE,"MF,FW",20,2001,15,5,636,7.1,0,1,1,0,0,0,3,0,0.0,0.14,0.14,0.0,0.14,11,1,9.1,1.56,0.14,0.0,0.0,42,18.6,72,2,10,28,6,0.73,11,13,-2,-0.28,0.72,0,18,13,3,18,1,11,,,0
ITA-Serie A,2122,Hellas Verona,Ivan Ilić,SRB,MF,20,2001,32,30,2526,28.1,1,3,4,1,0,0,5,1,0.04,0.11,0.14,0.04,0.14,22,5,22.7,0.78,0.18,0.05,0.2,79,73.9,83,16,2,19,0,1.28,46,45,1,0.04,-0.47,0,45,32,1,38,21,20,,,1
ITA-Serie A,2122,Hellas Verona,Mateusz Praszelik,POL,MF,20,2000,2,0,25,0.3,0,0,0,0,0,0,0,0,0.0,0.0,0.0,0.0,0.0,1,0,0.0,3.6,0.0,0.0,,13,0.7,,0,2,13,10,1.5,1,0,1,3.6,3.47,0,2,1,0,0,0,0,,,0
ITA-Serie A,2122,Inter,Martin Satriano,URU,FW,20,2001,4,0,38,0.4,0,0,0,0,0,0,0,0,0.0,0.0,0.0,0.0,0.0,0,0,,0.0,0.0,,,10,1.1,,0,4,10,9,2.5,1,0,1,2.37,1.01,0,1,0,0,0,0,0,,,0
ITA-Serie A,2122,Juventus,Marley Aké,FRA,"FW,MF",20,2001,4,0,77,0.9,0,0,0,0,0,0,1,0,0.0,0.0,0.0,0.0,0.0,0,0,,0.0,0.0,,,19,2.3,,0,4,19,8,0.5,1,4,-3,-3.51,-4.13,0,6,2,0,1,1,0,,,0
ITA-Serie A,2122,Milan,Pietro Pellegri,ITA,FW,20,2001,6,1,131,1.5,0,0,0,0,0,0,0,0,0.0,0.0,0.0,0.0,0.0,3,1,33.3,2.06,0.69,0.0,0.0,22,3.8,14,0,5,23,6,2.5,5,2,3,2.06,1.1,0,7,2,2,0,0,2,,,0
ITA-Serie A,2122,Napoli,Alessandro Zanoli,ITA,DF,20,2000,12,5,457,5.1,0,0,0,0,0,0,2,0,0.0,0.0,0.0,0.0,0.0,0,0,,0.0,0.0,,,38,13.4,81,4,7,7,21,2.0,11,6,5,0.98,-0.17,0,9,2,0,4,4,6,,,0
ITA-Serie A,2122,Roma,Bryan Reynolds,USA,DF,20,2001,1,0,2,0.0,0,0,0,0,0,0,0,0,0.0,0.0,0.0,0.0,0.0,0,0,,0.0,0.0,,,2,0.1,,0,1,2,10,3.0,1,0,1,45.0,44.61,0,0,0,0,0,0,0,,,0
ITA-Serie A,2122,Roma,Ebrima Darboe,GAM,MF,20,2001,1,1,63,0.7,0,0,0,0,0,0,0,0,0.0,0.0,0.0,0.0,0.0,1,0,0.0,1.43,0.0,0.0,,63,1.8,63,0,0,,21,3.0,2,0,2,2.86,2.48,0,1,0,0,0,1,1,,,0
ITA-Serie A,2122,Salernitana,Edoardo Vergani,ITA,MF,20,2001,6,1,102,1.1,0,0,0,0,0,0,0,0,0.0,0.0,0.0,0.0,0.0,0,0,,0.0,0.0,,,17,3.0,61,0,5,8,13,0.17,2,4,-2,-1.76,-0.6,0,3,1,1,0,0,2,,,0
ITA-Serie A,2122,Sampdoria,Kristoffer Askildsen,NOR,MF,20,2001,19,7,754,8.4,0,0,0,0,0,0,5,0,0.0,0.0,0.0,0.0,0.0,7,0,0.0,0.84,0.0,0.0,,40,22.0,80,2,12,16,13,0.89,6,11,-5,-0.6,-0.19,0,17,14,0,2,15,8,,,1
ITA-Serie A,2122,Spezia,Dávid Strelec,SVK,"MF,FW",20,2001,10,7,502,5.6,1,0,1,1,0,0,0,0,0.18,0.0,0.18,0.18,0.18,4,3,75.0,0.72,0.54,0.25,0.33,50,14.7,62,1,3,22,15,0.4,4,8,-4,-0.72,0.08,0,4,6,2,5,2,4,,,0
ITA-Serie A,2122,Torino,David Zima,CZE,DF,20,2000,20,13,1314,14.6,0,0,0,0,0,0,3,0,0.0,0.0,0.0,0.0,0.0,5,3,60.0,0.34,0.21,0.0,0.0,66,38.4,87,11,7,26,15,1.55,20,19,1,0.07,-0.1,0,16,5,1,3,23,14,,,0
ITA-Serie A,2122,Torino,Demba Seck,SEN,MF,20,2001,6,1,146,1.6,0,0,0,0,0,0,0,0,0.0,0.0,0.0,0.0,0.0,4,3,75.0,2.47,1.85,0.0,0.0,24,4.3,60,0,5,17,9,1.33,4,1,3,1.85,1.79,0,2,2,2,2,0,2,,,0
ITA-Serie A,2122,Torino,Pietro Pellegri,ITA,FW,20,2001,9,1,216,2.4,1,0,1,1,0,0,1,0,0.42,0.0,0.42,0.42,0.42,5,2,40.0,2.08,0.83,0.2,0.5,24,6.3,70,0,8,18,3,1.0,1,5,-4,-1.67,-1.92,0,10,6,4,0,0,1,,,0
ITA-Serie A,2122,Torino,Wilfried Singo,CIV,MF,20,2000,35,32,2607,29.0,3,4,7,3,0,0,5,1,0.1,0.14,0.24,0.1,0.24,41,7,17.1,1.42,0.24,0.07,0.43,74,76.2,79,15,3,22,0,1.31,34,28,6,0.21,0.32,0,43,59,8,79,22,39,,,0
ITA-Serie A,2122,Venezia,Ethan Ampadu,WAL,"MF,DF",20,2000,29,26,2282,25.4,0,3,3,0,0,0,13,2,0.0,0.12,0.12,0.0,0.12,7,1,14.3,0.28,0.04,0.0,0.0,79,66.7,84,18,3,34,0,0.69,20,44,-24,-0.95,-0.08,1,46,27,0,20,53,44,,,0
ITA-Serie A,2122,Venezia,Nicolas Galazzi,ITA,MF,20,2000,1,0,16,0.2,0,0,0,0,0,0,0,0,0.0,0.0,0.0,0.0,0.0,0,0,,0.0,0.0,,,16,0.5,,0,1,16,0,0.0,0,0,0,0.0,0.93,0,2,0,0,3,0,1,,,0
ITA-Serie A,2122,Atalanta,Matteo Lovato,ITA,DF,21,2000,6,3,305,3.4,0,0,0,0,0,0,1,0,0.0,0.0,0.0,0.0,0.0,1,0,0.0,0.3,0.0,0.0,,51,8.9,82,2,3,20,9,2.33,7,3,4,1.18,0.8,0,5,1,0,3,8,4,,,0
ITA-Serie A,2122,Atalanta,Valentin Mihaila,ROU,"FW,MF",21,2000,5,0,76,0.8,0,0,0,0,0,0,0,0,0.0,0.0,0.0,0.0,0.0,1,1,100.0,1.18,1.18,0.0,0.0,15,2.2,,0,5,15,11,1.4,1,0,1,1.18,0.75,0,2,0,0,3,0,1,,,0
ITA-Serie A,2122,Bologna,Andreas Skov Olsen,DEN,MF,21,1999,18,6,747,8.3,0,2,2,0,0,0,0,0,0.0,0.24,0.24,0.0,0.24,7,2,28.6,0.84,0.24,0.0,0.0,42,21.8,74,2,12,26,2,1.33,13,16,-3,-0.36,-0.09,0,4,15,0,37,3,10,,,0
ITA-Serie A,2122,Bologna,Arthur Theate,BEL,DF,21,2000,31,28,2424,26.9,2,1,3,2,0,0,6,0,0.07,0.04,0.11,0.07,0.11,21,6,28.6,0.78,0.22,0.1,0.33,78,70.9,84,22,3,24,3,1.03,29,36,-7,-0.26,0.1,0,26,11,1,17,41,21,,,0
ITA-Serie A,2122,Bologna,Kingsley Michael,NGA,MF,21,1999,2,1,76,0.8,0,0,0,0,0,0,0,0,0.0,0.0,0.0,0.0,0.0,1,1,100.0,1.18,1.18,0.0,0.0,38,2.2,59,0,1,17,1,1.0,1,0,1,1.18,1.51,0,0,1,0,0,1,1,,,0
ITA-Serie A,2122,Bologna,Sydney van Hooijdonk,NED,FW,21,2000,4,0,38,0.4,0,0,0,0,0,0,0,0,0.0,0.0,0.0,0.0,0.0,0,0,,0.0,0.0,,,10,1.1,,0,4,10,18,1.5,1,0,1,2.37,2.69,0,0,0,0,0,0,0,,,0
ITA-Serie A,2122,Cagliari,Gabriele Zappa,ITA,"MF,DF",21,1999,25,11,1144,12.7,0,0,0,0,0,0,4,1,0.0,0.0,0.0,0.0,0.0,6,2,33.3,0.47,0.16,0.0,0.0,46,33.5,81,5,14,18,11,0.56,11,26,-15,-1.18,-0.43,1,16,11,0,25,14,10,,,0
ITA-Serie A,2122,Cagliari,Luca Gagliano,ITA,FW,21,2000,2,0,13,0.1,0,0,0,0,0,0,0,0,0.0,0.0,0.0,0.0,0.0,0,0,,0.0,0.0,,,7,0.4,,0,2,7,6,0.5,0,0,0,0.0,0.9,0,0,0,0,0,0,0,,,0
ITA-Serie A,2122,Cagliari,Matteo Lovato,ITA,DF,21,2000,16,14,1238,13.8,0,0,0,0,0,0,4,0,0.0,0.0,0.0,0.0,0.0,6,1,16.7,0.44,0.07,0.0,0.0,77,36.2,83,10,2,39,1,1.25,15,21,-6,-0.44,0.72,0,15,14,0,0,28,16,,,0
ITA-Serie A,2122,Cagliari,Raoul Bellanova,ITA,MF,21,2000,31,27,2496,27.7,1,2,3,1,0,0,3,0,0.04,0.07,0.11,0.04,0.11,23,5,21.7,0.83,0.18,0.04,0.2,81,73.0,87,19,4,36,4,0.81,22,49,-27,-0.97,-0.29,0,10,35,2,97,23,15,,,0
ITA-Serie A,2122,Cagliari,Sebastian Walukiewicz,POL,DF,21,2000,7,4,302,3.4,0,0,0,0,0,0,1,0,0.0,0.0,0.0,0.0,0.0,1,0,0.0,0.3,0.0,0.0,,43,8.8,61,0,3,20,7,0.29,3,8,-5,-1.49,-0.65,0,4,3,0,1,7,5,,,0
ITA-Serie A,2122,Fiorentina,Aleksa Terzić,SRB,DF,21,1999,14,1,274,3.0,0,1,1,0,0,0,1,0,0.0,0.33,0.33,0.0,0.33,0,0,,0.0,0.0,,,20,8.0,90,1,13,14,24,2.07,4,3,1,0.33,0.13,0,4,2,0,21,5,5,,,0
ITA-Serie A,2122,Fiorentina,Dušan Vlahović,SRB,FW,21,2000,21,21,1857,20.6,17,2,19,12,5,6,2,0,0.82,0.1,0.92,0.58,0.68,75,34,45.3,3.63,1.65,0.16,0.35,88,54.3,88,17,0,,0,1.67,39,28,11,0.53,0.71,0,19,49,19,16,1,0,,,0
ITA-Serie A,2122,Genoa,Andrea Cambiaso,ITA,"MF,DF",21,2000,26,21,1790,19.9,1,4,5,1,0,0,5,1,0.05,0.2,0.25,0.05,0.25,14,6,42.9,0.7,0.3,0.07,0.17,69,52.3,78,13,5,28,3,0.62,13,31,-18,-0.91,-0.08,1,22,16,1,67,20,19,,,0
ITA-Serie A,2122,Genoa,Flavio Junior Bianchi,ITA,FW,21,2000,7,4,314,3.5,1,0,1,1,0,0,0,0,0.29,0.0,0.29,0.29,0.29,10,3,30.0,2.87,0.86,0.1,0.33,45,9.2,61,0,3,23,5,0.29,1,7,-6,-1.72,-0.94,0,5,4,0,1,0,2,,,0
ITA-Serie A,2122,Genoa,Kelvin Yeboah,ITA,"FW,MF",21,2000,17,9,850,9.4,0,1,1,0,0,0,2,0,0.0,0.11,0.11,0.0,0.11,16,5,31.3,1.69,0.53,0.0,0.0,50,24.9,71,3,8,26,0,0.94,5,11,-6,-0.64,0.31,0,28,30,7,10,1,8,,,0
ITA-Serie A,2122,Genoa,Leo Skiri Østigård,NOR,DF,21,1999,15,13,1172,13.0,0,0,0,0,0,0,4,2,0.0,0.0,0.0,0.0,0.0,7,2,28.6,0.54,0.15,0.0,0.0,78,34.3,85,12,2,35,1,0.93,5,19,-14,-1.08,-0.31,1,15,6,3,0,10,10,,,0
ITA-Serie A,2122,Genoa,Manolo Portanova,ITA,MF,21,2000,24,17,1322,14.7,1,0,1,1,0,0,4,0,0.07,0.0,0.07,0.07,0.07,29,12,41.4,1.97,0.82,0.03,0.08,55,38.7,67,2,7,27,10,0.79,5,15,-10,-0.68,0.31,0,46,25,4,40,17,30,,,0
ITA-Serie A,2122,Hellas Verona,Bosko Sutalo,CRO,"DF,MF",21,2000,24,6,920,10.2,0,0,0,0,0,0,0,0,0.0,0.0,0.0,0.0,0.0,4,1,25.0,0.39,0.1,0.0,0.0,38,26.9,77,4,18,26,9,1.21,14,20,-6,-0.59,-1.02,0,12,9,1,10,18,14,,,0
ITA-Serie A,2122,Hellas Verona,Ivor Pandur,CRO,GK,21,2000,3,3,270,3.0,0,0,0,0,0,0,0,0,0.0,0.0,0.0,0.0,0.0,0,0,,0.0,0.0,,,90,7.9,90,3,0,,20,1.0,5,6,-1,-0.33,-0.53,0,0,1,0,0,0,0,,,0
ITA-Serie A,2122,Juventus,Dejan Kulusevski,SWE,"MF,FW",21,2000,20,5,772,8.6,1,3,4,1,0,0,1,0,0.12,0.35,0.47,0.12,0.47,18,6,33.3,2.1,0.7,0.06,0.17,39,22.6,76,2,15,26,2,1.9,16,9,7,0.82,0.37,0,29,10,3,8,5,12,,,0
ITA-Serie A,2122,Juventus,Dušan Vlahović,SRB,FW,21,2000,15,12,1076,12.0,7,1,8,7,0,0,2,0,0.59,0.08,0.67,0.59,0.67,44,19,43.2,3.68,1.59,0.16,0.37,72,31.5,83,6,3,26,0,1.87,20,11,9,0.75,0.33,0,8,20,12,8,0,0,,,0
ITA-Serie A,2122,Juventus,Matthijs de Ligt,NED,DF,21,1999,31,29,2674,29.7,3,1,4,3,0,0,4,1,0.1,0.03,0.13,0.1,0.13,20,10,50.0,0.67,0.34,0.15,0.3,86,78.2,89,27,2,53,6,1.97,47,29,18,0.61,0.36,1,32,15,2,4,27,19,,,0
ITA-Serie A,2122,Juventus,Moise Kean,ITA,FW,21,2000,32,12,1098,12.2,5,2,7,5,0,0,5,0,0.41,0.16,0.57,0.41,0.57,28,10,35.7,2.3,0.82,0.18,0.5,34,32.1,66,1,20,15,0,2.03,19,14,5,0.41,-0.17,0,20,16,12,6,2,4,,,0
ITA-Serie A,2122,Lazio,Anderson Lima,BRA,MF,21,1999,4,0,65,0.7,0,0,0,0,0,0,1,0,0.0,0.0,0.0,0.0,0.0,1,0,0.0,1.38,0.0,0.0,,16,1.9,,0,4,16,12,1.75,1,0,1,1.38,0.9,0,2,4,0,1,2,0,,,0
ITA-Serie A,2122,Lazio,Dimitrije Kamenović,SRB,DF,21,2000,1,0,45,0.5,0,0,0,0,0,0,0,0,0.0,0.0,0.0,0.0,0.0,1,0,0.0,2.0,0.0,0.0,,45,1.3,,0,1,45,13,1.0,1,1,0,0.0,-0.51,0,1,1,0,0,2,1,,,0
ITA-Serie A,2122,Milan,Brahim Díaz,MAR,MF,21,1999,31,25,1855,20.6,3,3,6,3,0,0,4,0,0.15,0.15,0.29,0.15,0.29,30,6,20.0,1.46,0.29,0.1,0.5,60,54.2,70,2,6,16,4,2.1,34,15,19,0.92,-0.17,0,22,33,4,12,8,17,,,0
ITA-Serie A,2122,Milan,Matteo Gabbia,ITA,DF,21,1999,8,6,537,6.0,0,0,0,0,0,0,3,0,0.0,0.0,0.0,0.0,0.0,1,0,0.0,0.17,0.0,0.0,,67,15.7,82,4,2,23,28,2.0,13,7,6,1.01,0.01,0,7,2,0,0,9,4,,,0
ITA-Serie A,2122,Milan,Pierre Kalulu,FRA,DF,21,2000,28,21,1944,21.6,1,2,3,1,0,0,4,0,0.05,0.09,0.14,0.05,0.14,5,2,40.0,0.23,0.09,0.2,0.5,69,56.8,85,18,7,22,10,2.21,35,9,26,1.2,0.47,0,18,6,2,22,23,36,,,0
ITA-Serie A,2122,Milan,Sandro Tonali,ITA,MF,21,2000,36,31,2600,28.9,5,2,7,5,0,0,9,0,0.17,0.07,0.24,0.17,0.24,38,11,28.9,1.32,0.38,0.13,0.45,72,76.0,80,18,5,22,1,2.31,54,18,36,1.25,1.03,0,45,50,3,107,36,37,,,0
ITA-Serie A,2122,Napoli,Davide Marfella,ITA,GK,21,1999,1,0,11,0.1,0,0,0,0,0,0,0,0,0.0,0.0,0.0,0.0,0.0,0,0,,0.0,0.0,,,11,0.3,,0,1,11,34,3.0,0,0,0,0.0,-1.14,0,0,0,0,0,0,0,,,0
ITA-Serie A,2122,Napoli,Elif Elmas,MKD,MF,21,1999,37,12,1620,18.0,3,4,7,3,0,0,3,0,0.17,0.22,0.39,0.17,0.39,33,11,33.3,1.83,0.61,0.09,0.27,44,47.4,84,6,25,25,0,2.14,38,15,23,1.28,0.28,0,27,30,2,10,7,16,,,0
ITA-Serie A,2122,Napoli,Gianluca Gaetano,ITA,MF,21,2000,2,0,20,0.2,0,0,0,0,0,0,0,0,0.0,0.0,0.0,0.0,0.0,0,0,,0.0,0.0,,,10,0.6,,0,2,10,0,3.0,1,0,1,4.5,3.39,0,1,1,0,0,2,1,,,0
ITA-Serie A,2122,Roma,Marash Kumbulla,ALB,DF,21,2000,17,13,1025,11.4,0,0,0,0,0,0,6,0,0.0,0.0,0.0,0.0,0.0,7,3,42.9,0.61,0.26,0.0,0.0,60,30.0,79,8,4,1,18,2.18,15,11,4,0.35,-0.1,0,22,11,0,2,15,13,,,0
ITA-Serie A,2122,Sampdoria,Mikkel Damsgaard,DEN,MF,21,2000,11,6,578,6.4,0,0,0,0,0,0,1,0,0.0,0.0,0.0,0.0,0.0,12,3,25.0,1.87,0.47,0.0,0.0,53,16.9,80,2,5,20,2,0.82,9,10,-1,-0.16,0.35,0,10,8,0,5,6,14,,,0
ITA-Serie A,2122,Sampdoria,Vladyslav Supriaha,UKR,FW,21,2000,1,0,22,0.2,0,0,0,0,0,0,0,0,0.0,0.0,0.0,0.0,0.0,0,0,,0.0,0.0,,,22,0.6,,0,1,22,10,3.0,0,0,0,0.0,0.45,0,1,0,0,0,0,0,,,0
ITA-Serie A,2122,Sassuolo,Davide Frattesi,ITA,MF,21,1999,36,35,2854,31.7,4,3,7,4,0,0,6,0,0.13,0.09,0.22,0.13,0.22,67,20,29.9,2.11,0.63,0.06,0.2,79,83.5,81,6,1,30,0,1.28,55,52,3,0.09,0.89,0,45,57,0,14,28,14,,,1
ITA-Serie A,2122,Sassuolo,Giacomo Raspadori,ITA,"MF,FW",21,2000,36,32,2740,30.4,10,4,14,10,0,0,9,1,0.33,0.13,0.46,0.33,0.46,71,25,35.2,2.33,0.82,0.14,0.4,76,80.1,81,16,4,37,0,1.28,51,47,4,0.13,0.93,1,29,33,5,62,8,16,,,0
ITA-Serie A,2122,Sassuolo,Hamed Junior Traorè,CIV,MF,21,2000,31,21,1775,19.7,7,2,9,7,0,0,3,0,0.35,0.1,0.46,0.35,0.46,51,22,43.1,2.59,1.12,0.14,0.32,57,51.9,74,3,10,21,1,1.39,35,31,4,0.2,0.53,0,29,32,3,59,11,18,,,0
ITA-Serie A,2122,Spezia,Ebrima Colley,GAM,"FW,MF",21,2000,11,3,394,4.4,0,0,0,0,0,0,1,0,0.0,0.0,0.0,0.0,0.0,12,5,41.7,2.74,1.14,0.0,0.0,36,11.5,70,1,8,23,6,0.64,6,13,-7,-1.6,-0.91,0,10,12,2,18,3,2,,,0
ITA-Serie A,2122,Spezia,Jakub Kiwior,POL,MF,21,2000,22,21,1964,21.8,0,0,0,0,0,0,6,0,0.0,0.0,0.0,0.0,0.0,8,4,50.0,0.37,0.18,0.0,0.0,89,57.4,90,21,1,74,8,1.09,24,35,-11,-0.5,0.67,0,27,5,2,7,37,29,,,0
ITA-Serie A,2122,Torino,Ben Lhassine Kone,CIV,MF,21,2000,1,0,81,0.9,0,0,0,0,0,0,0,0,0.0,0.0,0.0,0.0,0.0,0,0,,0.0,0.0,,,81,2.4,,0,1,81,12,0.0,0,1,-1,-1.11,-1.27,0,1,0,0,0,1,3,,,0
ITA-Serie A,2122,Torino,Luca Gemello,ITA,GK,21,2000,1,1,90,1.0,0,0,0,0,0,0,0,0,0.0,0.0,0.0,0.0,0.0,0,0,,0.0,0.0,,,90,2.6,90,1,0,,27,3.0,4,0,4,4.0,3.97,0,0,0,0,0,0,0,,,0
ITA-Serie A,2122,Torino,Magnus Warming,DEN,FW,21,2000,4,0,58,0.6,0,0,0,0,0,0,0,0,0.0,0.0,0.0,0.0,0.0,0,0,,0.0,0.0,,,15,1.7,,0,4,15,23,0.75,0,0,0,0.0,-0.13,0,1,0,1,5,0,1,,,0
ITA-Serie A,2122,Udinese,Nehuén Pérez,ARG,DF,21,2000,20,19,1692,18.8,0,1,1,0,0,0,6,0,0.0,0.05,0.05,0.0,0.05,10,1,10.0,0.53,0.05,0.0,0.0,85,49.5,87,15,1,36,12,1.2,31,32,-1,-0.05,-0.26,0,30,9,0,2,21,20,,,0
ITA-Serie A,2122,Venezia,Bjarki Bjarkason,ISL,MF,21,2000,1,0,3,0.0,0,0,0,0,0,0,0,0,0.0,0.0,0.0,0.0,0.0,0,0,,0.0,0.0,,,3,0.1,,0,1,3,13,0.0,0,0,0,0.0,0.92,0,0,1,0,0,0,0,,,0
ITA-Serie A,2122,Venezia,Mickaël Cuisance,FRA,MF,21,1999,13,13,918,10.2,0,0,0,0,0,0,2,0,0.0,0.0,0.0,0.0,0.0,6,1,16.7,0.59,0.1,0.0,0.0,71,26.8,71,2,0,,2,0.69,9,19,-10,-0.98,-0.08,0,12,9,1,18,11,10,,,0
ITA-Serie A,2122,Bologna,Mattias Svanberg,SWE,MF,22,1999,36,31,2564,28.5,3,3,6,3,0,0,7,0,0.11,0.11,0.21,0.11,0.21,39,13,33.3,1.37,0.46,0.08,0.23,71,75.0,79,15,5,26,1,1.11,25,42,-17,-0.6,-1.23,0,36,62,0,51,27,14,,,0
ITA-Serie A,2122,Bologna,Musa Barrow,GAM,"MF,FW",22,1998,34,25,2134,23.7,6,6,12,6,0,0,0,0,0.25,0.25,0.51,0.25,0.51,71,27,38.0,2.99,1.14,0.08,0.22,63,62.4,75,5,9,30,1,1.32,26,34,-8,-0.34,-0.13,0,10,25,6,111,6,5,,,0
ITA-Serie A,2122,Bologna,Takehiro Tomiyasu,JPN,DF,22,1998,1,0,10,0.1,0,0,0,0,0,0,0,0,0.0,0.0,0.0,0.0,0.0,0,0,,0.0,0.0,,,10,0.3,,0,1,10,0,1.0,0,0,0,0.0,0.29,0,0,0,0,1,1,0,,,0
ITA-Serie A,2122,Cagliari,Giorgio Altare,ITA,DF,22,1998,19,17,1466,16.3,1,0,1,1,0,0,5,0,0.06,0.0,0.06,0.06,0.06,18,6,33.3,1.11,0.37,0.06,0.17,77,42.9,82,12,2,34,18,0.95,14,23,-9,-0.55,0.6,0,35,10,1,27,30,27,,,0
ITA-Serie A,2122,Empoli,Andrea Pinamonti,ITA,FW,22,1999,36,32,2869,31.9,13,2,15,9,4,4,4,0,0.41,0.06,0.47,0.28,0.35,90,28,31.1,2.82,0.88,0.1,0.32,80,83.9,87,25,4,22,0,1.06,44,59,-15,-0.47,0.35,0,32,56,19,29,8,6,,,0
ITA-Serie A,2122,Empoli,Nedim Bajrami,ALB,MF,22,1999,35,23,2054,22.8,6,5,11,3,3,3,3,0,0.26,0.22,0.48,0.13,0.35,53,21,39.6,2.32,0.92,0.06,0.14,59,60.1,74,5,12,29,3,1.06,33,39,-6,-0.26,0.66,0,16,14,7,156,4,15,,,0
ITA-Serie A,2122,Fiorentina,Riccardo Sottil,ITA,FW,22,1999,24,14,1239,13.8,3,2,5,3,0,0,4,1,0.22,0.15,0.36,0.22,0.36,22,10,45.5,1.6,0.73,0.14,0.3,52,36.2,73,2,10,21,9,1.5,16,19,-3,-0.22,-0.67,1,15,40,7,47,1,5,,,0
ITA-Serie A,2122,Fiorentina,Youssef Maleh,MAR,MF,22,1998,28,11,1019,11.3,2,2,4,2,0,0,5,0,0.18,0.18,0.35,0.18,0.35,21,5,23.8,1.85,0.44,0.1,0.4,36,29.8,62,1,17,20,9,1.71,23,17,6,0.53,0.45,0,43,19,0,18,7,15,,,0
ITA-Serie A,2122,Genoa,Filippo Melegoni,ITA,MF,22,1999,25,10,980,10.9,1,0,1,1,0,0,1,0,0.09,0.0,0.09,0.09,0.09,13,7,53.8,1.19,0.64,0.08,0.14,39,28.7,65,2,15,22,9,0.76,4,15,-11,-1.01,-0.2,0,14,20,2,34,12,12,,,0
ITA-Serie A,2122,Genoa,Johan Vásquez,MEX,DF,22,1998,28,27,2279,25.3,1,0,1,1,0,0,7,0,0.04,0.0,0.04,0.04,0.04,15,3,20.0,0.59,0.12,0.07,0.33,81,66.6,83,22,1,35,7,0.71,14,31,-17,-0.67,0.59,0,31,26,1,17,45,50,,,0
ITA-Serie A,2122,Genoa,Zinho Vanheusden,BEL,DF,22,1999,14,11,989,11.0,0,0,0,0,0,0,3,0,0.0,0.0,0.0,0.0,0.0,6,2,33.3,0.55,0.18,0.0,0.0,71,28.9,83,8,3,25,4,0.57,8,25,-17,-1.55,-0.95,0,10,10,0,5,24,7,,,1
ITA-Serie A,2122,Hellas Verona,Gianluca Frabotta,ITA,"DF,MF",22,1999,2,0,20,0.2,0,0,0,0,0,0,0,0,0.0,0.0,0.0,0.0,0.0,0,0,,0.0,0.0,,,10,0.6,,0,2,10,10,1.5,0,0,0,0.0,-0.16,0,2,0,0,3,1,0,,,0
ITA-Serie A,2122,Hellas Verona,Panagiotis Retsos,GRE,DF,22,1998,5,1,55,0.6,0,0,0,0,0,0,0,0,0.0,0.0,0.0,0.0,0.0,0,0,,0.0,0.0,,,11,1.6,5,0,4,13,7,2.0,1,1,0,0.0,-0.16,0,1,1,0,1,2,0,,,0
ITA-Serie A,2122,Inter,Alessandro Bastoni,ITA,DF,22,1999,31,29,2311,25.7,1,2,3,1,0,0,4,0,0.04,0.08,0.12,0.04,0.12,8,2,25.0,0.31,0.08,0.13,0.5,75,67.6,78,13,2,27,1,2.35,57,18,39,1.52,0.46,0,30,28,0,29,32,26,,,0
ITA-Serie A,2122,Juventus,Luca Pellegrini,ITA,"DF,MF",22,1999,18,15,1107,12.3,0,1,1,0,0,0,6,0,0.0,0.08,0.08,0.0,0.08,6,1,16.7,0.49,0.08,0.0,0.0,62,32.4,68,4,3,28,17,2.22,21,8,13,1.06,0.78,0,23,20,0,54,6,13,,,0
ITA-Serie A,2122,Juventus,Weston McKennie,USA,MF,22,1998,21,15,1369,15.2,3,0,3,3,0,0,1,0,0.2,0.0,0.2,0.2,0.2,23,5,21.7,1.51,0.33,0.13,0.6,65,40.0,81,9,6,25,2,1.67,20,16,4,0.26,-0.44,0,19,4,0,13,21,11,,,0
ITA-Serie A,2122,Milan,Alexis Saelemaekers,BEL,MF,22,1999,36,22,1865,20.7,1,3,4,1,0,0,2,0,0.05,0.14,0.19,0.05,0.19,39,12,30.8,1.88,0.58,0.03,0.08,52,54.5,69,6,14,24,2,2.28,37,21,16,0.77,-0.5,0,28,37,1,63,15,21,,,0
ITA-Serie A,2122,Milan,Rafael Leão,POR,MF,22,1999,34,31,2605,28.9,11,10,21,11,0,0,4,0,0.38,0.35,0.73,0.38,0.73,97,38,39.2,3.35,1.31,0.11,0.29,77,76.2,80,13,3,42,1,2.32,54,20,34,1.17,0.73,0,25,45,8,63,11,9,,,0
ITA-Serie A,2122,Napoli,Victor Osimhen,NGA,FW,22,1998,27,23,1983,22.0,14,2,16,14,0,0,5,1,0.64,0.09,0.73,0.64,0.73,91,30,33.0,4.13,1.36,0.15,0.47,73,58.0,82,9,4,24,0,2.19,42,16,26,1.18,0.12,0,37,38,19,9,3,6,,,0
ITA-Serie A,2122,Roma,Nicolò Zaniolo,ITA,"FW,MF",22,1999,28,23,1971,21.9,2,1,3,2,0,0,12,2,0.09,0.05,0.14,0.09,0.14,70,20,28.6,3.2,0.91,0.03,0.1,70,57.6,79,8,5,33,2,1.61,28,24,4,0.18,-0.56,1,52,63,10,67,8,14,,,0
ITA-Serie A,2122,Roma,Roger Ibanez,BRA,DF,22,1998,34,32,2889,32.1,3,0,3,3,0,0,9,0,0.09,0.0,0.09,0.09,0.09,20,6,30.0,0.62,0.19,0.15,0.5,85,84.5,90,32,2,5,1,1.62,50,39,11,0.34,-0.5,0,47,48,1,3,62,31,,,0
ITA-Serie A,2122,Salernitana,Emil Bohinen,NOR,MF,22,1999,11,8,699,7.8,0,1,1,0,0,0,5,0,0.0,0.13,0.13,0.0,0.13,4,3,75.0,0.52,0.39,0.0,0.0,64,20.4,79,5,3,21,5,1.45,9,8,1,0.13,1.65,0,16,13,1,19,10,10,,,0
ITA-Serie A,2122,Salernitana,Filippo Delli Carri,ITA,DF,22,1999,5,3,334,3.7,0,0,0,0,0,0,1,0,0.0,0.0,0.0,0.0,0.0,4,2,50.0,1.08,0.54,0.0,0.0,67,9.8,90,3,2,32,14,0.6,1,15,-14,-3.77,-2.87,0,2,2,0,3,4,4,,,0
ITA-Serie A,2122,Salernitana,Luca Ranieri,ITA,"DF,MF",22,1999,27,25,2103,23.4,1,0,1,1,0,0,9,0,0.04,0.0,0.04,0.04,0.04,9,4,44.4,0.39,0.17,0.11,0.25,78,61.5,81,10,2,34,2,0.81,20,47,-27,-1.16,0.07,0,16,10,2,66,26,23,,,0
ITA-Serie A,2122,Salernitana,Mamadou Coulibaly,SEN,MF,22,1999,12,9,808,9.0,2,0,2,2,0,0,1,0,0.22,0.0,0.22,0.22,0.22,10,4,40.0,1.11,0.45,0.2,0.5,67,23.6,82,5,3,24,1,0.67,7,17,-10,-1.11,0.09,0,15,10,0,8,10,12,,,0
ITA-Serie A,2122,Salernitana,Mikael,BRA,FW,22,1999,7,0,87,1.0,0,0,0,0,0,0,0,0,0.0,0.0,0.0,0.0,0.0,3,0,0.0,3.1,0.0,0.0,,12,2.5,,0,7,12,9,1.29,1,0,1,1.03,2.28,0,3,2,0,0,0,1,,,0
ITA-Serie A,2122,Salernitana,Nadir Zortea,ITA,"MF,DF",22,1999,29,13,1410,15.7,1,2,3,1,0,0,3,0,0.06,0.13,0.19,0.06,0.19,16,4,25.0,1.02,0.26,0.06,0.25,49,41.2,79,6,16,24,6,0.79,14,29,-15,-0.96,0.39,0,14,6,0,84,8,14,,,0
ITA-Serie A,2122,Salernitana,Éderson,BRA,MF,22,1999,15,13,1147,12.7,2,1,3,2,0,0,5,0,0.16,0.08,0.24,0.16,0.24,21,9,42.9,1.65,0.71,0.1,0.22,76,33.5,79,7,2,61,1,1.27,16,18,-2,-0.16,1.55,0,18,34,1,5,18,19,,,0
ITA-Serie A,2122,Sassuolo,Giacomo Satalino,ITA,GK,22,1999,1,0,8,0.1,0,0,0,0,0,0,0,0,0.0,0.0,0.0,0.0,0.0,0,0,,0.0,0.0,,,8,0.2,,0,1,8,28,0.0,0,0,0,0.0,0.05,0,0,0,0,0,0,0,,,0
ITA-Serie A,2122,Sassuolo,Gianluca Scamacca,ITA,FW,22,1999,36,25,2146,23.8,16,0,16,15,1,1,7,0,0.67,0.0,0.67,0.63,0.63,79,37,46.8,3.31,1.55,0.19,0.41,60,62.7,77,9,11,20,0,1.33,44,42,2,0.08,0.37,0,49,20,10,11,5,13,,,0
ITA-Serie A,2122,Sassuolo,Mert Müldür,TUR,DF,22,1999,31,24,2046,22.7,0,0,0,0,0,0,5,0,0.0,0.0,0.0,0.0,0.0,9,4,44.4,0.4,0.18,0.0,0.0,66,59.8,83,16,7,7,6,1.42,35,43,-8,-0.35,-0.74,0,24,15,0,40,26,34,,,0
ITA-Serie A,2122,Sassuolo,Ruan,BRA,DF,22,1999,10,0,214,2.4,0,0,0,0,0,0,1,0,0.0,0.0,0.0,0.0,0.0,0,0,,0.0,0.0,,,21,6.3,,0,10,21,9,1.9,2,5,-3,-1.26,-1.29,0,4,8,0,1,2,4,,,0
ITA-Serie A,2122,Spezia,Aurélien Nguiamba,FRA,MF,22,1999,3,0,51,0.6,0,0,0,0,0,0,1,0,0.0,0.0,0.0,0.0,0.0,0,0,,0.0,0.0,,,17,1.5,,0,3,17,17,0.33,0,1,-1,-1.76,-0.99,0,1,0,0,0,0,3,,,0
ITA-Serie A,2122,Spezia,Dimitris Nikolaou,GRE,DF,22,1998,36,36,3240,36.0,0,0,0,0,0,0,7,0,0.0,0.0,0.0,0.0,0.0,3,0,0.0,0.08,0.0,0.0,,90,94.7,90,36,0,,1,1.0,39,64,-25,-0.69,1.81,0,31,21,0,7,48,26,,,1
ITA-Serie A,2122,Spezia,Kevin Agudelo,COL,"MF,FW",22,1998,23,12,1237,13.7,3,1,4,3,0,0,2,1,0.22,0.07,0.29,0.22,0.29,21,11,52.4,1.53,0.8,0.14,0.27,54,36.2,77,3,11,28,0,0.91,16,23,-7,-0.51,0.44,0,36,24,0,22,7,27,,,0
ITA-Serie A,2122,Spezia,Petko Hristov,BUL,DF,22,1999,17,13,1248,13.9,1,1,2,1,0,0,3,0,0.07,0.07,0.14,0.07,0.14,2,1,50.0,0.14,0.07,0.5,1.0,73,36.5,87,12,4,31,17,0.71,17,34,-17,-1.23,-0.69,0,8,18,0,1,20,8,,,0
ITA-Serie A,2122,Torino,Alessandro Buongiorno,ITA,DF,22,1999,23,12,1181,13.1,0,1,1,0,0,0,5,0,0.0,0.08,0.08,0.0,0.08,6,1,16.7,0.46,0.08,0.0,0.0,51,34.5,76,5,11,24,13,1.43,22,16,6,0.46,0.5,0,27,16,1,6,30,9,,,0
ITA-Serie A,2122,Torino,Tommaso Pobega,ITA,MF,22,1999,33,24,2240,24.9,4,2,6,4,0,0,11,0,0.16,0.08,0.24,0.16,0.24,48,8,16.7,1.93,0.32,0.08,0.5,68,65.5,85,17,9,23,1,1.33,28,29,-1,-0.04,-0.5,0,75,38,2,18,27,29,,,0
ITA-Serie A,2122,Venezia,Arnór Sigurðsson,ISL,"FW,MF",22,1999,9,0,183,2.0,0,0,0,0,0,0,0,0,0.0,0.0,0.0,0.0,0.0,1,0,0.0,0.49,0.0,0.0,,20,5.4,,0,9,20,12,0.44,3,5,-2,-0.98,-0.07,0,2,1,0,3,1,1,,,0
ITA-Serie A,2122,Venezia,Daan Heymans,BEL,MF,22,1999,7,2,256,2.8,0,1,1,0,0,0,4,0,0.0,0.35,0.35,0.0,0.35,3,1,33.3,1.05,0.35,0.0,0.0,37,7.5,65,0,5,25,12,1.0,2,7,-5,-1.76,-0.9,0,8,2,0,3,4,1,,,0
ITA-Serie A,2122,Venezia,David Schnegg,AUT,DF,22,1998,4,2,142,1.6,0,0,0,0,0,0,1,0,0.0,0.0,0.0,0.0,0.0,0,0,,0.0,0.0,,,36,4.2,55,0,2,17,10,1.0,1,2,-1,-0.63,0.3,0,3,0,1,3,3,0,,,0
ITA-Serie A,2122,Venezia,Michael Svoboda,AUT,DF,22,1998,18,13,1236,13.7,0,0,0,0,0,0,2,1,0.0,0.0,0.0,0.0,0.0,7,0,0.0,0.51,0.0,0.0,,69,36.1,85,10,5,26,17,0.78,14,29,-15,-1.09,-0.27,0,9,4,0,1,10,18,,,0
,2122,Bayern Munich,Paul Wanner,AUT,MF,15,2005,4,0,39,0.4,0,0,0,0,0,0,0,0,0.0,0.0,0.0,0.0,0.0,0,0,,0.0,0.0,,,10,1.3,,0,4,10,5,2.25,1,0,1,2.31,0.55,0,1,1,0,1,0,1,,,0
,2122,Dortmund,Jamie Gittens,ENG,MF,16,2004,4,1,134,1.5,0,0,0,0,0,0,0,0,0.0,0.0,0.0,0.0,0.0,1,1,100.0,0.67,0.67,0.0,0.0,34,4.4,62,0,3,24,1,1.5,5,3,2,1.34,0.39,0,2,6,0,0,1,1,,,0
,2122,Dortmund,Tom Rothe,GER,MF,16,2004,2,1,94,1.0,1,0,1,1,0,0,1,0,0.96,0.0,0.96,0.96,0.96,2,1,50.0,1.91,0.96,0.5,1.0,47,3.1,87,0,1,7,1,1.5,6,2,4,3.83,2.95,0,3,1,3,5,2,3,,,0
,2122,Dortmund,Youssoufa Moukoko,GER,FW,16,2004,16,1,223,2.5,2,0,2,2,0,0,1,0,0.81,0.0,0.81,0.81,0.81,8,3,37.5,3.23,1.21,0.25,0.67,14,7.3,56,0,15,11,7,1.75,7,5,2,0.81,-0.18,0,5,5,5,0,2,0,,,0
,2122,Hoffenheim,Tom Bischof,GER,MF,16,2005,1,0,14,0.2,0,0,0,0,0,0,0,0,0.0,0.0,0.0,0.0,0.0,0,0,,0.0,0.0,,,14,0.5,,0,1,14,6,0.0,0,0,0,0.0,0.06,0,1,0,0,1,0,0,,,0
,2122,Hoffenheim,Umut Tohumcu,GER,MF,16,2004,1,0,5,0.1,0,0,0,0,0,0,0,0,0.0,0.0,0.0,0.0,0.0,0,0,,0.0,0.0,,,5,0.2,,0,1,5,0,0.0,0,0,0,0.0,0.06,0,0,1,0,0,0,0,,,0
,2122,Leverkusen,Iker Bravo,ESP,FW,16,2005,1,0,12,0.1,0,0,0,0,0,0,0,0,0.0,0.0,0.0,0.0,0.0,0,0,,0.0,0.0,,,12,0.4,,0,1,12,1,1.0,1,0,1,7.5,6.56,0,0,0,0,0,0,1,,,0
,2122,Leverkusen,Zidan Sertdemir,DEN,MF,16,2005,3,0,18,0.2,0,0,0,0,0,0,0,0,0.0,0.0,0.0,0.0,0.0,0,0,,0.0,0.0,,,6,0.6,,0,3,6,4,1.33,1,0,1,5.0,4.05,0,0,0,0,3,0,2,,,0
,2122,RB Leipzig,Sidney Raebiger,GER,MF,16,2005,1,0,4,0.0,0,0,0,0,0,0,0,0,0.0,0.0,0.0,0.0,0.0,0,0,,0.0,0.0,,,4,0.1,,0,1,4,10,3.0,0,0,0,0.0,-1.03,0,0,0,0,0,0,0,,,0
,2122,Arminia,Burak İnce,TUR,FW,17,2004,5,1,139,1.5,0,0,0,0,0,0,0,0,0.0,0.0,0.0,0.0,0.0,4,2,50.0,2.59,1.29,0.0,0.0,28,4.5,65,0,4,19,3,0.4,1,4,-3,-1.94,-1.23,0,2,4,1,3,0,1,,,0
,2122,Bayern Munich,Gabriel Vidovic,CRO,MF,17,2003,3,0,36,0.4,0,0,0,0,0,0,0,0,0.0,0.0,0.0,0.0,0.0,0,0,,0.0,0.0,,,12,1.2,,0,3,12,0,1.33,0,0,0,0.0,-1.79,0,0,0,0,0,0,0,,,0
,2122,Bayern Munich,Lucas Copado,GER,FW,17,2004,1,0,16,0.2,0,0,0,0,0,0,0,0,0.0,0.0,0.0,0.0,0.0,1,0,0.0,5.63,0.0,0.0,,16,0.5,,0,1,16,1,0.0,0,0,0,0.0,-1.77,0,0,0,0,0,0,0,,,0
,2122,Dortmund,Lion Semić,GER,DF,17,2003,1,0,3,0.0,0,0,0,0,0,0,0,0,0.0,0.0,0.0,0.0,0.0,0,0,,0.0,0.0,,,3,0.1,,0,1,3,1,3.0,0,0,0,0.0,-0.97,0,0,0,0,0,0,0,,,0
,2122,Hertha BSC,Anton Kade,GER,MF,17,2004,4,0,77,0.9,0,0,0,0,0,0,0,0,0.0,0.0,0.0,0.0,0.0,1,1,100.0,1.17,1.17,0.0,0.0,19,2.5,,0,4,19,5,1.5,0,2,-2,-2.34,-1.37,0,2,2,0,2,3,2,,,0
,2122,Hertha BSC,Julian Eitschberger,GER,DF,17,2004,1,1,45,0.5,0,0,0,0,0,0,0,0,0.0,0.0,0.0,0.0,0.0,0,0,,0.0,0.0,,,45,1.5,45,0,0,,1,0.0,0,1,-1,-2.0,-1.01,0,0,2,0,0,2,0,,,0
,2122,Hertha BSC,Linus Gechter,GER,"DF,MF",17,2004,13,6,716,8.0,1,0,1,1,0,0,0,0,0.13,0.0,0.13,0.13,0.13,5,1,20.0,0.63,0.13,0.2,1.0,55,23.4,86,5,7,28,6,1.23,7,23,-16,-2.01,-1.32,0,7,0,0,2,10,7,,,0
,2122,Hoffenheim,Justin Che,USA,DF,17,2003,2,0,41,0.5,0,0,0,0,0,0,0,0,0.0,0.0,0.0,0.0,0.0,1,0,0.0,2.2,0.0,0.0,,21,1.3,,0,2,21,9,0.0,0,1,-1,-2.2,-2.17,0,0,0,0,2,1,0,,,0
,2122,RB Leipzig,Solomon Bonnah,NED,"DF,MF",17,2003,1,0,6,0.1,0,0,0,0,0,0,0,0,0.0,0.0,0.0,0.0,0.0,0,0,,0.0,0.0,,,6,0.2,,0,1,6,6,0.0,0,0,0,0.0,-1.03,0,0,0,0,0,1,0,,,0
,2122,Stuttgart,Alexis Tibidi,FRA,MF,17,2003,13,2,385,4.3,0,0,0,0,0,0,1,0,0.0,0.0,0.0,0.0,0.0,4,0,0.0,0.94,0.0,0.0,,30,12.6,70,0,11,22,5,0.54,4,10,-6,-1.4,-1.0,0,11,12,4,3,2,2,,,0
,2122,Stuttgart,Mohamed Sankoh,NED,FW,17,2003,1,0,4,0.0,0,0,0,0,0,0,0,0,0.0,0.0,0.0,0.0,0.0,1,1,100.0,22.5,22.5,0.0,0.0,4,0.1,,0,1,4,0,3.0,0,0,0,0.0,0.53,0,0,0,0,0,0,0,,,0
,2122,Stuttgart,Ömer Faruk Beyaz,TUR,MF,17,2003,4,0,71,0.8,0,0,0,0,0,0,0,0,0.0,0.0,0.0,0.0,0.0,3,1,33.3,3.8,1.27,0.0,0.0,18,2.3,,0,4,18,16,0.5,1,1,0,0.0,0.54,0,0,0,0,1,1,3,,,0
,2122,Augsburg,Lasse Günther,GER,MF,18,2003,5,1,161,1.8,0,0,0,0,0,0,1,0,0.0,0.0,0.0,0.0,0.0,2,0,0.0,1.12,0.0,0.0,,32,5.3,90,1,4,18,12,0.2,1,7,-6,-3.35,-3.01,0,3,1,0,3,2,5,,,0
,2122,Augsburg,Ricardo Pepi,USA,"FW,MF",18,2003,11,4,477,5.3,0,0,0,0,0,0,0,0,0.0,0.0,0.0,0.0,0.0,8,5,62.5,1.51,0.94,0.0,0.0,43,15.6,71,0,7,27,5,0.73,5,8,-3,-0.57,-0.08,0,1,4,3,2,2,2,,,0
,2122,Bayern Munich,Jamal Musiala,GER,MF,18,2003,30,12,1465,16.3,5,5,10,5,0,0,2,0,0.31,0.31,0.61,0.31,0.61,41,15,36.6,2.52,0.92,0.12,0.33,49,47.9,78,5,18,29,2,2.33,44,16,28,1.72,-0.09,0,17,20,3,5,19,26,,,0
,2122,Bochum,Luis Hartwig,GER,FW,18,2002,1,0,2,0.0,0,0,0,0,0,0,0,0,0.0,0.0,0.0,0.0,0.0,0,0,,0.0,0.0,,,2,0.1,,0,1,2,2,0.0,0,0,0,0.0,0.41,0,0,0,0,0,0,0,,,0
,2122,Dortmund,Gio Reyna,USA,"MF,FW",18,2002,10,6,439,4.9,2,1,3,2,0,0,0,0,0.41,0.21,0.62,0.41,0.62,11,6,54.5,2.26,1.23,0.18,0.33,44,14.3,57,1,4,24,0,1.9,12,8,4,0.82,-0.18,0,7,11,1,19,0,5,,,0
,2122,Dortmund,Jude Bellingham,ENG,MF,18,2003,32,32,2790,31.0,3,8,11,3,0,0,9,0,0.1,0.26,0.35,0.1,0.35,44,13,29.5,1.42,0.42,0.07,0.23,87,91.2,87,27,0,,0,2.06,76,46,30,0.97,-0.03,0,39,91,5,14,37,34,,,0
,2122,Gladbach,Joe Scally,USA,"MF,DF",18,2002,30,20,1909,21.2,1,2,3,1,0,0,4,0,0.05,0.09,0.14,0.05,0.14,18,6,33.3,0.85,0.28,0.06,0.17,64,62.4,87,16,10,16,3,1.23,31,41,-10,-0.47,-0.71,0,27,36,2,35,22,31,,,0
,2122,Gladbach,Luca Netz,GER,"MF,DF",18,2003,24,17,1396,15.5,0,4,4,0,0,0,1,0,0.0,0.26,0.26,0.0,0.26,14,5,35.7,0.9,0.32,0.0,0.0,58,45.6,74,5,7,19,8,1.46,28,22,6,0.39,1.09,0,7,11,2,36,13,10,,,0
,2122,Hertha BSC,Luca Wollschläger,GER,FW,18,2003,2,0,16,0.2,0,0,0,0,0,0,0,0,0.0,0.0,0.0,0.0,0.0,1,0,0.0,5.63,0.0,0.0,,8,0.5,,0,2,8,1,0.5,0,1,-1,-5.63,-4.65,0,0,0,0,0,0,1,,,0
,2122,Hertha BSC,Marten Winkler,GER,MF,18,2002,1,0,26,0.3,0,0,0,0,0,0,0,0,0.0,0.0,0.0,0.0,0.0,0,0,,0.0,0.0,,,26,0.8,,0,1,26,1,0.0,0,0,0,0.0,1.01,0,0,1,0,1,0,0,,,0
,2122,Hoffenheim,Fisnik Asllani,KVX,FW,18,2002,2,0,9,0.1,0,0,0,0,0,0,0,0,0.0,0.0,0.0,0.0,0.0,0,0,,0.0,0.0,,,5,0.3,,0,2,5,5,1.5,0,0,0,0.0,0.06,0,0,0,0,0,0,0,,,0
,2122,Leverkusen,Florian Wirtz,GER,MF,18,2003,24,22,1851,20.6,7,10,17,7,0,0,2,0,0.34,0.49,0.83,0.34,0.83,36,13,36.1,1.75,0.63,0.19,0.54,77,60.5,83,8,2,18,0,1.79,55,34,21,1.02,0.13,0,15,25,10,60,11,12,,,0
,2122,Mainz 05,Paul Nebel,GER,MF,18,2002,10,2,228,2.5,0,1,1,0,0,0,3,0,0.0,0.39,0.39,0.0,0.39,3,1,33.3,1.18,0.39,0.0,0.0,23,7.5,67,0,8,12,11,1.3,3,1,2,0.79,0.69,0,9,3,1,10,0,5,,,0
,2122,RB Leipzig,Hugo Novoa,ESP,MF,18,2003,8,1,136,1.5,1,0,1,1,0,0,0,0,0.66,0.0,0.66,0.66,0.66,2,2,100.0,1.32,1.32,0.5,0.5,17,4.4,54,0,7,12,15,2.38,2,0,2,1.32,0.31,0,1,4,1,2,1,4,,,0
,2122,RB Leipzig,Ilaix Moriba,GUI,MF,18,2003,2,0,32,0.4,0,0,0,0,0,0,0,0,0.0,0.0,0.0,0.0,0.0,1,1,100.0,2.81,2.81,0.0,0.0,16,1.0,,0,2,16,9,1.5,0,0,0,0.0,-1.04,0,1,3,0,0,1,0,,,0
,2122,Stuttgart,Lilian Egloff,GER,MF,18,2002,4,0,31,0.3,0,0,0,0,0,0,0,0,0.0,0.0,0.0,0.0,0.0,0,0,,0.0,0.0,,,8,1.0,,0,4,8,1,1.0,0,0,0,0.0,0.53,0,2,0,0,0,0,1,,,0
,2122,Stuttgart,Wahid Faghir,DEN,FW,18,2003,6,0,123,1.4,1,0,1,1,0,0,0,0,0.73,0.0,0.73,0.73,0.73,5,1,20.0,3.66,0.73,0.2,1.0,21,4.0,,0,6,21,3,0.33,1,2,-1,-0.73,-0.21,0,0,3,2,0,0,0,,,0
,2122,Wolfsburg,Aster Vranckx,BEL,MF,18,2002,24,12,1141,12.7,2,0,2,2,0,0,2,0,0.16,0.0,0.16,0.16,0.16,25,8,32.0,1.97,0.63,0.08,0.25,48,37.3,75,5,12,20,6,0.96,15,22,-7,-0.55,-0.36,0,39,16,1,25,13,14,,,0
,2122,Wolfsburg,Kevin Paredes,USA,MF,18,2003,2,0,16,0.2,0,0,0,0,0,0,0,0,0.0,0.0,0.0,0.0,0.0,0,0,,0.0,0.0,,,8,0.5,,0,2,8,5,3.0,0,0,0,0.0,0.33,0,1,0,0,1,0,0,,,0
,2122,Arminia,George Bello,USA,DF,19,2002,10,3,434,4.8,0,0,0,0,0,0,0,0,0.0,0.0,0.0,0.0,0.0,3,0,0.0,0.62,0.0,0.0,,43,14.2,90,3,7,23,3,0.2,2,12,-10,-2.07,-1.53,0,4,6,1,11,7,7,,,1
,2122,Bayern Munich,Malik Tillman,USA,MF,19,2002,4,1,104,1.2,0,0,0,0,0,0,0,0,0.0,0.0,0.0,0.0,0.0,1,1,100.0,0.87,0.87,0.0,0.0,26,3.4,74,0,3,10,13,2.25,2,2,0,0.0,-1.83,0,4,1,0,0,2,1,,,0
,2122,Bayern Munich,Tanguy Nianzou,FRA,DF,19,2002,17,6,582,6.5,1,1,2,1,0,0,4,0,0.15,0.15,0.31,0.15,0.31,6,1,16.7,0.93,0.15,0.17,1.0,34,19.0,70,3,11,15,14,2.53,18,4,14,2.16,0.49,0,13,8,0,1,7,7,,,0
,2122,Bochum,Armel Bella Kotchap,GER,DF,19,2001,22,20,1768,19.6,0,0,0,0,0,0,5,0,0.0,0.0,0.0,0.0,0.0,10,3,30.0,0.51,0.15,0.0,0.0,80,57.8,88,18,2,2,9,0.95,18,35,-17,-0.87,-1.07,0,26,27,3,2,41,18,,,2
,2122,Dortmund,Ansgar Knauff,GER,MF,19,2002,5,0,114,1.3,0,0,0,0,0,0,0,0,0.0,0.0,0.0,0.0,0.0,1,0,0.0,0.79,0.0,0.0,,23,3.7,,0,5,23,10,1.8,2,1,1,0.79,-0.19,0,4,1,1,0,0,1,,,0
,2122,Dortmund,Reinier,BRA,MF,19,2002,13,1,162,1.8,0,0,0,0,0,0,0,0,0.0,0.0,0.0,0.0,0.0,1,0,0.0,0.56,0.0,0.0,,12,5.3,66,0,12,8,17,1.77,2,6,-4,-2.22,-3.37,0,2,2,0,0,0,3,,,0
,2122,Eintracht Frankfurt,Ansgar Knauff,GER,MF,19,2002,12,8,759,8.4,1,1,2,1,0,0,0,0,0.12,0.12,0.24,0.12,0.24,12,4,33.3,1.42,0.47,0.08,0.25,63,24.8,82,3,4,26,2,1.08,11,10,1,0.12,0.31,0,11,8,1,21,8,13,,,0
,2122,Eintracht Frankfurt,Diant Ramaj,GER,GK,19,2001,1,1,90,1.0,0,0,0,0,0,0,0,0,0.0,0.0,0.0,0.0,0.0,0,0,,0.0,0.0,,,90,2.9,90,1,0,,19,1.0,1,1,0,0.0,0.12,0,0,0,0,0,0,0,,,0
,2122,Freiburg,Hugo Siquet,BEL,"DF,MF",19,2002,1,0,22,0.2,0,0,0,0,0,0,0,0,0.0,0.0,0.0,0.0,0.0,0,0,,0.0,0.0,,,22,0.7,,0,1,22,7,0.0,0,3,-3,-12.27,-12.72,0,1,0,0,1,0,0,,,0
,2122,Freiburg,Kevin Schade,GER,"MF,FW",19,2001,21,7,831,9.2,4,1,5,4,0,0,2,0,0.43,0.11,0.54,0.43,0.54,19,9,47.4,2.06,0.97,0.21,0.44,40,27.2,70,0,14,24,3,1.57,20,8,12,1.3,1.3,0,22,26,4,14,5,7,,,0
,2122,Freiburg,Kiliann Sildillia,FRA,MF,19,2002,7,1,169,1.9,0,0,0,0,0,0,1,0,0.0,0.0,0.0,0.0,0.0,0,0,,0.0,0.0,,,24,5.5,90,1,6,13,13,1.57,4,3,1,0.53,0.19,0,1,1,0,5,2,3,,,0
,2122,Freiburg,Noah Weißhaupt,GER,"FW,MF",19,2001,10,0,97,1.1,0,0,0,0,0,0,0,0,0.0,0.0,0.0,0.0,0.0,0,0,,0.0,0.0,,,10,3.2,,0,10,10,10,1.5,4,3,1,0.93,0.59,0,3,2,0,3,1,1,,,0
,2122,Hertha BSC,Márton Dárdai,HUN,DF,19,2002,12,9,755,8.4,0,1,1,0,0,0,2,0,0.0,0.12,0.12,0.0,0.12,4,3,75.0,0.48,0.36,0.0,0.0,63,24.7,79,5,3,16,7,1.08,7,20,-13,-1.55,-0.73,0,10,6,0,9,19,5,,,0
,2122,Hoffenheim,Georginio Rutter,FRA,"FW,MF",19,2002,33,13,1611,17.9,8,2,10,8,0,0,2,0,0.45,0.11,0.56,0.45,0.56,52,22,42.3,2.91,1.23,0.15,0.36,49,52.6,74,3,20,32,0,1.39,39,36,3,0.17,0.48,0,38,37,21,19,5,11,,,0
,2122,Hoffenheim,Marco John,GER,MF,19,2002,2,0,42,0.5,0,0,0,0,0,0,0,0,0.0,0.0,0.0,0.0,0.0,0,0,,0.0,0.0,,,21,1.4,,0,2,21,4,1.5,3,0,3,6.43,6.58,0,0,0,0,0,1,0,,,0
,2122,Köln,Jan Thielmann,GER,"MF,FW",19,2002,29,10,1192,13.2,3,3,6,3,0,0,6,0,0.23,0.23,0.45,0.23,0.45,15,6,40.0,1.13,0.45,0.2,0.5,41,39.0,75,2,19,23,0,1.45,20,22,-2,-0.15,-0.39,0,13,12,2,58,12,16,,,0
,2122,Köln,Tim Lemperle,GER,FW,19,2002,13,0,149,1.7,2,0,2,2,0,0,0,0,1.21,0.0,1.21,1.21,1.21,7,3,42.9,4.23,1.81,0.29,0.67,11,4.9,,0,13,11,10,1.23,4,5,-1,-0.6,-0.73,0,4,3,0,1,2,1,,,0
,2122,Leverkusen,Piero Hincapié,ECU,DF,19,2002,27,20,1754,19.5,1,2,3,1,0,0,5,0,0.05,0.1,0.15,0.05,0.15,9,1,11.1,0.46,0.05,0.11,1.0,65,57.3,81,14,7,20,2,2.0,47,29,18,0.92,-0.11,0,23,15,3,20,32,22,,,0
,2122,RB Leipzig,Brian Brobbey,NED,FW,19,2002,9,1,131,1.5,0,2,2,0,0,0,0,0,0.0,1.37,1.37,0.0,1.37,4,0,0.0,2.75,0.0,0.0,,15,4.3,42,0,8,11,5,0.78,4,3,1,0.69,-0.36,0,3,2,0,0,0,0,,,0
,2122,RB Leipzig,Joscha Wosz,GER,MF,19,2002,1,0,9,0.1,0,0,0,0,0,0,0,0,0.0,0.0,0.0,0.0,0.0,0,0,,0.0,0.0,,,9,0.3,,0,1,9,10,3.0,0,0,0,0.0,-1.03,0,1,0,0,0,0,0,,,0
,2122,RB Leipzig,Joško Gvardiol,CRO,DF,19,2002,29,28,2409,26.8,2,2,4,2,0,0,7,0,0.07,0.07,0.15,0.07,0.15,23,7,30.4,0.86,0.26,0.09,0.29,83,78.7,85,23,1,33,3,1.76,59,28,31,1.16,0.61,0,41,34,1,8,54,30,,,1
,2122,Stuttgart,Enzo Millot,FRA,MF,19,2002,6,0,53,0.6,0,1,1,0,0,0,0,0,0.0,1.7,1.7,0.0,1.7,0,0,,0.0,0.0,,,9,1.7,,0,6,9,5,0.33,1,1,0,0.0,0.54,0,2,1,0,3,1,0,,,0
,2122,Stuttgart,Naouirou Ahamada,FRA,MF,19,2002,3,0,61,0.7,0,0,0,0,0,0,0,0,0.0,0.0,0.0,0.0,0.0,0,0,,0.0,0.0,,,20,2.0,,0,3,20,9,0.0,1,1,0,0.0,0.54,0,2,1,0,0,0,0,,,0
,2122,Stuttgart,Tiago Tomás,POR,FW,19,2002,14,13,1075,11.9,4,0,4,4,0,0,2,0,0.33,0.0,0.33,0.33,0.33,28,15,53.6,2.34,1.26,0.14,0.27,77,35.1,82,6,1,10,0,1.07,15,19,-4,-0.33,0.3,0,7,25,7,18,4,4,,,0
,2122,Wolfsburg,Bartosz Białek,POL,FW,19,2001,12,1,178,2.0,0,0,0,0,0,0,1,0,0.0,0.0,0.0,0.0,0.0,6,2,33.3,3.03,1.01,0.0,0.0,15,5.8,64,0,11,10,7,1.58,4,2,2,1.01,1.42,0,6,2,0,0,0,0,,,0
,2122,Arminia,Patrick Wimmer,AUT,"MF,FW",20,2001,31,27,2052,22.8,3,6,9,3,0,0,7,0,0.13,0.26,0.39,0.13,0.39,56,15,26.8,2.46,0.66,0.05,0.2,66,67.1,72,7,4,28,2,0.84,20,37,-17,-0.75,0.06,0,49,38,5,96,26,31,,,0
,2122,Augsburg,Frederik Winther,DEN,DF,20,2001,4,3,328,3.6,0,0,0,0,0,0,1,0,0.0,0.0,0.0,0.0,0.0,0,0,,0.0,0.0,,,82,10.7,90,3,1,58,22,1.0,6,7,-1,-0.27,0.25,0,1,0,0,1,8,2,,,0
,2122,Bayern Munich,Alphonso Davies,CAN,"DF,MF",20,2000,22,20,1740,19.3,0,3,3,0,0,0,3,0,0.0,0.16,0.16,0.0,0.16,18,6,33.3,0.93,0.31,0.0,0.0,79,56.9,83,14,2,37,0,2.32,59,21,38,1.97,0.47,0,15,27,3,44,21,16,,,0
,2122,Dortmund,Immanuel Pherai,SUR,"FW,MF",20,2001,1,0,1,0.0,0,0,0,0,0,0,0,0,0.0,0.0,0.0,0.0,0.0,0,0,,0.0,0.0,,,1,0.0,,0,1,1,1,3.0,0,0,0,0.0,-0.97,0,0,0,0,0,0,0,,,0
,2122,Gladbach,Connor Noß,IRL,MF,20,2001,3,0,52,0.6,0,0,0,0,0,0,0,0,0.0,0.0,0.0,0.0,0.0,1,0,0.0,1.73,0.0,0.0,,17,1.7,,0,3,17,19,1.67,1,2,-1,-1.73,-1.55,0,0,0,0,0,0,0,,,0
,2122,Gladbach,Manu Koné,FRA,MF,20,2001,27,26,2183,24.3,2,0,2,2,0,0,10,0,0.08,0.0,0.08,0.08,0.08,29,10,34.5,1.2,0.41,0.07,0.2,81,71.3,83,12,1,30,1,1.44,43,40,3,0.12,1.15,0,39,60,1,1,34,39,,,0
,2122,Greuther Fürth,Jamie Leweling,GER,"FW,MF",20,2001,33,22,1959,21.8,5,1,6,5,0,0,3,0,0.23,0.05,0.28,0.23,0.28,44,18,40.9,2.02,0.83,0.11,0.28,59,64.0,80,11,11,19,0,0.55,21,50,-29,-1.33,0.71,0,17,49,17,40,11,9,,,0
,2122,Greuther Fürth,Simon Asta,GER,"MF,DF",20,2001,13,9,783,8.7,0,0,0,0,0,0,1,0,0.0,0.0,0.0,0.0,0.0,3,0,0.0,0.34,0.0,0.0,,60,25.6,83,6,4,10,13,0.31,9,22,-13,-1.49,0.13,0,13,9,2,15,7,7,,,1
,2122,Hertha BSC,Marcel Lotka,POL,GK,20,2001,10,9,885,9.8,0,0,0,0,0,0,1,0,0.0,0.0,0.0,0.0,0.0,0,0,,0.0,0.0,,,89,28.9,90,9,1,75,3,0.7,9,20,-11,-1.12,-0.17,0,0,4,1,0,1,0,,,0
,2122,Hoffenheim,Angelo Stiller,GER,MF,20,2001,26,18,1693,18.8,2,1,3,2,0,0,1,0,0.11,0.05,0.16,0.11,0.16,15,4,26.7,0.8,0.21,0.13,0.5,65,55.3,83,12,8,24,5,1.23,33,39,-6,-0.32,-0.58,0,26,13,1,18,10,19,,,0
,2122,Köln,Mathias Olesen,LUX,MF,20,2001,3,0,17,0.2,0,0,0,0,0,0,0,0,0.0,0.0,0.0,0.0,0.0,0,0,,0.0,0.0,,,6,0.6,,0,3,6,6,2.33,0,0,0,0.0,-0.09,0,0,0,0,0,1,0,,,0
,2122,Köln,Noah Katterbach,GER,"DF,MF",20,2001,1,0,16,0.2,0,0,0,0,0,0,0,0,0.0,0.0,0.0,0.0,0.0,0,0,,0.0,0.0,,,16,0.5,,0,1,16,0,0.0,0,1,-1,-5.63,-5.74,0,0,1,0,1,0,1,,,0
,2122,Leverkusen,Jeremie Frimpong,NED,DF,20,2000,25,25,2052,22.8,1,6,7,1,0,0,6,0,0.04,0.26,0.31,0.04,0.31,11,4,36.4,0.48,0.18,0.09,0.25,82,67.1,82,15,0,,1,1.76,58,35,23,1.01,0.12,0,17,45,1,59,20,16,,,1
,2122,Leverkusen,Odilon Kossounou,CIV,DF,20,2001,27,20,1793,19.9,0,1,1,0,0,0,3,0,0.0,0.05,0.05,0.0,0.05,4,1,25.0,0.2,0.05,0.0,0.0,66,58.6,86,16,7,12,2,2.0,43,24,19,0.95,-0.04,0,15,7,0,6,25,17,,,0
,2122,Mainz 05,David Nemeth,AUT,DF,20,2001,6,2,311,3.5,0,0,0,0,0,0,0,0,0.0,0.0,0.0,0.0,0.0,0,0,,0.0,0.0,,,52,10.2,82,1,4,37,20,1.0,6,8,-2,-0.58,-0.81,0,1,1,0,0,6,2,,,0
,2122,Mainz 05,Merveille Papela,GER,MF,20,2001,5,0,83,0.9,0,0,0,0,0,0,0,0,0.0,0.0,0.0,0.0,0.0,1,0,0.0,1.08,0.0,0.0,,17,2.7,,0,5,17,10,0.6,1,2,-1,-1.08,-1.27,0,1,0,0,0,3,2,,,0
,2122,Mainz 05,Niklas Tauer,GER,"MF,DF",20,2001,11,6,487,5.4,0,0,0,0,0,0,1,1,0.0,0.0,0.0,0.0,0.0,2,2,100.0,0.37,0.37,0.0,0.0,44,15.9,68,2,5,16,8,0.73,3,6,-3,-0.55,-0.83,0,8,4,0,1,9,10,,,0
,2122,RB Leipzig,Dominik Szoboszlai,HUN,MF,20,2000,31,15,1543,17.1,6,8,14,6,0,1,2,0,0.35,0.47,0.82,0.35,0.82,41,15,36.6,2.39,0.87,0.15,0.4,50,50.4,79,5,16,23,3,1.58,32,24,8,0.47,-1.14,0,15,23,6,90,9,12,,,0
,2122,Stuttgart,Clinton Mola,ENG,DF,20,2001,3,1,113,1.3,0,0,0,0,0,0,0,0,0.0,0.0,0.0,0.0,0.0,0,0,,0.0,0.0,,,38,3.7,60,0,2,27,16,1.0,0,4,-4,-3.19,-2.76,0,0,0,0,1,2,1,,,0
,2122,Stuttgart,Roberto Massimo,GER,MF,20,2000,19,11,877,9.7,2,0,2,2,0,0,0,0,0.21,0.0,0.21,0.21,0.21,20,11,55.0,2.05,1.13,0.1,0.18,46,28.7,70,3,8,13,3,1.05,15,18,-3,-0.31,0.31,0,8,4,4,18,4,5,,,0
,2122,Stuttgart,Tanguy Coulibaly,FRA,"MF,FW",20,2001,21,11,1079,12.0,0,1,1,0,0,0,8,0,0.0,0.08,0.08,0.0,0.08,13,3,23.1,1.08,0.25,0.0,0.0,51,35.3,79,0,10,21,7,0.86,12,24,-12,-1.0,-0.73,0,24,14,6,14,3,14,,,0
,2122,Wolfsburg,Felix Nmecha,GER,MF,20,2000,16,1,323,3.6,0,0,0,0,0,0,2,0,0.0,0.0,0.0,0.0,0.0,9,5,55.6,2.51,1.39,0.0,0.0,20,10.6,58,0,15,18,11,1.06,3,6,-3,-0.84,-0.57,0,7,9,0,3,7,1,,,0
,2122,Wolfsburg,Micky van de Ven,NED,DF,20,2001,5,2,189,2.1,0,1,1,0,0,0,0,0,0.0,0.48,0.48,0.0,0.48,0,0,,0.0,0.0,,,38,6.2,69,0,3,17,11,2.2,3,3,0,0.0,0.34,0,0,1,0,3,3,4,,,0
,2122,Bayern Munich,Chris Richards,USA,DF,21,2000,1,0,3,0.0,0,0,0,0,0,0,0,0,0.0,0.0,0.0,0.0,0.0,0,0,,0.0,0.0,,,3,0.1,,0,1,3,2,3.0,0,0,0,0.0,-1.77,0,0,0,0,0,0,0,,,0
,2122,Bayern Munich,Christian Früchtl,GER,GK,21,2000,1,0,10,0.1,0,0,0,0,0,0,0,0,0.0,0.0,0.0,0.0,0.0,0,0,,0.0,0.0,,,10,0.3,,0,1,10,16,1.0,0,0,0,0.0,-1.77,0,0,0,0,0,0,0,,,0
,2122,Bayern Munich,Josip Stanišić,CRO,"DF,MF",21,2000,13,6,644,7.2,1,0,1,1,0,0,1,0,0.14,0.0,0.14,0.14,0.14,4,3,75.0,0.56,0.42,0.25,0.33,50,21.0,78,2,7,25,10,2.46,25,9,16,2.24,0.6,0,4,1,0,11,12,10,,,0
,2122,Bayern Munich,Mickaël Cuisance,FRA,MF,21,1999,1,0,13,0.1,0,0,0,0,0,0,0,0,0.0,0.0,0.0,0.0,0.0,0,0,,0.0,0.0,,,13,0.4,,0,1,13,5,3.0,0,0,0,0.0,-1.77,0,0,0,0,0,0,1,,,0
,2122,Bochum,Patrick Osterhage,GER,MF,21,2000,13,6,599,6.7,0,1,1,0,0,0,2,0,0.0,0.15,0.15,0.0,0.15,4,1,25.0,0.6,0.15,0.0,0.0,46,19.6,77,3,7,20,16,0.69,9,11,-2,-0.3,0.14,0,5,7,0,9,13,6,,,0
,2122,Dortmund,Antonios Papadopoulos,GER,"DF,MF",21,1999,2,0,17,0.2,0,0,0,0,0,0,1,0,0.0,0.0,0.0,0.0,0.0,0,0,,0.0,0.0,,,9,0.6,,0,2,9,9,1.5,0,1,-1,-5.29,-6.3,0,1,0,0,0,0,0,,,0
,2122,Dortmund,Erling Haaland,NOR,FW,21,2000,24,21,1911,21.2,22,8,30,16,6,6,3,0,1.04,0.38,1.41,0.75,1.13,80,37,46.3,3.77,1.74,0.2,0.43,80,62.5,87,14,3,27,0,2.08,58,38,20,0.94,-0.08,0,17,13,14,8,1,0,,,0
,2122,Dortmund,Lennard Maloney,USA,"DF,MF",21,1999,2,0,9,0.1,0,0,0,0,0,0,0,0,0.0,0.0,0.0,0.0,0.0,0,0,,0.0,0.0,,,5,0.3,,0,2,5,2,3.0,0,0,0,0.0,-0.97,0,0,0,0,1,0,0,,,0
,2122,Eintracht Frankfurt,Jens Petter Hauge,NOR,"MF,FW",21,1999,26,9,1040,11.6,2,2,4,2,0,0,4,0,0.17,0.17,0.35,0.17,0.35,19,10,52.6,1.64,0.87,0.11,0.2,40,34.0,75,4,17,22,3,1.0,14,17,-3,-0.26,-0.22,0,16,9,1,5,3,6,,,0
,2122,Eintracht Frankfurt,Jesper Lindstrøm,DEN,"MF,FW",21,2000,29,26,1976,22.0,5,4,9,5,0,0,0,0,0.23,0.18,0.41,0.23,0.41,54,18,33.3,2.46,0.82,0.09,0.28,68,64.6,72,5,3,31,2,1.34,28,27,1,0.05,0.46,0,23,16,3,53,23,14,,,0
,2122,Eintracht Frankfurt,Obite N'Dicka,CIV,DF,21,1999,32,32,2857,31.7,4,4,8,4,0,0,3,0,0.13,0.13,0.25,0.13,0.25,26,5,19.2,0.82,0.16,0.15,0.8,89,93.4,89,31,0,,1,1.22,43,46,-3,-0.09,0.35,0,42,14,4,13,47,37,,,1
,2122,Freiburg,Jeong Woo-yeong,KOR,"MF,FW",21,1999,32,23,1782,19.8,5,2,7,5,0,0,1,0,0.25,0.1,0.35,0.25,0.35,51,19,37.3,2.58,0.96,0.1,0.26,56,58.2,70,0,9,18,0,1.59,28,29,-1,-0.05,-0.97,0,10,15,12,31,6,10,,,0
,2122,Freiburg,Nico Schlotterbeck,GER,DF,21,1999,32,32,2785,30.9,4,1,5,4,0,0,5,0,0.13,0.03,0.16,0.13,0.16,36,16,44.4,1.16,0.52,0.11,0.25,87,91.0,87,28,0,,0,1.69,55,37,18,0.58,2.55,0,32,35,1,9,55,44,,,0
,2122,Freiburg,Yannik Keitel,GER,MF,21,2000,12,5,504,5.6,0,0,0,0,0,0,1,0,0.0,0.0,0.0,0.0,0.0,10,2,20.0,1.79,0.36,0.0,0.0,42,16.5,76,2,7,18,5,1.83,7,8,-1,-0.18,-0.64,0,13,5,0,2,2,4,,,1
,2122,Gladbach,Jordan Beyer,GER,DF,21,2000,17,15,1384,15.4,0,0,0,0,0,0,5,0,0.0,0.0,0.0,0.0,0.0,7,0,0.0,0.46,0.0,0.0,,81,45.2,89,13,2,23,6,1.53,25,19,6,0.39,1.09,0,16,21,0,8,15,28,,,0
,2122,Greuther Fürth,Abdourahmane Barry,GUI,DF,21,2000,8,1,210,2.3,0,0,0,0,0,0,2,0,0.0,0.0,0.0,0.0,0.0,1,0,0.0,0.43,0.0,0.0,,26,6.9,76,0,7,19,10,0.0,3,12,-9,-3.86,-2.44,0,9,3,0,7,4,5,,,0
,2122,Greuther Fürth,Jessic Ngankam,GER,FW,21,2000,6,4,341,3.8,2,1,3,2,0,0,0,0,0.53,0.26,0.79,0.53,0.79,9,5,55.6,2.38,1.32,0.22,0.4,57,11.1,76,0,2,20,1,0.33,4,8,-4,-1.06,0.6,0,11,5,1,0,0,2,,,0
,2122,Greuther Fürth,Maximilian Bauer,GER,DF,21,2000,26,18,1690,18.8,0,0,0,0,0,0,5,0,0.0,0.0,0.0,0.0,0.0,5,1,20.0,0.27,0.05,0.0,0.0,65,55.2,87,16,8,16,4,0.65,12,54,-42,-2.24,-1.45,0,26,10,1,1,32,16,,,1
,2122,Greuther Fürth,Tobias Raschl,GER,MF,21,2000,10,7,597,6.6,0,1,1,0,0,0,0,0,0.0,0.15,0.15,0.0,0.15,5,1,20.0,0.75,0.15,0.0,0.0,60,19.5,78,3,3,17,4,0.4,4,8,-4,-0.6,1.22,0,7,8,1,1,1,9,,,0
,2122,Hertha BSC,Dennis Jastrzembski,POL,MF,21,2000,8,1,225,2.5,0,0,0,0,0,0,1,0,0.0,0.0,0.0,0.0,0.0,1,0,0.0,0.4,0.0,0.0,,28,7.4,45,0,7,26,5,1.38,5,8,-3,-1.2,-0.22,0,3,2,0,8,5,1,,,0
,2122,Hertha BSC,Jurgen Ekkelenkamp,NED,MF,21,2000,21,6,718,8.0,3,0,3,3,0,0,1,0,0.38,0.0,0.38,0.38,0.38,14,4,28.6,1.75,0.5,0.21,0.75,34,23.5,67,0,15,21,6,1.1,13,13,0,0.0,1.31,0,12,5,0,3,5,2,,,0
,2122,Hoffenheim,Chris Richards,USA,DF,21,2000,19,13,1304,14.5,1,1,2,1,0,0,1,0,0.07,0.07,0.14,0.07,0.14,9,1,11.1,0.62,0.07,0.11,1.0,69,42.6,87,12,6,30,1,1.42,24,28,-4,-0.28,-0.38,0,8,2,0,0,21,14,,,0
,2122,Hoffenheim,Christoph Baumgartner,AUT,MF,21,1999,29,23,1888,21.0,7,2,9,7,0,0,5,0,0.33,0.1,0.43,0.33,0.43,42,17,40.5,2.0,0.81,0.17,0.41,65,61.7,76,9,6,24,0,1.34,29,33,-4,-0.19,-0.34,0,35,32,1,35,8,16,,,0
,2122,Köln,Luca Kilian,GER,DF,21,1999,30,25,2281,25.3,1,0,1,1,0,0,3,0,0.04,0.0,0.04,0.04,0.04,5,2,40.0,0.2,0.08,0.2,0.5,76,74.5,87,21,5,22,2,1.5,39,34,5,0.2,0.43,0,7,11,0,4,49,26,,,0
,2122,Köln,Tomáš Ostrák,CZE,MF,21,2000,5,0,31,0.3,0,1,1,0,0,0,0,0,0.0,2.9,2.9,0.0,2.9,2,0,0.0,5.81,0.0,0.0,,6,1.0,,0,5,6,14,1.6,3,2,1,2.9,2.84,0,1,1,0,3,1,0,,,0
,2122,Leverkusen,Amine Adli,MAR,"MF,FW",21,2000,25,13,1256,14.0,3,2,5,3,0,0,3,0,0.21,0.14,0.36,0.21,0.36,37,19,51.4,2.65,1.36,0.08,0.16,50,41.0,75,3,12,23,0,1.76,24,22,2,0.14,-1.4,0,27,28,8,21,11,14,,,0
,2122,Leverkusen,Mitchel Bakker,NED,"DF,MF",21,2000,25,19,1822,20.2,0,4,4,0,0,0,6,0,0.0,0.2,0.2,0.0,0.2,9,2,22.2,0.44,0.1,0.0,0.0,73,59.5,86,13,6,31,1,2.0,49,29,20,0.99,0.04,0,15,18,0,39,24,21,,,0
,2122,Leverkusen,Paulinho,BRA,MF,21,2000,24,14,1218,13.5,4,1,5,4,0,0,1,0,0.3,0.07,0.37,0.3,0.37,27,14,51.9,2.0,1.03,0.15,0.29,51,39.8,74,3,10,18,8,1.79,30,19,11,0.81,-0.26,0,10,17,3,20,6,14,,,0
,2122,Mainz 05,Jonathan Burkardt,GER,"FW,MF",21,2000,34,32,2611,29.0,11,3,14,10,1,1,0,0,0.38,0.1,0.48,0.34,0.45,81,35,43.2,2.79,1.21,0.12,0.29,77,85.3,80,9,2,34,0,1.35,41,39,2,0.07,-0.53,0,23,42,10,36,8,8,,,0
,2122,Mainz 05,Leandro Barreiro Martins,LUX,MF,21,2000,31,20,1789,19.9,1,2,3,1,0,0,3,0,0.05,0.1,0.15,0.05,0.15,32,10,31.3,1.61,0.5,0.03,0.1,58,58.5,78,7,11,22,2,1.48,25,24,1,0.05,-0.23,0,42,27,0,8,34,33,,,0
,2122,Mainz 05,Luca Kilian,GER,DF,21,1999,1,0,1,0.0,0,0,0,0,0,0,0,0,0.0,0.0,0.0,0.0,0.0,0,0,,0.0,0.0,,,1,0.0,,0,1,1,1,3.0,0,0,0,0.0,-0.15,0,1,0,0,0,0,0,,,0
,2122,RB Leipzig,Mohamed Simakan,FRA,DF,21,2000,28,23,2009,22.3,1,0,1,1,0,0,5,0,0.04,0.0,0.04,0.04,0.04,11,3,27.3,0.49,0.13,0.09,0.33,72,65.7,81,15,5,30,2,1.82,47,20,27,1.21,0.52,0,25,34,0,6,40,28,,,0
,2122,Stuttgart,Mateo Klimowicz,GER,"MF,FW",21,2000,15,7,603,6.7,0,1,1,0,0,0,2,0,0.0,0.15,0.15,0.0,0.15,11,3,27.3,1.64,0.45,0.0,0.0,40,19.7,67,1,8,17,9,0.8,10,11,-1,-0.15,0.47,0,8,9,1,2,4,6,,,0
,2122,Stuttgart,Nikolas Nartey,DEN,MF,21,2000,8,4,404,4.5,0,0,0,0,0,0,1,0,0.0,0.0,0.0,0.0,0.0,1,0,0.0,0.22,0.0,0.0,,51,13.2,80,2,4,21,4,1.0,2,8,-6,-1.34,-0.93,0,11,5,1,6,6,3,,,0
,2122,Wolfsburg,Maxence Lacroix,FRA,DF,21,2000,29,29,2491,27.7,0,0,0,0,0,0,5,3,0.0,0.0,0.0,0.0,0.0,17,3,17.6,0.61,0.11,0.0,0.0,86,81.4,86,23,0,,0,1.1,32,47,-15,-0.54,-1.17,1,36,25,1,7,59,33,,,1
,2122,Arminia,Andrés Andrade Cedeño,PAN,DF,22,1998,17,12,1046,11.6,0,0,0,0,0,0,4,0,0.0,0.0,0.0,0.0,0.0,7,3,42.9,0.6,0.26,0.0,0.0,62,34.2,81,9,5,15,9,1.0,12,18,-6,-0.52,0.38,0,14,2,1,20,18,16,,,0
,2122,Arminia,Bryan Lasme,FRA,"FW,MF",22,1998,23,7,877,9.7,2,0,2,2,0,0,2,0,0.21,0.0,0.21,0.21,0.21,13,8,61.5,1.33,0.82,0.15,0.25,38,28.7,73,2,16,23,6,0.65,9,12,-3,-0.31,0.64,0,15,12,9,16,2,5,,,0
,2122,Arminia,Florian Krüger,GER,"MF,FW",22,1999,27,12,1129,12.5,1,2,3,1,0,0,0,0,0.08,0.16,0.24,0.08,0.24,18,5,27.8,1.43,0.4,0.06,0.2,42,36.9,74,2,15,16,2,0.93,13,19,-6,-0.48,0.45,0,9,8,5,20,3,1,,,0
,2122,Arminia,Lennart-Marten Czyborra,GER,DF,22,1999,4,1,131,1.5,0,0,0,0,0,0,1,0,0.0,0.0,0.0,0.0,0.0,0,0,,0.0,0.0,,,33,4.3,76,0,3,18,6,0.5,2,3,-1,-0.69,0.08,0,5,0,0,5,3,0,,,0
,2122,Arminia,Robin Hack,GER,"MF,FW",22,1998,30,13,1364,15.2,0,3,3,0,0,0,2,0,0.0,0.2,0.2,0.0,0.2,31,6,19.4,2.05,0.4,0.0,0.0,45,44.6,84,6,17,16,1,0.6,9,30,-21,-1.39,-1.12,0,17,21,4,35,4,10,,,0
,2122,Augsburg,Andi Zeqiri,SUI,FW,22,1999,22,11,1016,11.3,2,1,3,2,0,0,2,0,0.18,0.09,0.27,0.18,0.27,30,8,26.7,2.66,0.71,0.07,0.25,46,33.2,67,1,11,26,2,0.91,13,18,-5,-0.44,0.09,0,20,15,12,6,2,7,,,0
,2122,Augsburg,Arne Maier,GER,MF,22,1999,29,21,1864,20.7,1,6,7,1,0,0,0,0,0.05,0.29,0.34,0.05,0.34,17,8,47.1,0.82,0.39,0.06,0.13,64,60.9,79,8,8,26,0,1.17,24,35,-11,-0.53,-0.08,0,11,14,1,98,14,13,,,0
,2122,Augsburg,Reece Oxford,ENG,DF,22,1998,30,30,2693,29.9,2,1,3,2,0,0,9,0,0.07,0.03,0.1,0.07,0.1,14,4,28.6,0.47,0.13,0.14,0.5,90,88.0,90,29,0,,0,1.23,35,45,-10,-0.33,1.38,0,28,21,1,0,71,15,,,0
,2122,Augsburg,Ruben Vargas,SUI,"MF,FW",22,1998,29,26,1984,22.0,1,3,4,1,0,0,4,0,0.05,0.14,0.18,0.05,0.18,40,8,20.0,1.81,0.36,0.03,0.13,68,64.8,72,3,3,39,0,1.0,22,36,-14,-0.64,-0.38,0,33,27,12,43,18,22,,,0
,2122,Bayern Munich,Dayot Upamecano,FRA,DF,22,1998,28,25,2211,24.6,1,6,7,1,0,0,4,0,0.04,0.24,0.28,0.04,0.28,11,2,18.2,0.45,0.08,0.09,0.5,79,72.3,86,23,3,17,4,2.39,63,26,37,1.51,-0.93,0,28,12,1,2,28,42,,,0
,2122,Bochum,Erhan Mašović,SRB,DF,22,1998,20,17,1552,17.2,0,0,0,0,0,0,7,0,0.0,0.0,0.0,0.0,0.0,5,0,0.0,0.29,0.0,0.0,,78,50.7,90,17,3,7,11,1.75,21,22,-1,-0.06,0.72,0,16,7,0,0,30,19,,,1
,2122,Dortmund,Dan-Axel Zagadou,FRA,DF,22,1999,15,10,952,10.6,0,0,0,0,0,0,2,0,0.0,0.0,0.0,0.0,0.0,3,0,0.0,0.28,0.0,0.0,,63,31.1,84,8,5,22,3,1.87,29,17,12,1.13,0.24,0,12,5,0,2,16,8,,,0
,2122,Dortmund,Donyell Malen,NED,FW,22,1999,27,20,1684,18.7,5,3,8,5,0,0,2,0,0.27,0.16,0.43,0.27,0.43,47,21,44.7,2.51,1.12,0.11,0.24,62,55.0,76,3,7,23,0,2.07,44,25,19,1.02,0.1,0,10,31,9,27,10,9,,,0
,2122,Eintracht Frankfurt,Tuta,BRA,DF,22,1999,26,26,2183,24.3,4,0,4,4,0,0,4,1,0.16,0.0,0.16,0.16,0.16,15,6,40.0,0.62,0.25,0.27,0.67,84,71.3,84,19,0,,4,1.31,36,37,-1,-0.04,0.27,1,37,12,1,4,44,31,,,0
,2122,Gladbach,Hannes Wolf,AUT,MF,22,1999,7,2,307,3.4,0,0,0,0,0,0,2,0,0.0,0.0,0.0,0.0,0.0,6,2,33.3,1.76,0.59,0.0,0.0,44,10.0,58,0,5,38,11,1.43,3,7,-4,-1.17,-1.07,0,10,5,0,2,2,12,,,0
,2122,Gladbach,Keanan Bennetts,ENG,MF,22,1999,4,0,50,0.6,0,0,0,0,0,0,1,0,0.0,0.0,0.0,0.0,0.0,1,0,0.0,1.8,0.0,0.0,,13,1.6,,0,4,13,19,0.5,1,0,1,1.8,2.04,0,2,0,0,2,0,0,,,0
,2122,Gladbach,Torben Müsel,GER,"FW,MF",22,1999,1,0,5,0.1,0,0,0,0,0,0,0,0,0.0,0.0,0.0,0.0,0.0,0,0,,0.0,0.0,,,5,0.2,,0,1,5,8,3.0,0,0,0,0.0,0.21,0,0,0,0,0,0,0,,,0
,2122,Greuther Fürth,Adrian Fein,GER,MF,22,1999,3,0,32,0.4,0,0,0,0,0,0,0,0,0.0,0.0,0.0,0.0,0.0,1,0,0.0,2.81,0.0,0.0,,11,1.0,,0,3,11,5,0.0,2,2,0,0.0,1.61,0,1,0,0,0,2,0,,,0
,2122,Greuther Fürth,Afimico Pululu,COD,"FW,MF",22,1999,8,0,70,0.8,0,0,0,0,0,0,0,0,0.0,0.0,0.0,0.0,0.0,1,0,0.0,1.29,0.0,0.0,,9,2.3,,0,8,9,4,0.75,0,3,-3,-3.86,-2.32,0,4,8,1,1,0,0,,,0
,2122,Greuther Fürth,Dickson Abiama,NGA,FW,22,1998,24,5,726,8.1,0,1,1,0,0,0,3,0,0.0,0.12,0.12,0.0,0.12,18,4,22.2,2.23,0.5,0.0,0.0,30,23.7,79,2,19,17,8,0.46,8,29,-21,-2.6,-1.33,0,17,11,15,3,5,7,,,0
,2122,Greuther Fürth,Gian-Luca Itter,GER,"DF,MF",22,1999,24,16,1455,16.2,0,1,1,0,0,0,3,0,0.0,0.06,0.06,0.0,0.06,5,1,20.0,0.31,0.06,0.0,0.0,61,47.5,82,11,8,19,2,0.54,12,36,-24,-1.48,0.2,0,18,5,0,49,13,30,,,0
,2122,Greuther Fürth,Hans Nunoo Sarpei,GHA,DF,22,1998,8,7,643,7.1,0,0,0,0,0,0,2,0,0.0,0.0,0.0,0.0,0.0,3,0,0.0,0.42,0.0,0.0,,80,21.0,87,6,1,33,9,0.13,7,22,-15,-2.1,-0.65,0,7,16,0,0,13,11,,,0
,2122,Greuther Fürth,Timothy Tillman,USA,MF,22,1999,29,23,2004,22.3,1,2,3,1,0,0,3,0,0.04,0.09,0.13,0.04,0.13,24,8,33.3,1.08,0.36,0.04,0.13,69,65.5,80,4,6,26,5,0.59,21,47,-26,-1.17,1.22,0,36,42,2,67,12,24,,,0
,2122,Hertha BSC,Fredrik André Bjørkan,NOR,DF,22,1998,9,2,353,3.9,0,0,0,0,0,0,1,0,0.0,0.0,0.0,0.0,0.0,0,0,,0.0,0.0,,,39,11.5,90,2,7,25,1,0.56,4,16,-12,-3.06,-2.33,0,3,3,0,5,6,11,,,0
,2122,Hertha BSC,Matheus Cunha,BRA,FW,22,1999,1,1,64,0.7,0,1,1,0,0,0,0,0,0.0,1.41,1.41,0.0,1.41,2,1,50.0,2.81,1.41,0.0,0.0,64,2.1,64,0,0,,0,0.0,1,3,-2,-2.81,-1.85,0,1,3,0,0,0,0,,,0
,2122,Hertha BSC,Myziane Maolida,COM,"MF,FW",22,1999,14,9,776,8.6,1,1,2,1,0,0,0,0,0.12,0.12,0.23,0.12,0.23,14,3,21.4,1.62,0.35,0.07,0.33,55,25.4,69,1,5,30,9,1.07,9,19,-10,-1.16,-0.21,0,10,6,3,7,1,4,,,0
,2122,Hoffenheim,Jacob Bruun Larsen,DEN,"MF,FW",22,1998,25,9,812,9.0,4,0,4,4,0,0,1,0,0.44,0.0,0.44,0.44,0.44,18,7,38.9,2.0,0.78,0.22,0.57,32,26.5,66,1,16,14,2,1.04,14,19,-5,-0.55,-0.67,0,6,3,6,10,4,2,,,0
,2122,Leverkusen,Edmond Tapsoba,BFA,DF,22,1999,22,19,1814,20.2,1,0,1,1,0,0,1,0,0.05,0.0,0.05,0.05,0.05,6,1,16.7,0.3,0.05,0.17,1.0,82,59.3,90,19,3,35,1,1.73,43,26,17,0.84,-0.31,0,19,6,1,0,29,19,,,0
,2122,Leverkusen,Exequiel Palacios,ARG,MF,22,1998,23,12,1097,12.2,2,2,4,2,0,0,2,0,0.16,0.16,0.33,0.16,0.33,10,4,40.0,0.82,0.33,0.2,0.5,48,35.8,74,3,11,19,3,1.83,25,15,10,0.82,-0.23,0,11,17,1,10,27,22,,,0
,2122,Leverkusen,Lennart Grill,GER,GK,22,1999,1,1,90,1.0,0,0,0,0,0,0,0,0,0.0,0.0,0.0,0.0,0.0,0,0,,0.0,0.0,,,90,2.9,90,1,0,,14,3.0,5,2,3,3.0,2.09,0,0,0,0,0,0,0,,,0
,2122,Leverkusen,Moussa Diaby,FRA,MF,22,1999,32,32,2760,30.7,13,12,25,13,0,1,10,1,0.42,0.39,0.82,0.42,0.82,54,26,48.1,1.76,0.85,0.24,0.5,86,90.2,86,17,0,,0,2.0,77,42,35,1.14,1.74,1,38,25,17,85,8,11,,,0
,2122,Leverkusen,Panagiotis Retsos,GRE,DF,22,1998,4,0,32,0.4,0,0,0,0,0,0,0,0,0.0,0.0,0.0,0.0,0.0,1,0,0.0,2.81,0.0,0.0,,8,1.0,,0,4,8,14,1.75,0,1,-1,-2.81,-3.82,0,0,1,0,0,1,0,,,0
,2122,Mainz 05,Anton Stach,GER,MF,22,1998,29,20,1861,20.7,1,6,7,1,0,0,6,0,0.05,0.29,0.34,0.05,0.34,48,13,27.1,2.32,0.63,0.02,0.08,64,60.8,83,9,9,22,2,1.17,31,33,-2,-0.1,-0.62,0,35,43,0,53,51,16,,,0
,2122,Mainz 05,Delano Burgzorg,SUR,"FW,MF",22,1998,3,0,27,0.3,1,0,1,1,0,0,0,0,3.33,0.0,3.33,3.33,3.33,2,1,50.0,6.67,3.33,0.5,1.0,9,0.9,,0,3,9,1,2.0,3,0,3,10.0,9.94,0,1,0,1,0,0,1,,,0
,2122,Mainz 05,Romario Rösch,GER,MF,22,1999,1,0,1,0.0,0,0,0,0,0,0,0,0,0.0,0.0,0.0,0.0,0.0,0,0,,0.0,0.0,,,1,0.0,,0,1,1,1,3.0,0,0,0,0.0,-0.15,0,0,0,0,0,0,0,,,0
,2122,RB Leipzig,Tyler Adams,USA,MF,22,1999,24,12,1351,15.0,0,1,1,0,0,0,5,0,0.0,0.07,0.07,0.0,0.07,2,0,0.0,0.13,0.0,0.0,,56,44.2,84,8,12,29,6,1.88,27,14,13,0.87,-0.29,0,19,15,0,2,17,9,,,0
,2122,Stuttgart,Hiroki Ito,JPN,DF,22,1999,29,26,2348,26.1,1,1,2,1,0,0,2,0,0.04,0.04,0.08,0.04,0.08,11,2,18.2,0.42,0.08,0.09,0.5,81,76.7,88,23,3,23,3,0.79,27,45,-18,-0.69,-0.69,0,21,9,0,22,52,31,,,1
,2122,Stuttgart,Matej Maglica,CRO,DF,22,1998,1,0,6,0.1,0,0,0,0,0,0,0,0,0.0,0.0,0.0,0.0,0.0,0,0,,0.0,0.0,,,6,0.2,,0,1,6,0,0.0,0,0,0,0.0,0.53,0,0,0,0,0,0,0,,,0
,2122,Stuttgart,Omar Marmoush,EGY,"FW,MF",22,1999,21,19,1571,17.5,3,5,8,3,0,1,3,0,0.17,0.29,0.46,0.17,0.46,48,13,27.1,2.75,0.74,0.06,0.23,75,51.3,78,5,2,43,0,1.33,23,26,-3,-0.17,0.73,0,31,56,7,43,10,17,,,0
,2122,Stuttgart,Silas Katompa,COD,"MF,FW",22,1998,9,3,277,3.1,0,0,0,0,0,0,0,0,0.0,0.0,0.0,0.0,0.0,1,0,0.0,0.32,0.0,0.0,,31,9.1,53,0,6,20,0,0.89,3,11,-8,-2.6,-2.28,0,3,7,3,7,4,2,,,0
,2122,Union Berlin,András Schäfer,HUN,MF,22,1999,8,1,239,2.7,1,1,2,1,0,0,2,0,0.38,0.38,0.75,0.38,0.75,7,3,42.9,2.64,1.13,0.14,0.33,30,7.8,67,0,7,25,1,2.0,4,3,1,0.38,0.22,0,6,2,0,1,2,1,,,0
,2122,Wolfsburg,Jonas Wind,DEN,"FW,MF",22,1999,14,14,1180,13.1,5,1,6,5,0,0,0,0,0.38,0.08,0.46,0.38,0.46,36,16,44.4,2.75,1.22,0.14,0.31,84,38.6,84,7,0,,0,1.5,23,20,3,0.23,0.9,0,13,31,7,5,7,6,,,0
,2122,Wolfsburg,Lukas Nmecha,GER,"FW,MF",22,1998,25,18,1627,18.1,8,0,8,8,0,0,5,0,0.44,0.0,0.44,0.44,0.44,52,22,42.3,2.88,1.22,0.15,0.36,65,53.2,80,7,7,26,0,1.24,26,30,-4,-0.22,0.22,0,31,29,6,20,4,6,,,0
,2122,Wolfsburg,Omar Marmoush,EGY,"FW,MF",22,1999,2,0,24,0.3,0,0,0,0,0,0,0,0,0.0,0.0,0.0,0.0,0.0,1,0,0.0,3.75,0.0,0.0,,12,0.8,,0,2,12,1,3.0,0,0,0,0.0,0.33,0,0,0,0,0,0,0,,,0
,2122,Wolfsburg,Sebastiaan Bornauw,BEL,DF,22,1999,27,23,2007,22.3,1,0,1,1,0,0,4,0,0.04,0.0,0.04,0.04,0.04,13,4,30.8,0.58,0.18,0.08,0.25,74,65.6,85,18,4,14,5,0.96,31,37,-6,-0.27,0.16,0,22,5,2,0,42,20,,,0
ENG-Premier League,2223,Arsenal,Ethan Nwaneri,ENG,MF,15,2007,1,0,1,0.0,0,0,0,0,0,0,0,0,0.0,0.0,0.0,0.0,0.0,0,0,,0.0,0.0,,,1,0.0,,0,1,1,0,3.0,0,0,0,0.0,-1.18,0,0,0,0,0,0,0,,,0
ENG-Premier League,2223,Liverpool,Ben Gannon-Doak,SCO,MF,16,2005,2,0,26,0.3,0,0,0,0,0,0,0,0,0.0,0.0,0.0,0.0,0.0,0,0,,0.0,0.0,,,13,0.8,,0,2,13,2,1.5,0,1,-1,-3.46,-4.23,0,1,1,0,0,0,2,,,0
ENG-Premier League,2223,Newcastle United,Lewis Miley,ENG,MF,16,2006,1,0,15,0.2,0,0,0,0,0,0,0,0,0.0,0.0,0.0,0.0,0.0,1,0,0.0,6.0,0.0,0.0,,15,0.4,,0,1,15,3,1.0,0,0,0,0.0,-0.93,0,0,0,0,0,0,0,,,0
ENG-Premier League,2223,Southampton,Kami Doyle,ENG,MF,16,2005,1,0,7,0.1,0,0,0,0,0,0,0,0,0.0,0.0,0.0,0.0,0.0,0,0,,0.0,0.0,,,7,0.2,,0,1,7,1,0.0,0,0,0,0.0,0.98,0,0,0,0,0,0,0,,,0
ENG-Premier League,2223,Southampton,Samuel Amo-Ameyaw,ENG,"FW,MF",16,2006,1,0,4,0.0,0,0,0,0,0,0,0,0,0.0,0.0,0.0,0.0,0.0,0,0,,0.0,0.0,,,4,0.1,,0,1,4,0,1.0,0,0,0,0.0,0.97,0,0,0,0,0,0,0,,,0
ENG-Premier League,2223,Tottenham Hotspur,George Abbott,ENG,MF,16,2005,1,0,1,0.0,0,0,0,0,0,0,0,0,0.0,0.0,0.0,0.0,0.0,0,0,,0.0,0.0,,,1,0.0,,0,1,1,1,3.0,1,0,1,90.0,89.84,0,0,0,0,0,1,0,,,0
ENG-Premier League,2223,Brighton,Evan Ferguson,IRL,FW,17,2004,19,10,950,10.6,6,2,8,6,0,0,1,0,0.57,0.19,0.76,0.57,0.76,36,17,47.2,3.41,1.61,0.17,0.35,50,27.8,70,1,9,28,2,1.63,21,12,9,0.85,0.49,0,9,11,5,3,2,3,,,0
ENG-Premier League,2223,Brighton,Facundo Buonanotte,ARG,MF,17,2004,13,6,565,6.3,1,1,2,1,0,0,2,0,0.16,0.16,0.32,0.16,0.32,11,3,27.3,1.75,0.48,0.09,0.33,43,16.5,69,1,7,22,6,1.54,11,12,-1,-0.16,-0.79,0,9,7,3,7,4,1,,,0
ENG-Premier League,2223,Brighton,Jack Hinshelwood,ENG,"DF,MF",17,2005,1,0,2,0.0,0,0,0,0,0,0,0,0,0.0,0.0,0.0,0.0,0.0,0,0,,0.0,0.0,,,2,0.1,,0,1,2,2,0.0,0,0,0,0.0,-0.5,0,0,0,0,0,0,0,,,0
ENG-Premier League,2223,Chelsea,Lewis Hall,ENG,"MF,DF",17,2004,9,8,654,7.3,0,0,0,0,0,0,1,0,0.0,0.0,0.0,0.0,0.0,11,5,45.5,1.51,0.69,0.0,0.0,73,19.1,79,3,1,23,5,0.67,6,11,-5,-0.69,-0.56,0,4,11,1,34,8,13,,,0
ENG-Premier League,2223,Crystal Palace,David Ozoh,ENG,MF,17,2005,1,0,1,0.0,0,0,0,0,0,0,0,0,0.0,0.0,0.0,0.0,0.0,0,0,,0.0,0.0,,,1,0.0,,0,1,1,3,1.0,0,0,0,0.0,0.24,0,0,0,0,0,0,0,,,0
ENG-Premier League,2223,Fulham,Luke Harris,WAL,MF,17,2005,3,0,13,0.1,0,0,0,0,0,0,0,0,0.0,0.0,0.0,0.0,0.0,0,0,,0.0,0.0,,,4,0.4,,0,3,4,20,2.0,0,1,-1,-6.92,-7.0,0,1,0,0,1,0,0,,,0
ENG-Premier League,2223,Liverpool,Bobby Clark,ENG,MF,17,2005,1,0,8,0.1,0,0,0,0,0,0,0,0,0.0,0.0,0.0,0.0,0.0,0,0,,0.0,0.0,,,8,0.2,,0,1,8,5,3.0,1,0,1,11.25,10.54,0,1,0,0,0,0,0,,,0
ENG-Premier League,2223,Liverpool,Stefan Bajcetic,ESP,MF,17,2004,11,6,526,5.8,1,0,1,1,0,0,2,0,0.17,0.0,0.17,0.17,0.17,6,3,50.0,1.03,0.51,0.17,0.33,48,15.4,78,0,5,12,10,2.09,11,4,7,1.2,0.54,0,7,9,0,5,6,8,,,0
ENG-Premier League,2223,Manchester City,Rico Lewis,ENG,"DF,MF",17,2004,14,10,903,10.0,0,0,0,0,0,0,1,0,0.0,0.0,0.0,0.0,0.0,5,2,40.0,0.5,0.2,0.0,0.0,65,26.4,82,6,4,21,23,2.29,18,8,10,1.0,-0.83,0,10,17,0,5,4,10,,,0
ENG-Premier League,2223,Manchester Utd,Kobbie Mainoo,ENG,MF,17,2005,1,0,11,0.1,0,0,0,0,0,0,0,0,0.0,0.0,0.0,0.0,0.0,0,0,,0.0,0.0,,,11,0.3,,0,1,11,7,3.0,0,0,0,0.0,-0.4,0,0,0,0,0,0,0,,,0
ENG-Premier League,2223,Southampton,Dominic Ballard,ENG,FW,17,2005,2,0,26,0.3,0,0,0,0,0,0,0,0,0.0,0.0,0.0,0.0,0.0,0,0,,0.0,0.0,,,13,0.8,,0,2,13,0,0.5,0,0,0,0.0,0.98,0,0,0,0,0,1,0,,,0
ENG-Premier League,2223,West Ham United,Divin Mubama,ENG,FW,17,2004,3,0,38,0.4,0,0,0,0,0,0,0,0,0.0,0.0,0.0,0.0,0.0,0,0,,0.0,0.0,,,13,1.1,,0,3,13,0,1.0,0,0,0,0.0,0.35,0,3,1,0,0,0,1,,,0
ENG-Premier League,2223,Aston Villa,Jáder Durán,COL,FW,18,2003,12,0,136,1.5,0,0,0,0,0,0,1,0,0.0,0.0,0.0,0.0,0.0,7,2,28.6,4.63,1.32,0.0,0.0,11,4.0,,0,12,11,5,1.42,3,4,-1,-0.66,-0.83,0,9,3,3,2,1,1,,,0
ENG-Premier League,2223,Bournemouth,Owen Bevan,WAL,DF,18,2003,1,0,9,0.1,0,0,0,0,0,0,0,0,0.0,0.0,0.0,0.0,0.0,0,0,,0.0,0.0,,,9,0.3,,0,1,9,0,0.0,0,1,-1,-10.0,-9.13,0,0,0,0,0,0,0,,,0
ENG-Premier League,2223,Brighton,Andrew Moran,IRL,MF,18,2003,1,0,12,0.1,0,0,0,0,0,0,0,0,0.0,0.0,0.0,0.0,0.0,0,0,,0.0,0.0,,,12,0.4,,0,1,12,12,3.0,0,1,-1,-7.5,-8.03,0,0,0,0,0,0,0,,,0
ENG-Premier League,2223,Brighton,Julio Enciso,PAR,"MF,FW",18,2004,20,7,806,9.0,4,2,6,4,0,0,1,0,0.45,0.22,0.67,0.45,0.67,38,18,47.4,4.24,2.01,0.11,0.22,40,23.6,67,1,13,26,11,1.75,21,12,9,1.0,0.66,0,13,15,3,12,3,4,,,0
ENG-Premier League,2223,Brighton,Yasin Ayari,SWE,MF,18,2003,3,1,67,0.7,0,0,0,0,0,0,0,0,0.0,0.0,0.0,0.0,0.0,1,0,0.0,1.34,0.0,0.0,,22,2.0,45,0,2,11,12,2.0,2,2,0,0.0,-0.51,0,0,3,0,0,0,2,,,0
ENG-Premier League,2223,Chelsea,Carney Chukwuemeka,AUT,MF,18,2003,14,2,354,3.9,0,0,0,0,0,0,0,0,0.0,0.0,0.0,0.0,0.0,5,1,20.0,1.27,0.25,0.0,0.0,25,10.4,72,0,12,18,7,1.29,2,7,-5,-1.27,-1.15,0,2,5,1,3,6,7,,,0
ENG-Premier League,2223,Chelsea,Omari Hutchinson,ENG,MF,18,2003,1,0,23,0.3,0,0,0,0,0,0,0,0,0.0,0.0,0.0,0.0,0.0,0,0,,0.0,0.0,,,23,0.7,,0,1,23,4,0.0,0,0,0,0.0,0.24,0,0,0,0,2,1,0,,,0
ENG-Premier League,2223,Crystal Palace,Joseph Whitworth,ENG,GK,18,2004,2,2,180,2.0,0,0,0,0,0,0,0,0,0.0,0.0,0.0,0.0,0.0,0,0,,0.0,0.0,,,90,5.3,90,2,0,,12,0.0,1,5,-4,-2.0,-1.86,0,0,0,0,0,0,0,,,0
ENG-Premier League,2223,Crystal Palace,Malcolm Ebiowei,ENG,MF,18,2003,3,0,34,0.4,0,0,0,0,0,0,0,0,0.0,0.0,0.0,0.0,0.0,0,0,,0.0,0.0,,,11,1.0,,0,3,11,14,0.0,0,1,-1,-2.65,-2.43,0,0,1,0,3,0,1,,,0
ENG-Premier League,2223,Everton,Isaac Price,NIR,MF,18,2003,1,0,33,0.4,0,0,0,0,0,0,1,0,0.0,0.0,0.0,0.0,0.0,0,0,,0.0,0.0,,,33,1.0,,0,1,33,2,0.0,1,0,1,2.73,3.37,0,0,0,0,1,0,0,,,0
ENG-Premier League,2223,Leeds United,Darko Gyabi,ENG,MF,18,2004,1,0,8,0.1,0,0,0,0,0,0,0,0,0.0,0.0,0.0,0.0,0.0,1,0,0.0,11.25,0.0,0.0,,8,0.2,,0,1,8,12,0.0,0,0,0,0.0,0.79,0,0,1,0,0,0,2,,,0
ENG-Premier League,2223,Leeds United,Mateo Joseph,ESP,FW,18,2003,3,0,26,0.3,0,0,0,0,0,0,0,0,0.0,0.0,0.0,0.0,0.0,1,1,100.0,3.46,3.46,0.0,0.0,9,0.8,,0,3,9,5,0.33,0,0,0,0.0,0.8,0,0,0,0,0,0,0,,,0
ENG-Premier League,2223,Leeds United,Wilfried Gnonto,ITA,"MF,FW",18,2003,24,14,1354,15.0,2,4,6,2,0,0,7,0,0.13,0.27,0.4,0.13,0.4,22,8,36.4,1.46,0.53,0.09,0.25,56,39.6,79,7,10,26,5,0.75,17,28,-11,-0.73,0.1,0,28,39,3,42,4,16,,,0
ENG-Premier League,2223,Manchester City,Shea Charles,NIR,"DF,MF",18,2003,1,0,28,0.3,0,0,0,0,0,0,0,0,0.0,0.0,0.0,0.0,0.0,0,0,,0.0,0.0,,,28,0.8,,0,1,28,1,0.0,0,1,-1,-3.21,-4.86,0,0,0,0,0,1,0,,,0
ENG-Premier League,2223,Manchester Utd,Alejandro Garnacho,ARG,MF,18,2004,19,5,569,6.3,3,2,5,3,0,0,3,0,0.47,0.32,0.79,0.47,0.79,24,10,41.7,3.8,1.58,0.13,0.3,30,16.6,56,0,14,21,9,2.05,16,13,3,0.47,0.1,0,8,8,3,3,4,2,,,0
ENG-Premier League,2223,Southampton,Juan Larios,ESP,DF,18,2004,5,2,152,1.7,0,0,0,0,0,0,0,0,0.0,0.0,0.0,0.0,0.0,0,0,,0.0,0.0,,,30,4.4,46,0,3,20,4,0.6,1,2,-1,-0.59,0.4,0,1,0,0,4,2,6,,,0
ENG-Premier League,2223,Southampton,Roméo Lavia,BEL,MF,18,2004,29,26,2221,24.7,1,0,1,1,0,0,9,0,0.04,0.0,0.04,0.04,0.04,12,3,25.0,0.49,0.12,0.08,0.33,77,64.9,82,14,3,30,0,0.69,28,50,-22,-0.89,0.23,0,28,48,0,2,33,35,,,0
ENG-Premier League,2223,Wolves,Dexter Lembikisa,JAM,"DF,MF",18,2003,1,0,23,0.3,0,0,0,0,0,0,0,0,0.0,0.0,0.0,0.0,0.0,0,0,,0.0,0.0,,,23,0.7,,0,1,23,1,0.0,0,1,-1,-3.91,-3.22,0,0,0,0,1,0,0,,,0
ENG-Premier League,2223,Arsenal,Marquinhos,BRA,MF,19,2003,1,0,1,0.0,0,0,0,0,0,0,0,0,0.0,0.0,0.0,0.0,0.0,0,0,,0.0,0.0,,,1,0.0,,0,1,1,14,3.0,0,0,0,0.0,-1.18,0,0,0,0,0,0,0,,,0
ENG-Premier League,2223,Bournemouth,Illia Zabarnyi,UKR,DF,19,2002,5,3,299,3.3,0,0,0,0,0,0,0,0,0.0,0.0,0.0,0.0,0.0,0,0,,0.0,0.0,,,60,8.7,90,3,2,15,6,0.6,0,5,-5,-1.51,-0.67,0,1,2,0,0,3,2,,,0
ENG-Premier League,2223,Brighton,Cameron Peupion,AUS,MF,19,2002,1,0,6,0.1,0,0,0,0,0,0,0,0,0.0,0.0,0.0,0.0,0.0,1,0,0.0,15.0,0.0,0.0,,6,0.2,,0,1,6,4,0.0,0,2,-2,-30.0,-30.55,0,0,0,0,0,0,0,,,0
ENG-Premier League,2223,Brighton,Levi Colwill,ENG,DF,19,2003,17,13,1220,13.6,0,2,2,0,0,0,1,0,0.0,0.15,0.15,0.0,0.15,8,0,0.0,0.59,0.0,0.0,,72,35.7,88,11,4,19,11,1.71,29,21,8,0.59,0.14,0,8,10,0,0,14,7,,,0
ENG-Premier League,2223,Brighton,Odeluga Offiah,ENG,DF,19,2002,2,0,25,0.3,0,0,0,0,0,0,0,0,0.0,0.0,0.0,0.0,0.0,0,0,,0.0,0.0,,,13,0.7,,0,2,13,5,0.0,0,3,-3,-10.8,-11.38,0,0,0,0,0,0,1,,,0
ENG-Premier League,2223,Chelsea,David Datro Fofana,CIV,FW,19,2002,3,1,70,0.8,0,0,0,0,0,0,0,0,0.0,0.0,0.0,0.0,0.0,3,2,66.7,3.86,2.57,0.0,0.0,23,2.0,45,0,2,13,6,0.33,1,1,0,0.0,0.24,0,3,2,1,1,0,1,,,0
ENG-Premier League,2223,Everton,Thomas Cannon,IRL,FW,19,2002,2,0,25,0.3,0,0,0,0,0,0,0,0,0.0,0.0,0.0,0.0,0.0,1,1,100.0,3.6,3.6,0.0,0.0,13,0.7,,0,2,13,0,0.0,0,1,-1,-3.6,-3.02,0,0,2,0,0,0,0,,,0
ENG-Premier League,2223,Fulham,Jay Stansfield,ENG,MF,19,2002,3,1,87,1.0,0,0,0,0,0,0,0,0,0.0,0.0,0.0,0.0,0.0,2,0,0.0,2.07,0.0,0.0,,29,2.5,76,0,2,6,2,1.33,2,2,0,0.0,-0.05,0,1,1,0,3,1,0,,,0
ENG-Premier League,2223,Leicester City,Victor Bernth Kristiansen,DEN,DF,19,2002,12,11,892,9.9,0,1,1,0,0,0,2,0,0.0,0.1,0.1,0.0,0.1,3,0,0.0,0.3,0.0,0.0,,74,26.1,81,7,1,3,2,0.92,14,21,-7,-0.71,-0.35,0,17,9,0,29,3,24,,,0
ENG-Premier League,2223,Liverpool,Fabio Carvalho,POR,"MF,FW",19,2002,13,4,347,3.9,2,0,2,2,0,0,0,0,0.52,0.0,0.52,0.52,0.52,11,4,36.4,2.85,1.04,0.18,0.5,27,10.1,52,0,9,16,18,1.69,9,3,6,1.56,0.91,0,6,6,0,2,6,8,,,0
ENG-Premier League,2223,Liverpool,Harvey Elliott,ENG,MF,19,2003,32,18,1613,17.9,1,2,3,1,0,0,2,0,0.06,0.11,0.17,0.06,0.17,36,12,33.3,2.01,0.67,0.03,0.08,50,47.2,72,4,14,22,5,1.66,37,20,17,0.95,0.4,0,14,25,2,34,14,20,,,0
ENG-Premier League,2223,Manchester City,Máximo Perrone,ARG,MF,19,2003,1,0,19,0.2,0,0,0,0,0,0,0,0,0.0,0.0,0.0,0.0,0.0,0,0,,0.0,0.0,,,19,0.6,,0,1,19,4,3.0,0,1,-1,-4.74,-6.38,0,0,0,0,0,0,0,,,0
ENG-Premier League,2223,Newcastle United,Elliot Anderson,ENG,MF,19,2002,22,3,410,4.6,0,1,1,0,0,0,0,0,0.0,0.22,0.22,0.0,0.22,11,4,36.4,2.41,0.88,0.0,0.0,19,12.0,58,0,19,12,12,1.82,8,7,1,0.22,-0.8,0,6,10,1,9,5,5,,,0
ENG-Premier League,2223,Southampton,Carlos Alcaraz,ARG,"MF,FW",19,2002,18,13,1029,11.4,4,2,6,4,0,0,3,0,0.35,0.17,0.52,0.35,0.52,24,10,41.7,2.1,0.87,0.17,0.4,57,30.1,70,2,5,24,2,0.72,15,25,-10,-0.87,0.14,0,15,17,2,4,1,5,,,0
ENG-Premier League,2223,Southampton,Samuel Edozie,ENG,"MF,FW",19,2003,17,5,567,6.3,0,0,0,0,0,0,0,0,0.0,0.0,0.0,0.0,0.0,8,3,37.5,1.27,0.48,0.0,0.0,33,16.6,69,0,12,19,2,0.29,5,9,-4,-0.63,0.41,0,1,22,1,11,5,11,,,0
ENG-Premier League,2223,Southampton,Valentino Livramento,ENG,"DF,MF",19,2002,2,0,28,0.3,0,0,0,0,0,0,0,0,0.0,0.0,0.0,0.0,0.0,0,0,,0.0,0.0,,,14,0.8,,0,2,14,0,0.5,0,0,0,0.0,0.98,0,0,2,0,0,2,1,,,0
ENG-Premier League,2223,Tottenham Hotspur,Matthew Craig,SCO,MF,19,2003,1,0,14,0.2,0,0,0,0,0,0,0,0,0.0,0.0,0.0,0.0,0.0,0,0,,0.0,0.0,,,14,0.4,,0,1,14,2,3.0,1,0,1,6.43,6.27,0,0,0,0,0,0,1,,,0
ENG-Premier League,2223,Tottenham Hotspur,Pape Matar Sarr,SEN,MF,19,2002,11,2,218,2.4,0,1,1,0,0,0,1,0,0.0,0.41,0.41,0.0,0.41,2,0,0.0,0.83,0.0,0.0,,20,6.4,49,0,9,13,15,1.45,6,10,-4,-1.65,-1.96,0,4,3,0,1,6,6,,,0
ENG-Premier League,2223,Wolves,Chem Campbell,WAL,"FW,MF",19,2002,5,0,74,0.8,0,0,0,0,0,0,0,0,0.0,0.0,0.0,0.0,0.0,2,0,0.0,2.43,0.0,0.0,,15,2.2,,0,5,15,9,0.0,0,2,-2,-2.43,-1.76,0,0,1,0,4,1,1,,,0
ENG-Premier League,2223,Wolves,Hugo Bueno,ESP,DF,19,2002,21,16,1310,14.6,0,1,1,0,0,0,1,0,0.0,0.07,0.07,0.0,0.07,4,1,25.0,0.27,0.07,0.0,0.0,62,38.3,75,7,5,21,9,1.05,12,29,-17,-1.17,-0.74,0,7,7,1,60,9,16,,,0
ENG-Premier League,2223,Wolves,Joseph Hodge,IRL,MF,19,2002,6,1,175,1.9,0,0,0,0,0,0,1,0,0.0,0.0,0.0,0.0,0.0,2,0,0.0,1.03,0.0,0.0,,29,5.1,58,0,5,23,11,1.17,1,5,-4,-2.06,-1.42,0,2,1,0,1,0,2,,,0
ENG-Premier League,2223,Arsenal,Bukayo Saka,ENG,"FW,MF",20,2001,38,37,3181,35.3,14,11,25,12,2,3,6,0,0.4,0.31,0.71,0.34,0.65,89,32,36.0,2.52,0.91,0.13,0.38,84,93.0,85,23,1,31,0,2.21,79,42,37,1.05,-1.97,0,43,65,9,175,11,33,,,0
ENG-Premier League,2223,Bournemouth,Dango Ouattara,BFA,MF,20,2002,19,15,1241,13.8,1,3,4,1,0,0,1,0,0.07,0.22,0.29,0.07,0.29,26,5,19.2,1.89,0.36,0.04,0.2,65,36.3,78,7,4,17,0,1.21,13,23,-10,-0.73,0.27,0,5,15,8,30,10,15,,,0
ENG-Premier League,2223,Brentford,Aaron Hickey,SCO,DF,20,2002,26,23,1916,21.3,0,1,1,0,0,0,7,0,0.0,0.05,0.05,0.0,0.05,11,2,18.2,0.52,0.09,0.0,0.0,74,56.0,81,8,3,16,2,1.46,33,30,3,0.14,-0.4,0,20,35,1,27,17,25,,,0
ENG-Premier League,2223,Brentford,Kevin Schade,GER,FW,20,2001,18,7,732,8.1,0,1,1,0,0,0,2,0,0.0,0.12,0.12,0.0,0.12,12,4,33.3,1.48,0.49,0.0,0.0,41,21.4,75,1,11,19,2,1.72,11,7,4,0.49,0.22,0,13,8,6,15,4,9,,,0
ENG-Premier League,2223,Brighton,Jeremy Sarmiento,ECU,MF,20,2002,9,1,176,2.0,0,1,1,0,0,0,1,0,0.0,0.51,0.51,0.0,0.51,5,2,40.0,2.56,1.02,0.0,0.0,20,5.1,61,0,8,14,11,2.33,9,2,7,3.58,3.25,0,4,4,0,3,1,3,,,0
ENG-Premier League,2223,Brighton,Moisés Caicedo,ECU,MF,20,2001,37,34,3139,34.9,1,1,2,1,0,0,10,0,0.03,0.03,0.06,0.03,0.06,27,8,29.6,0.77,0.23,0.04,0.13,85,91.8,89,30,3,35,0,1.68,62,47,15,0.43,-0.85,0,65,54,0,18,50,50,,,0
ENG-Premier League,2223,Chelsea,Armando Broja,ALB,FW,20,2001,12,2,294,3.3,1,0,1,1,0,0,0,0,0.31,0.0,0.31,0.31,0.31,6,5,83.3,1.84,1.53,0.17,0.2,25,8.6,67,0,10,16,1,1.5,5,5,0,0.0,0.26,0,2,6,3,0,1,1,,,0
ENG-Premier League,2223,Chelsea,Noni Madueke,ENG,"FW,MF",20,2002,12,7,643,7.1,1,0,1,1,0,0,0,0,0.14,0.0,0.14,0.14,0.14,12,6,50.0,1.68,0.84,0.08,0.17,54,18.8,75,0,5,24,4,0.83,6,13,-7,-0.98,-0.91,0,4,15,2,22,4,8,,,0
ENG-Premier League,2223,Crystal Palace,Michael Olise,FRA,"MF,FW",20,2001,37,31,2749,30.5,2,11,13,2,0,0,2,0,0.07,0.36,0.43,0.07,0.43,51,14,27.5,1.67,0.46,0.04,0.14,74,80.4,85,17,6,20,0,1.22,35,38,-3,-0.1,0.71,0,28,69,8,244,26,35,,,0
ENG-Premier League,2223,Crystal Palace,Naouirou Ahamada,FRA,MF,20,2002,8,0,94,1.0,0,0,0,0,0,0,1,0,0.0,0.0,0.0,0.0,0.0,3,0,0.0,2.87,0.0,0.0,,12,2.7,,0,8,12,3,0.38,0,2,-2,-1.91,-1.73,0,2,0,1,2,0,3,,,0
ENG-Premier League,2223,Everton,Amadou Onana,BEL,MF,20,2001,33,29,2488,27.6,1,2,3,1,0,0,9,0,0.04,0.07,0.11,0.04,0.11,34,6,17.6,1.23,0.22,0.03,0.17,75,72.7,83,16,4,21,1,1.03,22,37,-15,-0.54,0.23,0,44,49,2,5,38,44,,,0
ENG-Premier League,2223,Everton,Nathan Patterson,SCO,"DF,MF",20,2001,19,14,1279,14.2,0,0,0,0,0,0,3,0,0.0,0.0,0.0,0.0,0.0,8,1,12.5,0.56,0.07,0.0,0.0,67,37.4,82,11,5,26,2,0.74,13,22,-9,-0.63,-0.04,0,14,13,1,39,14,24,,,0
ENG-Premier League,2223,Leeds United,Cody Drameh,ENG,DF,20,2001,1,1,69,0.8,0,0,0,0,0,0,0,0,0.0,0.0,0.0,0.0,0.0,0,0,,0.0,0.0,,,69,2.0,69,0,0,,5,0.0,1,3,-2,-2.61,-1.86,0,1,0,0,1,1,4,,,0
ENG-Premier League,2223,Leeds United,Crysencio Summerville,NED,"MF,FW",20,2001,28,12,1426,15.8,4,2,6,4,0,0,4,0,0.25,0.13,0.38,0.25,0.38,29,9,31.0,1.83,0.57,0.14,0.44,51,41.7,82,7,16,28,8,0.86,19,38,-19,-1.2,-0.7,0,21,41,8,14,13,21,,,0
ENG-Premier League,2223,Leeds United,Georginio Rutter,FRA,FW,20,2002,11,1,273,3.0,0,1,1,0,0,0,0,0,0.0,0.33,0.33,0.0,0.33,4,0,0.0,1.32,0.0,0.0,,25,8.0,67,0,10,21,9,0.45,3,9,-6,-1.98,-1.29,0,5,6,1,0,3,10,,,0
ENG-Premier League,2223,Leeds United,Joe Gelhardt,ENG,FW,20,2002,15,1,212,2.4,0,2,2,0,0,0,1,0,0.0,0.85,0.85,0.0,0.85,10,2,20.0,4.25,0.85,0.0,0.0,14,6.2,58,0,14,11,2,0.8,6,3,3,1.27,2.2,0,6,8,0,1,0,2,,,0
ENG-Premier League,2223,Leeds United,Sam Greenwood,ENG,MF,20,2002,18,3,424,4.7,1,2,3,1,0,0,1,0,0.21,0.42,0.64,0.21,0.64,12,2,16.7,2.55,0.42,0.08,0.5,24,12.4,70,1,15,14,18,0.72,10,11,-1,-0.21,0.66,0,11,3,0,44,1,7,,,0
ENG-Premier League,2223,Manchester City,Cole Palmer,ENG,"MF,FW",20,2002,14,2,370,4.1,0,1,1,0,0,0,1,0,0.0,0.24,0.24,0.0,0.24,11,4,36.4,2.68,0.97,0.0,0.0,26,10.8,90,2,12,16,17,2.64,3,4,-1,-0.24,-2.07,0,1,6,1,7,1,1,,,0
ENG-Premier League,2223,Manchester Utd,Anthony Elanga,SWE,MF,20,2002,16,5,426,4.7,0,1,1,0,0,0,0,0,0.0,0.21,0.21,0.0,0.21,10,4,40.0,2.11,0.85,0.0,0.0,27,12.5,59,0,11,12,11,2.13,8,2,6,1.27,1.0,0,3,7,3,7,2,0,,,0
ENG-Premier League,2223,Manchester Utd,Facundo Pellistri,URU,"FW,MF",20,2001,4,0,64,0.7,0,0,0,0,0,0,0,0,0.0,0.0,0.0,0.0,0.0,0,0,,0.0,0.0,,,16,1.9,,0,4,16,19,1.25,2,1,1,1.41,1.03,0,1,2,0,0,0,1,,,0
ENG-Premier League,2223,Nottingham Forest,Alex Mighten,ENG,"FW,MF",20,2002,1,0,8,0.1,0,0,0,0,0,0,0,0,0.0,0.0,0.0,0.0,0.0,0,0,,0.0,0.0,,,8,0.2,,0,1,8,5,0.0,0,0,0,0.0,0.79,0,0,1,0,0,0,0,,,0
ENG-Premier League,2223,Southampton,Armel Bella Kotchap,GER,DF,20,2001,24,24,1879,20.9,0,2,2,0,0,0,4,0,0.0,0.1,0.1,0.0,0.1,14,2,14.3,0.67,0.1,0.0,0.0,78,54.9,78,18,0,,2,0.71,18,39,-21,-1.01,-0.07,0,9,33,0,4,44,18,,,0
ENG-Premier League,2223,Southampton,Gavin Bazunu,IRL,GK,20,2002,32,32,2880,32.0,0,0,0,0,0,0,0,0,0.0,0.0,0.0,0.0,0.0,0,0,,0.0,0.0,,,90,84.2,90,32,0,,6,0.75,27,56,-29,-0.91,0.43,0,1,2,0,0,1,0,,,0
ENG-Premier League,2223,Southampton,Kamaldeen Sulemana,GHA,"FW,MF",20,2002,18,10,966,10.7,2,1,3,2,0,0,1,0,0.19,0.09,0.28,0.19,0.28,25,7,28.0,2.33,0.65,0.08,0.29,54,28.2,76,2,8,26,0,0.56,11,20,-9,-0.84,0.19,0,9,12,2,18,6,9,,,0
ENG-Premier League,2223,Southampton,Sekou Mara,FRA,FW,20,2002,22,4,555,6.2,1,2,3,1,0,0,1,0,0.16,0.32,0.49,0.16,0.49,16,5,31.3,2.59,0.81,0.06,0.2,25,16.2,58,0,18,18,11,0.73,6,10,-4,-0.65,0.39,0,20,6,3,1,1,9,,,0
ENG-Premier League,2223,Tottenham Hotspur,Harvey White,ENG,MF,20,2001,1,0,5,0.1,0,0,0,0,0,0,0,0,0.0,0.0,0.0,0.0,0.0,0,0,,0.0,0.0,,,5,0.1,,0,1,5,2,3.0,0,0,0,0.0,-0.18,0,0,0,0,3,0,0,,,0
ENG-Premier League,2223,Wolves,Boubacar Traoré,MLI,MF,20,2001,10,4,411,4.6,0,1,1,0,0,0,2,0,0.0,0.22,0.22,0.0,0.22,3,0,0.0,0.66,0.0,0.0,,41,12.0,82,2,6,14,1,0.5,4,9,-5,-1.09,-0.44,0,10,2,0,1,7,6,,,0
ENG-Premier League,2223,Arsenal,Gabriel Martinelli,BRA,"FW,MF",21,2001,36,34,2789,31.0,15,5,20,15,0,0,3,0,0.48,0.16,0.65,0.48,0.65,79,32,40.5,2.55,1.03,0.19,0.47,77,81.5,80,16,2,28,0,2.25,72,33,39,1.26,0.4,0,39,37,8,113,9,22,,,0
ENG-Premier League,2223,Arsenal,William Saliba,FRA,DF,21,2001,27,27,2415,26.8,2,1,3,2,0,0,4,0,0.07,0.04,0.11,0.07,0.11,6,3,50.0,0.22,0.11,0.33,0.67,89,70.6,89,26,0,,0,2.44,61,25,36,1.34,0.54,0,19,13,0,1,18,19,,,1
ENG-Premier League,2223,Aston Villa,Cameron Archer,ENG,"FW,MF",21,2001,6,0,49,0.5,0,0,0,0,0,0,0,0,0.0,0.0,0.0,0.0,0.0,0,0,,0.0,0.0,,,8,1.4,,0,6,8,8,1.17,0,1,-1,-1.84,-2.0,0,2,1,1,1,0,0,,,0
ENG-Premier League,2223,Aston Villa,Jacob Ramsey,ENG,MF,21,2001,35,31,2636,29.3,6,7,13,6,0,0,5,0,0.2,0.24,0.44,0.2,0.44,33,13,39.4,1.13,0.44,0.18,0.46,75,77.1,82,16,4,26,0,1.63,40,33,7,0.24,0.47,0,35,45,2,18,22,40,,,1
ENG-Premier League,2223,Brentford,Keane Lewis-Potter,ENG,FW,21,2001,10,3,321,3.6,0,1,1,0,0,0,0,0,0.0,0.28,0.28,0.0,0.28,7,2,28.6,1.96,0.56,0.0,0.0,32,9.4,61,0,7,20,9,1.5,10,4,6,1.68,1.51,0,1,4,1,8,1,0,,,0
ENG-Premier League,2223,Brighton,Billy Gilmour,SCO,MF,21,2001,14,7,507,5.6,0,1,1,0,0,0,1,0,0.0,0.18,0.18,0.0,0.18,6,1,16.7,1.07,0.18,0.0,0.0,36,14.8,68,2,7,5,16,1.79,14,8,6,1.07,0.66,0,7,3,0,2,5,2,,,0
ENG-Premier League,2223,Brighton,Tariq Lamptey,GHA,"DF,MF",21,2000,20,3,453,5.0,0,0,0,0,0,0,1,0,0.0,0.0,0.0,0.0,0.0,5,0,0.0,0.99,0.0,0.0,,23,13.2,60,1,17,16,3,1.6,6,7,-1,-0.2,-0.81,0,6,14,0,31,7,5,,,0
ENG-Premier League,2223,Chelsea,Benoît Badiashile,FRA,DF,21,2001,11,10,905,10.1,1,0,1,1,0,0,2,0,0.1,0.0,0.1,0.1,0.1,6,2,33.3,0.6,0.2,0.17,0.5,82,26.5,90,10,1,5,7,1.55,11,9,2,0.2,0.59,0,9,6,0,2,14,9,,,0
ENG-Premier League,2223,Chelsea,Enzo Fernández,ARG,MF,21,2001,18,18,1547,17.2,0,2,2,0,0,0,3,0,0.0,0.12,0.12,0.0,0.12,20,3,15.0,1.16,0.17,0.0,0.0,86,45.2,86,14,0,,0,0.83,16,25,-9,-0.52,-0.52,0,11,22,1,16,12,26,,,0
ENG-Premier League,2223,Chelsea,Mykhailo Mudryk,UKR,"FW,MF",21,2001,15,7,657,7.3,0,2,2,0,0,0,1,0,0.0,0.27,0.27,0.0,0.27,14,5,35.7,1.92,0.68,0.0,0.0,44,19.2,66,1,8,24,4,0.67,6,10,-4,-0.55,-0.39,0,8,12,1,24,1,9,,,0
ENG-Premier League,2223,Chelsea,Wesley Fofana,FRA,DF,21,2000,15,12,1183,13.1,1,0,1,1,0,0,3,0,0.08,0.0,0.08,0.08,0.08,6,2,33.3,0.46,0.15,0.17,0.5,79,34.6,85,7,3,54,1,1.0,13,18,-5,-0.38,-0.22,0,11,22,0,3,18,18,,,0
ENG-Premier League,2223,Everton,Anthony Gordon,ENG,"FW,MF",21,2001,16,12,1095,12.2,3,0,3,3,0,0,6,0,0.25,0.0,0.25,0.25,0.25,26,16,61.5,2.14,1.32,0.12,0.19,68,32.0,85,7,4,19,1,0.88,10,13,-3,-0.25,0.53,0,20,15,3,26,5,21,,,0
ENG-Premier League,2223,Everton,Ellis Simms,ENG,FW,21,2001,11,2,228,2.5,1,0,1,1,0,0,0,0,0.39,0.0,0.39,0.39,0.39,8,1,12.5,3.16,0.39,0.13,1.0,21,6.7,65,0,9,11,10,0.73,3,4,-1,-0.39,0.23,0,0,1,1,1,0,0,,,0
ENG-Premier League,2223,Everton,James Garner,ENG,MF,21,2001,16,7,804,8.9,0,1,1,0,0,0,3,0,0.0,0.11,0.11,0.0,0.11,9,3,33.3,1.01,0.34,0.0,0.0,50,23.5,88,6,9,21,5,0.88,12,13,-1,-0.11,0.64,0,16,10,1,37,12,13,,,0
ENG-Premier League,2223,Leeds United,Brenden Aaronson,USA,MF,21,2000,36,28,2372,26.4,1,3,4,1,0,0,2,0,0.04,0.11,0.15,0.04,0.15,41,9,22.0,1.56,0.34,0.02,0.11,66,69.4,78,8,8,22,2,0.86,35,59,-24,-0.91,-0.4,0,16,55,6,72,4,18,,,0
ENG-Premier League,2223,Leicester City,Lewis Brunt,ENG,"DF,MF",21,2000,1,0,23,0.3,0,0,0,0,0,0,0,0,0.0,0.0,0.0,0.0,0.0,0,0,,0.0,0.0,,,23,0.7,,0,1,23,6,0.0,0,1,-1,-3.91,-3.49,0,0,1,0,0,0,0,,,0
ENG-Premier League,2223,Leicester City,Luke Thomas,ENG,DF,21,2001,17,11,1073,11.9,0,0,0,0,0,0,3,0,0.0,0.0,0.0,0.0,0.0,3,0,0.0,0.25,0.0,0.0,,63,31.4,86,8,6,21,19,0.88,14,20,-6,-0.5,-0.08,0,11,7,0,8,27,18,,,1
ENG-Premier League,2223,Leicester City,Wesley Fofana,FRA,DF,21,2000,2,2,180,2.0,0,0,0,0,0,0,1,0,0.0,0.0,0.0,0.0,0.0,2,1,50.0,1.0,0.5,0.0,0.0,90,5.3,90,2,0,,0,0.5,4,6,-2,-1.0,-0.58,0,2,3,1,0,9,2,,,0
ENG-Premier League,2223,Liverpool,Curtis Jones,ENG,MF,21,2001,18,12,1035,11.5,3,1,4,3,0,0,2,0,0.26,0.09,0.35,0.26,0.35,15,5,33.3,1.3,0.43,0.2,0.6,58,30.3,78,2,6,18,5,1.94,23,15,8,0.7,-0.06,0,13,16,2,7,3,17,,,0
ENG-Premier League,2223,Manchester City,Sergio Gómez,ESP,"MF,FW",21,2000,12,2,349,3.9,0,1,1,0,0,0,0,0,0.0,0.26,0.26,0.0,0.26,7,0,0.0,1.81,0.0,0.0,,29,10.2,84,1,10,18,20,2.58,5,6,-1,-0.26,-2.07,0,2,2,0,8,2,4,,,0
ENG-Premier League,2223,Newcastle United,Anthony Gordon,ENG,"FW,MF",21,2001,16,4,487,5.4,1,0,1,1,0,0,1,0,0.18,0.0,0.18,0.18,0.18,8,2,25.0,1.48,0.37,0.13,0.5,30,14.2,57,0,12,22,0,1.63,7,5,2,0.37,-0.64,0,7,8,1,10,1,11,,,0
ENG-Premier League,2223,Nottingham Forest,Brennan Johnson,WAL,"FW,MF",21,2001,38,33,2934,32.6,8,3,11,7,1,3,6,0,0.25,0.09,0.34,0.21,0.31,55,27,49.1,1.69,0.83,0.13,0.26,77,85.8,86,21,5,20,0,1.0,30,54,-24,-0.74,0.37,0,37,21,18,58,4,18,,,0
ENG-Premier League,2223,Nottingham Forest,Danilo Santos,BRA,MF,21,2001,13,12,976,10.8,3,2,5,3,0,0,1,0,0.28,0.18,0.46,0.28,0.46,15,4,26.7,1.38,0.37,0.2,0.75,75,28.5,78,5,1,46,3,1.23,17,18,-1,-0.09,0.98,0,4,3,2,3,10,6,,,0
ENG-Premier League,2223,Nottingham Forest,Neco Williams,WAL,"DF,MF",21,2001,31,20,1882,20.9,1,0,1,1,0,0,7,0,0.05,0.0,0.05,0.05,0.05,25,7,28.0,1.2,0.33,0.04,0.14,61,55.0,85,15,11,16,2,0.94,18,41,-23,-1.1,-0.69,0,33,28,3,89,31,47,,,0
ENG-Premier League,2223,Tottenham Hotspur,Bryan Gil,ESP,"MF,FW",21,2001,4,2,148,1.6,0,1,1,0,0,0,1,0,0.0,0.61,0.61,0.0,0.61,2,1,50.0,1.22,0.61,0.0,0.0,37,4.3,69,0,2,5,12,1.5,5,1,4,2.43,2.35,0,2,2,1,2,1,1,,,0
ENG-Premier League,2223,Tottenham Hotspur,Djed Spence,ENG,"DF,MF",21,2000,4,0,7,0.1,0,0,0,0,0,0,0,0,0.0,0.0,0.0,0.0,0.0,1,1,100.0,12.86,12.86,0.0,0.0,2,0.2,,0,4,2,8,1.5,0,0,0,0.0,-0.18,0,0,0,0,0,0,0,,,0
ENG-Premier League,2223,Tottenham Hotspur,Oliver Skipp,ENG,MF,21,2000,23,18,1491,16.6,1,0,1,1,0,0,7,0,0.06,0.0,0.06,0.06,0.06,7,3,42.9,0.42,0.18,0.14,0.33,65,43.6,82,8,5,5,10,1.43,27,28,-1,-0.06,-0.43,0,23,17,0,10,17,16,,,0
ENG-Premier League,2223,Wolves,João Gomes,BRA,MF,21,2001,11,7,653,7.3,1,0,1,1,0,0,5,0,0.14,0.0,0.14,0.14,0.14,4,2,50.0,0.55,0.28,0.25,0.5,59,19.1,80,4,4,23,6,1.18,10,18,-8,-1.1,-0.48,0,17,15,0,8,3,14,,,0
ENG-Premier League,2223,Wolves,Nathan Collins,IRL,DF,21,2001,26,19,1814,20.2,0,0,0,0,0,0,2,1,0.0,0.0,0.0,0.0,0.0,3,0,0.0,0.15,0.0,0.0,,70,53.0,87,18,7,23,9,1.04,16,36,-20,-0.99,-0.6,0,17,8,1,0,21,14,,,0
ENG-Premier League,2223,Wolves,Rayan Aït-Nouri,ALG,"DF,MF",21,2001,21,9,1076,12.0,1,0,1,1,0,0,4,0,0.08,0.0,0.08,0.08,0.08,10,5,50.0,0.84,0.42,0.1,0.2,51,31.5,81,4,12,29,7,1.0,8,18,-10,-0.84,-0.18,0,15,11,3,21,11,19,,,1
ENG-Premier League,2223,Arsenal,Albert Sambi Lokonga,BEL,MF,22,1999,6,2,198,2.2,0,0,0,0,0,0,0,0,0.0,0.0,0.0,0.0,0.0,0,0,,0.0,0.0,,,33,5.8,82,1,4,9,12,2.5,3,3,0,0.0,-1.26,0,1,5,0,0,4,1,,,0
ENG-Premier League,2223,Arsenal,Emile Smith Rowe,ENG,MF,22,2000,12,0,172,1.9,0,2,2,0,0,0,0,0,0.0,1.05,1.05,0.0,1.05,4,1,25.0,2.09,0.52,0.0,0.0,14,5.0,,0,12,14,11,2.25,3,5,-2,-1.05,-2.35,0,1,0,1,5,0,1,,,0
ENG-Premier League,2223,Arsenal,Fabio Vieira,POR,MF,22,2000,22,3,514,5.7,1,2,3,1,0,0,0,0,0.18,0.35,0.53,0.18,0.53,15,2,13.3,2.63,0.35,0.07,0.5,23,15.0,76,0,19,15,14,2.09,13,5,8,1.4,0.25,0,3,5,0,21,4,4,,,0
ENG-Premier League,2223,Arsenal,Jakub Kiwior,POL,DF,22,2000,7,5,427,4.7,1,0,1,1,0,0,0,0,0.21,0.0,0.21,0.21,0.21,1,1,100.0,0.21,0.21,1.0,1.0,61,12.5,82,3,2,8,11,1.86,10,6,4,0.84,-0.39,0,1,1,0,1,6,6,,,0
ENG-Premier League,2223,Arsenal,Reiss Nelson,ENG,"FW,MF",22,1999,11,0,212,2.4,3,2,5,3,0,0,0,0,1.27,0.85,2.12,1.27,2.12,12,7,58.3,5.09,2.97,0.25,0.43,19,6.2,,0,11,19,11,2.09,10,3,7,2.97,1.91,0,8,4,0,12,0,1,,,0
ENG-Premier League,2223,Aston Villa,Boubacar Kamara,FRA,MF,22,1999,24,21,1777,19.7,0,1,1,0,0,0,4,0,0.0,0.05,0.05,0.0,0.05,4,1,25.0,0.2,0.05,0.0,0.0,74,52.0,83,14,3,14,0,1.63,28,30,-2,-0.1,-0.48,0,34,31,0,2,19,27,,,0
ENG-Premier League,2223,Bournemouth,Antoine Semenyo,GHA,"MF,FW",22,2000,11,2,258,2.9,1,0,1,1,0,0,0,0,0.35,0.0,0.35,0.35,0.35,3,1,33.3,1.05,0.35,0.33,1.0,23,7.5,77,1,9,12,4,1.45,3,6,-3,-1.05,-0.16,0,6,5,1,1,2,0,,,0
ENG-Premier League,2223,Bournemouth,Hamed Junior Traorè,CIV,MF,22,2000,7,5,427,4.7,0,0,0,0,0,0,0,0,0.0,0.0,0.0,0.0,0.0,6,0,0.0,1.26,0.0,0.0,,61,12.5,75,1,2,26,0,1.0,3,8,-5,-1.05,-0.18,0,4,4,1,41,3,12,,,0
ENG-Premier League,2223,Bournemouth,Jaidon Anthony,ENG,MF,22,1999,30,11,1257,14.0,3,1,4,3,0,0,2,0,0.21,0.07,0.29,0.21,0.29,21,13,61.9,1.5,0.93,0.14,0.23,42,36.8,76,4,19,22,8,0.97,9,29,-20,-1.43,-0.85,0,9,12,5,45,10,17,,,0
ENG-Premier League,2223,Bournemouth,Jordan Zemura,ZIM,"DF,MF",22,1999,19,17,1454,16.2,0,1,1,0,0,0,1,0,0.0,0.06,0.06,0.0,0.06,4,1,25.0,0.25,0.06,0.0,0.0,77,42.5,83,12,2,23,5,0.95,14,31,-17,-1.05,-0.27,0,17,14,0,18,15,23,,,0
ENG-Premier League,2223,Brentford,Bryan Mbeumo,CMR,FW,22,1999,38,36,2906,32.3,9,8,17,8,1,1,5,0,0.28,0.25,0.53,0.25,0.5,71,33,46.5,2.2,1.02,0.11,0.24,76,85.0,79,10,2,24,0,1.55,50,39,11,0.34,0.17,0,26,23,6,156,11,17,,,0
ENG-Premier League,2223,Brentford,Halil Dervişoğlu,TUR,FW,22,1999,1,0,8,0.1,0,0,0,0,0,0,0,0,0.0,0.0,0.0,0.0,0.0,1,0,0.0,11.25,0.0,0.0,,8,0.2,,0,1,8,1,1.0,1,0,1,11.25,10.96,0,0,0,0,0,0,0,,,0
ENG-Premier League,2223,Brentford,Mikkel Damsgaard,DEN,"MF,FW",22,2000,26,9,988,11.0,0,0,0,0,0,0,4,0,0.0,0.0,0.0,0.0,0.0,12,6,50.0,1.09,0.55,0.0,0.0,38,28.9,66,0,17,23,9,1.5,19,14,5,0.46,0.2,0,13,11,0,29,9,20,,,0
ENG-Premier League,2223,Brighton,Jan Paul van Hecke,NED,DF,22,2000,8,3,295,3.3,0,0,0,0,0,0,2,0,0.0,0.0,0.0,0.0,0.0,2,0,0.0,0.61,0.0,0.0,,37,8.6,86,2,5,8,24,1.5,3,7,-4,-1.22,-1.88,0,7,4,0,0,6,6,,,0
ENG-Premier League,2223,Chelsea,Conor Gallagher,ENG,MF,22,2000,35,18,1621,18.0,3,1,4,3,0,0,11,1,0.17,0.06,0.22,0.17,0.22,28,11,39.3,1.55,0.61,0.11,0.27,46,47.4,73,8,17,18,2,1.23,15,22,-7,-0.39,-0.29,1,34,35,2,50,23,32,,,0
ENG-Premier League,2223,Chelsea,João Félix,POR,"FW,MF",22,1999,16,11,941,10.5,4,0,4,4,0,0,1,1,0.38,0.0,0.38,0.38,0.38,46,16,34.8,4.4,1.53,0.09,0.25,59,27.5,75,3,5,22,1,0.88,11,15,-4,-0.38,-0.2,0,15,29,7,19,1,7,,,0
ENG-Premier League,2223,Chelsea,Reece James,ENG,"DF,MF",22,1999,16,14,1244,13.8,1,1,2,1,0,0,4,0,0.07,0.07,0.14,0.07,0.14,16,4,25.0,1.16,0.29,0.06,0.25,78,36.4,85,12,2,27,0,1.44,15,17,-2,-0.14,0.14,0,9,18,4,91,13,20,,,0
ENG-Premier League,2223,Crystal Palace,Albert Sambi Lokonga,BEL,MF,22,1999,9,6,536,6.0,0,0,0,0,0,0,2,0,0.0,0.0,0.0,0.0,0.0,2,1,50.0,0.34,0.17,0.0,0.0,60,15.7,79,3,3,20,8,0.67,2,5,-3,-0.5,-0.32,0,7,12,0,0,5,10,,,0
ENG-Premier League,2223,Crystal Palace,Cheick Doucouré,MLI,MF,22,2000,34,34,2769,30.8,0,3,3,0,0,0,10,1,0.0,0.1,0.1,0.0,0.1,36,7,19.4,1.17,0.23,0.0,0.0,81,81.0,81,16,0,,1,1.24,36,41,-5,-0.16,0.39,1,38,13,0,7,56,48,,,0
ENG-Premier League,2223,Crystal Palace,Chris Richards,USA,DF,22,2000,9,4,447,5.0,0,0,0,0,0,0,0,0,0.0,0.0,0.0,0.0,0.0,4,0,0.0,0.81,0.0,0.0,,50,13.1,90,4,5,17,18,0.78,2,11,-9,-1.81,-1.81,0,2,1,1,0,7,6,,,0
ENG-Premier League,2223,Crystal Palace,Marc Guéhi,ENG,DF,22,2000,37,37,3329,37.0,1,0,1,1,0,0,8,0,0.03,0.0,0.03,0.03,0.03,14,6,42.9,0.38,0.16,0.07,0.17,90,97.3,90,36,0,,0,1.22,40,46,-6,-0.16,2.8,0,24,40,0,0,42,27,,,1
ENG-Premier League,2223,Crystal Palace,Tyrick Mitchell,ENG,DF,22,1999,36,34,2891,32.1,0,2,2,0,0,0,5,1,0.0,0.06,0.06,0.0,0.06,6,1,16.7,0.19,0.03,0.0,0.0,80,84.5,84,27,2,19,0,1.17,36,38,-2,-0.06,1.13,0,33,10,2,70,38,48,,,0
ENG-Premier League,2223,Everton,Dwight McNeil,ENG,"MF,FW",22,1999,36,28,2498,27.8,7,3,10,7,0,0,5,0,0.25,0.11,0.36,0.25,0.36,46,15,32.6,1.66,0.54,0.15,0.47,69,73.0,83,19,8,22,2,0.97,26,46,-20,-0.72,-0.43,0,22,21,1,197,28,39,,,0
ENG-Premier League,2223,Fulham,Tyrese Francois,AUS,MF,22,2000,1,0,1,0.0,0,0,0,0,0,0,0,0,0.0,0.0,0.0,0.0,0.0,0,0,,0.0,0.0,,,1,0.0,,0,1,1,6,1.0,0,0,0,0.0,-0.05,0,0,0,0,0,0,0,,,0
ENG-Premier League,2223,Leeds United,Illan Meslier,FRA,GK,22,2000,34,34,3060,34.0,0,0,0,0,0,0,3,0,0.0,0.0,0.0,0.0,0.0,1,1,100.0,0.03,0.03,0.0,0.0,90,89.5,90,34,0,,4,0.88,43,67,-24,-0.71,0.79,0,1,5,0,0,1,1,,,0
ENG-Premier League,2223,Leeds United,Pascal Struijk,NED,DF,22,1999,29,26,2200,24.4,2,1,3,2,0,0,5,0,0.08,0.04,0.12,0.08,0.12,16,7,43.8,0.65,0.29,0.13,0.29,76,64.3,84,20,3,7,5,0.9,33,52,-19,-0.78,0.03,0,30,12,0,21,34,60,,,0
ENG-Premier League,2223,Leicester City,Tetê,BRA,"MF,FW",22,2000,13,9,734,8.2,1,0,1,1,0,0,0,0,0.12,0.0,0.12,0.12,0.12,15,2,13.3,1.84,0.25,0.07,0.5,56,21.5,68,0,4,30,5,0.85,13,15,-2,-0.25,0.26,0,3,17,4,19,2,8,,,0
ENG-Premier League,2223,Manchester City,Erling Haaland,NOR,"FW,MF",22,2000,35,33,2769,30.8,36,8,44,29,7,7,5,0,1.17,0.26,1.43,0.94,1.2,123,60,48.8,4.0,1.95,0.24,0.48,79,81.0,83,21,2,22,1,2.37,84,26,58,1.89,1.47,0,31,24,8,13,3,2,,,0
ENG-Premier League,2223,Manchester City,Julián Álvarez,ARG,"MF,FW",22,2000,31,13,1465,16.3,9,0,9,8,1,1,0,0,0.55,0.0,0.55,0.49,0.49,47,22,46.8,2.89,1.35,0.17,0.36,47,42.8,85,8,18,20,6,2.42,37,16,21,1.29,-0.55,0,21,14,3,26,2,16,,,0
ENG-Premier League,2223,Manchester City,Phil Foden,ENG,"FW,MF",22,2000,32,22,1842,20.5,11,6,17,11,0,0,1,0,0.54,0.29,0.83,0.54,0.83,46,22,47.8,2.25,1.07,0.24,0.5,58,53.9,77,11,10,15,1,2.31,49,15,34,1.66,0.12,0,10,29,6,90,5,10,,,0
ENG-Premier League,2223,Manchester Utd,Antony,BRA,MF,22,2000,25,23,1802,20.0,4,2,6,4,0,0,5,0,0.2,0.1,0.3,0.2,0.3,72,24,33.3,3.6,1.2,0.06,0.17,72,52.7,76,6,2,30,0,1.88,29,21,8,0.4,0.01,0,15,25,2,32,11,9,,,0
ENG-Premier League,2223,Manchester Utd,Jadon Sancho,ENG,MF,22,2000,26,21,1686,18.7,6,3,9,6,0,0,0,0,0.32,0.16,0.48,0.32,0.48,21,11,52.4,1.12,0.59,0.29,0.55,65,49.3,74,4,5,28,4,1.92,30,18,12,0.64,0.48,0,9,10,8,18,5,9,,,0
ENG-Premier League,2223,Manchester Utd,Tyrell Malacia,NED,DF,22,1999,22,14,1396,15.5,0,0,0,0,0,0,6,0,0.0,0.0,0.0,0.0,0.0,5,2,40.0,0.32,0.13,0.0,0.0,63,40.8,84,10,8,27,15,2.0,22,14,8,0.52,0.2,0,39,13,3,15,24,33,,,0
ENG-Premier League,2223,Newcastle United,Alexander Isak,SWE,FW,22,1999,22,17,1522,16.9,10,1,11,8,2,2,3,0,0.59,0.06,0.65,0.47,0.53,51,25,49.0,3.02,1.48,0.16,0.32,69,44.5,83,7,5,23,0,1.68,28,20,8,0.47,-0.81,0,19,16,5,8,4,8,,,0
ENG-Premier League,2223,Newcastle United,Joe Willock,ENG,MF,22,1999,35,31,2558,28.4,3,6,9,3,0,0,1,0,0.11,0.21,0.32,0.11,0.32,58,17,29.3,2.04,0.6,0.05,0.18,73,74.8,79,8,4,28,0,1.97,56,26,30,1.06,0.53,0,35,23,4,51,27,30,,,0
ENG-Premier League,2223,Newcastle United,Sven Botman,NED,DF,22,2000,36,35,3127,34.7,0,0,0,0,0,0,2,0,0.0,0.0,0.0,0.0,0.0,22,7,31.8,0.63,0.2,0.0,0.0,87,91.4,89,33,1,1,2,1.94,64,30,34,0.98,0.67,0,15,12,2,1,34,26,,,0
ENG-Premier League,2223,Nottingham Forest,Giulian Biancone,FRA,"DF,MF",22,2000,2,0,17,0.2,0,0,0,0,0,0,0,0,0.0,0.0,0.0,0.0,0.0,0,0,,0.0,0.0,,,9,0.5,,0,2,9,8,0.5,0,1,-1,-5.29,-4.53,0,0,0,0,1,1,1,,,0
ENG-Premier League,2223,Nottingham Forest,Morgan Gibbs-White,ENG,"MF,FW",22,2000,35,34,2971,33.0,5,8,13,3,2,2,5,0,0.15,0.24,0.39,0.09,0.33,59,22,37.3,1.79,0.67,0.05,0.14,85,86.9,87,26,1,30,0,1.0,37,59,-22,-0.67,0.94,0,32,28,6,163,13,14,,,0
ENG-Premier League,2223,Tottenham Hotspur,Dejan Kulusevski,SWE,"MF,FW",22,2000,30,23,2067,23.0,2,7,9,2,0,0,2,0,0.09,0.3,0.39,0.09,0.39,43,10,23.3,1.87,0.44,0.05,0.2,69,60.4,81,5,7,28,0,1.6,42,41,1,0.04,-0.36,0,36,25,3,62,12,16,,,0
ENG-Premier League,2223,Tottenham Hotspur,Pedro Porro,ESP,MF,22,1999,15,13,1131,12.6,3,3,6,3,0,0,0,0,0.24,0.24,0.48,0.24,0.48,26,7,26.9,2.07,0.56,0.12,0.43,75,33.1,86,6,2,9,2,1.2,20,26,-6,-0.48,-0.99,0,12,16,1,78,17,16,,,0
ENG-Premier League,2223,Tottenham Hotspur,Ryan Sessegnon,ENG,"MF,DF",22,2000,17,9,813,9.0,2,0,2,2,0,0,4,0,0.22,0.0,0.22,0.22,0.22,18,6,33.3,1.99,0.66,0.11,0.33,48,23.8,75,3,8,17,4,1.65,17,15,2,0.22,0.05,0,15,6,6,29,6,12,,,0
ENG-Premier League,2223,West Ham United,Ben Johnson,ENG,"DF,MF",22,2000,17,9,866,9.6,0,0,0,0,0,0,0,0,0.0,0.0,0.0,0.0,0.0,2,1,50.0,0.21,0.1,0.0,0.0,51,25.3,82,8,8,16,10,1.24,8,13,-5,-0.52,-0.24,0,3,5,1,16,8,15,,,0
ENG-Premier League,2223,West Ham United,Conor Coventry,IRL,MF,22,2000,1,0,1,0.0,0,0,0,0,0,0,0,0,0.0,0.0,0.0,0.0,0.0,0,0,,0.0,0.0,,,1,0.0,,0,1,1,10,0.0,0,0,0,0.0,0.34,0,0,0,0,0,0,0,,,0
ENG-Premier League,2223,Wolves,Morgan Gibbs-White,ENG,MF,22,2000,2,2,180,2.0,0,0,0,0,0,0,1,0,0.0,0.0,0.0,0.0,0.0,3,1,33.3,1.5,0.5,0.0,0.0,90,5.3,90,2,0,,0,0.5,1,2,-1,-0.5,0.22,0,3,4,0,8,1,1,,,0
ENG-Premier League,2223,Wolves,Pedro Neto,POR,"MF,FW",22,2000,18,13,964,10.7,0,0,0,0,0,0,1,0,0.0,0.0,0.0,0.0,0.0,17,3,17.6,1.59,0.28,0.0,0.0,54,28.2,69,2,5,13,3,1.06,7,15,-8,-0.75,-0.05,0,8,15,2,66,4,5,,,0
ESP-La Liga,2223,Barcelona,Lamine Yamal,ESP,"FW,MF",15,2007,1,0,8,0.1,0,0,0,0,0,0,0,0,0.0,0.0,0.0,0.0,0.0,1,1,100.0,11.25,11.25,0.0,0.0,8,0.2,,0,1,8,3,3.0,0,0,0,0.0,-1.32,0,0,0,0,1,0,0,,,0
ESP-La Liga,2223,Barcelona,Gavi,ESP,"MF,FW",17,2004,36,30,2531,28.1,2,4,6,2,0,0,10,0,0.07,0.14,0.21,0.07,0.21,28,8,28.6,1.0,0.28,0.07,0.25,70,74.0,78,13,6,33,0,2.36,52,11,41,1.46,0.55,0,74,72,9,39,19,33,,,0
ESP-La Liga,2223,Espanyol,Luca Koleosho,ITA,MF,17,2004,4,0,59,0.7,1,0,1,1,0,0,0,0,1.53,0.0,1.53,1.53,1.53,1,1,100.0,1.53,1.53,1.0,1.0,15,1.7,,0,4,15,6,0.5,3,1,2,3.05,3.56,0,1,0,1,3,0,2,,,0
ESP-La Liga,2223,Espanyol,Simo,ESP,DF,17,2005,7,0,148,1.6,0,0,0,0,0,0,0,0,0.0,0.0,0.0,0.0,0.0,0,0,,0.0,0.0,,,21,4.3,,0,7,21,15,1.43,5,6,-1,-0.61,-0.17,0,2,0,0,0,0,1,,,0
ESP-La Liga,2223,Girona,Joel Roca,ESP,FW,17,2005,5,0,84,0.9,0,0,0,0,0,0,1,0,0.0,0.0,0.0,0.0,0.0,3,2,66.7,3.21,2.14,0.0,0.0,17,2.5,,0,5,17,15,0.2,0,0,0,0.0,-0.08,0,2,2,0,0,0,2,,,0
ESP-La Liga,2223,Valladolid,Iván Fresneda,ESP,"DF,MF",17,2004,22,18,1743,19.4,0,0,0,0,0,0,3,0,0.0,0.0,0.0,0.0,0.0,4,0,0.0,0.21,0.0,0.0,,79,51.0,85,15,4,51,12,0.86,19,33,-14,-0.72,0.14,0,13,25,0,59,14,35,,,0
ESP-La Liga,2223,Almería,Kaiky,BRA,DF,18,2004,13,7,581,6.5,0,0,0,0,0,0,5,0,0.0,0.0,0.0,0.0,0.0,1,0,0.0,0.15,0.0,0.0,,45,17.0,79,3,6,5,13,1.31,6,13,-7,-1.08,-0.8,0,7,3,0,1,9,5,,,0
ESP-La Liga,2223,Almería,Marko Milovanović,SRB,FW,18,2003,2,0,15,0.2,0,0,0,0,0,0,1,0,0.0,0.0,0.0,0.0,0.0,1,0,0.0,6.0,0.0,0.0,,8,0.4,,0,2,8,3,0.0,0,1,-1,-6.0,-5.6,0,2,0,0,0,0,0,,,0
ESP-La Liga,2223,Barcelona,Aleix Garrido,ESP,MF,18,2004,1,0,7,0.1,0,0,0,0,0,0,0,0,0.0,0.0,0.0,0.0,0.0,0,0,,0.0,0.0,,,7,0.2,,0,1,7,2,3.0,0,0,0,0.0,-1.32,0,0,0,0,1,0,1,,,0
ESP-La Liga,2223,Barcelona,Alejandro Balde,ESP,DF,18,2003,33,30,2471,27.5,1,6,7,1,0,0,4,0,0.04,0.22,0.25,0.04,0.25,19,4,21.1,0.69,0.15,0.05,0.25,75,72.3,81,21,3,9,4,2.45,48,15,33,1.2,-0.41,0,26,29,5,67,12,32,,,0
ESP-La Liga,2223,Barcelona,Ángel Alarcón,ESP,FW,18,2004,4,0,25,0.3,0,0,0,0,0,0,0,0,0.0,0.0,0.0,0.0,0.0,1,1,100.0,3.6,3.6,0.0,0.0,6,0.7,,0,4,6,10,2.25,0,0,0,0.0,-1.33,0,2,1,0,1,0,0,,,0
ESP-La Liga,2223,Celta Vigo,Hugo Sotelo,ESP,MF,18,2003,1,0,17,0.2,0,0,0,0,0,0,0,0,0.0,0.0,0.0,0.0,0.0,1,0,0.0,5.29,0.0,0.0,,17,0.5,,0,1,17,7,3.0,0,0,0,0.0,0.26,0,0,0,0,0,0,0,,,0
ESP-La Liga,2223,Celta Vigo,Williot Swedberg,SWE,"FW,MF",18,2004,4,0,55,0.6,0,0,0,0,0,0,1,0,0.0,0.0,0.0,0.0,0.0,0,0,,0.0,0.0,,,14,1.6,,0,4,14,34,0.25,0,0,0,0.0,0.27,0,1,1,0,0,0,1,,,0
ESP-La Liga,2223,Cádiz,José Antonio,ESP,MF,18,2004,2,0,46,0.5,0,1,1,0,0,0,0,0,0.0,1.96,1.96,0.0,1.96,0,0,,0.0,0.0,,,23,1.3,,0,2,23,4,0.0,0,1,-1,-1.96,-1.37,0,0,4,0,1,0,1,,,0
ESP-La Liga,2223,Espanyol,Omar El Hilali,MAR,DF,18,2003,5,1,92,1.0,0,0,0,0,0,0,1,0,0.0,0.0,0.0,0.0,0.0,0,0,,0.0,0.0,,,18,2.7,53,0,4,10,14,0.8,2,2,0,0.0,0.46,0,0,2,0,2,1,2,,,0
ESP-La Liga,2223,Espanyol,Roger Martínez,ESP,MF,18,2004,1,0,7,0.1,0,0,0,0,0,0,0,0,0.0,0.0,0.0,0.0,0.0,1,0,0.0,12.86,0.0,0.0,,7,0.2,,0,1,7,5,1.0,0,1,-1,-12.86,-12.44,0,0,0,0,0,0,0,,,0
ESP-La Liga,2223,Rayo Vallecano,Diego Méndez,ESP,MF,18,2003,1,0,1,0.0,0,0,0,0,0,0,0,0,0.0,0.0,0.0,0.0,0.0,0,0,,0.0,0.0,,,1,0.0,,0,1,1,5,1.0,0,0,0,0.0,0.21,0,0,0,0,0,1,0,,,0
ESP-La Liga,2223,Rayo Vallecano,Pablo Muñoz,ESP,MF,18,2003,2,0,12,0.1,0,0,0,0,0,0,0,0,0.0,0.0,0.0,0.0,0.0,0,0,,0.0,0.0,,,6,0.4,,0,2,6,6,2.0,1,0,1,7.5,7.74,0,2,1,0,0,0,0,,,0
ESP-La Liga,2223,Real Betis,Felix Garreta,ESP,DF,18,2004,1,1,90,1.0,0,0,0,0,0,0,0,0,0.0,0.0,0.0,0.0,0.0,0,0,,0.0,0.0,,,90,2.6,90,1,0,,3,1.0,0,0,0,0.0,-0.14,0,2,1,0,0,1,0,,,0
ESP-La Liga,2223,Real Madrid,Álvaro Rodríguez,URU,FW,18,2004,6,0,79,0.9,1,1,2,1,0,0,0,0,1.14,1.14,2.28,1.14,2.28,2,1,50.0,2.28,1.14,0.5,1.0,13,2.3,,0,6,13,3,1.83,4,2,2,2.28,1.28,0,3,0,3,0,0,1,,,0
ESP-La Liga,2223,Real Sociedad,Mohamed Ali Cho,FRA,"FW,MF",18,2004,19,5,587,6.5,1,2,3,1,0,0,1,0,0.15,0.31,0.46,0.15,0.46,23,12,52.2,3.53,1.84,0.04,0.08,31,17.2,61,0,14,20,5,1.89,11,9,2,0.31,-0.14,0,11,12,3,30,1,10,,,0
ESP-La Liga,2223,Sevilla,Carlos Álvarez,ESP,MF,18,2003,1,0,10,0.1,0,0,0,0,0,0,1,0,0.0,0.0,0.0,0.0,0.0,0,0,,0.0,0.0,,,10,0.3,,0,1,10,7,3.0,0,1,-1,-9.0,-8.84,0,1,0,0,0,0,1,,,0
ESP-La Liga,2223,Sevilla,Manu Bueno,ESP,MF,18,2004,2,2,149,1.7,0,0,0,0,0,0,0,0,0.0,0.0,0.0,0.0,0.0,1,1,100.0,0.6,0.6,0.0,0.0,75,4.4,75,1,0,,9,0.0,1,3,-2,-1.21,-1.07,0,1,2,0,0,1,4,,,0
ESP-La Liga,2223,Valencia,Cristhian Mosquera,ESP,DF,18,2004,3,1,145,1.6,0,0,0,0,0,0,0,0,0.0,0.0,0.0,0.0,0.0,2,0,0.0,1.24,0.0,0.0,,48,4.2,90,1,2,28,28,2.0,0,2,-2,-1.24,-1.21,0,0,1,0,1,1,2,,,0
ESP-La Liga,2223,Valladolid,Roberto Arroyo,ESP,FW,18,2003,1,0,15,0.2,0,0,0,0,0,0,0,0,0.0,0.0,0.0,0.0,0.0,0,0,,0.0,0.0,,,15,0.4,,0,1,15,3,0.0,0,1,-1,-6.0,-5.23,0,0,0,0,1,0,1,,,0
ESP-La Liga,2223,Atlético Madrid,Antonio Gomis,ESP,GK,19,2003,1,0,6,0.1,0,0,0,0,0,0,0,0,0.0,0.0,0.0,0.0,0.0,0,0,,0.0,0.0,,,6,0.2,,0,1,6,22,1.0,0,1,-1,-15.0,-16.0,0,0,0,0,0,0,0,,,0
ESP-La Liga,2223,Atlético Madrid,Pablo Barrios,ESP,MF,19,2003,21,6,724,8.0,0,1,1,0,0,0,4,0,0.0,0.12,0.12,0.0,0.12,12,3,25.0,1.49,0.37,0.0,0.0,34,21.2,64,1,15,23,5,2.05,13,9,4,0.5,-0.6,0,7,12,0,7,8,11,,,0
ESP-La Liga,2223,Barcelona,Ansu Fati,ESP,FW,19,2002,36,12,1393,15.5,7,3,10,7,0,0,3,0,0.45,0.19,0.65,0.45,0.65,61,18,29.5,3.94,1.16,0.11,0.39,39,40.7,71,1,24,22,1,2.36,36,5,31,2.0,1.16,0,18,13,10,10,5,9,,,0
ESP-La Liga,2223,Barcelona,Chadi Riad,MAR,DF,19,2003,1,0,2,0.0,0,0,0,0,0,0,0,0,0.0,0.0,0.0,0.0,0.0,0,0,,0.0,0.0,,,2,0.1,,0,1,2,3,3.0,0,0,0,0.0,-1.32,0,0,0,0,0,0,0,,,0
ESP-La Liga,2223,Barcelona,Pablo Torre,ESP,FW,19,2003,8,1,144,1.6,0,0,0,0,0,0,0,0,0.0,0.0,0.0,0.0,0.0,1,0,0.0,0.62,0.0,0.0,,18,4.2,62,0,7,12,23,0.88,3,2,1,0.62,-0.72,0,4,3,0,8,2,1,,,0
ESP-La Liga,2223,Barcelona,Pedri,ESP,MF,19,2002,26,22,1976,22.0,6,1,7,6,0,0,2,0,0.27,0.05,0.32,0.27,0.32,22,9,40.9,1.0,0.41,0.27,0.67,76,57.8,83,12,4,38,0,2.62,48,9,39,1.78,1.09,0,8,43,4,27,13,21,,,0
ESP-La Liga,2223,Celta Vigo,Miguel Rodríguez,ESP,"FW,MF",19,2003,7,3,252,2.8,1,1,2,1,0,0,0,0,0.36,0.36,0.71,0.36,0.71,3,2,66.7,1.07,0.71,0.33,0.5,36,7.4,53,0,4,23,13,0.71,5,4,1,0.36,0.67,0,6,8,1,13,1,5,,,0
ESP-La Liga,2223,Girona,Arnau Martinez,ESP,DF,19,2003,33,32,2732,30.4,3,4,7,3,0,0,11,0,0.1,0.13,0.23,0.1,0.23,20,3,15.0,0.66,0.1,0.15,1.0,83,79.9,85,25,1,9,3,1.18,46,49,-3,-0.1,-0.88,0,36,67,6,60,25,44,,,0
ESP-La Liga,2223,Girona,Oscar Ureña,DOM,MF,19,2003,3,1,100,1.1,0,0,0,0,0,0,0,0,0.0,0.0,0.0,0.0,0.0,1,1,100.0,0.9,0.9,0.0,0.0,33,2.9,58,0,2,21,4,0.0,0,2,-2,-1.8,-1.94,0,2,1,0,4,1,2,,,0
ESP-La Liga,2223,Girona,Ricard Artero,ESP,MF,19,2003,7,0,133,1.5,0,0,0,0,0,0,0,0,0.0,0.0,0.0,0.0,0.0,4,2,50.0,2.71,1.35,0.0,0.0,19,3.9,,0,7,19,19,2.0,2,2,0,0.0,-0.08,0,2,1,0,0,2,3,,,0
ESP-La Liga,2223,Mallorca,Javier Llabrés,ESP,MF,19,2002,1,0,17,0.2,0,0,0,0,0,0,0,0,0.0,0.0,0.0,0.0,0.0,0,0,,0.0,0.0,,,17,0.5,,0,1,17,7,3.0,0,0,0,0.0,0.16,0,0,0,2,0,0,0,,,0
ESP-La Liga,2223,Osasuna,Iker Benito,ESP,MF,19,2002,4,2,176,2.0,0,0,0,0,0,0,0,0,0.0,0.0,0.0,0.0,0.0,0,0,,0.0,0.0,,,44,5.1,72,0,2,17,5,2.25,2,0,2,1.02,1.22,0,2,2,1,6,2,3,,,0
ESP-La Liga,2223,Osasuna,Iker Muñoz,ESP,MF,19,2002,8,2,254,2.8,0,0,0,0,0,0,0,0,0.0,0.0,0.0,0.0,0.0,2,1,50.0,0.71,0.35,0.0,0.0,32,7.4,82,1,6,15,5,1.25,1,4,-3,-1.06,-1.01,0,5,4,0,0,3,0,,,0
ESP-La Liga,2223,Real Madrid,Eduardo Camavinga,FRA,"MF,DF",19,2002,37,21,2010,22.3,0,1,1,0,0,0,6,0,0.0,0.04,0.04,0.0,0.04,18,3,16.7,0.81,0.13,0.0,0.0,54,58.8,78,11,16,23,0,2.11,51,16,35,1.57,1.31,0,39,69,3,6,19,49,,,0
ESP-La Liga,2223,Real Sociedad,Jon Karrikaburu,ESP,FW,19,2002,6,0,93,1.0,0,0,0,0,0,0,1,0,0.0,0.0,0.0,0.0,0.0,5,1,20.0,4.84,0.97,0.0,0.0,16,2.7,,0,6,16,11,1.0,0,3,-3,-2.9,-3.42,0,3,4,3,1,0,0,,,0
ESP-La Liga,2223,Real Sociedad,Pablo Marín,ESP,MF,19,2003,10,3,360,4.0,0,0,0,0,0,0,1,0,0.0,0.0,0.0,0.0,0.0,9,4,44.4,2.25,1.0,0.0,0.0,36,10.5,74,0,7,20,5,1.7,2,4,-2,-0.5,-1.03,0,12,2,0,2,4,6,,,0
ESP-La Liga,2223,Sevilla,Diego Iturralde,ESP,DF,19,2003,1,1,45,0.5,0,0,0,0,0,0,1,0,0.0,0.0,0.0,0.0,0.0,0,0,,0.0,0.0,,,45,1.3,45,0,0,,2,0.0,0,1,-1,-2.0,-1.84,0,2,1,0,1,0,0,,,0
ESP-La Liga,2223,Valencia,Francisco Perez,ESP,MF,19,2002,7,0,141,1.6,0,0,0,0,0,0,2,0,0.0,0.0,0.0,0.0,0.0,1,0,0.0,0.64,0.0,0.0,,20,4.1,,0,7,20,22,0.14,1,3,-2,-1.28,-1.25,0,4,3,3,8,0,1,,,0
ESP-La Liga,2223,Valencia,Ilaix Moriba,GUI,MF,19,2003,24,10,1011,11.2,0,2,2,0,0,0,6,2,0.0,0.18,0.18,0.0,0.18,21,5,23.8,1.87,0.45,0.0,0.0,42,29.6,76,3,14,18,5,1.13,10,16,-6,-0.53,-0.65,1,32,33,0,4,4,18,,,0
ESP-La Liga,2223,Valencia,Javier Guerra,ESP,MF,19,2003,10,6,605,6.7,1,0,1,1,0,0,0,0,0.15,0.0,0.15,0.15,0.15,15,6,40.0,2.23,0.89,0.07,0.17,61,17.7,88,5,4,20,7,1.5,7,6,1,0.15,0.28,0,13,7,0,8,11,13,,,0
ESP-La Liga,2223,Valencia,Jesus Vazquez,ESP,DF,19,2003,10,3,310,3.4,0,0,0,0,0,0,1,0,0.0,0.0,0.0,0.0,0.0,6,1,16.7,1.74,0.29,0.0,0.0,31,9.1,74,1,7,12,27,0.8,1,5,-4,-1.16,-1.19,0,4,5,0,11,1,8,,,0
ESP-La Liga,2223,Valencia,Yunus Musah,USA,MF,19,2002,33,26,2110,23.4,0,2,2,0,0,0,10,1,0.0,0.09,0.09,0.0,0.09,22,3,13.6,0.94,0.13,0.0,0.0,64,61.7,76,8,7,20,1,1.12,26,26,0,0.0,0.21,0,42,42,3,40,13,36,,,0
ESP-La Liga,2223,Valladolid,Babatunde Akinsola,NGA,MF,19,2003,1,0,11,0.1,0,0,0,0,0,0,0,0,0.0,0.0,0.0,0.0,0.0,0,0,,0.0,0.0,,,11,0.3,,0,1,11,4,0.0,0,1,-1,-8.18,-7.42,0,0,1,0,0,0,1,,,0
ESP-La Liga,2223,Valladolid,David Torres,ESP,DF,19,2003,7,2,385,4.3,0,0,0,0,0,0,1,0,0.0,0.0,0.0,0.0,0.0,1,0,0.0,0.23,0.0,0.0,,55,11.3,85,1,5,43,21,1.14,3,8,-5,-1.17,-0.43,0,3,2,0,1,2,2,,,0
ESP-La Liga,2223,Valladolid,Álvaro Aceves,ESP,GK,19,2003,1,0,13,0.1,0,0,0,0,0,0,0,0,0.0,0.0,0.0,0.0,0.0,0,0,,0.0,0.0,,,13,0.4,,0,1,13,13,0.0,0,0,0,0.0,0.79,0,0,0,0,0,0,0,,,0
ESP-La Liga,2223,Villarreal,Mamadou Fall,SEN,DF,19,2002,1,0,30,0.3,0,0,0,0,0,0,0,0,0.0,0.0,0.0,0.0,0.0,0,0,,0.0,0.0,,,30,0.9,,0,1,30,0,3.0,1,0,1,3.0,2.52,0,1,0,0,1,0,0,,,0
ESP-La Liga,2223,Villarreal,Pascu,ESP,FW,19,2003,2,0,10,0.1,1,0,1,1,0,0,0,0,9.0,0.0,9.0,9.0,9.0,1,1,100.0,9.0,9.0,1.0,1.0,5,0.3,,0,2,5,8,2.0,1,0,1,9.0,8.52,0,1,0,0,0,0,0,,,0
ESP-La Liga,2223,Villarreal,Yeremi Pino,ESP,"MF,FW",19,2002,36,31,2447,27.2,4,6,10,4,0,0,8,0,0.15,0.22,0.37,0.15,0.37,50,19,38.0,1.84,0.7,0.08,0.21,68,71.5,75,8,5,27,1,1.75,42,31,11,0.4,-0.34,0,65,53,18,21,15,36,,,0
ESP-La Liga,2223,Almería,El Bilal Touré,MLI,FW,20,2001,21,15,1264,14.0,7,2,9,7,0,0,0,0,0.5,0.14,0.64,0.5,0.64,29,14,48.3,2.06,1.0,0.24,0.5,60,37.0,73,1,6,27,3,1.1,23,23,0,0.0,0.67,0,25,7,13,4,3,3,,,0
ESP-La Liga,2223,Almería,Lázaro,BRA,"FW,MF",20,2002,19,7,716,8.0,6,0,6,6,0,0,1,0,0.75,0.0,0.75,0.75,0.75,25,12,48.0,3.14,1.51,0.24,0.5,38,20.9,70,2,12,19,16,0.53,13,13,0,0.0,0.53,0,7,12,3,9,3,3,,,0
ESP-La Liga,2223,Athletic Club,Adu Ares,ESP,MF,20,2001,8,0,84,0.9,0,0,0,0,0,0,0,0,0.0,0.0,0.0,0.0,0.0,3,0,0.0,3.21,0.0,0.0,,11,2.5,,0,8,11,7,0.63,1,3,-2,-2.14,-2.3,0,2,8,0,8,2,2,,,0
ESP-La Liga,2223,Athletic Club,Nico Williams,ESP,MF,20,2002,36,32,2656,29.5,6,4,10,6,0,0,3,0,0.2,0.14,0.34,0.2,0.34,61,20,32.8,2.07,0.68,0.1,0.3,74,77.7,79,9,4,30,0,1.42,43,31,12,0.41,1.35,0,23,35,14,173,8,15,,,0
ESP-La Liga,2223,Atlético Madrid,Carlos Martín,ESP,"FW,MF",20,2002,4,0,28,0.3,0,0,0,0,0,0,1,0,0.0,0.0,0.0,0.0,0.0,1,1,100.0,3.21,3.21,0.0,0.0,7,0.8,,0,4,7,8,1.75,1,1,0,0.0,-0.98,0,2,0,1,2,1,2,,,0
ESP-La Liga,2223,Celta Vigo,Gabriel Veiga,ESP,MF,20,2002,36,28,2294,25.5,11,4,15,11,0,0,6,1,0.43,0.16,0.59,0.43,0.59,62,29,46.8,2.43,1.14,0.18,0.38,64,67.1,74,3,8,26,0,1.17,29,30,-1,-0.04,0.68,0,42,41,4,27,21,21,,,0
ESP-La Liga,2223,Elche,Alejandro Alfaro,ESP,MF,20,2002,1,0,15,0.2,0,0,0,0,0,0,0,0,0.0,0.0,0.0,0.0,0.0,0,0,,0.0,0.0,,,15,0.4,,0,1,15,1,0.0,0,0,0,0.0,0.98,0,2,0,0,0,0,0,,,0
ESP-La Liga,2223,Elche,Carmona,ESP,"MF,DF",20,2002,9,8,589,6.5,1,0,1,1,0,0,5,1,0.15,0.0,0.15,0.15,0.15,5,3,60.0,0.76,0.46,0.2,0.33,65,17.2,72,2,1,15,0,1.0,5,10,-5,-0.76,0.25,1,19,7,2,12,7,9,,,0
ESP-La Liga,2223,Getafe,Moises Parra Gutierrez,ESP,MF,20,2002,1,0,10,0.1,0,0,0,0,0,0,0,0,0.0,0.0,0.0,0.0,0.0,0,0,,0.0,0.0,,,10,0.3,,0,1,10,2,0.0,0,0,0,0.0,0.29,0,0,0,0,0,0,0,,,0
ESP-La Liga,2223,Girona,Reinier,BRA,"MF,FW",20,2002,18,5,647,7.2,2,1,3,2,0,0,1,1,0.28,0.14,0.42,0.28,0.42,10,4,40.0,1.39,0.56,0.2,0.5,36,18.9,72,1,13,22,3,1.37,8,9,-1,-0.14,-0.27,0,4,15,2,2,5,10,,,0
ESP-La Liga,2223,Girona,Yan Couto,BRA,"MF,DF",20,2002,25,12,1158,12.9,1,2,3,1,0,0,3,0,0.08,0.16,0.23,0.08,0.23,8,1,12.5,0.62,0.08,0.13,1.0,46,33.9,77,5,13,18,4,1.12,20,15,5,0.39,0.47,0,13,15,2,65,7,18,,,0
ESP-La Liga,2223,Mallorca,Rubén Quintanilla,ESP,MF,20,2002,1,0,4,0.0,0,0,0,0,0,0,0,0,0.0,0.0,0.0,0.0,0.0,0,0,,0.0,0.0,,,4,0.1,,0,1,4,1,0.0,0,0,0,0.0,0.16,0,0,0,0,0,0,0,,,0
ESP-La Liga,2223,Osasuna,Abde Ezzalzouli,MAR,"FW,MF",20,2001,28,19,1504,16.7,4,2,6,4,0,0,4,2,0.24,0.12,0.36,0.24,0.36,40,16,40.0,2.39,0.96,0.1,0.25,54,44.0,72,2,9,16,0,1.43,20,15,5,0.3,0.77,1,27,34,2,76,4,21,,,0
ESP-La Liga,2223,Osasuna,Aimar Oroz,ESP,"MF,FW",20,2001,31,23,2013,22.4,3,6,9,2,1,1,6,0,0.13,0.27,0.4,0.09,0.36,23,8,34.8,1.03,0.36,0.09,0.25,65,58.9,78,7,8,26,2,1.45,29,24,5,0.22,0.86,0,36,61,2,6,25,14,,,0
ESP-La Liga,2223,Real Madrid,Sergio Arribas,ESP,MF,20,2001,2,0,19,0.2,0,0,0,0,0,0,0,0,0.0,0.0,0.0,0.0,0.0,1,0,0.0,4.74,0.0,0.0,,10,0.6,,0,2,10,1,1.5,0,1,-1,-4.74,-5.8,0,0,0,0,1,0,0,,,0
ESP-La Liga,2223,Real Sociedad,Ander Barrenetxea,ESP,"DF,MF",20,2001,23,9,878,9.8,3,1,4,3,0,0,4,0,0.31,0.1,0.41,0.31,0.41,18,12,66.7,1.85,1.23,0.17,0.25,38,25.7,65,0,14,21,5,2.0,14,5,9,0.92,0.67,0,23,14,0,13,5,15,,,0
ESP-La Liga,2223,Real Sociedad,Beñat Turrientes,ESP,MF,20,2002,6,1,106,1.2,0,0,0,0,0,0,0,0,0.0,0.0,0.0,0.0,0.0,0,0,,0.0,0.0,,,18,3.1,45,0,5,12,26,1.5,1,2,-1,-0.85,-1.31,0,2,1,0,4,0,3,,,0
ESP-La Liga,2223,Real Sociedad,Roberto Navarro,ESP,MF,20,2002,17,1,351,3.9,0,0,0,0,0,0,2,0,0.0,0.0,0.0,0.0,0.0,12,5,41.7,3.08,1.28,0.0,0.0,21,10.3,61,0,16,18,21,1.88,0,6,-6,-1.54,-2.18,0,8,6,5,15,2,4,,,0
ESP-La Liga,2223,Sevilla,Carmona,ESP,DF,20,2002,10,5,527,5.9,2,1,3,2,0,0,6,1,0.34,0.17,0.51,0.34,0.51,5,2,40.0,0.85,0.34,0.4,1.0,53,15.4,69,1,5,36,5,1.0,6,11,-5,-0.85,-0.79,1,14,6,0,11,7,12,,,0
ESP-La Liga,2223,Sevilla,Kike Salas,ESP,DF,20,2002,6,4,368,4.1,1,1,2,1,0,0,1,1,0.24,0.24,0.49,0.24,0.49,3,1,33.3,0.73,0.24,0.33,1.0,61,10.8,73,2,2,39,10,1.0,6,5,1,0.24,0.48,0,4,1,0,0,5,1,,,0
ESP-La Liga,2223,Sevilla,Tanguy Nianzou,FRA,DF,20,2002,19,16,1366,15.2,1,0,1,1,0,0,1,1,0.07,0.0,0.07,0.07,0.07,6,1,16.7,0.4,0.07,0.17,1.0,72,39.9,78,11,3,38,8,1.21,17,27,-10,-0.66,-0.79,0,13,14,1,1,14,14,,,0
ESP-La Liga,2223,Valencia,Diego López,ESP,MF,20,2002,10,5,447,5.0,3,1,4,3,0,0,0,0,0.6,0.2,0.81,0.6,0.81,12,8,66.7,2.42,1.61,0.25,0.38,45,13.1,68,0,5,22,0,1.5,6,6,0,0.0,0.09,0,6,7,1,12,4,2,,,0
ESP-La Liga,2223,Valencia,Nicolás González,ESP,MF,20,2002,26,18,1405,15.6,1,1,2,1,0,0,2,0,0.06,0.06,0.13,0.06,0.13,14,3,21.4,0.9,0.19,0.07,0.33,54,41.1,68,3,8,22,0,1.35,22,21,1,0.06,0.24,0,33,13,0,3,17,14,,,1
ESP-La Liga,2223,Valladolid,Manuel Pozo,ESP,FW,20,2001,1,0,19,0.2,0,0,0,0,0,0,0,0,0.0,0.0,0.0,0.0,0.0,1,0,0.0,4.74,0.0,0.0,,19,0.6,,0,1,19,2,0.0,1,1,0,0.0,0.79,0,0,0,0,1,2,0,,,0
ESP-La Liga,2223,Villarreal,Filip Jørgensen,DEN,GK,20,2002,2,2,180,2.0,0,0,0,0,0,0,0,0,0.0,0.0,0.0,0.0,0.0,0,0,,0.0,0.0,,,90,5.3,90,2,0,,24,0.5,2,3,-1,-0.5,-1.06,0,0,0,0,0,0,0,,,0
ESP-La Liga,2223,Villarreal,Haissem Hassan,EGY,MF,20,2002,2,0,52,0.6,0,0,0,0,0,0,0,0,0.0,0.0,0.0,0.0,0.0,0,0,,0.0,0.0,,,26,1.5,,0,2,26,13,1.5,1,0,1,1.73,1.25,0,0,1,0,0,1,0,,,0
ESP-La Liga,2223,Almería,Arnau Puigmal,ESP,MF,21,2001,22,7,763,8.5,1,0,1,1,0,0,4,0,0.12,0.0,0.12,0.12,0.12,17,6,35.3,2.01,0.71,0.06,0.17,35,22.3,63,0,15,21,16,0.64,11,18,-7,-0.83,-0.52,0,10,15,2,18,11,13,,,0
ESP-La Liga,2223,Almería,Largie Ramazani,BEL,"FW,MF",21,2001,33,13,1403,15.6,3,1,4,3,0,1,6,0,0.19,0.06,0.26,0.19,0.26,41,18,43.9,2.63,1.15,0.07,0.17,43,41.0,74,2,20,22,4,1.03,14,31,-17,-1.09,-1.14,0,31,15,12,20,15,9,,,0
ESP-La Liga,2223,Almería,Samu Costa,POR,MF,21,2000,32,22,1989,22.1,1,2,3,1,0,0,5,0,0.05,0.09,0.14,0.05,0.14,20,7,35.0,0.9,0.32,0.05,0.14,62,58.2,83,15,10,16,6,1.16,23,47,-24,-1.09,-1.59,0,51,45,4,8,35,34,,,0
ESP-La Liga,2223,Athletic Club,Julen Agirrezabala,ESP,GK,21,2000,8,7,675,7.5,0,0,0,0,0,0,0,0,0.0,0.0,0.0,0.0,0.0,0,0,,0.0,0.0,,,84,19.7,90,7,1,45,26,0.75,5,6,-1,-0.13,-0.3,0,0,0,0,0,0,0,,,0
ESP-La Liga,2223,Athletic Club,Unai Vencedor Paris,ESP,MF,21,2000,10,0,193,2.1,0,0,0,0,0,0,2,0,0.0,0.0,0.0,0.0,0.0,3,2,66.7,1.4,0.93,0.0,0.0,19,5.6,,0,10,19,27,1.4,2,7,-5,-2.33,-2.58,0,12,2,0,2,1,1,,,0
ESP-La Liga,2223,Barcelona,Eric García,ESP,"DF,MF",21,2001,24,15,1417,15.7,1,0,1,1,0,0,3,0,0.06,0.0,0.06,0.06,0.06,7,1,14.3,0.44,0.06,0.14,1.0,59,41.4,79,10,9,25,14,2.0,30,10,20,1.27,-0.08,0,18,8,0,0,17,17,,,0
ESP-La Liga,2223,Celta Vigo,Carlos Dominguez,ESP,DF,21,2001,3,1,108,1.2,0,0,0,0,0,0,0,0,0.0,0.0,0.0,0.0,0.0,1,1,100.0,0.83,0.83,0.0,0.0,36,3.2,90,1,2,9,35,3.0,2,1,1,0.83,1.13,0,0,0,0,0,0,1,,,0
ESP-La Liga,2223,Celta Vigo,Pablo Durán,ESP,FW,21,2001,4,0,36,0.4,0,0,0,0,0,0,0,0,0.0,0.0,0.0,0.0,0.0,0,0,,0.0,0.0,,,9,1.1,,0,4,9,6,0.5,0,1,-1,-2.5,-2.26,0,1,0,1,1,1,0,,,0
ESP-La Liga,2223,Elche,John Donald,ESP,"MF,DF",21,2000,14,13,1092,12.1,0,0,0,0,0,0,3,1,0.0,0.0,0.0,0.0,0.0,2,0,0.0,0.16,0.0,0.0,,78,31.9,81,10,1,45,10,0.86,11,14,-3,-0.25,1.07,0,23,8,0,0,14,11,,,0
ESP-La Liga,2223,Espanyol,Joan García,ESP,GK,21,2001,1,1,90,1.0,0,0,0,0,0,0,0,0,0.0,0.0,0.0,0.0,0.0,0,0,,0.0,0.0,,,90,2.6,90,1,0,,35,1.0,3,3,0,0.0,0.46,0,0,0,0,0,0,0,,,0
ESP-La Liga,2223,Espanyol,José Gragera,ESP,"MF,DF",21,2000,9,5,460,5.1,1,0,1,1,0,0,2,0,0.2,0.0,0.2,0.2,0.2,4,1,25.0,0.78,0.2,0.25,1.0,51,13.5,74,1,4,22,3,0.89,3,6,-3,-0.59,-0.16,0,14,6,0,0,7,10,,,0
ESP-La Liga,2223,Espanyol,Nabil Touaizi,MAR,MF,21,2001,1,0,3,0.0,0,0,0,0,0,0,0,0,0.0,0.0,0.0,0.0,0.0,0,0,,0.0,0.0,,,3,0.1,,0,1,3,2,1.0,1,0,1,30.0,30.47,0,0,0,0,0,0,0,,,0
ESP-La Liga,2223,Espanyol,Nico Ribaudo,ESP,"MF,FW",21,2001,32,16,1248,13.9,1,2,3,1,0,0,4,0,0.07,0.14,0.22,0.07,0.22,32,11,34.4,2.31,0.79,0.03,0.09,39,36.5,64,2,16,14,6,0.91,23,28,-5,-0.36,0.14,0,24,33,3,45,6,11,,,0
ESP-La Liga,2223,Espanyol,Rubén,ESP,"MF,DF",21,2001,18,9,888,9.9,0,2,2,0,0,0,1,0,0.0,0.2,0.2,0.0,0.2,9,0,0.0,0.91,0.0,0.0,,49,26.0,73,2,9,26,5,0.56,10,25,-15,-1.52,-1.45,0,18,7,0,48,17,16,,,0
ESP-La Liga,2223,Getafe,Juanmi Latasa,ESP,FW,21,2001,18,2,448,5.0,1,0,1,1,0,0,2,0,0.2,0.0,0.2,0.2,0.2,15,4,26.7,3.01,0.8,0.07,0.25,25,13.1,89,1,16,17,17,0.89,5,1,4,0.8,1.26,0,21,11,1,2,1,4,,,0
ESP-La Liga,2223,Girona,Miguel Gutiérrez,ESP,"DF,MF",21,2001,34,27,2390,26.6,2,3,5,2,0,0,6,0,0.08,0.11,0.19,0.08,0.19,17,4,23.5,0.64,0.15,0.12,0.5,70,69.9,81,12,7,29,2,1.24,35,36,-1,-0.04,-0.39,0,24,24,3,103,19,25,,,0
ESP-La Liga,2223,Girona,Ramón Terrats,ESP,MF,21,2000,8,2,212,2.4,0,0,0,0,0,0,0,0,0.0,0.0,0.0,0.0,0.0,4,0,0.0,1.7,0.0,0.0,,27,6.2,72,0,6,12,6,1.63,1,3,-2,-0.85,-0.99,0,3,3,0,2,3,3,,,0
ESP-La Liga,2223,Mallorca,Lee Kang-in,KOR,"MF,FW",21,2001,36,33,2823,31.4,6,6,12,6,0,0,10,0,0.19,0.19,0.38,0.19,0.38,46,14,30.4,1.47,0.45,0.13,0.43,78,82.5,83,12,3,29,0,1.31,32,32,0,0.0,0.9,0,51,61,2,200,12,25,,,0
ESP-La Liga,2223,Osasuna,Diego Moreno,ESP,DF,21,2001,11,7,638,7.1,0,0,0,0,0,0,1,0,0.0,0.0,0.0,0.0,0.0,5,1,20.0,0.71,0.14,0.0,0.0,58,18.7,85,4,4,11,7,1.45,6,9,-3,-0.42,-0.36,0,3,4,1,20,5,4,,,0
ESP-La Liga,2223,Osasuna,Jorge Herrando,ESP,DF,21,2001,1,1,25,0.3,0,0,0,0,0,0,0,1,0.0,0.0,0.0,0.0,0.0,0,0,,0.0,0.0,,,25,0.7,25,0,0,,8,0.0,0,0,0,0.0,0.13,0,1,0,0,0,0,0,,,0
ESP-La Liga,2223,Osasuna,Manu Sánchez,ESP,DF,21,2000,31,22,2124,23.6,0,2,2,0,0,0,3,0,0.0,0.08,0.08,0.0,0.08,10,3,30.0,0.42,0.13,0.0,0.0,69,62.1,90,21,9,16,7,1.35,22,26,-4,-0.17,-0.1,0,26,10,2,71,15,35,,,0
ESP-La Liga,2223,Rayo Vallecano,Sergio Camello,ESP,FW,21,2001,38,27,2401,26.7,6,5,11,6,0,0,1,0,0.22,0.19,0.41,0.22,0.41,76,19,25.0,2.85,0.71,0.08,0.32,63,70.2,78,4,11,26,0,1.29,36,38,-2,-0.07,0.45,0,12,18,11,5,2,9,,,0
ESP-La Liga,2223,Real Betis,Fran Delgado,ESP,DF,21,2001,1,0,12,0.1,0,0,0,0,0,0,0,0,0.0,0.0,0.0,0.0,0.0,0,0,,0.0,0.0,,,12,0.4,,0,1,12,3,3.0,0,0,0,0.0,-0.13,0,0,0,0,1,0,0,,,0
ESP-La Liga,2223,Real Betis,Luiz Henrique,BRA,MF,21,2001,33,21,1807,20.1,1,3,4,1,0,0,6,0,0.05,0.15,0.2,0.05,0.2,42,17,40.5,2.09,0.85,0.02,0.06,55,52.8,68,3,12,31,2,1.42,13,25,-12,-0.6,-1.55,0,25,39,5,31,14,33,,,0
ESP-La Liga,2223,Real Betis,Roberto González,ESP,MF,21,2001,2,0,54,0.6,0,0,0,0,0,0,1,0,0.0,0.0,0.0,0.0,0.0,0,0,,0.0,0.0,,,27,1.6,,0,2,27,1,3.0,1,0,1,1.67,1.56,0,1,4,0,5,1,0,,,0
ESP-La Liga,2223,Real Madrid,Rodrygo,BRA,FW,21,2001,34,25,2379,26.4,9,8,17,8,1,1,4,0,0.34,0.3,0.64,0.3,0.61,98,32,32.7,3.71,1.21,0.08,0.25,70,69.6,86,15,9,24,0,2.0,54,27,27,1.02,-0.02,0,18,49,10,22,7,10,,,0
ESP-La Liga,2223,Real Sociedad,Ander Martin,ESP,MF,21,2000,3,0,41,0.5,0,0,0,0,0,0,0,0,0.0,0.0,0.0,0.0,0.0,0,0,,0.0,0.0,,,14,1.2,,0,3,14,7,3.0,0,0,0,0.0,-0.43,0,2,0,0,4,0,2,,,0
ESP-La Liga,2223,Real Sociedad,Jon Magunazelaia,ESP,MF,21,2001,2,0,65,0.7,0,0,0,0,0,0,0,0,0.0,0.0,0.0,0.0,0.0,1,1,100.0,1.38,1.38,0.0,0.0,33,1.9,,0,2,33,2,0.5,0,2,-2,-2.77,-3.25,0,1,1,0,2,0,0,,,0
ESP-La Liga,2223,Real Sociedad,Jon Pacheco,ESP,DF,21,2001,17,12,1193,13.3,0,1,1,0,0,0,2,0,0.0,0.08,0.08,0.0,0.08,3,0,0.0,0.23,0.0,0.0,,70,34.9,90,12,5,23,16,2.29,21,13,8,0.6,0.28,0,18,10,1,0,12,10,,,0
ESP-La Liga,2223,Real Sociedad,Olasagasti,ESP,MF,21,2000,3,0,65,0.7,0,0,0,0,0,0,0,0,0.0,0.0,0.0,0.0,0.0,2,1,50.0,2.77,1.38,0.0,0.0,22,1.9,,0,3,22,2,1.33,0,0,0,0.0,-0.43,0,1,4,0,0,0,3,,,0
ESP-La Liga,2223,Real Sociedad,Takefusa Kubo,JPN,"FW,MF",21,2001,35,29,2439,27.1,9,4,13,9,0,0,3,0,0.33,0.15,0.48,0.33,0.48,72,30,41.7,2.66,1.11,0.13,0.3,70,71.3,77,7,6,34,2,1.91,38,21,17,0.63,0.72,0,35,48,21,72,8,28,,,0
ESP-La Liga,2223,Sevilla,Bryan Gil,ESP,MF,21,2001,17,10,918,10.2,2,2,4,2,0,0,4,0,0.2,0.2,0.39,0.2,0.39,17,4,23.5,1.67,0.39,0.12,0.5,54,26.8,72,1,7,29,2,1.47,13,13,0,0.0,0.25,0,18,21,3,29,8,10,,,0
ESP-La Liga,2223,Sevilla,Iván Romero,ESP,"FW,MF",21,2001,1,0,11,0.1,0,0,0,0,0,0,1,0,0.0,0.0,0.0,0.0,0.0,0,0,,0.0,0.0,,,11,0.3,,0,1,11,0,0.0,0,0,0,0.0,0.18,0,1,1,0,0,0,0,,,0
ESP-La Liga,2223,Sevilla,Pedro Ortiz,ESP,MF,21,2000,1,0,1,0.0,0,0,0,0,0,0,0,0,0.0,0.0,0.0,0.0,0.0,0,0,,0.0,0.0,,,1,0.0,,0,1,1,1,1.0,0,0,0,0.0,0.18,0,0,0,0,0,0,0,,,0
ESP-La Liga,2223,Valencia,Alberto Marí,ESP,FW,21,2001,5,0,86,1.0,1,0,1,1,0,0,1,0,1.05,0.0,1.05,1.05,1.05,2,1,50.0,2.09,1.05,0.5,1.0,17,2.5,,0,5,17,6,1.6,2,0,2,2.09,2.23,0,3,2,2,0,0,0,,,0
ESP-La Liga,2223,Valencia,Cenk Özkacar,TUR,DF,21,2000,17,14,1365,15.2,0,0,0,0,0,0,1,0,0.0,0.0,0.0,0.0,0.0,10,2,20.0,0.66,0.13,0.0,0.0,80,39.9,87,13,3,50,19,1.24,13,18,-5,-0.33,-0.42,0,7,10,0,3,11,20,,,0
ESP-La Liga,2223,Valencia,Giorgi Mamardashvili,GEO,GK,21,2000,38,38,3420,38.0,0,0,0,0,0,0,3,0,0.0,0.0,0.0,0.0,0.0,0,0,,0.0,0.0,,,90,100.0,90,38,0,,0,1.11,42,45,-3,-0.08,,0,1,3,0,0,1,0,,,0
ESP-La Liga,2223,Valladolid,Gonzalo Plata,ECU,"FW,MF",21,2000,34,26,2302,25.6,1,5,6,1,0,0,1,0,0.04,0.2,0.23,0.04,0.23,37,13,35.1,1.45,0.51,0.03,0.08,68,67.3,79,11,8,32,0,1.12,26,37,-11,-0.43,1.1,0,22,41,4,55,12,35,,,0
ESP-La Liga,2223,Villarreal,Alex Baena,ESP,"MF,FW",21,2001,35,19,1947,21.6,6,2,8,6,0,0,13,1,0.28,0.09,0.37,0.28,0.37,62,23,37.1,2.87,1.06,0.1,0.26,56,56.9,81,9,16,26,0,1.71,32,23,9,0.42,-0.19,1,58,56,3,28,7,17,,,0
ESP-La Liga,2223,Villarreal,Diego Collado,ESP,"FW,MF",21,2001,2,0,6,0.1,0,0,0,0,0,0,0,0,0.0,0.0,0.0,0.0,0.0,0,0,,0.0,0.0,,,3,0.2,,0,2,3,1,1.5,1,0,1,15.0,14.53,0,0,0,0,2,1,0,,,0
ESP-La Liga,2223,Villarreal,Fernando Niño,ESP,FW,21,2000,3,0,22,0.2,0,0,0,0,0,0,0,0,0.0,0.0,0.0,0.0,0.0,1,0,0.0,4.09,0.0,0.0,,7,0.6,,0,3,7,2,0.0,0,0,0,0.0,-0.5,0,1,0,0,0,0,0,,,0
ESP-La Liga,2223,Villarreal,Nicolas Jackson,SEN,FW,21,2001,26,16,1598,17.8,12,4,16,12,0,0,6,1,0.68,0.23,0.9,0.68,0.9,41,23,56.1,2.31,1.3,0.29,0.52,61,46.7,78,5,10,35,3,1.62,34,18,16,0.9,0.75,1,32,26,13,5,2,11,,,0
ESP-La Liga,2223,Villarreal,Ramón Terrats,ESP,MF,21,2000,16,11,816,9.1,1,1,2,1,0,0,1,0,0.11,0.11,0.22,0.11,0.22,15,6,40.0,1.65,0.66,0.07,0.17,51,23.9,65,0,5,21,2,2.0,10,9,1,0.11,-0.51,0,14,18,0,16,8,10,,,0
ESP-La Liga,2223,Athletic Club,Aitor Paredes,ESP,DF,22,2000,16,9,859,9.5,0,0,0,0,0,0,3,0,0.0,0.0,0.0,0.0,0.0,8,3,37.5,0.84,0.31,0.0,0.0,54,25.1,89,8,7,8,22,1.25,9,18,-9,-0.94,-1.4,0,12,2,0,2,13,7,,,1
ESP-La Liga,2223,Athletic Club,Oihan Sancet,ESP,MF,22,2000,36,32,2532,28.1,10,2,12,8,2,2,6,1,0.36,0.07,0.43,0.28,0.36,58,22,37.9,2.06,0.78,0.14,0.36,70,74.0,75,6,4,36,0,1.39,39,29,10,0.36,0.96,0,41,54,2,17,4,15,,,0
ESP-La Liga,2223,Atlético Madrid,João Félix,POR,"FW,MF",22,1999,14,7,650,7.2,4,3,7,4,0,0,5,0,0.55,0.42,0.97,0.55,0.97,26,13,50.0,3.6,1.8,0.15,0.31,46,19.0,74,1,7,18,1,1.86,11,8,3,0.42,-0.69,0,16,23,3,8,4,7,,,0
ESP-La Liga,2223,Barcelona,Ferrán Torres,ESP,FW,22,2000,33,14,1392,15.5,4,2,6,4,0,1,5,1,0.26,0.13,0.39,0.26,0.39,38,12,31.6,2.46,0.78,0.11,0.33,42,40.7,72,5,19,20,3,2.27,25,11,14,0.91,-0.69,0,17,25,8,60,2,7,,,0
ESP-La Liga,2223,Celta Vigo,Fernando Medrano,ESP,DF,22,2000,1,0,13,0.1,0,0,0,0,0,0,0,0,0.0,0.0,0.0,0.0,0.0,0,0,,0.0,0.0,,,13,0.4,,0,1,13,8,0.0,0,0,0,0.0,0.26,0,1,0,0,0,1,1,,,0
ESP-La Liga,2223,Celta Vigo,Jørgen Strand Larsen,NOR,FW,22,2000,32,20,1705,18.9,4,4,8,4,0,0,4,0,0.21,0.21,0.42,0.21,0.42,41,15,36.6,2.16,0.79,0.1,0.27,53,49.9,66,3,12,32,2,1.09,25,32,-7,-0.37,-0.21,0,34,43,12,6,3,7,,,0
ESP-La Liga,2223,Cádiz,Antonio Blanco,ESP,MF,22,2000,3,2,158,1.8,0,0,0,0,0,0,0,0,0.0,0.0,0.0,0.0,0.0,0,0,,0.0,0.0,,,53,4.6,67,0,1,25,9,0.0,1,6,-5,-2.85,-2.35,0,2,1,0,0,1,4,,,0
ESP-La Liga,2223,Cádiz,Carlos García,ESP,DF,22,2000,1,0,25,0.3,0,1,1,0,0,0,0,0,0.0,3.6,3.6,0.0,3.6,0,0,,0.0,0.0,,,25,0.7,,0,1,25,8,1.0,1,0,1,3.6,4.24,0,0,0,0,0,0,0,,,0
ESP-La Liga,2223,Cádiz,Francisco Mwepu,ZAM,FW,22,2000,1,0,21,0.2,0,0,0,0,0,0,0,0,0.0,0.0,0.0,0.0,0.0,0,0,,0.0,0.0,,,21,0.6,,0,1,21,0,0.0,0,0,0,0.0,0.61,0,0,0,0,0,0,0,,,0
ESP-La Liga,2223,Cádiz,Mamady Diarra,MLI,MF,22,2000,2,1,66,0.7,0,0,0,0,0,0,0,0,0.0,0.0,0.0,0.0,0.0,3,0,0.0,4.09,0.0,0.0,,33,1.9,61,0,1,5,2,0.0,0,1,-1,-1.36,-0.77,0,1,1,0,0,0,1,,,0
ESP-La Liga,2223,Cádiz,Raúl Parra,ESP,DF,22,1999,6,4,310,3.4,0,0,0,0,0,0,1,0,0.0,0.0,0.0,0.0,0.0,0,0,,0.0,0.0,,,52,9.1,69,0,2,17,17,1.67,3,3,0,0.0,0.67,0,6,3,0,6,0,2,,,0
ESP-La Liga,2223,Cádiz,Víctor Chust,ESP,DF,22,2000,14,10,965,10.7,1,0,1,1,0,0,3,0,0.09,0.0,0.09,0.09,0.09,2,2,100.0,0.19,0.19,0.5,0.5,69,28.2,78,8,4,48,4,0.86,7,20,-13,-1.21,-0.85,0,11,4,1,0,11,7,,,0
ESP-La Liga,2223,Elche,Domingos Quina,POR,MF,22,1999,10,2,275,3.1,0,0,0,0,0,0,3,1,0.0,0.0,0.0,0.0,0.0,5,0,0.0,1.64,0.0,0.0,,28,8.0,73,1,8,16,3,0.3,2,8,-6,-1.96,-1.08,1,5,11,0,7,2,2,,,0
ESP-La Liga,2223,Elche,Nicolás Ezequiel Fernández,ARG,"MF,DF",22,2000,18,3,514,5.7,0,1,1,0,0,0,2,0,0.0,0.18,0.18,0.0,0.18,5,2,40.0,0.88,0.35,0.0,0.0,29,15.0,65,1,15,21,12,0.44,5,10,-5,-0.88,0.12,0,11,8,3,32,4,13,,,1
ESP-La Liga,2223,Espanyol,Pol Lozano,ESP,MF,22,1999,4,0,17,0.2,0,0,0,0,0,0,1,0,0.0,0.0,0.0,0.0,0.0,0,0,,0.0,0.0,,,4,0.5,,0,4,4,7,0.75,0,1,-1,-5.29,-4.87,0,1,0,0,1,0,0,,,0
ESP-La Liga,2223,Getafe,Alejandro Revuelta Montero,ESP,DF,22,2000,1,0,1,0.0,0,0,0,0,0,0,0,0,0.0,0.0,0.0,0.0,0.0,0,0,,0.0,0.0,,,1,0.0,,0,1,1,5,3.0,0,0,0,0.0,0.29,0,0,0,0,0,0,0,,,0
ESP-La Liga,2223,Getafe,Gastón Álvarez,URU,DF,22,2000,22,16,1501,16.7,2,0,2,2,0,0,7,1,0.12,0.0,0.12,0.12,0.12,5,2,40.0,0.3,0.12,0.4,1.0,68,43.9,86,10,6,22,14,1.41,17,15,2,0.12,0.73,0,27,12,0,23,15,29,,,0
ESP-La Liga,2223,Girona,Rodrigo Riquelme,ESP,"MF,FW",22,2000,34,25,2179,24.2,4,4,8,4,0,0,1,0,0.17,0.17,0.33,0.17,0.33,55,22,40.0,2.27,0.91,0.07,0.18,64,63.7,77,6,9,28,1,1.32,37,41,-4,-0.17,-0.67,0,27,36,5,78,12,8,,,0
ESP-La Liga,2223,Girona,Valery Fernández,ESP,"MF,DF",22,1999,25,7,967,10.7,0,2,2,0,0,0,1,0,0.0,0.19,0.19,0.0,0.19,7,0,0.0,0.65,0.0,0.0,,39,28.3,75,1,18,24,9,1.24,14,14,0,0.0,-0.11,0,6,16,4,23,10,6,,,0
ESP-La Liga,2223,Mallorca,Copete,ESP,DF,22,1999,28,27,2206,24.5,1,0,1,1,0,0,7,1,0.04,0.0,0.04,0.04,0.04,6,1,16.7,0.24,0.04,0.17,1.0,79,64.5,81,16,1,14,6,1.39,22,26,-4,-0.16,-0.01,0,47,24,2,8,42,29,,,0
ESP-La Liga,2223,Mallorca,Josep Antoni Gayá,ESP,DF,22,2000,2,1,98,1.1,0,0,0,0,0,0,0,0,0.0,0.0,0.0,0.0,0.0,0,0,,0.0,0.0,,,49,2.9,90,1,1,8,19,1.5,0,3,-3,-2.76,-2.67,0,0,0,0,0,1,0,,,0
ESP-La Liga,2223,Mallorca,Leo Román,ESP,GK,22,2000,1,1,90,1.0,0,0,0,0,0,0,0,0,0.0,0.0,0.0,0.0,0.0,0,0,,0.0,0.0,,,90,2.6,90,1,0,,30,3.0,3,0,3,3.0,3.24,0,0,0,0,0,0,0,,,0
ESP-La Liga,2223,Rayo Vallecano,Fran Garcia,ESP,DF,22,1999,38,38,3407,37.9,2,3,5,2,0,0,1,0,0.05,0.08,0.13,0.05,0.13,30,11,36.7,0.79,0.29,0.07,0.18,90,99.6,90,36,0,,0,1.29,45,53,-8,-0.21,-0.21,0,23,26,3,156,45,54,,,0
ESP-La Liga,2223,Real Betis,Abner,BRA,DF,22,2000,13,7,607,6.7,0,0,0,0,0,0,2,0,0.0,0.0,0.0,0.0,0.0,5,2,40.0,0.74,0.3,0.0,0.0,47,17.7,74,3,6,15,8,1.08,7,10,-3,-0.44,-0.7,0,8,2,0,13,8,9,,,0
ESP-La Liga,2223,Real Betis,Juan Cruz,ESP,MF,22,2000,6,1,178,2.0,1,0,1,1,0,0,1,0,0.51,0.0,0.51,0.51,0.51,5,2,40.0,2.53,1.01,0.2,0.5,30,5.2,63,0,5,23,12,1.33,5,2,3,1.52,1.46,0,4,2,1,6,0,0,,,0
ESP-La Liga,2223,Real Betis,Juan Miranda,ESP,DF,22,2000,21,16,1472,16.4,3,2,5,3,0,0,1,1,0.18,0.12,0.31,0.18,0.31,21,8,38.1,1.28,0.49,0.14,0.38,70,43.0,85,11,5,22,16,1.57,20,18,2,0.12,-0.02,0,15,20,1,73,20,17,,,0
ESP-La Liga,2223,Real Betis,Rodri,ESP,MF,22,2000,30,19,1601,17.8,2,3,5,2,0,0,0,0,0.11,0.17,0.28,0.11,0.28,15,6,40.0,0.84,0.34,0.13,0.33,53,46.8,68,3,11,28,7,1.63,20,15,5,0.28,0.28,0,6,39,2,45,11,12,,,0
ESP-La Liga,2223,Real Madrid,Aurélien Tchouaméni,FRA,MF,22,2000,33,24,2119,23.5,0,4,4,0,0,0,2,0,0.0,0.17,0.17,0.0,0.17,38,6,15.8,1.61,0.25,0.0,0.0,64,62.0,80,14,9,21,1,2.03,51,27,24,1.02,-0.02,0,35,35,0,13,50,38,,,0
ESP-La Liga,2223,Real Madrid,Vinicius Júnior,BRA,FW,22,2000,33,32,2823,31.4,10,9,19,10,0,0,10,1,0.32,0.29,0.61,0.32,0.61,77,36,46.8,2.45,1.15,0.13,0.28,86,82.5,87,21,1,30,0,2.0,58,32,26,0.83,-1.13,0,47,122,23,67,6,23,,,0
ESP-La Liga,2223,Real Sociedad,Alexander Isak,SWE,FW,22,1999,2,2,152,1.7,1,0,1,1,0,0,0,0,0.59,0.0,0.59,0.59,0.59,3,1,33.3,1.78,0.59,0.33,1.0,76,4.4,76,0,0,,0,1.5,2,3,-1,-0.59,-1.06,0,1,0,0,2,0,1,,,0
ESP-La Liga,2223,Sevilla,Loïc Bade,FRA,DF,22,2000,19,16,1449,16.1,1,0,1,1,0,0,4,0,0.06,0.0,0.06,0.06,0.06,4,2,50.0,0.25,0.12,0.25,0.5,76,42.4,88,15,3,11,1,1.84,24,16,8,0.5,1.18,0,13,4,0,4,22,21,,,0
ESP-La Liga,2223,Valencia,Domingos André Ribeiro Almeida,POR,MF,22,2000,34,29,2539,28.2,2,4,6,2,0,0,3,0,0.07,0.14,0.21,0.07,0.21,23,8,34.8,0.82,0.28,0.09,0.25,75,74.2,84,14,5,23,2,1.15,30,32,-2,-0.07,0.03,0,31,40,1,128,21,42,,,0
ESP-La Liga,2223,Valencia,Hugo Duro,ESP,FW,22,1999,30,12,1385,15.4,1,1,2,1,0,1,5,0,0.06,0.06,0.13,0.06,0.13,33,10,30.3,2.14,0.65,0.03,0.1,46,40.5,75,6,18,27,5,1.13,16,20,-4,-0.26,-0.3,0,20,35,3,2,1,11,,,0
ESP-La Liga,2223,Valencia,Hugo Guillamón,ESP,MF,22,2000,25,19,1632,18.1,1,4,5,0,1,1,5,0,0.06,0.22,0.28,0.0,0.22,4,2,50.0,0.22,0.11,0.0,0.0,65,47.7,80,11,6,20,11,1.04,20,23,-3,-0.17,-0.17,0,35,34,0,33,19,14,,,1
ESP-La Liga,2223,Valencia,Samuel Lino,BRA,"FW,MF",22,1999,38,33,2887,32.1,6,1,7,6,0,0,4,0,0.19,0.03,0.22,0.19,0.22,96,33,34.4,2.99,1.03,0.06,0.18,76,84.4,82,17,5,37,0,1.11,38,38,0,0.0,0.51,0,35,60,15,80,18,43,,,0
ESP-La Liga,2223,Valladolid,Lucas Oliveira Rosa,BRA,"DF,MF",22,2000,17,11,931,10.3,0,1,1,0,0,0,3,0,0.0,0.1,0.1,0.0,0.1,6,1,16.7,0.58,0.1,0.0,0.0,55,27.2,75,6,6,17,15,1.24,9,17,-8,-0.77,0.02,0,19,11,1,37,15,18,,,0
ESP-La Liga,2223,Valladolid,Monchu,ESP,MF,22,1999,33,23,2031,22.6,3,2,5,3,0,0,10,0,0.13,0.09,0.22,0.13,0.22,39,11,28.2,1.73,0.49,0.08,0.27,62,59.4,78,13,10,24,3,0.97,17,41,-24,-1.06,-0.67,0,45,28,1,75,17,32,,,0
ESP-La Liga,2223,Villarreal,Alberto Del Moral,ESP,MF,22,2000,1,0,5,0.1,0,0,0,0,0,0,0,0,0.0,0.0,0.0,0.0,0.0,0,0,,0.0,0.0,,,5,0.1,,0,1,5,1,0.0,0,0,0,0.0,-0.5,0,0,0,0,0,0,0,,,0
ESP-La Liga,2223,Villarreal,Jorge Cuenca,ESP,DF,22,1999,10,5,506,5.6,0,0,0,0,0,0,1,0,0.0,0.0,0.0,0.0,0.0,4,0,0.0,0.71,0.0,0.0,,51,14.8,84,4,5,17,28,1.4,5,7,-2,-0.36,-1.0,0,4,1,0,1,6,6,,,0
FRA-Ligue 1,2223,Ajaccio,Anthony Khelifa,ALG,DF,16,2005,2,0,10,0.1,0,0,0,0,0,0,0,0,0.0,0.0,0.0,0.0,0.0,0,0,,0.0,0.0,,,5,0.3,,0,2,5,8,0.0,0,1,-1,-9.0,-7.68,0,0,0,0,0,0,0,,,0
FRA-Ligue 1,2223,Lille,Leny Yoro,FRA,"DF,MF",16,2005,13,8,769,8.5,0,0,0,0,0,0,0,0,0.0,0.0,0.0,0.0,0.0,2,0,0.0,0.23,0.0,0.0,,59,22.5,85,6,5,18,19,2.23,21,12,9,1.05,0.65,0,5,5,0,0,19,6,,,0
FRA-Ligue 1,2223,Lorient,Eli Junior Kroupi,FRA,"FW,MF",16,2006,1,0,8,0.1,0,0,0,0,0,0,0,0,0.0,0.0,0.0,0.0,0.0,0,0,,0.0,0.0,,,8,0.2,,0,1,8,2,3.0,0,0,0,0.0,0.03,0,0,1,0,0,1,0,,,0
FRA-Ligue 1,2223,Lyon,Mamadou Sarr,SEN,DF,16,2005,1,0,8,0.1,0,0,0,0,0,0,0,0,0.0,0.0,0.0,0.0,0.0,0,0,,0.0,0.0,,,8,0.2,,0,1,8,6,3.0,0,0,0,0.0,-0.47,0,0,0,0,0,0,0,,,0
FRA-Ligue 1,2223,Paris Saint-Germain,Warren Zaïre-Emery,FRA,MF,16,2006,26,8,929,10.3,2,0,2,2,0,0,1,0,0.19,0.0,0.19,0.19,0.19,9,4,44.4,0.87,0.39,0.22,0.5,36,27.2,87,5,18,13,9,2.04,19,17,2,0.19,-1.5,0,9,5,2,4,13,11,,,0
FRA-Ligue 1,2223,Reims,Mamadou Diakhon,SEN,FW,16,2005,2,0,21,0.2,0,0,0,0,0,0,0,0,0.0,0.0,0.0,0.0,0.0,1,0,0.0,4.29,0.0,0.0,,11,0.6,,0,2,11,0,0.0,0,1,-1,-4.29,-4.31,0,0,0,0,0,1,0,,,0
FRA-Ligue 1,2223,Reims,Valentin Atangana Edoa,FRA,MF,16,2005,7,2,174,1.9,0,0,0,0,0,0,0,0,0.0,0.0,0.0,0.0,0.0,1,0,0.0,0.52,0.0,0.0,,25,5.1,64,0,5,9,5,1.0,0,5,-5,-2.59,-2.72,0,7,9,2,1,1,2,,,0
FRA-Ligue 1,2223,Ajaccio,Moussa Soumano,FRA,FW,17,2005,14,5,495,5.5,1,0,1,1,0,0,3,0,0.18,0.0,0.18,0.18,0.18,6,2,33.3,1.09,0.36,0.17,0.5,35,14.5,62,0,9,20,5,0.5,4,14,-10,-1.82,-0.56,0,10,5,3,1,0,2,,,0
FRA-Ligue 1,2223,Ajaccio,Tony Strata,ROU,MF,17,2004,3,1,138,1.5,0,0,0,0,0,0,1,0,0.0,0.0,0.0,0.0,0.0,0,0,,0.0,0.0,,,46,4.0,90,1,2,24,1,1.0,1,4,-3,-1.96,-0.64,0,3,1,0,0,1,3,,,0
FRA-Ligue 1,2223,Angers,Jean Mattéo Bahoya,FRA,FW,17,2005,10,2,270,3.0,0,0,0,0,0,0,0,0,0.0,0.0,0.0,0.0,0.0,4,0,0.0,1.33,0.0,0.0,,27,7.9,66,0,8,17,10,0.4,3,5,-2,-0.67,0.65,0,3,7,0,2,0,3,,,0
FRA-Ligue 1,2223,Angers,Justin-Noël Kalumba,FRA,DF,17,2004,7,7,546,6.1,0,0,0,0,0,0,0,0,0.0,0.0,0.0,0.0,0.0,2,0,0.0,0.33,0.0,0.0,,78,16.0,78,3,0,,0,0.57,8,14,-6,-0.99,0.33,0,3,9,0,13,4,4,,,0
FRA-Ligue 1,2223,Clermont Foot,Aïman Maurer,MAR,MF,17,2004,10,6,501,5.6,0,1,1,0,0,0,0,0,0.0,0.18,0.18,0.0,0.18,11,6,54.5,1.98,1.08,0.0,0.0,50,14.6,74,0,4,14,9,1.5,4,10,-6,-1.08,-1.14,0,5,15,2,19,3,1,,,0
FRA-Ligue 1,2223,Lille,Amine Messoussa,ALG,FW,17,2004,1,0,1,0.0,0,0,0,0,0,0,0,0,0.0,0.0,0.0,0.0,0.0,0,0,,0.0,0.0,,,1,0.0,,0,1,1,1,3.0,0,0,0,0.0,-0.55,0,0,0,0,0,0,0,,,0
FRA-Ligue 1,2223,Lorient,Ayman Kari,FRA,MF,17,2004,5,0,96,1.1,0,0,0,0,0,0,0,0,0.0,0.0,0.0,0.0,0.0,4,0,0.0,3.75,0.0,0.0,,19,2.8,,0,5,19,7,2.0,2,2,0,0.0,0.03,0,1,5,1,0,2,0,,,0
FRA-Ligue 1,2223,Lyon,Sael Kumbedi,FRA,"DF,MF",17,2005,20,14,1320,14.7,0,2,2,0,0,0,8,0,0.0,0.14,0.14,0.0,0.14,9,2,22.2,0.61,0.14,0.0,0.0,66,38.6,85,11,6,21,5,1.8,29,17,12,0.82,0.56,0,37,21,4,32,11,28,,,0
FRA-Ligue 1,2223,Monaco,Edan Diop,FRA,MF,17,2004,7,1,223,2.5,1,0,1,1,0,0,0,0,0.4,0.0,0.4,0.4,0.4,6,2,33.3,2.42,0.81,0.17,0.5,32,6.5,45,0,6,30,7,1.0,6,5,1,0.4,0.09,0,7,4,0,7,4,8,,,0
FRA-Ligue 1,2223,Monaco,Eliesse Ben Seghir,MAR,"FW,MF",17,2005,19,13,1052,11.7,4,1,5,4,0,0,1,0,0.34,0.09,0.43,0.34,0.43,21,8,38.1,1.8,0.68,0.19,0.5,55,30.8,67,0,6,30,2,1.79,21,18,3,0.26,-0.09,0,17,33,3,8,3,10,,,0
FRA-Ligue 1,2223,Montpellier,Axel Gueguin,FRA,FW,17,2005,5,0,24,0.3,0,0,0,0,0,0,0,0,0.0,0.0,0.0,0.0,0.0,0,0,,0.0,0.0,,,5,0.7,,0,5,5,9,1.4,1,0,1,3.75,3.7,0,0,0,0,1,0,0,,,0
FRA-Ligue 1,2223,Nantes,Nathan Zeze,FRA,DF,17,2005,1,1,59,0.7,0,0,0,0,0,0,0,0,0.0,0.0,0.0,0.0,0.0,0,0,,0.0,0.0,,,59,1.7,59,0,0,,2,3.0,1,0,1,1.53,2.03,0,0,1,0,0,0,3,,,0
FRA-Ligue 1,2223,Nice,Andréa Dacourt,FRA,MF,17,2005,1,0,1,0.0,0,0,0,0,0,0,0,0,0.0,0.0,0.0,0.0,0.0,0,0,,0.0,0.0,,,1,0.0,,0,1,1,0,3.0,0,0,0,0.0,-0.29,0,0,0,0,0,0,0,,,0
FRA-Ligue 1,2223,Nice,Badredine Bouanani,ALG,"FW,MF",17,2004,19,9,863,9.6,0,4,4,0,0,0,0,0,0.0,0.42,0.42,0.0,0.42,25,11,44.0,2.61,1.15,0.0,0.0,45,25.2,71,1,10,22,3,1.63,12,7,5,0.52,0.31,0,9,21,1,47,1,9,,,0
FRA-Ligue 1,2223,Paris Saint-Germain,El Chadaille Bitshiabu,FRA,DF,17,2005,13,6,583,6.5,0,0,0,0,0,0,2,0,0.0,0.0,0.0,0.0,0.0,0,0,,0.0,0.0,,,45,17.0,74,2,7,20,19,1.92,9,12,-3,-0.46,-2.11,0,4,0,0,0,8,8,,,0
FRA-Ligue 1,2223,Paris Saint-Germain,Ilyes Housni,FRA,FW,17,2005,1,0,11,0.1,0,0,0,0,0,0,0,0,0.0,0.0,0.0,0.0,0.0,0,0,,0.0,0.0,,,11,0.3,,0,1,11,13,0.0,0,0,0,0.0,-1.29,0,0,1,0,0,0,1,,,0
FRA-Ligue 1,2223,Reims,Samuel Koeberlé,FRA,MF,17,2004,1,0,3,0.0,0,0,0,0,0,0,0,0,0.0,0.0,0.0,0.0,0.0,0,0,,0.0,0.0,,,3,0.1,,0,1,3,14,0.0,0,0,0,0.0,0.0,0,0,0,0,1,0,0,,,0
FRA-Ligue 1,2223,Rennes,Désiré Doué,FRA,"MF,FW",17,2005,26,11,1115,12.4,3,1,4,3,0,0,5,0,0.24,0.08,0.32,0.24,0.32,23,6,26.1,1.86,0.48,0.13,0.5,43,32.6,68,0,15,25,3,1.73,21,14,7,0.57,-0.33,0,37,28,3,30,13,18,,,0
FRA-Ligue 1,2223,Rennes,Jeanuël Belocian,FRA,DF,17,2005,8,6,506,5.6,0,0,0,0,0,0,1,0,0.0,0.0,0.0,0.0,0.0,1,0,0.0,0.18,0.0,0.0,,63,14.8,81,2,2,12,20,2.63,16,3,13,2.31,1.79,0,6,1,0,3,5,7,,,0
FRA-Ligue 1,2223,Toulouse,Christian Mawissa,FRA,DF,17,2005,2,1,98,1.1,0,0,0,0,0,0,1,0,0.0,0.0,0.0,0.0,0.0,0,0,,0.0,0.0,,,49,2.9,90,1,1,8,5,1.5,1,6,-5,-4.59,-4.56,0,2,2,0,1,2,0,,,0
FRA-Ligue 1,2223,Troyes,Derek Mazou-Sacko,FRA,MF,17,2004,1,0,16,0.2,0,0,0,0,0,0,0,0,0.0,0.0,0.0,0.0,0.0,0,0,,0.0,0.0,,,16,0.5,,0,1,16,7,1.0,0,0,0,0.0,0.95,0,2,0,0,0,1,0,,,0
FRA-Ligue 1,2223,Troyes,Kyliane Dong,FRA,"MF,FW",17,2004,6,2,213,2.4,0,0,0,0,0,0,0,0,0.0,0.0,0.0,0.0,0.0,2,0,0.0,0.85,0.0,0.0,,36,6.2,73,0,4,17,2,0.17,2,4,-2,-0.85,0.11,0,2,2,3,6,1,1,,,0
FRA-Ligue 1,2223,Troyes,Wilson Odobert,FRA,MF,17,2004,32,19,1764,19.6,4,2,6,4,0,0,0,0,0.2,0.1,0.31,0.2,0.31,27,15,55.6,1.38,0.77,0.15,0.27,55,51.6,76,6,13,25,3,0.69,24,48,-24,-1.22,-0.57,0,8,16,2,34,14,12,,,0
FRA-Ligue 1,2223,Ajaccio,Ben Hamed Touré,CIV,FW,18,2003,4,2,209,2.3,0,0,0,0,0,0,0,0,0.0,0.0,0.0,0.0,0.0,2,0,0.0,0.86,0.0,0.0,,52,6.1,74,0,2,31,1,1.0,0,4,-4,-1.72,-0.41,0,7,5,0,0,1,4,,,0
FRA-Ligue 1,2223,Ajaccio,Ivane Chegra,FRA,MF,18,2004,6,1,193,2.1,0,0,0,0,0,0,0,0,0.0,0.0,0.0,0.0,0.0,1,0,0.0,0.47,0.0,0.0,,32,5.6,45,0,5,30,1,0.67,1,5,-4,-1.87,-0.55,0,3,3,2,4,1,4,,,0
FRA-Ligue 1,2223,Ajaccio,Mehdi Puch-Herrantz,FRA,MF,18,2004,4,0,47,0.5,0,0,0,0,0,0,0,0,0.0,0.0,0.0,0.0,0.0,0,0,,0.0,0.0,,,12,1.4,,0,4,12,1,0.75,1,1,0,0.0,1.36,0,1,1,0,1,3,2,,,0
FRA-Ligue 1,2223,Auxerre,Kévin Danois,FRA,MF,18,2004,1,0,2,0.0,0,0,0,0,0,0,0,0,0.0,0.0,0.0,0.0,0.0,0,0,,0.0,0.0,,,2,0.1,,0,1,2,12,3.0,0,0,0,0.0,0.74,0,0,0,0,0,0,1,,,0
FRA-Ligue 1,2223,Brest,Axel Camblan,FRA,FW,18,2003,7,0,68,0.8,0,0,0,0,0,0,0,0,0.0,0.0,0.0,0.0,0.0,1,1,100.0,1.32,1.32,0.0,0.0,10,2.0,,0,7,10,9,0.86,1,0,1,1.32,1.62,0,4,1,0,2,0,2,,,0
FRA-Ligue 1,2223,Brest,Félix Lemaréchal,FRA,MF,18,2003,13,2,288,3.2,0,0,0,0,0,0,2,0,0.0,0.0,0.0,0.0,0.0,2,0,0.0,0.62,0.0,0.0,,22,8.4,64,0,11,15,3,1.38,3,5,-2,-0.62,-0.4,0,6,0,0,7,1,5,,,0
FRA-Ligue 1,2223,Brest,Taïryk Arconte,FRA,FW,18,2003,4,1,128,1.4,0,0,0,0,0,0,0,0,0.0,0.0,0.0,0.0,0.0,2,1,50.0,1.41,0.7,0.0,0.0,32,3.7,66,0,3,21,17,0.25,2,2,0,0.0,0.27,0,1,2,1,2,0,1,,,0
FRA-Ligue 1,2223,Clermont Foot,Cheick Konaté,MLI,DF,18,2004,9,6,572,6.4,0,0,0,0,0,0,2,0,0.0,0.0,0.0,0.0,0.0,3,0,0.0,0.47,0.0,0.0,,64,16.7,86,5,3,20,7,1.78,5,10,-5,-0.79,-0.82,0,9,4,0,4,13,13,,,0
FRA-Ligue 1,2223,Lille,Carlos Baleba,CMR,"MF,FW",18,2004,19,5,478,5.3,0,0,0,0,0,0,3,1,0.0,0.0,0.0,0.0,0.0,12,2,16.7,2.26,0.38,0.0,0.0,25,14.0,72,0,14,9,13,2.05,9,4,5,0.94,0.45,0,13,18,0,1,1,11,,,0
FRA-Ligue 1,2223,Lyon,Mohamed El Arouch,FRA,MF,18,2004,1,0,2,0.0,0,0,0,0,0,0,0,0,0.0,0.0,0.0,0.0,0.0,0,0,,0.0,0.0,,,2,0.1,,0,1,2,7,3.0,1,0,1,45.0,44.55,0,0,0,0,1,0,1,,,0
FRA-Ligue 1,2223,Lyon,Rayan Cherki,FRA,"MF,FW",18,2003,34,21,1872,20.8,4,6,10,4,0,0,3,0,0.19,0.29,0.48,0.19,0.48,61,21,34.4,2.93,1.01,0.07,0.19,55,54.7,79,9,13,16,4,1.56,38,22,16,0.77,0.65,0,15,32,4,91,5,8,,,0
FRA-Ligue 1,2223,Marseille,François Mughe,CMR,FW,18,2004,1,0,11,0.1,0,0,0,0,0,0,0,0,0.0,0.0,0.0,0.0,0.0,0,0,,0.0,0.0,,,11,0.3,,0,1,11,11,0.0,0,1,-1,-8.18,-8.92,0,0,0,0,0,0,0,,,0
FRA-Ligue 1,2223,Monaco,Soungoutou Magassa,FRA,MF,18,2003,2,0,82,0.9,0,0,0,0,0,0,0,0,0.0,0.0,0.0,0.0,0.0,0,0,,0.0,0.0,,,41,2.4,,0,2,41,8,1.0,1,1,0,0.0,-0.32,0,2,1,0,0,1,1,,,0
FRA-Ligue 1,2223,Montpellier,Khalil Fayad,FRA,MF,18,2004,24,7,718,8.0,0,2,2,0,0,0,1,1,0.0,0.25,0.25,0.0,0.25,8,3,37.5,1.0,0.38,0.0,0.0,30,21.0,67,2,17,15,8,1.21,17,15,2,0.25,0.22,0,17,16,0,10,9,15,,,0
FRA-Ligue 1,2223,Nantes,Stredair Appuah,FRA,FW,18,2004,5,0,66,0.7,0,0,0,0,0,0,0,0,0.0,0.0,0.0,0.0,0.0,3,0,0.0,4.09,0.0,0.0,,13,1.9,,0,5,13,0,0.8,1,1,0,0.0,0.48,0,0,2,0,2,1,3,,,0
FRA-Ligue 1,2223,Nice,Antoine Mendy,SEN,"DF,MF",18,2004,11,7,518,5.8,0,1,1,0,0,0,0,0,0.0,0.17,0.17,0.0,0.17,8,2,25.0,1.39,0.35,0.0,0.0,47,15.1,71,2,4,6,14,1.64,10,5,5,0.87,0.68,0,9,3,2,13,2,13,,,0
FRA-Ligue 1,2223,Nice,Ayoub Amraoui,MAR,DF,18,2004,7,3,294,3.3,0,0,0,0,0,0,1,0,0.0,0.0,0.0,0.0,0.0,1,0,0.0,0.31,0.0,0.0,,42,8.6,75,2,4,17,4,1.71,5,3,2,0.61,0.35,0,5,2,0,14,3,6,,,0
FRA-Ligue 1,2223,Nice,Reda Belahyane,MAR,MF,18,2004,4,1,182,2.0,0,0,0,0,0,0,0,0,0.0,0.0,0.0,0.0,0.0,1,0,0.0,0.49,0.0,0.0,,46,5.3,90,1,3,31,14,1.0,0,2,-2,-0.99,-1.35,0,5,1,0,0,2,6,,,0
FRA-Ligue 1,2223,Paris Saint-Germain,Ismaël Gharbi,TUN,MF,18,2004,6,0,58,0.6,0,0,0,0,0,0,1,0,0.0,0.0,0.0,0.0,0.0,3,1,33.3,4.66,1.55,0.0,0.0,10,1.7,,0,6,10,20,1.0,0,0,0,0.0,-1.31,0,3,4,0,0,3,0,,,0
FRA-Ligue 1,2223,Reims,Fallou Fall,SEN,DF,18,2004,1,0,32,0.4,0,0,0,0,0,0,1,0,0.0,0.0,0.0,0.0,0.0,0,0,,0.0,0.0,,,32,0.9,,0,1,32,4,0.0,0,1,-1,-2.81,-2.84,0,1,1,0,0,0,0,,,0
FRA-Ligue 1,2223,Reims,Ibrahim Diakité,GUI,DF,18,2003,3,1,131,1.5,0,0,0,0,0,0,1,0,0.0,0.0,0.0,0.0,0.0,1,1,100.0,0.69,0.69,0.0,0.0,44,3.8,77,0,2,27,10,0.67,0,2,-2,-1.37,-1.43,0,3,2,0,7,3,3,,,0
FRA-Ligue 1,2223,Reims,Martin Adeline,FRA,MF,18,2003,5,0,107,1.2,0,0,0,0,0,0,2,0,0.0,0.0,0.0,0.0,0.0,1,0,0.0,0.84,0.0,0.0,,21,3.1,,0,5,21,10,1.4,3,5,-2,-1.68,-1.74,0,5,0,0,0,3,3,,,0
FRA-Ligue 1,2223,Reims,Mo Touré,AUS,FW,18,2004,3,0,23,0.3,0,0,0,0,0,0,0,0,0.0,0.0,0.0,0.0,0.0,0,0,,0.0,0.0,,,8,0.7,,0,3,8,1,1.33,0,0,0,0.0,0.0,0,1,0,1,0,0,0,,,0
FRA-Ligue 1,2223,Rennes,Lesley Ugochukwu,FRA,MF,18,2004,26,14,1330,14.8,0,1,1,0,0,0,3,1,0.0,0.07,0.07,0.0,0.07,6,1,16.7,0.41,0.07,0.0,0.0,51,38.9,78,5,12,20,11,1.92,23,17,6,0.41,-0.63,0,29,12,0,2,18,18,,,0
FRA-Ligue 1,2223,Strasbourg,Franci Bouebari,FRA,MF,18,2003,2,0,76,0.8,0,0,0,0,0,0,0,0,0.0,0.0,0.0,0.0,0.0,0,0,,0.0,0.0,,,38,2.2,,0,2,38,11,1.5,2,1,1,1.18,1.43,0,2,0,0,1,1,0,,,0
FRA-Ligue 1,2223,Strasbourg,Habib Diarra,SEN,"MF,FW",18,2004,29,18,1626,18.1,3,2,5,3,0,0,4,0,0.17,0.11,0.28,0.17,0.28,23,9,39.1,1.27,0.5,0.13,0.33,56,47.5,76,6,11,24,6,1.14,27,27,0,0.0,0.4,0,23,22,0,50,11,16,,,0
FRA-Ligue 1,2223,Toulouse,Kévin Keben,CMR,"DF,MF",18,2004,11,4,362,4.0,0,0,0,0,0,0,1,0,0.0,0.0,0.0,0.0,0.0,1,0,0.0,0.25,0.0,0.0,,33,10.6,68,2,7,13,8,0.82,1,7,-6,-1.49,-1.49,0,2,5,0,6,4,2,,,0
FRA-Ligue 1,2223,Troyes,Alexis Tibidi,FRA,MF,18,2003,3,0,74,0.8,0,0,0,0,0,0,0,0,0.0,0.0,0.0,0.0,0.0,0,0,,0.0,0.0,,,25,2.2,,0,3,25,4,0.0,0,2,-2,-2.43,-1.52,0,0,1,0,0,0,1,,,0
FRA-Ligue 1,2223,Troyes,Amar Ahmed,SWE,FW,18,2004,1,0,20,0.2,0,0,0,0,0,0,0,0,0.0,0.0,0.0,0.0,0.0,0,0,,0.0,0.0,,,20,0.6,,0,1,20,2,1.0,0,0,0,0.0,0.95,0,1,1,0,0,1,1,,,0
FRA-Ligue 1,2223,Troyes,Mathis Hamdi,FRA,DF,18,2003,2,0,69,0.8,0,0,0,0,0,0,0,0,0.0,0.0,0.0,0.0,0.0,0,0,,0.0,0.0,,,35,2.0,,0,2,35,3,0.0,0,4,-4,-5.22,-4.36,0,1,1,0,3,1,0,,,0
FRA-Ligue 1,2223,Troyes,Rudy Kohon,FRA,DF,18,2004,1,0,64,0.7,0,0,0,0,0,0,0,0,0.0,0.0,0.0,0.0,0.0,0,0,,0.0,0.0,,,64,1.9,,0,1,64,4,0.0,0,2,-2,-2.81,-1.9,0,0,0,0,0,1,3,,,0
FRA-Ligue 1,2223,Ajaccio,Ghjuvanni Quilichini,FRA,GK,19,2002,1,0,82,0.9,0,0,0,0,0,0,0,0,0.0,0.0,0.0,0.0,0.0,0,0,,0.0,0.0,,,82,2.4,,0,1,82,5,3.0,1,0,1,1.1,2.5,0,0,0,0,0,0,0,,,0
FRA-Ligue 1,2223,Ajaccio,Kouamé Botué,BFA,FW,19,2002,8,2,229,2.5,0,0,0,0,0,0,0,0,0.0,0.0,0.0,0.0,0.0,6,0,0.0,2.36,0.0,0.0,,29,6.7,59,0,6,19,6,0.38,1,5,-4,-1.57,-0.25,0,5,6,0,0,0,2,,,0
FRA-Ligue 1,2223,Ajaccio,Paolo Lebas,FRA,MF,19,2003,1,0,55,0.6,0,0,0,0,0,0,0,0,0.0,0.0,0.0,0.0,0.0,0,0,,0.0,0.0,,,55,1.6,,0,1,55,7,0.0,0,1,-1,-1.64,-0.3,0,3,0,0,0,0,1,,,0
FRA-Ligue 1,2223,Angers,Ousmane Camara,MLI,DF,19,2003,9,6,521,5.8,0,0,0,0,0,0,2,0,0.0,0.0,0.0,0.0,0.0,1,1,100.0,0.17,0.17,0.0,0.0,58,15.2,73,3,3,28,15,0.0,5,20,-15,-2.59,-1.57,0,5,2,0,0,11,6,,,0
FRA-Ligue 1,2223,Auxerre,Brayann Pereira,FRA,DF,19,2003,2,2,180,2.0,0,0,0,0,0,0,0,0,0.0,0.0,0.0,0.0,0.0,0,0,,0.0,0.0,,,90,5.3,90,2,0,,7,0.0,2,6,-4,-2.0,-1.33,0,1,4,0,9,2,5,,,0
FRA-Ligue 1,2223,Auxerre,Kays Ruiz,FRA,MF,19,2002,1,1,62,0.7,0,0,0,0,0,0,1,0,0.0,0.0,0.0,0.0,0.0,0,0,,0.0,0.0,,,62,1.8,62,0,0,,8,0.0,0,1,-1,-1.45,-0.73,0,2,3,0,0,3,1,,,0
FRA-Ligue 1,2223,Auxerre,Matthis Abline,FRA,FW,19,2003,19,8,806,9.0,2,1,3,1,1,2,1,0,0.22,0.11,0.33,0.11,0.22,26,9,34.6,2.9,1.0,0.04,0.11,42,23.6,73,1,11,20,1,1.11,7,14,-7,-0.78,-0.06,0,15,11,5,6,1,2,,,0
FRA-Ligue 1,2223,Auxerre,Souleymane Touré,FRA,DF,19,2003,19,18,1588,17.6,1,0,1,1,0,0,5,1,0.06,0.0,0.06,0.06,0.06,8,2,25.0,0.45,0.11,0.13,0.5,84,46.4,88,15,1,13,0,1.0,15,22,-7,-0.4,0.63,1,20,13,0,1,23,15,,,0
FRA-Ligue 1,2223,Brest,Karamoko Dembélé,ENG,"FW,MF",19,2003,15,0,179,2.0,0,0,0,0,0,0,0,0,0.0,0.0,0.0,0.0,0.0,4,2,50.0,2.01,1.01,0.0,0.0,12,5.2,,0,15,12,16,0.93,1,4,-3,-1.51,-1.31,0,5,9,0,13,1,0,,,0
FRA-Ligue 1,2223,Clermont Foot,Souleymane Cissé,FRA,DF,19,2002,2,0,36,0.4,0,0,0,0,0,0,0,0,0.0,0.0,0.0,0.0,0.0,1,0,0.0,2.5,0.0,0.0,,18,1.1,,0,2,18,18,0.0,0,1,-1,-2.5,-2.42,0,2,1,0,0,1,1,,,0
FRA-Ligue 1,2223,Clermont Foot,Yanis Massolin,FRA,MF,19,2002,6,0,60,0.7,0,0,0,0,0,0,0,0,0.0,0.0,0.0,0.0,0.0,1,0,0.0,1.5,0.0,0.0,,10,1.8,,0,6,10,13,1.33,1,0,1,1.5,1.63,0,0,1,0,0,2,1,,,0
FRA-Ligue 1,2223,Lens,Rémy Labeau Lascary,GLP,"FW,MF",19,2003,10,0,123,1.4,0,0,0,0,0,0,0,0,0.0,0.0,0.0,0.0,0.0,3,1,33.3,2.2,0.73,0.0,0.0,12,3.6,,0,10,12,11,1.6,2,0,2,1.46,0.45,0,4,0,0,3,1,3,,,0
FRA-Ligue 1,2223,Lille,Alan Virginius,FRA,FW,19,2003,15,1,258,2.9,1,0,1,1,0,0,1,0,0.35,0.0,0.35,0.35,0.35,12,5,41.7,4.19,1.74,0.08,0.2,17,7.5,68,0,14,14,12,1.33,5,6,-1,-0.35,-0.98,0,6,2,2,2,1,2,,,0
FRA-Ligue 1,2223,Lille,Simon Ramet,FRA,MF,19,2003,1,0,1,0.0,0,0,0,0,0,0,0,0,0.0,0.0,0.0,0.0,0.0,0,0,,0.0,0.0,,,1,0.0,,0,1,1,10,3.0,1,0,1,90.0,89.47,0,0,0,0,0,0,0,,,0
FRA-Ligue 1,2223,Lorient,Théo Le Bris,FRA,"MF,DF",19,2002,27,15,1452,16.1,2,2,4,2,0,0,0,0,0.12,0.12,0.25,0.12,0.25,10,4,40.0,0.62,0.25,0.2,0.5,54,42.5,78,7,12,23,1,1.59,22,23,-1,-0.06,-0.06,0,5,3,0,13,19,20,,,0
FRA-Ligue 1,2223,Lyon,Bradley Barcola,FRA,"FW,MF",19,2002,26,15,1440,16.0,5,8,13,5,0,0,3,0,0.31,0.5,0.81,0.31,0.81,27,13,48.1,1.69,0.81,0.19,0.38,55,42.1,83,8,11,18,5,1.69,34,18,16,1.0,0.91,0,24,7,7,22,19,15,,,0
FRA-Ligue 1,2223,Lyon,Castello Lukeba,FRA,DF,19,2002,34,33,2986,33.2,2,0,2,2,0,0,9,1,0.06,0.0,0.06,0.06,0.06,13,5,38.5,0.39,0.15,0.15,0.4,88,87.3,90,32,1,17,1,1.62,56,41,15,0.45,-0.17,1,38,21,1,3,74,24,,,1
FRA-Ligue 1,2223,Lyon,Johann Lepenant,FRA,MF,19,2002,31,21,1933,21.5,1,2,3,1,0,0,4,0,0.05,0.09,0.14,0.05,0.14,19,1,5.3,0.88,0.05,0.05,1.0,62,56.5,80,11,10,25,6,1.71,31,25,6,0.28,-0.45,0,35,24,0,10,26,35,,,0
FRA-Ligue 1,2223,Lyon,Malo Gusto,FRA,"DF,MF",19,2003,21,19,1595,17.7,0,1,1,0,0,0,1,0,0.0,0.06,0.06,0.0,0.06,7,3,42.9,0.39,0.17,0.0,0.0,76,46.6,83,12,2,10,3,1.48,28,26,2,0.11,-0.68,0,20,24,2,115,24,29,,,1
FRA-Ligue 1,2223,Marseille,Salim Ben Seghir,FRA,FW,19,2003,1,0,4,0.0,0,0,0,0,0,0,0,0,0.0,0.0,0.0,0.0,0.0,0,0,,0.0,0.0,,,4,0.1,,0,1,4,3,3.0,0,0,0,0.0,-0.71,0,0,0,0,0,0,0,,,0
FRA-Ligue 1,2223,Marseille,Souleymane Touré,FRA,DF,19,2003,5,0,68,0.8,0,0,0,0,0,0,1,0,0.0,0.0,0.0,0.0,0.0,0,0,,0.0,0.0,,,14,2.0,,0,5,14,8,2.6,0,2,-2,-2.65,-3.43,0,2,0,0,0,0,1,,,0
FRA-Ligue 1,2223,Montpellier,Béni Makouana,CGO,MF,19,2002,8,1,198,2.2,0,0,0,0,0,0,1,0,0.0,0.0,0.0,0.0,0.0,6,1,16.7,2.73,0.45,0.0,0.0,25,5.8,45,0,7,22,6,1.13,3,3,0,0.0,-0.08,0,3,1,0,6,0,0,,,0
FRA-Ligue 1,2223,Montpellier,Elye Wahi,CIV,FW,19,2003,33,29,2513,27.9,19,5,24,18,1,1,8,1,0.68,0.18,0.86,0.64,0.82,63,38,60.3,2.26,1.36,0.29,0.47,76,73.5,81,9,4,43,0,1.3,46,43,3,0.11,0.11,0,31,39,25,21,3,3,,,0
FRA-Ligue 1,2223,Montpellier,Enzo Tchato,CMR,DF,19,2002,21,11,1096,12.2,1,1,2,1,0,0,1,0,0.08,0.08,0.16,0.08,0.16,4,2,50.0,0.33,0.16,0.25,0.5,52,32.0,82,6,10,20,11,0.86,12,26,-14,-1.15,-1.81,0,13,7,2,39,7,15,,,0
FRA-Ligue 1,2223,Nantes,Jaouen Hadjam,ALG,"DF,MF",19,2003,13,8,805,8.9,0,1,1,0,0,0,1,0,0.0,0.11,0.11,0.0,0.11,6,3,50.0,0.67,0.34,0.0,0.0,62,23.5,82,3,5,29,4,0.92,8,11,-3,-0.34,0.18,0,9,12,0,28,12,21,,,1
FRA-Ligue 1,2223,Nantes,Lohann Doucet,BFA,MF,19,2002,9,0,91,1.0,0,0,0,0,0,0,0,0,0.0,0.0,0.0,0.0,0.0,1,1,100.0,0.99,0.99,0.0,0.0,10,2.7,,0,9,10,12,0.89,2,0,2,1.98,2.52,0,2,0,0,0,2,0,,,0
FRA-Ligue 1,2223,Nice,Rareş Ilie,ROU,MF,19,2003,4,2,148,1.6,0,0,0,0,0,0,0,0,0.0,0.0,0.0,0.0,0.0,4,0,0.0,2.43,0.0,0.0,,37,4.3,60,0,2,14,8,1.25,2,4,-2,-1.22,-1.57,0,0,0,1,1,1,3,,,0
FRA-Ligue 1,2223,Paris Saint-Germain,Timothee Pembele,FRA,"MF,DF",19,2002,5,4,263,2.9,0,1,1,0,0,0,0,0,0.0,0.34,0.34,0.0,0.34,3,1,33.3,1.03,0.34,0.0,0.0,53,7.7,65,0,1,5,8,1.8,5,8,-3,-1.03,-2.51,0,0,1,0,4,4,5,,,0
FRA-Ligue 1,2223,Reims,Check Keita,FRA,DF,19,2003,9,8,682,7.6,0,0,0,0,0,0,1,0,0.0,0.0,0.0,0.0,0.0,3,1,33.3,0.4,0.13,0.0,0.0,76,19.9,81,2,1,31,13,1.89,9,6,3,0.4,0.49,0,6,7,1,0,3,8,,,0
FRA-Ligue 1,2223,Reims,Kamory Doumbia,MLI,MF,19,2003,26,13,1155,12.8,2,2,4,1,1,1,0,0,0.16,0.16,0.31,0.08,0.23,26,10,38.5,2.03,0.78,0.04,0.1,44,33.8,66,0,13,23,9,1.35,16,12,4,0.31,0.47,0,14,6,0,10,13,15,,,0
FRA-Ligue 1,2223,Rennes,Doğan Alemdar,TUR,GK,19,2002,6,4,406,4.5,0,0,0,0,0,0,1,0,0.0,0.0,0.0,0.0,0.0,0,0,,0.0,0.0,,,68,11.9,90,4,2,23,32,1.67,7,8,-1,-0.22,-1.15,0,0,0,0,0,0,0,,,0
FRA-Ligue 1,2223,Rennes,Guela Doué,CIV,DF,19,2002,2,0,12,0.1,0,0,0,0,0,0,0,0,0.0,0.0,0.0,0.0,0.0,1,0,0.0,7.5,0.0,0.0,,6,0.4,,0,2,6,15,1.5,0,0,0,0.0,-0.79,0,0,0,0,0,0,0,,,0
FRA-Ligue 1,2223,Rennes,Matthis Abline,FRA,"FW,MF",19,2003,11,0,107,1.2,1,0,1,1,0,0,0,0,0.84,0.0,0.84,0.84,0.84,6,2,33.3,5.05,1.68,0.17,0.5,10,3.1,,0,11,10,4,2.27,5,0,5,4.21,3.53,0,3,5,1,2,2,1,,,0
FRA-Ligue 1,2223,Strasbourg,Dany Jean,HAI,MF,19,2002,2,0,13,0.1,0,0,0,0,0,0,0,0,0.0,0.0,0.0,0.0,0.0,0,0,,0.0,0.0,,,7,0.4,,0,2,7,12,0.0,0,0,0,0.0,0.21,0,0,0,0,0,0,0,,,0
FRA-Ligue 1,2223,Strasbourg,Ismaël Doukouré,FRA,"DF,MF",19,2003,28,25,2297,25.5,1,1,2,1,0,0,5,0,0.04,0.04,0.08,0.04,0.08,9,2,22.2,0.35,0.08,0.11,0.5,82,67.2,87,20,3,40,9,1.11,33,34,-1,-0.04,0.52,0,30,27,0,11,26,23,,,0
FRA-Ligue 1,2223,Toulouse,Fares Chaïbi,ALG,"MF,FW",19,2002,36,24,2340,26.0,5,5,10,5,0,0,2,0,0.19,0.19,0.38,0.19,0.38,63,25,39.7,2.42,0.96,0.08,0.2,65,68.4,81,8,12,33,0,1.22,38,30,8,0.31,1.47,0,33,22,8,56,15,17,,,0
FRA-Ligue 1,2223,Troyes,Tanguy Zoukrou,FRA,DF,19,2003,8,5,511,5.7,0,0,0,0,0,0,0,0,0.0,0.0,0.0,0.0,0.0,0,0,,0.0,0.0,,,64,14.9,88,4,3,24,18,0.38,5,13,-8,-1.41,-0.54,0,5,1,0,1,2,8,,,0
FRA-Ligue 1,2223,Ajaccio,Yanis Cimignani,FRA,MF,20,2002,8,3,279,3.1,0,0,0,0,0,0,0,0,0.0,0.0,0.0,0.0,0.0,6,2,33.3,1.94,0.65,0.0,0.0,35,8.2,68,1,5,15,4,0.63,3,2,1,0.32,1.81,0,5,2,0,10,2,5,,,0
FRA-Ligue 1,2223,Angers,Waniss Taibi,FRA,MF,20,2002,11,1,189,2.1,0,1,1,0,0,0,1,0,0.0,0.48,0.48,0.0,0.48,1,0,0.0,0.48,0.0,0.0,,17,5.5,45,0,10,14,16,0.09,2,5,-3,-1.43,-0.18,0,3,0,0,1,2,5,,,0
FRA-Ligue 1,2223,Auxerre,Ousmane Camara,GUI,FW,20,2001,3,0,24,0.3,0,0,0,0,0,0,1,0,0.0,0.0,0.0,0.0,0.0,1,0,0.0,3.75,0.0,0.0,,8,0.7,,0,3,8,1,0.0,0,0,0,0.0,0.74,0,2,0,0,2,0,1,,,0
FRA-Ligue 1,2223,Brest,Bradley Locko,FRA,DF,20,2002,7,2,270,3.0,0,0,0,0,0,0,0,0,0.0,0.0,0.0,0.0,0.0,0,0,,0.0,0.0,,,39,7.9,86,0,5,20,10,1.0,2,3,-1,-0.33,-0.08,0,0,2,0,6,3,2,,,0
FRA-Ligue 1,2223,Lens,Christopher Wooh,CMR,DF,20,2001,1,0,4,0.0,0,0,0,0,0,0,0,0,0.0,0.0,0.0,0.0,0.0,0,0,,0.0,0.0,,,4,0.1,,0,1,4,4,3.0,0,0,0,0.0,-1.03,0,0,0,0,0,0,0,,,0
FRA-Ligue 1,2223,Lille,Lucas Chevalier,FRA,GK,20,2001,32,32,2880,32.0,0,0,0,0,0,0,1,0,0.0,0.0,0.0,0.0,0.0,0,0,,0.0,0.0,,,90,84.2,90,32,0,,6,1.78,52,31,21,0.66,0.66,0,0,5,0,0,2,1,,,0
FRA-Ligue 1,2223,Lorient,Adil Aouchiche,ALG,MF,20,2002,11,1,250,2.8,0,0,0,0,0,0,0,0,0.0,0.0,0.0,0.0,0.0,8,4,50.0,2.88,1.44,0.0,0.0,23,7.3,73,0,10,18,14,0.82,3,5,-2,-0.72,-0.75,0,4,5,0,18,4,2,,,0
FRA-Ligue 1,2223,Lorient,Bamo Meïté,CIV,DF,20,2001,17,16,1503,16.7,1,0,1,1,0,0,5,0,0.06,0.0,0.06,0.06,0.06,3,1,33.3,0.18,0.06,0.33,1.0,88,43.9,90,15,1,69,9,1.17,20,23,-3,-0.18,-0.27,0,16,12,1,0,18,11,,,0
FRA-Ligue 1,2223,Lorient,Chrislain Matsima,FRA,DF,20,2002,6,2,227,2.5,0,0,0,0,0,0,0,0,0.0,0.0,0.0,0.0,0.0,1,0,0.0,0.4,0.0,0.0,,38,6.6,90,2,4,12,8,1.67,3,5,-2,-0.79,-0.82,0,0,1,0,0,1,1,,,0
FRA-Ligue 1,2223,Lorient,Dango Ouattara,BFA,"MF,FW",20,2002,18,18,1548,17.2,6,5,11,6,0,0,3,1,0.35,0.29,0.64,0.35,0.64,51,16,31.4,2.97,0.93,0.12,0.38,86,45.3,86,13,0,,0,1.61,27,25,2,0.12,0.26,1,15,43,2,34,17,29,,,0
FRA-Ligue 1,2223,Lorient,Siriné Doucouré,MLI,FW,20,2002,12,0,136,1.5,0,1,1,0,0,0,0,0,0.0,0.66,0.66,0.0,0.66,7,1,14.3,4.63,0.66,0.0,0.0,11,4.0,,0,12,11,16,1.25,4,1,3,1.99,2.09,0,8,9,0,0,1,2,,,0
FRA-Ligue 1,2223,Lorient,Yoann Cathline,FRA,MF,20,2002,23,11,1090,12.1,1,1,2,1,0,0,0,0,0.08,0.08,0.17,0.08,0.17,27,10,37.0,2.23,0.83,0.04,0.1,47,31.9,75,4,12,22,6,1.22,13,16,-3,-0.25,-0.32,0,12,28,1,47,8,12,,,0
FRA-Ligue 1,2223,Monaco,Chrislain Matsima,FRA,DF,20,2002,8,5,446,5.0,0,1,1,0,0,0,0,0,0.0,0.2,0.2,0.0,0.2,3,2,66.7,0.61,0.4,0.0,0.0,56,13.0,79,3,3,16,8,1.38,5,10,-5,-1.01,-1.52,0,4,2,0,2,9,6,,,0
FRA-Ligue 1,2223,Monaco,Eliot Matazo,BEL,MF,20,2002,23,13,1175,13.1,1,0,1,1,0,0,2,0,0.08,0.0,0.08,0.08,0.08,4,3,75.0,0.31,0.23,0.25,0.33,51,34.4,75,7,10,20,11,1.65,20,21,-1,-0.08,-0.6,0,18,12,0,2,15,12,,,0
FRA-Ligue 1,2223,Monaco,Maghnes Akliouche,FRA,"MF,FW",20,2002,11,5,402,4.5,0,0,0,0,0,0,3,0,0.0,0.0,0.0,0.0,0.0,5,2,40.0,1.12,0.45,0.0,0.0,37,11.8,61,0,6,16,16,1.82,6,4,2,0.45,0.15,0,7,4,1,10,3,3,,,0
FRA-Ligue 1,2223,Montpellier,Joris Chotard,FRA,MF,20,2001,35,26,2461,27.3,0,6,6,0,0,0,4,0,0.0,0.22,0.22,0.0,0.22,12,1,8.3,0.44,0.04,0.0,0.0,70,72.0,87,17,9,24,2,1.4,51,44,7,0.26,0.63,0,33,19,3,33,39,33,,,0
FRA-Ligue 1,2223,Montpellier,Maxime Estève,FRA,DF,20,2002,23,18,1646,18.3,0,0,0,0,0,0,3,0,0.0,0.0,0.0,0.0,0.0,6,0,0.0,0.33,0.0,0.0,,72,48.1,86,15,5,21,4,1.17,24,29,-5,-0.27,-0.68,0,18,7,0,1,34,15,,,1
FRA-Ligue 1,2223,Montpellier,Sacha Delaye,FRA,MF,20,2002,3,0,20,0.2,1,0,1,1,0,0,0,0,4.5,0.0,4.5,4.5,4.5,2,1,50.0,9.0,4.5,0.5,1.0,7,0.6,,0,3,7,7,1.33,2,1,1,4.5,4.45,0,1,0,0,0,0,0,,,0
FRA-Ligue 1,2223,Nantes,Mohamed Achi,FRA,MF,20,2002,2,0,36,0.4,0,0,0,0,0,0,0,0,0.0,0.0,0.0,0.0,0.0,1,0,0.0,2.5,0.0,0.0,,18,1.1,,0,2,18,6,0.5,1,0,1,2.5,3.01,0,2,0,0,1,0,1,,,0
FRA-Ligue 1,2223,Nantes,Quentin Merlin,FRA,"DF,MF",20,2002,24,22,1791,19.9,1,2,3,1,0,0,2,0,0.05,0.1,0.15,0.05,0.15,15,4,26.7,0.75,0.2,0.07,0.25,75,52.4,81,8,2,10,1,0.96,19,28,-9,-0.45,0.04,0,11,14,1,113,25,18,,,0
FRA-Ligue 1,2223,Nice,Mattia Viti,ITA,DF,20,2002,9,7,634,7.0,1,0,1,1,0,0,0,0,0.14,0.0,0.14,0.14,0.14,2,1,50.0,0.28,0.14,0.5,1.0,70,18.5,86,6,2,17,18,1.33,7,11,-4,-0.57,-1.05,0,3,5,0,0,9,4,,,0
FRA-Ligue 1,2223,Paris Saint-Germain,Hugo Ekitike,FRA,FW,20,2002,25,12,1155,12.8,3,4,7,3,0,0,0,0,0.23,0.31,0.55,0.23,0.55,34,12,35.3,2.65,0.94,0.09,0.25,46,33.8,71,0,13,24,12,2.16,31,18,13,1.01,-0.42,0,15,14,7,2,9,4,,,0
FRA-Ligue 1,2223,Paris Saint-Germain,Nuno Mendes,POR,"MF,DF",20,2002,23,18,1548,17.2,1,6,7,1,0,0,2,0,0.06,0.35,0.41,0.06,0.41,10,7,70.0,0.58,0.41,0.1,0.14,67,45.3,79,8,5,26,1,2.52,45,16,29,1.69,0.72,0,25,34,5,31,17,32,,,0
FRA-Ligue 1,2223,Reims,Bradley Locko,FRA,"MF,DF",20,2002,15,13,1059,11.8,0,0,0,0,0,0,3,1,0.0,0.0,0.0,0.0,0.0,5,0,0.0,0.42,0.0,0.0,,71,31.0,81,10,2,6,1,1.0,15,18,-3,-0.25,-0.37,0,10,9,2,13,19,16,,,0
FRA-Ligue 1,2223,Reims,Dion Lopy,SEN,MF,20,2002,29,16,1379,15.3,0,1,1,0,0,0,6,2,0.0,0.07,0.07,0.0,0.07,18,4,22.2,1.17,0.26,0.0,0.0,48,40.3,70,4,13,20,3,1.34,15,16,-1,-0.07,-0.11,1,32,25,0,6,23,25,,,0
FRA-Ligue 1,2223,Reims,El Bilal Touré,MLI,FW,20,2001,3,1,91,1.0,0,0,0,0,0,0,0,0,0.0,0.0,0.0,0.0,0.0,1,1,100.0,0.99,0.99,0.0,0.0,30,2.7,63,0,2,14,2,0.33,0,4,-4,-3.96,-4.06,0,3,1,0,0,0,0,,,0
FRA-Ligue 1,2223,Reims,Nathanael Mbuku,COD,MF,20,2002,6,0,66,0.7,0,0,0,0,0,0,0,0,0.0,0.0,0.0,0.0,0.0,2,0,0.0,2.73,0.0,0.0,,11,1.9,,0,6,11,7,1.0,1,2,-1,-1.36,-1.39,0,0,7,0,1,0,1,,,0
FRA-Ligue 1,2223,Rennes,Adrien Truffert,FRA,DF,20,2001,28,24,1954,21.7,0,6,6,0,0,0,1,0,0.0,0.28,0.28,0.0,0.28,10,3,30.0,0.46,0.14,0.0,0.0,70,57.1,79,13,4,13,0,1.79,35,25,10,0.46,-0.77,0,20,25,3,34,19,38,,,0
FRA-Ligue 1,2223,Rennes,Alan Do Marcolino,GAB,FW,20,2002,3,0,19,0.2,0,0,0,0,0,0,0,0,0.0,0.0,0.0,0.0,0.0,0,0,,0.0,0.0,,,6,0.6,,0,3,6,1,2.33,0,0,0,0.0,-0.79,0,1,0,0,0,0,0,,,0
FRA-Ligue 1,2223,Rennes,Arnaud Kalimuendo,FRA,FW,20,2002,30,24,1849,20.5,7,3,10,7,0,0,0,0,0.34,0.15,0.49,0.34,0.49,43,21,48.8,2.09,1.02,0.16,0.33,62,54.1,73,3,6,18,0,1.83,33,24,9,0.44,-0.76,0,15,24,7,14,2,8,,,0
FRA-Ligue 1,2223,Rennes,Christopher Wooh,CMR,DF,20,2001,13,12,1006,11.2,0,0,0,0,0,0,4,0,0.0,0.0,0.0,0.0,0.0,5,0,0.0,0.45,0.0,0.0,,77,29.4,83,10,1,6,11,2.0,20,12,8,0.72,-0.1,0,17,10,0,1,6,11,,,0
FRA-Ligue 1,2223,Rennes,Ibrahim Salah,MAR,FW,20,2001,13,1,227,2.5,0,0,0,0,0,0,0,0,0.0,0.0,0.0,0.0,0.0,6,2,33.3,2.38,0.79,0.0,0.0,17,6.6,63,0,12,14,3,1.46,3,3,0,0.0,-0.85,0,2,1,2,8,2,1,,,0
FRA-Ligue 1,2223,Rennes,Jeremy Doku,BEL,"MF,FW",20,2002,29,13,1291,14.3,6,2,8,6,0,0,0,0,0.42,0.14,0.56,0.42,0.56,26,12,46.2,1.81,0.84,0.23,0.5,45,37.7,72,3,16,22,1,1.62,24,13,11,0.77,-0.04,0,17,36,0,24,4,16,,,0
FRA-Ligue 1,2223,Rennes,Kamaldeen Sulemana,GHA,"MF,FW",20,2002,14,2,326,3.6,1,0,1,1,0,0,1,0,0.28,0.0,0.28,0.28,0.28,13,4,30.8,3.59,1.1,0.08,0.25,23,9.5,52,0,12,19,4,1.71,7,2,5,1.38,0.65,0,4,6,1,10,4,4,,,0
FRA-Ligue 1,2223,Strasbourg,Nordine Kandil,FRA,MF,20,2001,7,0,101,1.1,0,1,1,0,0,0,0,0,0.0,0.89,0.89,0.0,0.89,3,0,0.0,2.67,0.0,0.0,,14,3.0,,0,7,14,4,0.14,2,1,1,0.89,1.14,0,1,3,0,4,1,2,,,0
FRA-Ligue 1,2223,Strasbourg,Yuito Suzuki,JPN,"FW,MF",20,2001,3,0,36,0.4,1,0,1,1,0,0,0,0,2.5,0.0,2.5,2.5,2.5,2,1,50.0,5.0,2.5,0.5,1.0,12,1.1,,0,3,12,14,1.0,1,1,0,0.0,0.21,0,1,2,0,0,0,0,,,0
FRA-Ligue 1,2223,Toulouse,Naatan Skyttä,FIN,MF,20,2002,2,0,23,0.3,0,0,0,0,0,0,0,0,0.0,0.0,0.0,0.0,0.0,1,0,0.0,3.91,0.0,0.0,,12,0.7,,0,2,12,2,2.0,1,0,1,3.91,4.1,0,0,1,0,0,1,1,,,0
FRA-Ligue 1,2223,Toulouse,Oliver Zandén,SWE,MF,20,2001,5,1,146,1.6,0,0,0,0,0,0,0,0,0.0,0.0,0.0,0.0,0.0,2,1,50.0,1.23,0.62,0.0,0.0,29,4.3,62,0,4,21,8,1.2,0,5,-5,-3.08,-3.05,0,3,6,0,6,1,0,,,0
FRA-Ligue 1,2223,Troyes,Lucien Agoume,FRA,MF,20,2002,15,14,1094,12.2,0,1,1,0,0,0,5,0,0.0,0.08,0.08,0.0,0.08,9,3,33.3,0.74,0.25,0.0,0.0,73,32.0,78,8,1,9,6,0.4,9,29,-20,-1.65,-1.03,0,30,8,1,9,25,23,,,0
FRA-Ligue 1,2223,Troyes,Thierno Balde,FRA,"MF,DF",20,2002,31,25,2153,23.9,0,1,1,0,0,0,1,0,0.0,0.04,0.04,0.0,0.04,7,1,14.3,0.29,0.04,0.0,0.0,69,63.0,83,13,6,15,1,0.65,28,52,-24,-1.0,-0.15,0,8,34,2,35,22,15,,,0
FRA-Ligue 1,2223,Angers,Abdallah Sima,SEN,FW,21,2001,34,19,1836,20.4,5,1,6,5,0,0,0,0,0.25,0.05,0.29,0.25,0.29,39,10,25.6,1.91,0.49,0.13,0.5,54,53.7,79,9,15,23,0,0.47,20,44,-24,-1.18,0.19,0,32,25,12,16,3,11,,,1
FRA-Ligue 1,2223,Angers,Yahia Fofana,CIV,GK,21,2000,11,11,990,11.0,0,0,0,0,0,0,2,0,0.0,0.0,0.0,0.0,0.0,0,0,,0.0,0.0,,,90,28.9,90,11,0,,16,0.91,12,19,-7,-0.64,0.88,0,0,1,0,0,1,0,,,0
FRA-Ligue 1,2223,Auxerre,Han-Noah Massengo,FRA,MF,21,2001,14,13,1116,12.4,0,0,0,0,0,0,3,0,0.0,0.0,0.0,0.0,0.0,13,1,7.7,1.05,0.08,0.0,0.0,80,32.6,84,8,1,22,0,1.07,11,13,-2,-0.16,0.85,0,17,23,1,2,12,13,,,0
FRA-Ligue 1,2223,Brest,Joaquín Blázquez,ARG,GK,21,2001,1,1,90,1.0,0,0,0,0,0,0,0,0,0.0,0.0,0.0,0.0,0.0,0,0,,0.0,0.0,,,90,2.6,90,1,0,,33,1.0,0,0,0,0.0,0.27,0,0,0,0,0,0,0,,,0
FRA-Ligue 1,2223,Clermont Foot,Baila Diallo,FRA,DF,21,2001,6,0,89,1.0,0,0,0,0,0,0,0,0,0.0,0.0,0.0,0.0,0.0,1,0,0.0,1.01,0.0,0.0,,15,2.6,,0,6,15,13,0.67,1,0,1,1.01,1.15,0,3,1,0,5,0,0,,,0
FRA-Ligue 1,2223,Clermont Foot,Brandon Baiye,BEL,MF,21,2000,7,0,51,0.6,0,0,0,0,0,0,0,0,0.0,0.0,0.0,0.0,0.0,0,0,,0.0,0.0,,,7,1.5,,0,7,7,8,1.71,2,2,0,0.0,0.11,0,0,0,0,0,0,2,,,0
FRA-Ligue 1,2223,Clermont Foot,Muhammed Cham,AUT,MF,21,2000,38,23,1968,21.9,7,4,11,5,2,2,2,0,0.32,0.18,0.5,0.23,0.41,53,21,39.6,2.42,0.96,0.09,0.24,52,57.5,74,3,15,18,0,1.55,27,32,-5,-0.23,-0.29,0,17,40,1,74,8,15,,,0
FRA-Ligue 1,2223,Lens,David Costa,POR,"MF,FW",21,2001,31,16,1407,15.6,1,3,4,1,0,0,2,0,0.06,0.19,0.26,0.06,0.26,26,7,26.9,1.66,0.45,0.04,0.14,45,41.1,70,1,15,19,4,2.1,24,8,16,1.02,0.0,0,13,14,0,51,9,7,,,0
FRA-Ligue 1,2223,Lens,Ismaël Boura,COM,DF,21,2000,9,0,93,1.0,0,0,0,0,0,0,0,0,0.0,0.0,0.0,0.0,0.0,2,1,50.0,1.94,0.97,0.0,0.0,10,2.7,,0,9,10,21,1.78,5,2,3,2.9,1.93,0,0,3,0,7,2,3,,,0
FRA-Ligue 1,2223,Lille,Angel Gomes,ENG,MF,21,2000,36,34,2816,31.3,2,6,8,1,1,1,8,0,0.06,0.19,0.26,0.03,0.22,56,18,32.1,1.79,0.58,0.02,0.06,78,82.3,81,11,2,25,0,1.69,52,36,16,0.51,-0.23,0,53,49,0,49,12,18,,,0
FRA-Ligue 1,2223,Lille,Bafodé Diakité,FRA,DF,21,2001,33,29,2653,29.5,3,0,3,3,0,0,6,0,0.1,0.0,0.1,0.1,0.1,19,6,31.6,0.64,0.2,0.16,0.5,80,77.6,87,25,4,31,1,1.79,48,33,15,0.51,-0.2,0,45,13,0,19,17,36,,,1
FRA-Ligue 1,2223,Lorient,Darlin Yongwa,CMR,"MF,DF",21,2000,14,8,781,8.7,1,1,2,1,0,0,2,0,0.12,0.12,0.23,0.12,0.23,9,3,33.3,1.04,0.35,0.11,0.33,56,22.8,83,5,6,20,23,1.0,8,13,-5,-0.58,-0.71,0,12,17,3,19,5,10,,,0
FRA-Ligue 1,2223,Lorient,Julien Ponceau,FRA,MF,21,2000,31,20,1655,18.4,1,4,5,1,0,0,1,0,0.05,0.22,0.27,0.05,0.27,14,4,28.6,0.76,0.22,0.07,0.25,53,48.4,72,3,11,19,6,1.29,29,29,0,0.0,0.05,0,21,25,4,12,14,18,,,0
FRA-Ligue 1,2223,Lyon,Amin Sarr,SWE,FW,21,2001,13,6,537,6.0,1,1,2,1,0,0,0,0,0.17,0.17,0.34,0.17,0.34,6,5,83.3,1.01,0.84,0.17,0.2,41,15.7,63,1,7,23,3,1.69,10,10,0,0.0,-0.56,0,14,4,1,5,0,6,,,0
FRA-Ligue 1,2223,Lyon,Sinaly Diomande,CIV,DF,21,2001,24,22,1957,21.7,0,0,0,0,0,0,2,1,0.0,0.0,0.0,0.0,0.0,10,2,20.0,0.46,0.09,0.0,0.0,82,57.2,87,18,2,25,6,1.67,38,29,9,0.41,-0.14,0,23,22,1,2,45,26,,,0
FRA-Ligue 1,2223,Marseille,Issa Kaboré,BFA,MF,21,2001,22,9,1028,11.4,1,0,1,1,0,0,1,0,0.09,0.0,0.09,0.09,0.09,8,3,37.5,0.7,0.26,0.13,0.33,47,30.1,78,5,13,25,13,2.0,20,11,9,0.79,0.11,0,24,19,2,46,9,18,,,0
FRA-Ligue 1,2223,Monaco,Benoît Badiashile,FRA,DF,21,2001,11,9,839,9.3,2,0,2,2,0,0,3,0,0.21,0.0,0.21,0.21,0.21,5,3,60.0,0.54,0.32,0.4,0.67,76,24.5,87,8,2,27,2,1.55,20,15,5,0.54,0.29,0,10,4,0,0,17,9,,,0
FRA-Ligue 1,2223,Monaco,Myron Boadu,NED,FW,21,2001,12,3,295,3.3,3,0,3,3,0,0,0,0,0.92,0.0,0.92,0.92,0.92,8,5,62.5,2.44,1.53,0.38,0.6,25,8.6,64,1,9,11,13,1.75,6,6,0,0.0,-0.35,0,7,3,5,1,0,3,,,0
FRA-Ligue 1,2223,Monaco,Vanderson,BRA,"DF,MF",21,2001,31,24,2214,24.6,1,4,5,1,0,0,4,1,0.04,0.16,0.2,0.04,0.2,26,8,30.8,1.06,0.33,0.04,0.13,71,64.7,83,14,7,33,1,1.74,52,35,17,0.69,1.06,1,36,18,3,99,44,53,,,0
FRA-Ligue 1,2223,Montpellier,Thibault Tamas,FRA,DF,21,2001,1,0,10,0.1,0,0,0,0,0,0,0,0,0.0,0.0,0.0,0.0,0.0,0,0,,0.0,0.0,,,10,0.3,,0,1,10,10,3.0,0,0,0,0.0,-0.08,0,2,0,0,1,1,0,,,0
FRA-Ligue 1,2223,Nantes,Evann Guessand,CIV,"MF,FW",21,2001,30,15,1260,14.0,3,2,5,3,0,0,2,0,0.21,0.14,0.36,0.21,0.36,22,13,59.1,1.57,0.93,0.14,0.23,42,36.8,69,2,15,15,2,1.03,12,21,-9,-0.64,-0.27,0,31,20,6,31,9,17,,,0
FRA-Ligue 1,2223,Nice,Alexis Beka Beka,FRA,MF,21,2001,14,7,545,6.1,0,0,0,0,0,0,2,0,0.0,0.0,0.0,0.0,0.0,9,4,44.4,1.49,0.66,0.0,0.0,39,15.9,63,0,7,14,19,1.29,5,9,-4,-0.66,-1.13,0,11,7,0,18,11,6,,,0
FRA-Ligue 1,2223,Nice,Flavius Daniliuc,AUT,DF,21,2001,2,1,91,1.0,0,0,0,0,0,0,0,0,0.0,0.0,0.0,0.0,0.0,0,0,,0.0,0.0,,,46,2.7,90,1,1,1,0,0.5,0,1,-1,-0.99,-1.31,0,2,0,0,2,0,0,,,0
FRA-Ligue 1,2223,Nice,Khéphren Thuram,FRA,MF,21,2001,35,30,2547,28.3,2,4,6,2,0,0,3,0,0.07,0.14,0.21,0.07,0.21,38,9,23.7,1.34,0.32,0.05,0.22,73,74.5,80,15,5,31,0,1.46,33,24,9,0.32,0.11,0,31,19,3,26,36,29,,,0
FRA-Ligue 1,2223,Nice,Melvin Bard,FRA,"DF,MF",21,2000,33,28,2456,27.3,0,0,0,0,0,0,6,0,0.0,0.0,0.0,0.0,0.0,7,2,28.6,0.26,0.07,0.0,0.0,74,71.8,83,19,5,28,2,1.42,31,32,-1,-0.04,-1.16,0,30,20,2,69,59,61,,,0
FRA-Ligue 1,2223,Nice,Théo Trinker,FRA,MF,21,2001,1,0,1,0.0,0,0,0,0,0,0,0,0,0.0,0.0,0.0,0.0,0.0,0,0,,0.0,0.0,,,1,0.0,,0,1,1,1,3.0,0,0,0,0.0,-0.29,0,0,0,0,0,0,0,,,0
FRA-Ligue 1,2223,Reims,Folarin Balogun,USA,FW,21,2001,37,34,2999,33.3,21,2,23,15,6,7,5,0,0.63,0.06,0.69,0.45,0.51,128,58,45.3,3.84,1.74,0.12,0.26,81,87.7,86,19,3,29,0,1.35,42,37,5,0.15,1.22,0,38,55,28,23,3,4,,,0
FRA-Ligue 1,2223,Reims,Noah Holm,NOR,FW,21,2001,8,2,194,2.2,0,0,0,0,0,0,1,0,0.0,0.0,0.0,0.0,0.0,2,0,0.0,0.93,0.0,0.0,,24,5.7,74,1,6,8,4,1.63,1,4,-3,-1.39,-1.48,0,6,9,1,0,0,3,,,0
FRA-Ligue 1,2223,Rennes,Djed Spence,ENG,DF,21,2000,8,7,573,6.4,0,0,0,0,0,0,0,0,0.0,0.0,0.0,0.0,0.0,3,1,33.3,0.47,0.16,0.0,0.0,72,16.8,81,4,1,8,3,1.25,7,5,2,0.31,-0.57,0,7,9,0,4,4,6,,,0
FRA-Ligue 1,2223,Strasbourg,Marvin Senaya,GHA,"DF,MF",21,2001,1,0,9,0.1,0,0,0,0,0,0,0,0,0.0,0.0,0.0,0.0,0.0,0,0,,0.0,0.0,,,9,0.3,,0,1,9,1,1.0,0,0,0,0.0,0.21,0,0,0,0,1,0,0,,,0
FRA-Ligue 1,2223,Toulouse,Anthony Rouault,FRA,DF,21,2001,37,37,3314,36.8,2,1,3,2,0,0,4,1,0.05,0.03,0.08,0.05,0.08,20,10,50.0,0.54,0.27,0.1,0.2,90,96.9,90,35,0,,1,1.27,51,55,-4,-0.11,1.59,1,21,17,1,0,51,35,,,1
FRA-Ligue 1,2223,Toulouse,Logan Costa,CPV,DF,21,2001,6,4,415,4.6,0,0,0,0,0,0,0,0,0.0,0.0,0.0,0.0,0.0,5,2,40.0,1.08,0.43,0.0,0.0,69,12.1,90,4,2,28,30,1.17,3,6,-3,-0.65,-0.56,0,2,4,0,0,4,4,,,1
FRA-Ligue 1,2223,Toulouse,Moussa Diarra,MLI,DF,21,2000,23,12,1225,13.6,0,1,1,0,0,0,0,0,0.0,0.07,0.07,0.0,0.07,1,0,0.0,0.07,0.0,0.0,,53,35.8,85,8,11,18,13,1.61,18,20,-2,-0.15,0.02,0,19,17,1,14,18,10,,,0
FRA-Ligue 1,2223,Toulouse,Saïd Hamulic,BIH,FW,21,2000,6,0,104,1.2,0,0,0,0,0,0,1,0,0.0,0.0,0.0,0.0,0.0,1,0,0.0,0.87,0.0,0.0,,17,3.0,,0,6,17,4,0.33,1,3,-2,-1.73,-1.62,0,2,1,1,1,0,0,,,0
FRA-Ligue 1,2223,Toulouse,Theocharis Tsingaras,GRE,MF,21,2000,1,0,7,0.1,0,0,0,0,0,0,0,0,0.0,0.0,0.0,0.0,0.0,0,0,,0.0,0.0,,,7,0.2,,0,1,7,12,3.0,1,0,1,12.86,13.04,0,0,0,0,0,0,0,,,0
FRA-Ligue 1,2223,Toulouse,Thijs Dallinga,NED,FW,21,2000,36,28,2353,26.1,12,1,13,12,0,0,4,0,0.46,0.04,0.5,0.46,0.5,63,32,50.8,2.41,1.22,0.19,0.38,65,68.8,75,5,8,33,1,1.22,32,36,-4,-0.15,0.02,0,35,19,22,20,3,7,,,0
FRA-Ligue 1,2223,Toulouse,Warren Kamanzi,NOR,"DF,MF",21,2000,11,7,665,7.4,0,0,0,0,0,0,1,0,0.0,0.0,0.0,0.0,0.0,2,1,50.0,0.27,0.14,0.0,0.0,60,19.4,86,6,4,16,10,1.55,8,9,-1,-0.14,0.03,0,7,7,0,6,8,10,,,0
FRA-Ligue 1,2223,Toulouse,Yanis Begraoui,MAR,MF,21,2001,3,1,65,0.7,0,0,0,0,0,0,0,0,0.0,0.0,0.0,0.0,0.0,0,0,,0.0,0.0,,,22,1.9,45,0,2,10,11,0.0,1,4,-3,-4.15,-4.07,0,0,0,0,0,1,0,,,0
FRA-Ligue 1,2223,Troyes,Jackson Porozo,ECU,DF,21,2000,22,17,1617,18.0,2,0,2,2,0,0,3,0,0.11,0.0,0.11,0.11,0.11,22,9,40.9,1.22,0.5,0.09,0.22,74,47.3,88,15,5,26,12,0.64,26,40,-14,-0.78,0.32,0,29,19,1,3,29,20,,,0
FRA-Ligue 1,2223,Troyes,Jordan Dongmo,CMR,MF,21,2001,2,0,20,0.2,0,0,0,0,0,0,0,0,0.0,0.0,0.0,0.0,0.0,0,0,,0.0,0.0,,,10,0.6,,0,2,10,7,0.5,0,1,-1,-4.5,-3.57,0,0,1,0,0,0,0,,,0
FRA-Ligue 1,2223,Troyes,Yasser Larouci,ALG,"MF,DF",21,2001,30,21,1797,20.0,1,1,2,1,0,0,1,0,0.05,0.05,0.1,0.05,0.1,10,4,40.0,0.5,0.2,0.1,0.25,60,52.5,76,9,9,21,6,0.6,21,45,-24,-1.2,-0.54,0,12,31,3,50,26,13,,,1
FRA-Ligue 1,2223,Ajaccio,Clément Vidal,FRA,DF,22,2000,26,21,1901,21.1,1,0,1,1,0,0,5,1,0.05,0.0,0.05,0.05,0.05,12,2,16.7,0.57,0.09,0.08,0.5,73,55.6,88,17,5,11,8,0.65,11,47,-36,-1.7,-0.82,0,22,19,1,3,26,14,,,0
FRA-Ligue 1,2223,Ajaccio,Moussa Djitte,SEN,FW,22,1999,6,1,136,1.5,0,0,0,0,0,0,0,0,0.0,0.0,0.0,0.0,0.0,2,0,0.0,1.32,0.0,0.0,,23,4.0,53,0,5,17,1,0.5,0,3,-3,-1.99,-0.67,0,4,3,0,0,0,0,,,0
FRA-Ligue 1,2223,Angers,Amine Salama,FRA,"FW,MF",22,2000,25,12,1249,13.9,3,1,4,3,0,0,1,0,0.22,0.07,0.29,0.22,0.29,25,11,44.0,1.8,0.79,0.12,0.27,50,36.5,78,4,13,24,2,0.16,10,28,-18,-1.3,-0.05,0,7,9,6,12,9,9,,,0
FRA-Ligue 1,2223,Angers,Azzedine Ounahi,MAR,MF,22,2000,15,13,1129,12.5,0,0,0,0,0,0,1,0,0.0,0.0,0.0,0.0,0.0,23,6,26.1,1.83,0.48,0.0,0.0,75,33.0,83,6,2,27,0,0.53,13,29,-16,-1.28,-0.02,0,11,24,1,18,15,8,,,0
FRA-Ligue 1,2223,Angers,Batista Mendy,FRA,"MF,DF",22,2000,35,35,2859,31.8,0,0,0,0,0,0,8,1,0.0,0.0,0.0,0.0,0.0,15,2,13.3,0.47,0.06,0.0,0.0,82,83.6,82,22,0,,0,0.51,25,71,-46,-1.45,-1.13,1,66,42,1,9,17,34,,,0
FRA-Ligue 1,2223,Angers,Halid Šabanović,BIH,"DF,MF",22,1999,15,8,638,7.1,2,0,2,2,0,0,1,1,0.28,0.0,0.28,0.28,0.28,5,3,60.0,0.71,0.42,0.4,0.67,43,18.7,63,2,7,20,8,0.67,8,14,-6,-0.85,0.51,0,10,2,1,9,8,7,,,0
FRA-Ligue 1,2223,Angers,Himad Abdelli,ALG,"MF,FW",22,1999,30,24,2137,23.7,2,2,4,2,0,0,3,0,0.08,0.08,0.17,0.08,0.17,24,7,29.2,1.01,0.29,0.08,0.29,71,62.5,83,14,6,23,6,0.33,21,49,-28,-1.18,0.22,0,45,31,1,35,28,36,,,0
FRA-Ligue 1,2223,Angers,Jason Mbock,FRA,FW,22,1999,2,0,25,0.3,0,0,0,0,0,0,0,0,0.0,0.0,0.0,0.0,0.0,0,0,,0.0,0.0,,,13,0.7,,0,2,13,4,0.0,0,2,-2,-7.2,-5.98,0,0,0,1,4,0,0,,,0
FRA-Ligue 1,2223,Angers,Lilian Raolisoa,FRA,"DF,MF",22,2000,7,0,173,1.9,1,0,1,1,0,0,0,0,0.52,0.0,0.52,0.52,0.52,3,2,66.7,1.56,1.04,0.33,0.5,25,5.1,,0,7,25,4,0.57,2,4,-2,-1.04,0.23,0,1,3,0,10,3,9,,,0
FRA-Ligue 1,2223,Angers,Zinédine Ould Khaled,FRA,MF,22,2000,4,0,51,0.6,0,0,0,0,0,0,0,0,0.0,0.0,0.0,0.0,0.0,1,1,100.0,1.76,1.76,0.0,0.0,13,1.5,,0,4,13,5,0.5,0,2,-2,-3.53,-2.3,0,1,0,0,0,1,1,,,0
FRA-Ligue 1,2223,Auxerre,Lassine Sinayoko,MLI,"MF,FW",22,1999,33,16,1570,17.4,1,2,3,1,0,0,2,1,0.06,0.11,0.17,0.06,0.17,42,13,31.0,2.41,0.75,0.02,0.08,48,45.9,75,3,17,21,4,0.67,15,30,-15,-0.86,-0.23,1,31,22,5,30,18,16,,,0
FRA-Ligue 1,2223,Auxerre,Paul Joly,FRA,DF,22,2000,10,10,867,9.6,0,0,0,0,0,0,2,0,0.0,0.0,0.0,0.0,0.0,7,0,0.0,0.73,0.0,0.0,,87,25.4,87,9,0,,6,0.9,9,20,-11,-1.14,-0.54,0,7,9,0,36,21,23,,,0
FRA-Ligue 1,2223,Brest,Hianga'a Mbock,FRA,MF,22,1999,2,0,15,0.2,0,0,0,0,0,0,0,0,0.0,0.0,0.0,0.0,0.0,0,0,,0.0,0.0,,,8,0.4,,0,2,8,2,2.0,0,0,0,0.0,0.26,0,1,0,0,1,0,0,,,0
FRA-Ligue 1,2223,Brest,Lilian Brassier,FRA,DF,22,1999,36,35,3093,34.4,0,0,0,0,0,0,5,0,0.0,0.0,0.0,0.0,0.0,20,3,15.0,0.58,0.09,0.0,0.0,86,90.4,88,33,1,3,2,1.22,43,49,-6,-0.17,0.93,0,42,15,0,33,51,30,,,0
FRA-Ligue 1,2223,Brest,Noah Fadiga,SEN,DF,22,1999,21,16,1308,14.5,1,0,1,1,0,0,2,0,0.07,0.0,0.07,0.07,0.07,11,3,27.3,0.76,0.21,0.09,0.33,62,38.2,77,7,5,15,2,0.86,14,23,-9,-0.62,-0.58,0,21,18,1,9,27,21,,,0
FRA-Ligue 1,2223,Clermont Foot,Alidu Seidu,GHA,DF,22,2000,28,28,2458,27.3,0,0,0,0,0,0,10,1,0.0,0.0,0.0,0.0,0.0,6,2,33.3,0.22,0.07,0.0,0.0,88,71.9,88,23,0,,0,1.71,37,33,4,0.15,0.89,0,32,70,1,22,53,33,,,0
FRA-Ligue 1,2223,Lens,Jean Onana,CMR,"MF,DF",22,2000,21,9,810,9.0,0,0,0,0,0,0,3,0,0.0,0.0,0.0,0.0,0.0,8,3,37.5,0.89,0.33,0.0,0.0,39,23.7,72,1,12,14,12,2.43,14,7,7,0.78,-0.33,0,7,10,2,3,17,16,,,0
FRA-Ligue 1,2223,Lens,Loïs Openda,BEL,FW,22,2000,38,29,2517,28.0,21,4,25,20,1,1,2,0,0.75,0.14,0.89,0.72,0.86,104,51,49.0,3.72,1.82,0.19,0.39,66,73.6,77,4,9,32,0,2.21,52,21,31,1.11,0.31,0,42,47,22,31,2,9,,,0
FRA-Ligue 1,2223,Lens,Salis Abdul Samed,GHA,MF,22,2000,33,33,2894,32.2,1,1,2,1,0,0,6,1,0.03,0.03,0.06,0.03,0.06,13,4,30.8,0.4,0.12,0.08,0.25,88,84.6,88,30,0,,0,2.24,59,22,37,1.15,0.81,0,71,39,0,10,33,30,,,1
FRA-Ligue 1,2223,Lens,Łukasz Poręba,POL,MF,22,2000,10,3,260,2.9,0,1,1,0,0,0,1,0,0.0,0.35,0.35,0.0,0.35,3,0,0.0,1.04,0.0,0.0,,26,7.6,67,0,7,8,27,2.3,6,3,3,1.04,0.01,0,9,2,0,6,4,4,,,0
FRA-Ligue 1,2223,Lille,Alexsandro Ribeiro,BRA,DF,22,1999,21,16,1612,17.9,3,0,3,3,0,0,4,0,0.17,0.0,0.17,0.17,0.17,17,7,41.2,0.95,0.39,0.18,0.43,77,47.1,89,15,5,38,15,1.76,31,25,6,0.33,-0.41,0,18,20,2,5,25,18,,,0
FRA-Ligue 1,2223,Lille,Jonathan David,CAN,"FW,MF",22,2000,37,36,3166,35.2,24,4,28,14,10,11,6,0,0.68,0.11,0.8,0.4,0.51,106,56,52.8,3.01,1.59,0.13,0.25,86,92.6,87,22,1,22,0,1.78,61,42,19,0.54,-0.17,0,40,59,23,8,7,18,,,0
FRA-Ligue 1,2223,Lille,Tiago Djaló,POR,DF,22,2000,25,24,2017,22.4,2,0,2,2,0,0,7,0,0.09,0.0,0.09,0.09,0.09,15,4,26.7,0.67,0.18,0.13,0.5,81,59.0,83,18,1,20,0,1.68,41,24,17,0.76,0.5,0,19,18,1,3,21,24,,,1
FRA-Ligue 1,2223,Lille,Timothy Weah,USA,"DF,MF",22,2000,29,18,1748,19.4,0,2,2,0,0,0,2,0,0.0,0.1,0.1,0.0,0.1,30,11,36.7,1.54,0.57,0.0,0.0,60,51.1,82,9,11,25,1,1.86,30,18,12,0.62,0.13,0,17,18,4,52,21,15,,,0
FRA-Ligue 1,2223,Lorient,Bamba Dieng,SEN,"FW,MF",22,2000,15,9,747,8.3,3,0,3,2,1,1,1,0,0.36,0.0,0.36,0.24,0.24,22,9,40.9,2.65,1.08,0.09,0.22,50,21.8,69,0,6,21,0,1.07,7,7,0,0.0,0.03,0,21,31,5,5,1,10,,,0
FRA-Ligue 1,2223,Lorient,Enzo Le Fée,FRA,MF,22,2000,35,35,3028,33.6,5,6,11,5,0,0,5,0,0.15,0.18,0.33,0.15,0.33,45,18,40.0,1.34,0.54,0.11,0.28,87,88.5,87,22,0,,0,1.54,49,47,2,0.06,0.75,0,42,63,2,136,30,64,,,0
FRA-Ligue 1,2223,Lyon,Jeffinho,BRA,"MF,FW",22,1999,9,4,446,5.0,1,0,1,1,0,0,1,0,0.2,0.0,0.2,0.2,0.2,10,5,50.0,2.02,1.01,0.1,0.2,50,13.0,80,2,5,25,4,1.78,12,7,5,1.01,0.62,0,8,10,0,3,1,4,,,0
FRA-Ligue 1,2223,Lyon,Maxence Caqueret,FRA,MF,22,2000,36,32,2767,30.7,4,7,11,4,0,0,2,0,0.13,0.23,0.36,0.13,0.36,26,13,50.0,0.85,0.42,0.15,0.31,77,80.9,83,18,4,29,1,1.64,52,39,13,0.42,-0.27,0,48,31,4,96,38,56,,,0
FRA-Ligue 1,2223,Lyon,Tetê,BRA,"FW,MF",22,2000,17,14,1107,12.3,6,2,8,6,0,0,3,0,0.49,0.16,0.65,0.49,0.65,30,13,43.3,2.44,1.06,0.2,0.46,65,32.4,77,2,3,11,2,1.12,18,14,4,0.33,-0.22,0,10,19,5,42,12,10,,,0
FRA-Ligue 1,2223,Marseille,Azzedine Ounahi,MAR,MF,22,2000,7,1,121,1.3,1,0,1,1,0,0,0,0,0.74,0.0,0.74,0.74,0.74,3,2,66.7,2.23,1.49,0.33,0.5,17,3.5,45,0,6,13,1,2.14,1,2,-1,-0.74,-1.51,0,1,3,0,0,0,1,,,0
FRA-Ligue 1,2223,Marseille,Bamba Dieng,SEN,FW,22,2000,10,1,194,2.2,1,0,1,1,0,0,1,0,0.46,0.0,0.46,0.46,0.46,11,6,54.5,5.1,2.78,0.09,0.17,19,5.7,78,0,9,13,1,1.9,6,3,3,1.39,0.72,0,8,6,1,1,0,4,,,0
FRA-Ligue 1,2223,Marseille,Nuno Tavares,POR,MF,22,2000,31,23,2349,26.1,6,0,6,6,0,0,6,1,0.23,0.0,0.23,0.23,0.23,65,17,26.2,2.49,0.65,0.09,0.35,76,68.7,88,18,8,41,1,1.77,42,31,11,0.42,-0.92,0,37,38,6,97,15,29,,,0
FRA-Ligue 1,2223,Marseille,Vitinha,POR,FW,22,2000,14,5,464,5.2,2,0,2,2,0,0,0,0,0.39,0.0,0.39,0.39,0.39,26,9,34.6,5.04,1.75,0.08,0.22,33,13.6,61,1,9,17,3,1.43,7,8,-1,-0.19,-1.05,0,7,8,3,1,2,7,,,0
FRA-Ligue 1,2223,Monaco,Ismail Jakobs,SEN,"MF,DF",22,1999,32,9,1119,12.4,0,2,2,0,0,0,3,0,0.0,0.16,0.16,0.0,0.16,14,6,42.9,1.13,0.48,0.0,0.0,35,32.7,81,7,23,17,3,1.63,18,29,-11,-0.88,-1.78,0,14,10,1,60,9,6,,,0
FRA-Ligue 1,2223,Monaco,Mohamed Camara,MLI,MF,22,2000,29,25,2194,24.4,0,3,3,0,0,0,6,1,0.0,0.12,0.12,0.0,0.12,27,6,22.2,1.11,0.25,0.0,0.0,76,64.2,82,16,4,36,1,1.79,50,40,10,0.41,0.26,0,44,59,0,5,27,43,,,0
FRA-Ligue 1,2223,Monaco,Sofiane Diop,MAR,MF,22,2000,1,1,65,0.7,1,0,1,1,0,0,0,0,1.38,0.0,1.38,1.38,1.38,2,1,50.0,2.77,1.38,0.5,1.0,65,1.9,65,0,0,,2,3.0,2,1,1,1.38,1.09,0,0,2,1,8,1,0,,,0
FRA-Ligue 1,2223,Montpellier,Léo Leroy,FRA,MF,22,2000,27,14,1192,13.2,0,0,0,0,0,0,7,0,0.0,0.0,0.0,0.0,0.0,18,6,33.3,1.36,0.45,0.0,0.0,44,34.9,69,2,13,18,6,1.3,20,19,1,0.08,-0.01,0,37,19,1,9,15,38,,,0
FRA-Ligue 1,2223,Nice,Amine Gouiri,ALG,"MF,FW",22,2000,3,3,226,2.5,0,0,0,0,0,0,0,0,0.0,0.0,0.0,0.0,0.0,5,2,40.0,1.99,0.8,0.0,0.0,75,6.6,75,1,0,,1,0.67,1,3,-2,-0.8,-1.16,0,2,2,0,7,0,1,,,0
FRA-Ligue 1,2223,Nice,Bilal Brahimi,ALG,"FW,MF",22,2000,26,5,800,8.9,3,2,5,3,0,0,0,0,0.34,0.23,0.56,0.34,0.56,20,6,30.0,2.25,0.68,0.15,0.5,31,23.4,67,1,21,22,10,1.31,11,8,3,0.34,0.06,0,3,8,6,75,4,5,,,0
FRA-Ligue 1,2223,Nice,Hicham Boudaoui,ALG,MF,22,1999,27,22,1875,20.8,1,2,3,1,0,0,5,0,0.05,0.1,0.14,0.05,0.14,21,9,42.9,1.01,0.43,0.05,0.11,69,54.8,78,11,5,30,2,1.78,27,14,13,0.62,0.74,0,30,36,0,23,33,33,,,0
FRA-Ligue 1,2223,Nice,Jean-Clair Todibo,FRA,DF,22,1999,34,33,2870,31.9,0,0,0,0,0,0,4,2,0.0,0.0,0.0,0.0,0.0,12,3,25.0,0.38,0.09,0.0,0.0,84,83.9,86,30,1,31,0,1.53,43,29,14,0.44,0.93,1,21,15,1,5,35,49,,,0
FRA-Ligue 1,2223,Nice,Marcin Bułka,POL,GK,22,1999,2,2,180,2.0,0,0,0,0,0,0,0,0,0.0,0.0,0.0,0.0,0.0,0,0,,0.0,0.0,,,90,5.3,90,2,0,,20,0.5,1,2,-1,-0.5,-0.83,0,0,0,0,0,1,0,,,0
FRA-Ligue 1,2223,Nice,Sofiane Diop,MAR,"MF,FW",22,2000,22,14,1228,13.6,1,4,5,1,0,0,1,0,0.07,0.29,0.37,0.07,0.37,28,9,32.1,2.05,0.66,0.04,0.11,56,35.9,73,3,8,26,0,1.77,21,10,11,0.81,0.81,0,8,27,2,46,16,11,,,0
FRA-Ligue 1,2223,Paris Saint-Germain,Vitinha,POR,MF,22,2000,36,29,2446,27.2,2,3,5,2,0,0,3,0,0.07,0.11,0.18,0.07,0.18,31,11,35.5,1.14,0.4,0.06,0.18,68,71.5,77,8,7,31,1,2.25,58,28,30,1.1,-0.65,0,31,19,0,13,25,27,,,0
FRA-Ligue 1,2223,Reims,Alexis Flips,FRA,"MF,DF",22,2000,33,28,1978,22.0,4,6,10,4,0,0,3,1,0.18,0.27,0.46,0.18,0.46,52,20,38.5,2.37,0.91,0.08,0.2,60,57.8,68,4,5,17,3,1.45,29,23,6,0.27,0.65,0,23,23,2,142,22,29,,,0
FRA-Ligue 1,2223,Reims,Jens Cajuste,SWE,MF,22,1999,31,14,1530,17.0,3,1,4,3,0,0,8,1,0.18,0.06,0.24,0.18,0.24,27,7,25.9,1.59,0.41,0.11,0.43,49,44.7,76,2,17,28,0,1.45,16,19,-3,-0.18,-0.32,1,34,29,0,8,17,27,,,0
FRA-Ligue 1,2223,Reims,Maxime Busi,BEL,"MF,DF",22,1999,21,11,1043,11.6,0,1,1,0,0,0,4,0,0.0,0.09,0.09,0.0,0.09,4,0,0.0,0.35,0.0,0.0,,50,30.5,79,4,10,18,9,0.95,13,18,-5,-0.43,-0.62,0,19,6,0,28,16,15,,,0
FRA-Ligue 1,2223,Reims,Mitchell van Bergen,NED,"MF,FW",22,1999,28,6,905,10.1,0,1,1,0,0,0,1,0,0.0,0.1,0.1,0.0,0.1,25,12,48.0,2.49,1.19,0.0,0.0,32,26.5,74,2,22,21,2,1.39,13,15,-2,-0.2,-0.27,0,9,7,3,59,6,9,,,0
FRA-Ligue 1,2223,Reims,Yehvann Diouf,SEN,GK,22,1999,31,31,2790,31.0,0,0,0,0,0,0,2,0,0.0,0.0,0.0,0.0,0.0,0,0,,0.0,0.0,,,90,81.6,90,31,0,,4,1.45,35,31,4,0.13,0.7,0,0,10,0,0,1,1,,,0
FRA-Ligue 1,2223,Rennes,Amine Gouiri,ALG,"FW,MF",22,2000,33,29,2523,28.0,15,3,18,15,0,0,4,0,0.54,0.11,0.64,0.54,0.64,74,30,40.5,2.64,1.07,0.2,0.5,76,73.8,83,17,4,27,0,1.85,55,29,26,0.93,0.53,0,39,18,8,13,13,26,,,0
FRA-Ligue 1,2223,Rennes,Arthur Theate,BEL,DF,22,2000,35,35,3127,34.7,4,0,4,4,0,0,5,0,0.12,0.0,0.12,0.12,0.12,31,10,32.3,0.89,0.29,0.13,0.4,89,91.4,89,33,0,,1,1.69,59,38,21,0.6,-2.16,0,24,14,0,1,24,21,,,1
FRA-Ligue 1,2223,Rennes,Lorenz Assignon,TOG,DF,22,2000,12,2,261,2.9,0,1,1,0,0,0,3,0,0.0,0.34,0.34,0.0,0.34,2,1,50.0,0.69,0.34,0.0,0.0,22,7.6,81,1,10,10,9,2.42,5,3,2,0.69,-0.11,0,4,4,0,4,2,3,,,0
FRA-Ligue 1,2223,Rennes,Loïc Bade,FRA,DF,22,2000,1,1,90,1.0,0,1,1,0,0,0,1,0,0.0,1.0,1.0,0.0,1.0,2,0,0.0,2.0,0.0,0.0,,90,2.6,90,1,0,,4,3.0,2,1,1,1.0,0.22,0,3,1,0,0,2,1,,,0
FRA-Ligue 1,2223,Rennes,Warmed Omari,COM,DF,22,2000,16,15,1363,15.1,0,0,0,0,0,0,2,1,0.0,0.0,0.0,0.0,0.0,3,1,33.3,0.2,0.07,0.0,0.0,85,39.9,89,14,1,21,4,1.5,25,13,12,0.79,0.0,0,8,6,3,0,17,12,,,0
FRA-Ligue 1,2223,Toulouse,Nathan N'Goumou,CMR,MF,22,2000,1,1,90,1.0,0,0,0,0,0,0,0,0,0.0,0.0,0.0,0.0,0.0,0,0,,0.0,0.0,,,90,2.6,90,1,0,,0,1.0,1,1,0,0.0,0.16,0,0,0,0,1,2,2,,,0
FRA-Ligue 1,2223,Toulouse,Zakaria Aboukhlal,MAR,"MF,FW",22,2000,37,28,2473,27.5,10,5,15,10,0,0,4,0,0.36,0.18,0.55,0.36,0.55,82,32,39.0,2.98,1.16,0.12,0.31,67,72.3,80,12,9,26,0,1.27,38,45,-7,-0.25,-0.35,0,41,46,20,30,21,22,,,0
FRA-Ligue 1,2223,Troyes,Ante Palaversa,CRO,MF,22,2000,2,0,31,0.3,1,0,1,1,0,0,0,0,2.9,0.0,2.9,2.9,2.9,1,1,100.0,2.9,2.9,1.0,1.0,16,0.9,,0,2,16,11,0.0,2,0,2,5.81,6.82,0,0,0,0,2,1,1,,,0
FRA-Ligue 1,2223,Troyes,Papa Ndiaga Yade,MTN,"MF,DF",22,2000,14,6,568,6.3,0,2,2,0,0,0,1,1,0.0,0.32,0.32,0.0,0.32,10,3,30.0,1.58,0.48,0.0,0.0,41,16.6,70,2,8,19,8,0.93,9,12,-3,-0.48,0.57,0,15,10,2,31,7,5,,,0
ITA-Serie A,2223,Udinese,Simone Pafundi,ITA,FW,16,2006,8,0,85,0.9,0,0,0,0,0,0,0,0,0.0,0.0,0.0,0.0,0.0,1,0,0.0,1.06,0.0,0.0,,11,2.5,,0,8,11,15,1.0,1,2,-1,-1.06,-1.06,0,0,3,0,1,1,5,,,0
ITA-Serie A,2223,Inter,Valentin Carboni,ARG,MF,17,2005,5,0,25,0.3,0,0,0,0,0,0,0,0,0.0,0.0,0.0,0.0,0.0,0,0,,0.0,0.0,,,5,0.7,,0,5,5,23,0.8,1,1,0,0.0,-0.77,0,0,3,0,1,0,1,,,0
ITA-Serie A,2223,Lazio,Luka Romero,ARG,FW,17,2004,6,1,151,1.7,1,0,1,1,0,0,0,0,0.6,0.0,0.6,0.6,0.6,5,1,20.0,2.98,0.6,0.2,1.0,25,4.4,68,0,5,17,28,2.0,1,2,-1,-0.6,-1.45,0,3,6,0,0,2,0,,,0
ITA-Serie A,2223,Roma,Jordan Majchrzak,POL,FW,17,2004,1,0,14,0.2,0,0,0,0,0,0,0,0,0.0,0.0,0.0,0.0,0.0,0,0,,0.0,0.0,,,14,0.4,,0,1,14,5,0.0,1,0,1,6.43,6.14,0,0,0,0,0,0,0,,,0
ITA-Serie A,2223,Roma,Niccolò Pisilli,ITA,MF,17,2004,1,0,1,0.0,0,0,0,0,0,0,0,0,0.0,0.0,0.0,0.0,0.0,0,0,,0.0,0.0,,,1,0.0,,0,1,1,1,0.0,0,0,0,0.0,-0.32,0,0,0,0,0,0,0,,,0
ITA-Serie A,2223,Sampdoria,Mihailo Ivanović,SRB,FW,17,2004,1,0,4,0.0,0,0,0,0,0,0,0,0,0.0,0.0,0.0,0.0,0.0,0,0,,0.0,0.0,,,4,0.1,,0,1,4,1,0.0,0,0,0,0.0,1.24,0,0,0,0,0,0,0,,,0
ITA-Serie A,2223,Sampdoria,Samuel Ntanda,COD,FW,17,2005,1,0,4,0.0,0,0,0,0,0,0,0,0,0.0,0.0,0.0,0.0,0.0,1,1,100.0,22.5,22.5,0.0,0.0,4,0.1,,0,1,4,0,0.0,0,0,0,0.0,1.24,0,0,0,0,0,0,0,,,0
ITA-Serie A,2223,Sassuolo,Luca D'Andrea,ITA,FW,17,2004,5,5,316,3.5,0,1,1,0,0,0,0,0,0.0,0.28,0.28,0.0,0.28,7,3,42.9,1.99,0.85,0.0,0.0,63,9.2,63,0,0,,16,1.4,2,4,-2,-0.57,-0.22,0,4,9,1,7,1,0,,,0
ITA-Serie A,2223,Spezia,Julius Beck,DEN,MF,17,2005,1,0,10,0.1,0,0,0,0,0,0,0,0,0.0,0.0,0.0,0.0,0.0,0,0,,0.0,0.0,,,10,0.3,,0,1,10,23,0.0,0,1,-1,-9.0,-8.21,0,1,0,0,0,0,1,,,0
ITA-Serie A,2223,Udinese,Axel Guessand,FRA,DF,17,2004,1,1,79,0.9,0,0,0,0,0,0,0,0,0.0,0.0,0.0,0.0,0.0,0,0,,0.0,0.0,,,79,2.3,79,0,0,,15,0.0,0,1,-1,-1.14,-1.14,0,1,0,0,0,2,1,,,0
ITA-Serie A,2223,Udinese,Vivaldo Semedo,POR,FW,17,2005,5,0,36,0.4,0,0,0,0,0,0,0,0,0.0,0.0,0.0,0.0,0.0,1,0,0.0,2.5,0.0,0.0,,7,1.1,,0,5,7,8,0.2,0,1,-1,-2.5,-2.5,0,1,1,0,0,0,0,,,0
ITA-Serie A,2223,Atalanta,Giorgio Scalvini,ITA,DF,18,2003,32,29,2335,25.9,2,2,4,2,0,0,7,0,0.08,0.08,0.15,0.08,0.15,17,4,23.5,0.66,0.15,0.12,0.5,73,68.3,79,15,3,19,4,1.75,46,35,11,0.42,-0.16,0,54,6,6,9,52,29,,,0
ITA-Serie A,2223,Bologna,Antonio Raimondo,ITA,FW,18,2004,2,0,15,0.2,0,0,0,0,0,0,0,0,0.0,0.0,0.0,0.0,0.0,0,0,,0.0,0.0,,,8,0.4,,0,2,8,6,3.0,1,0,1,6.0,5.92,0,0,0,0,0,0,0,,,0
ITA-Serie A,2223,Bologna,Niklas Pyyhtiä,FIN,MF,18,2003,6,0,110,1.2,0,1,1,0,0,0,0,0,0.0,0.82,0.82,0.0,0.82,3,0,0.0,2.45,0.0,0.0,,18,3.2,,0,6,18,17,1.17,3,1,2,1.64,1.58,0,0,0,0,0,1,0,,,0
ITA-Serie A,2223,Cremonese,Alberto Basso,ITA,FW,18,2004,1,0,16,0.2,0,0,0,0,0,0,0,0,0.0,0.0,0.0,0.0,0.0,1,1,100.0,5.63,5.63,0.0,0.0,16,0.5,,0,1,16,8,0.0,0,0,0,0.0,0.87,0,0,0,0,0,0,0,,,0
ITA-Serie A,2223,Empoli,Herculano Nabian,POR,FW,18,2004,1,0,1,0.0,0,0,0,0,0,0,0,0,0.0,0.0,0.0,0.0,0.0,0,0,,0.0,0.0,,,1,0.0,,0,1,1,1,0.0,0,0,0,0.0,0.32,0,0,0,0,0,0,0,,,0
ITA-Serie A,2223,Hellas Verona,Diego Coppola,ITA,DF,18,2003,19,11,1177,13.1,0,0,0,0,0,0,5,0,0.0,0.0,0.0,0.0,0.0,3,0,0.0,0.23,0.0,0.0,,62,34.4,85,9,8,30,10,1.0,8,16,-8,-0.61,0.19,0,10,0,0,3,14,17,,,0
ITA-Serie A,2223,Juventus,Fabio Miretti,ITA,"MF,FW",18,2003,27,14,1234,13.7,0,2,2,0,0,0,2,0,0.0,0.15,0.15,0.0,0.15,20,5,25.0,1.46,0.36,0.0,0.0,46,36.1,67,1,13,23,7,1.78,14,9,5,0.36,-0.38,0,24,27,4,30,3,11,,,0
ITA-Serie A,2223,Juventus,Samuel Iling-Junior,ENG,MF,18,2003,12,1,318,3.5,1,1,2,1,0,0,1,0,0.28,0.28,0.57,0.28,0.57,4,1,25.0,1.13,0.28,0.25,1.0,27,9.3,81,0,11,22,15,2.08,7,0,7,1.98,1.52,0,9,2,0,12,2,2,,,0
ITA-Serie A,2223,Milan,Marko Lazetić,SRB,FW,18,2004,1,0,9,0.1,0,0,0,0,0,0,1,0,0.0,0.0,0.0,0.0,0.0,1,0,0.0,10.0,0.0,0.0,,9,0.3,,0,1,9,4,1.0,0,0,0,0.0,-0.55,0,0,0,0,0,0,0,,,0
ITA-Serie A,2223,Monza,Samuele Vignato,ITA,MF,18,2004,5,0,62,0.7,0,1,1,0,0,0,0,0,0.0,1.45,1.45,0.0,1.45,1,0,0.0,1.45,0.0,0.0,,12,1.8,,0,5,12,27,2.0,1,1,0,0.0,0.11,0,0,0,0,2,0,0,,,0
ITA-Serie A,2223,Monza,Warren Bondo,FRA,MF,18,2003,4,0,60,0.7,0,0,0,0,0,0,1,0,0.0,0.0,0.0,0.0,0.0,1,0,0.0,1.5,0.0,0.0,,15,1.8,,0,4,15,15,0.75,2,2,0,0.0,0.11,0,2,3,0,0,0,0,,,0
ITA-Serie A,2223,Roma,Cristian Volpato,ITA,MF,18,2003,7,2,227,2.5,1,1,2,1,0,0,0,0,0.4,0.4,0.79,0.4,0.79,4,1,25.0,1.59,0.4,0.25,1.0,32,6.6,59,0,5,22,27,0.86,3,0,3,1.19,0.94,0,7,6,0,9,3,2,,,0
ITA-Serie A,2223,Roma,Filippo Missori,ITA,"MF,DF",18,2004,3,2,181,2.0,0,0,0,0,0,0,1,0,0.0,0.0,0.0,0.0,0.0,0,0,,0.0,0.0,,,60,5.3,90,2,1,1,2,0.33,1,2,-1,-0.5,-0.86,0,4,0,0,2,4,3,,,0
ITA-Serie A,2223,Sampdoria,Emirhan İlkhan,TUR,MF,18,2004,8,0,113,1.3,0,0,0,0,0,0,0,0,0.0,0.0,0.0,0.0,0.0,1,0,0.0,0.8,0.0,0.0,,14,3.3,,0,8,14,8,0.63,2,3,-1,-0.8,0.46,0,0,2,0,4,0,3,,,0
ITA-Serie A,2223,Sampdoria,Lorenzo Malagrida,ITA,MF,18,2003,6,0,109,1.2,0,0,0,0,0,0,2,0,0.0,0.0,0.0,0.0,0.0,2,2,100.0,1.65,1.65,0.0,0.0,18,3.2,,0,6,18,18,0.17,0,5,-5,-4.13,-2.99,0,4,0,0,3,0,0,,,0
ITA-Serie A,2223,Sampdoria,Martin Turk,SVN,GK,18,2003,4,4,360,4.0,0,0,0,0,0,0,0,0,0.0,0.0,0.0,0.0,0.0,0,0,,0.0,0.0,,,90,10.5,90,4,0,,16,1.0,7,9,-2,-0.5,0.82,0,0,0,0,0,0,0,,,0
ITA-Serie A,2223,Torino,Emirhan İlkhan,TUR,MF,18,2004,4,1,87,1.0,0,0,0,0,0,0,1,0,0.0,0.0,0.0,0.0,0.0,2,0,0.0,2.07,0.0,0.0,,22,2.5,63,0,3,8,11,2.25,1,2,-1,-1.03,-1.09,0,5,0,0,0,2,1,,,0
ITA-Serie A,2223,Torino,Gvidas Gineitis,LTU,MF,18,2004,3,2,136,1.5,0,0,0,0,0,0,2,0,0.0,0.0,0.0,0.0,0.0,1,0,0.0,0.66,0.0,0.0,,45,4.0,68,1,1,1,20,0.33,0,1,-1,-0.66,-0.72,0,6,1,0,0,0,1,,,0
ITA-Serie A,2223,Udinese,James Abankwah,IRL,DF,18,2004,2,1,63,0.7,0,0,0,0,0,0,0,0,0.0,0.0,0.0,0.0,0.0,0,0,,0.0,0.0,,,32,1.8,58,0,1,5,33,0.0,0,0,0,0.0,0.03,0,2,1,0,0,0,1,,,0
ITA-Serie A,2223,Udinese,Nicolò Cocetta,ITA,DF,18,2003,1,0,32,0.4,0,0,0,0,0,0,0,0,0.0,0.0,0.0,0.0,0.0,0,0,,0.0,0.0,,,32,0.9,,0,1,32,1,0.0,0,1,-1,-2.81,-2.81,0,0,0,0,0,1,0,,,0
ITA-Serie A,2223,Atalanta,Rasmus Højlund,DEN,FW,19,2003,32,20,1834,20.4,9,2,11,9,0,0,1,0,0.44,0.1,0.54,0.44,0.54,54,28,51.9,2.65,1.37,0.17,0.32,57,53.6,74,5,12,29,3,1.69,45,29,16,0.79,0.67,0,22,32,6,7,1,3,,,0
ITA-Serie A,2223,Atalanta,Tommaso De Nipoti,ITA,FW,19,2003,1,0,4,0.0,0,0,0,0,0,0,0,0,0.0,0.0,0.0,0.0,0.0,0,0,,0.0,0.0,,,4,0.1,,0,1,4,2,3.0,1,0,1,22.5,22.05,0,0,0,0,0,0,0,,,0
ITA-Serie A,2223,Bologna,Denso Kasius,NED,MF,19,2002,7,4,342,3.8,0,2,2,0,0,0,1,0,0.0,0.53,0.53,0.0,0.53,4,0,0.0,1.05,0.0,0.0,,49,10.0,69,1,3,22,5,1.14,3,7,-4,-1.05,-1.29,0,3,1,0,11,3,6,,,0
ITA-Serie A,2223,Cremonese,Felix Afena-Gyan,GHA,"FW,MF",19,2003,23,7,817,9.1,0,0,0,0,0,0,4,0,0.0,0.0,0.0,0.0,0.0,21,2,9.5,2.31,0.22,0.0,0.0,36,23.9,63,1,16,24,11,0.78,9,13,-4,-0.44,0.56,0,18,11,6,4,1,3,,,0
ITA-Serie A,2223,Empoli,Duccio Degl'Innocenti,ITA,MF,19,2003,1,0,3,0.0,0,0,0,0,0,0,0,0,0.0,0.0,0.0,0.0,0.0,0,0,,0.0,0.0,,,3,0.1,,0,1,3,25,0.0,0,1,-1,-30.0,-29.71,0,0,0,0,0,1,0,,,0
ITA-Serie A,2223,Empoli,Jacopo Fazzini,ITA,MF,19,2003,21,8,825,9.2,0,0,0,0,0,0,4,0,0.0,0.0,0.0,0.0,0.0,14,1,7.1,1.53,0.11,0.0,0.0,39,24.1,71,1,13,20,16,1.38,6,9,-3,-0.33,-0.02,0,20,13,0,12,7,17,,,0
ITA-Serie A,2223,Empoli,Tommaso Baldanzi,ITA,MF,19,2003,26,24,1772,19.7,4,0,4,4,0,0,2,0,0.2,0.0,0.2,0.2,0.2,33,12,36.4,1.68,0.61,0.12,0.33,68,51.8,72,6,2,28,5,1.15,17,23,-6,-0.3,0.02,0,13,37,1,22,2,11,,,0
ITA-Serie A,2223,Fiorentina,Alessandro Bianco,ITA,MF,19,2002,7,2,153,1.7,0,0,0,0,0,0,1,0,0.0,0.0,0.0,0.0,0.0,2,1,50.0,1.18,0.59,0.0,0.0,22,4.5,54,0,5,9,30,1.71,3,1,2,1.18,0.96,0,7,4,0,1,0,2,,,0
ITA-Serie A,2223,Hellas Verona,Filippo Terracciano,ITA,MF,19,2003,20,7,821,9.1,0,1,1,0,0,0,2,0,0.0,0.11,0.11,0.0,0.11,5,3,60.0,0.55,0.33,0.0,0.0,41,24.0,75,1,13,23,17,1.24,5,9,-4,-0.44,0.39,0,7,17,0,24,8,13,,,0
ITA-Serie A,2223,Hellas Verona,Ibrahim Sulemana,GHA,MF,19,2003,16,6,651,7.2,0,0,0,0,0,0,4,0,0.0,0.0,0.0,0.0,0.0,9,3,33.3,1.24,0.41,0.0,0.0,41,19.0,76,2,10,20,13,1.12,6,15,-9,-1.24,-0.63,0,11,3,1,2,13,13,,,0
ITA-Serie A,2223,Hellas Verona,Jayden Braaf,NED,MF,19,2002,6,2,288,3.2,0,0,0,0,0,0,1,0,0.0,0.0,0.0,0.0,0.0,9,3,33.3,2.81,0.94,0.0,0.0,48,8.4,75,0,4,35,14,0.33,2,4,-2,-0.62,0.12,0,8,1,3,5,2,3,,,0
ITA-Serie A,2223,Inter,Mattia Zanotti,ITA,DF,19,2003,2,0,27,0.3,0,0,0,0,0,0,0,0,0.0,0.0,0.0,0.0,0.0,0,0,,0.0,0.0,,,14,0.8,,0,2,14,25,3.0,1,0,1,3.33,2.59,0,2,0,0,0,0,0,,,0
ITA-Serie A,2223,Juventus,Matìas Soulé,ARG,"MF,FW",19,2003,13,4,420,4.7,1,0,1,1,0,0,0,0,0.21,0.0,0.21,0.21,0.21,10,5,50.0,2.14,1.07,0.1,0.2,32,12.3,67,0,9,17,21,1.54,6,0,6,1.29,0.78,0,3,5,0,6,3,5,,,0
ITA-Serie A,2223,Juventus,Tommaso Barbieri,ITA,MF,19,2002,3,2,109,1.2,0,0,0,0,0,0,0,0,0.0,0.0,0.0,0.0,0.0,0,0,,0.0,0.0,,,36,3.2,51,0,1,8,8,1.0,0,2,-2,-1.65,-2.33,0,5,4,0,7,0,3,,,0
ITA-Serie A,2223,Lazio,Marco Bertini,ITA,MF,19,2002,1,0,1,0.0,0,0,0,0,0,0,0,0,0.0,0.0,0.0,0.0,0.0,0,0,,0.0,0.0,,,1,0.0,,0,1,1,21,3.0,0,0,0,0.0,-0.79,0,0,0,0,0,0,0,,,0
ITA-Serie A,2223,Lecce,Joel Voelkerling Persson,SWE,FW,19,2003,9,0,99,1.1,0,0,0,0,0,0,0,0,0.0,0.0,0.0,0.0,0.0,1,0,0.0,0.91,0.0,0.0,,11,2.9,,0,9,11,22,0.56,0,2,-2,-1.82,-1.52,0,3,1,0,4,0,1,,,0
ITA-Serie A,2223,Milan,Aster Vranckx,BEL,MF,19,2002,9,2,240,2.7,0,0,0,0,0,0,1,0,0.0,0.0,0.0,0.0,0.0,2,0,0.0,0.75,0.0,0.0,,27,7.0,82,1,7,11,24,2.11,4,3,1,0.37,-0.19,0,6,4,0,3,2,3,,,0
ITA-Serie A,2223,Monza,Franco Carboni,ITA,MF,19,2003,3,0,66,0.7,0,0,0,0,0,0,0,0,0.0,0.0,0.0,0.0,0.0,1,0,0.0,1.36,0.0,0.0,,22,1.9,,0,3,22,15,2.0,1,0,1,1.36,1.5,0,2,0,0,9,1,1,,,0
ITA-Serie A,2223,Roma,Benjamin Tahirovic,BIH,MF,19,2003,11,4,355,3.9,0,0,0,0,0,0,1,0,0.0,0.0,0.0,0.0,0.0,0,0,,0.0,0.0,,,32,10.4,68,1,7,12,17,1.27,7,5,2,0.51,0.21,0,5,2,0,5,2,5,,,0
ITA-Serie A,2223,Salernitana,Antonio Iervolino,ITA,MF,19,2003,1,0,5,0.1,0,0,0,0,0,0,0,0,0.0,0.0,0.0,0.0,0.0,0,0,,0.0,0.0,,,5,0.1,,0,1,5,30,3.0,1,0,1,18.0,18.4,0,0,1,0,0,0,0,,,0
ITA-Serie A,2223,Sampdoria,Daniele Montevago,ITA,FW,19,2003,6,3,231,2.6,0,0,0,0,0,0,1,0,0.0,0.0,0.0,0.0,0.0,7,1,14.3,2.73,0.39,0.0,0.0,39,6.8,63,1,3,14,3,0.5,0,4,-4,-1.56,-0.34,0,8,4,4,1,0,0,,,0
ITA-Serie A,2223,Sampdoria,Flavio Paoletti,ITA,MF,19,2003,12,1,284,3.2,0,0,0,0,0,0,1,0,0.0,0.0,0.0,0.0,0.0,0,0,,0.0,0.0,,,24,8.3,86,0,11,18,11,0.25,1,7,-6,-1.9,-0.72,0,5,3,0,1,6,2,,,0
ITA-Serie A,2223,Sampdoria,Gerard Yepes,ESP,MF,19,2002,5,2,198,2.2,0,0,0,0,0,0,2,0,0.0,0.0,0.0,0.0,0.0,1,0,0.0,0.45,0.0,0.0,,40,5.8,56,0,3,29,24,0.6,1,5,-4,-1.82,-0.62,0,7,4,0,0,4,3,,,0
ITA-Serie A,2223,Sampdoria,Telasco Segovia,VEN,MF,19,2003,1,0,4,0.0,0,0,0,0,0,0,0,0,0.0,0.0,0.0,0.0,0.0,0,0,,0.0,0.0,,,4,0.1,,0,1,4,5,0.0,0,0,0,0.0,1.24,0,0,0,0,0,0,0,,,0
ITA-Serie A,2223,Sassuolo,Janis Antiste,FRA,"FW,MF",19,2002,2,0,52,0.6,1,0,1,1,0,0,0,0,1.73,0.0,1.73,1.73,1.73,1,1,100.0,1.73,1.73,1.0,1.0,26,1.5,,0,2,26,13,1.5,2,1,1,1.73,2.13,0,4,0,0,0,0,0,,,0
ITA-Serie A,2223,Spezia,Tio Cipot,SVN,MF,19,2003,8,0,139,1.5,0,0,0,0,0,0,0,0,0.0,0.0,0.0,0.0,0.0,2,1,50.0,1.29,0.65,0.0,0.0,17,4.1,,0,8,17,12,0.22,0,3,-3,-1.94,-1.17,0,1,2,0,7,0,6,,,0
ITA-Serie A,2223,Udinese,Destiny Udogie,ITA,MF,19,2002,33,31,2704,30.0,3,4,7,3,0,0,5,0,0.1,0.13,0.23,0.1,0.23,27,10,37.0,0.9,0.33,0.11,0.3,82,79.1,86,20,2,22,0,1.33,35,33,2,0.07,0.44,0,37,58,5,29,36,44,,,0
ITA-Serie A,2223,Udinese,Festy Ebosele,IRL,MF,19,2002,17,4,411,4.6,0,1,1,0,0,0,4,0,0.0,0.22,0.22,0.0,0.22,4,1,25.0,0.88,0.22,0.0,0.0,24,12.0,65,0,13,12,18,1.06,3,5,-2,-0.44,-0.47,0,11,7,0,18,2,10,,,0
ITA-Serie A,2223,Atalanta,Brandon Soppy,FRA,MF,20,2002,15,8,643,7.1,0,3,3,0,0,0,2,0,0.0,0.42,0.42,0.0,0.42,7,2,28.6,0.98,0.28,0.0,0.0,43,18.8,64,1,7,19,18,1.53,10,9,1,0.14,-0.41,0,18,20,2,19,3,5,,,0
ITA-Serie A,2223,Atalanta,Lukáš Vorlický,CZE,FW,20,2002,3,0,24,0.3,0,0,0,0,0,0,0,0,0.0,0.0,0.0,0.0,0.0,1,1,100.0,3.75,3.75,0.0,0.0,8,0.7,,0,3,8,5,0.33,1,1,0,0.0,-0.48,0,0,0,0,1,1,0,,,0
ITA-Serie A,2223,Atalanta,Matteo Ruggeri,ITA,"MF,DF",20,2002,15,8,829,9.2,0,1,1,0,0,0,3,0,0.0,0.11,0.11,0.0,0.11,10,1,10.0,1.09,0.11,0.0,0.0,55,24.2,90,8,7,16,13,1.67,19,13,6,0.65,0.23,0,10,5,0,38,12,12,,,0
ITA-Serie A,2223,Bologna,Joaquin Sosa,URU,DF,20,2002,10,7,688,7.6,0,0,0,0,0,0,2,0,0.0,0.0,0.0,0.0,0.0,3,1,33.3,0.39,0.13,0.0,0.0,69,20.1,88,6,3,23,27,1.6,5,10,-5,-0.65,-0.95,0,17,7,0,1,4,2,,,0
ITA-Serie A,2223,Cremonese,Christian Acella,ITA,MF,20,2002,1,0,15,0.2,0,0,0,0,0,0,0,0,0.0,0.0,0.0,0.0,0.0,0,0,,0.0,0.0,,,15,0.4,,0,1,15,25,0.0,0,1,-1,-6.0,-5.15,0,0,0,0,0,0,0,,,0
ITA-Serie A,2223,Cremonese,Tommaso Milanese,ITA,MF,20,2002,2,0,27,0.3,0,0,0,0,0,0,0,0,0.0,0.0,0.0,0.0,0.0,0,0,,0.0,0.0,,,14,0.8,,0,2,14,18,0.0,0,1,-1,-3.33,-2.48,0,1,1,0,2,0,0,,,0
ITA-Serie A,2223,Empoli,Emmanuel Ekong,SWE,FW,20,2002,2,0,20,0.2,0,0,0,0,0,0,0,0,0.0,0.0,0.0,0.0,0.0,1,0,0.0,4.5,0.0,0.0,,10,0.6,,0,2,10,17,0.5,1,1,0,0.0,0.32,0,0,0,1,0,0,0,,,0
ITA-Serie A,2223,Empoli,Koni De Winter,BEL,DF,20,2002,14,12,1024,11.4,0,0,0,0,0,0,3,0,0.0,0.0,0.0,0.0,0.0,0,0,,0.0,0.0,,,73,29.9,83,10,2,15,13,1.0,9,17,-8,-0.7,-0.55,0,13,2,0,0,6,10,,,0
ITA-Serie A,2223,Hellas Verona,Bruno Amione,ARG,DF,20,2002,1,1,58,0.6,0,0,0,0,0,0,1,0,0.0,0.0,0.0,0.0,0.0,0,0,,0.0,0.0,,,58,1.7,58,0,0,,3,0.0,2,3,-1,-1.55,-0.83,0,3,0,0,0,0,1,,,0
ITA-Serie A,2223,Hellas Verona,Josh Doig,SCO,MF,20,2002,22,15,1354,15.0,2,3,5,2,0,0,1,0,0.13,0.2,0.33,0.13,0.33,18,6,33.3,1.2,0.4,0.11,0.33,62,39.6,77,7,7,28,8,0.86,13,22,-9,-0.6,0.23,0,14,7,2,46,11,8,,,0
ITA-Serie A,2223,Inter,Kristjan Asllani,ALB,MF,20,2002,20,5,592,6.6,0,0,0,0,0,0,2,0,0.0,0.0,0.0,0.0,0.0,11,0,0.0,1.67,0.0,0.0,,30,17.3,69,1,15,16,18,2.05,9,10,-1,-0.15,-1.11,0,5,7,0,20,5,5,,,0
ITA-Serie A,2223,Juventus,Nicolò Rovella,ITA,MF,20,2001,3,0,27,0.3,0,0,0,0,0,0,1,0,0.0,0.0,0.0,0.0,0.0,2,0,0.0,6.67,0.0,0.0,,9,0.8,,0,3,9,0,1.67,0,0,0,0.0,-0.61,0,1,1,0,3,0,1,,,0
ITA-Serie A,2223,Lazio,Matteo Cancellieri,ITA,FW,20,2002,20,1,256,2.8,0,0,0,0,0,0,4,0,0.0,0.0,0.0,0.0,0.0,6,1,16.7,2.11,0.35,0.0,0.0,13,7.5,45,0,19,11,18,1.85,6,2,4,1.41,0.67,0,14,10,5,7,1,4,,,0
ITA-Serie A,2223,Lecce,Joan Gonzàlez,ESP,MF,20,2002,35,26,2197,24.4,1,3,4,1,0,0,8,0,0.04,0.12,0.16,0.04,0.16,17,4,23.5,0.7,0.16,0.06,0.25,63,64.2,76,5,9,24,2,0.86,21,29,-8,-0.33,0.04,0,36,45,2,26,18,28,,,1
ITA-Serie A,2223,Lecce,Lorenzo Colombo,ITA,FW,20,2002,33,18,1515,16.8,5,2,7,4,1,2,4,0,0.3,0.12,0.42,0.24,0.36,45,14,31.1,2.67,0.83,0.09,0.29,46,44.3,69,0,15,18,4,0.97,20,18,2,0.12,0.83,0,37,16,8,10,1,8,,,0
ITA-Serie A,2223,Lecce,Pablo Rodríguez,ESP,"FW,MF",20,2001,4,0,54,0.6,0,0,0,0,0,0,0,0,0.0,0.0,0.0,0.0,0.0,0,0,,0.0,0.0,,,14,1.6,,0,4,14,14,0.25,0,0,0,0.0,0.35,0,1,2,0,4,0,1,,,0
ITA-Serie A,2223,Milan,Malick Thiaw,GER,DF,20,2001,20,15,1362,15.1,0,0,0,0,0,0,5,0,0.0,0.0,0.0,0.0,0.0,8,3,37.5,0.53,0.2,0.0,0.0,68,39.8,83,11,5,24,13,1.95,21,12,9,0.59,0.07,0,13,7,1,2,13,26,,,0
ITA-Serie A,2223,Monza,Nicolò Rovella,ITA,MF,20,2001,25,21,1740,19.3,1,2,3,1,0,0,5,1,0.05,0.1,0.16,0.05,0.16,21,6,28.6,1.09,0.31,0.05,0.17,70,50.9,76,9,4,34,1,1.64,31,19,12,0.62,1.48,0,26,21,2,28,37,29,,,0
ITA-Serie A,2223,Roma,Edoardo Bove,ITA,"MF,DF",20,2002,22,10,992,11.0,1,0,1,1,0,0,2,0,0.09,0.0,0.09,0.09,0.09,7,2,28.6,0.64,0.18,0.14,0.5,45,29.0,75,4,12,20,16,1.77,12,13,-1,-0.09,-0.57,0,24,23,1,9,8,19,,,0
ITA-Serie A,2223,Roma,Nicola Zalewski,POL,"MF,DF",20,2002,33,26,2197,24.4,2,1,3,2,0,0,3,0,0.08,0.04,0.12,0.08,0.12,29,9,31.0,1.19,0.37,0.07,0.22,67,64.2,78,10,7,23,3,1.61,29,24,5,0.2,-0.31,0,22,51,1,75,29,25,,,0
ITA-Serie A,2223,Salernitana,Lorenzo Pirola,ITA,DF,20,2002,26,23,1941,21.6,2,0,2,2,0,0,4,0,0.09,0.0,0.09,0.09,0.09,13,2,15.4,0.6,0.09,0.15,1.0,75,56.8,82,12,3,22,11,1.12,25,38,-13,-0.6,-0.54,0,28,9,0,1,30,29,,,0
ITA-Serie A,2223,Sampdoria,Bruno Amione,ARG,DF,20,2002,26,25,2086,23.2,1,1,2,1,0,0,10,1,0.04,0.04,0.09,0.04,0.09,12,2,16.7,0.52,0.09,0.08,0.5,80,61.0,83,17,1,22,6,0.62,17,42,-25,-1.08,0.41,1,24,17,0,5,24,34,,,0
ITA-Serie A,2223,Sassuolo,Emil Ceide,NOR,FW,20,2001,19,5,515,5.7,0,1,1,0,0,0,0,0,0.0,0.17,0.17,0.0,0.17,10,3,30.0,1.75,0.52,0.0,0.0,27,15.1,58,0,14,16,17,0.95,8,9,-1,-0.17,0.23,0,4,7,1,6,1,2,,,0
ITA-Serie A,2223,Spezia,Daniel Maldini,ITA,"FW,MF",20,2001,18,4,628,7.0,2,0,2,2,0,0,1,0,0.29,0.0,0.29,0.29,0.29,15,6,40.0,2.15,0.86,0.13,0.33,35,18.4,57,0,14,29,10,0.61,5,11,-6,-0.86,-0.05,0,13,18,0,18,1,5,,,0
ITA-Serie A,2223,Spezia,Mikael Ellertsson,ISL,MF,20,2002,11,1,171,1.9,0,0,0,0,0,0,3,0,0.0,0.0,0.0,0.0,0.0,2,0,0.0,1.05,0.0,0.0,,16,5.0,64,0,10,11,6,1.0,0,6,-6,-3.16,-2.47,0,6,3,0,3,2,2,,,0
ITA-Serie A,2223,Spezia,Petar Zovko,BIH,GK,20,2002,1,0,74,0.8,0,0,0,0,0,0,0,0,0.0,0.0,0.0,0.0,0.0,0,0,,0.0,0.0,,,74,2.2,,0,1,74,27,1.0,1,2,-1,-1.22,-0.41,0,0,0,0,0,0,0,,,0
ITA-Serie A,2223,Spezia,Raimonds Krollis,LVA,FW,20,2001,4,0,36,0.4,0,0,0,0,0,0,0,0,0.0,0.0,0.0,0.0,0.0,2,1,50.0,5.0,2.5,0.0,0.0,9,1.1,,0,4,9,15,0.0,0,1,-1,-2.5,-1.7,0,2,0,0,0,0,1,,,0
ITA-Serie A,2223,Torino,Samuele Ricci,ITA,MF,20,2001,28,23,2070,23.0,2,1,3,2,0,0,6,0,0.09,0.04,0.13,0.09,0.13,21,7,33.3,0.91,0.3,0.1,0.29,74,60.5,84,15,5,28,3,1.54,28,22,6,0.26,0.59,0,22,58,0,31,17,21,,,0
ITA-Serie A,2223,Udinese,Brandon Soppy,FRA,MF,20,2002,1,1,90,1.0,0,0,0,0,0,0,1,0,0.0,0.0,0.0,0.0,0.0,2,1,50.0,2.0,1.0,0.0,0.0,90,2.6,90,1,0,,0,0.0,2,4,-2,-2.0,-2.03,0,2,2,0,1,1,1,,,0
ITA-Serie A,2223,Udinese,Lazar Samardzic,SRB,"MF,FW",20,2002,37,19,1848,20.5,5,4,9,5,0,0,1,0,0.24,0.19,0.44,0.24,0.44,50,18,36.0,2.44,0.88,0.1,0.28,50,54.0,75,3,18,24,1,1.22,29,27,2,0.1,0.27,0,26,13,0,92,10,16,,,0
ITA-Serie A,2223,Udinese,Leonardo Buta,POR,DF,20,2002,2,0,16,0.2,0,0,0,0,0,0,0,0,0.0,0.0,0.0,0.0,0.0,0,0,,0.0,0.0,,,8,0.5,,0,2,8,17,0.0,0,1,-1,-5.63,-5.63,0,0,0,0,2,0,1,,,0
ITA-Serie A,2223,Atalanta,Caleb Okoli,ITA,DF,21,2001,17,9,960,10.7,0,0,0,0,0,0,3,0,0.0,0.0,0.0,0.0,0.0,7,2,28.6,0.66,0.19,0.0,0.0,56,28.1,85,8,8,24,19,1.76,19,10,9,0.84,0.51,0,15,8,0,2,31,17,,,0
ITA-Serie A,2223,Bologna,Emanuel Vignato,ITA,MF,21,2000,8,2,242,2.7,0,1,1,0,0,0,1,0,0.0,0.37,0.37,0.0,0.37,1,1,100.0,0.37,0.37,0.0,0.0,30,7.1,53,0,6,23,7,0.63,2,4,-2,-0.74,-0.91,0,3,1,0,2,3,4,,,0
ITA-Serie A,2223,Bologna,Joshua Zirkzee,NED,FW,21,2001,19,5,822,9.1,2,2,4,2,0,0,1,0,0.22,0.22,0.44,0.22,0.44,29,8,27.6,3.18,0.88,0.07,0.25,43,24.0,87,4,14,28,10,1.21,17,11,6,0.66,0.73,0,8,9,2,1,3,3,,,0
ITA-Serie A,2223,Cremonese,Emanuel Aiwum,AUT,DF,21,2000,23,17,1653,18.4,0,0,0,0,0,0,3,0,0.0,0.0,0.0,0.0,0.0,3,1,33.3,0.16,0.05,0.0,0.0,72,48.3,87,14,6,29,13,0.61,13,30,-17,-0.93,-0.11,0,21,15,0,3,25,36,,,0
ITA-Serie A,2223,Empoli,Emanuel Vignato,ITA,MF,21,2000,5,0,57,0.6,1,0,1,1,0,0,0,0,1.58,0.0,1.58,1.58,1.58,2,1,50.0,3.16,1.58,0.5,1.0,11,1.7,,0,5,11,13,0.4,2,2,0,0.0,0.32,0,1,0,0,3,0,0,,,0
ITA-Serie A,2223,Empoli,Fabiano Parisi,ITA,DF,21,2000,33,33,2830,31.4,2,0,2,2,0,0,10,1,0.06,0.0,0.06,0.06,0.06,21,2,9.5,0.67,0.06,0.1,1.0,86,82.7,86,28,0,,2,1.21,31,37,-6,-0.19,0.72,0,35,73,0,59,41,38,,,0
ITA-Serie A,2223,Empoli,Liberato Cacace,NZL,DF,21,2000,12,5,587,6.5,0,0,0,0,0,0,1,0,0.0,0.0,0.0,0.0,0.0,7,1,14.3,1.07,0.15,0.0,0.0,49,17.2,86,4,7,22,26,0.5,6,9,-3,-0.46,-0.17,0,9,4,0,28,3,12,,,0
ITA-Serie A,2223,Empoli,Martin Satriano,URU,FW,21,2001,31,20,1705,18.9,2,1,3,2,0,0,4,0,0.11,0.05,0.16,0.11,0.16,38,10,26.3,2.01,0.53,0.05,0.2,55,49.9,76,5,11,17,6,1.03,15,27,-12,-0.63,-0.63,0,20,29,5,22,3,10,,,0
ITA-Serie A,2223,Empoli,Nicolò Cambiaghi,ITA,"FW,MF",21,2000,28,12,1285,14.3,6,1,7,6,0,0,5,1,0.42,0.07,0.49,0.42,0.49,35,14,40.0,2.45,0.98,0.17,0.43,46,37.6,74,2,16,25,3,1.32,19,12,7,0.49,1.29,1,26,60,1,42,9,22,,,0
ITA-Serie A,2223,Empoli,Roberto Piccoli,ITA,FW,21,2001,13,6,516,5.7,2,0,2,2,0,0,0,0,0.35,0.0,0.35,0.35,0.35,12,6,50.0,2.09,1.05,0.17,0.33,40,15.1,68,0,7,16,4,0.85,5,7,-2,-0.35,-0.04,0,6,3,4,1,1,1,,,0
ITA-Serie A,2223,Hellas Verona,Alessandro Cortinovis,ITA,MF,21,2001,1,0,6,0.1,0,0,0,0,0,0,0,0,0.0,0.0,0.0,0.0,0.0,0,0,,0.0,0.0,,,6,0.2,,0,1,6,8,0.0,0,0,0,0.0,0.74,0,0,0,0,0,0,0,,,0
ITA-Serie A,2223,Hellas Verona,Ivan Ilić,SRB,MF,21,2001,11,10,851,9.5,0,1,1,0,0,0,1,0,0.0,0.11,0.11,0.0,0.11,9,2,22.2,0.95,0.21,0.0,0.0,77,24.9,83,7,1,20,2,1.09,10,14,-4,-0.42,0.42,0,9,9,0,46,8,10,,,0
ITA-Serie A,2223,Hellas Verona,Juan David Cabal,COL,DF,21,2001,11,3,444,4.9,0,0,0,0,0,0,3,0,0.0,0.0,0.0,0.0,0.0,1,1,100.0,0.2,0.2,0.0,0.0,40,13.0,73,1,8,28,25,0.42,3,11,-8,-1.62,-1.02,0,7,2,1,7,13,6,,,0
ITA-Serie A,2223,Hellas Verona,Roberto Piccoli,ITA,FW,21,2001,7,2,192,2.1,0,0,0,0,0,0,0,0,0.0,0.0,0.0,0.0,0.0,4,2,50.0,1.87,0.94,0.0,0.0,27,5.6,45,0,5,20,5,0.57,2,3,-1,-0.47,0.28,0,2,3,4,3,0,0,,,0
ITA-Serie A,2223,Hellas Verona,Yayah Kallon,SLE,MF,21,2001,22,8,860,9.6,1,1,2,1,0,0,1,0,0.1,0.1,0.21,0.1,0.21,20,6,30.0,2.09,0.63,0.05,0.17,39,25.1,57,0,14,29,14,0.77,8,14,-6,-0.63,0.15,0,13,21,4,33,8,10,,,0
ITA-Serie A,2223,Juventus,Enzo Barrenechea,ARG,MF,21,2001,3,3,158,1.8,0,0,0,0,0,0,0,0,0.0,0.0,0.0,0.0,0.0,2,0,0.0,1.14,0.0,0.0,,53,4.6,53,0,0,,7,3.0,4,4,0,0.0,-0.63,0,3,1,0,0,2,3,,,0
ITA-Serie A,2223,Juventus,Nicolò Fagioli,ITA,MF,21,2001,26,17,1520,16.9,3,3,6,3,0,0,3,0,0.18,0.18,0.36,0.18,0.36,13,8,61.5,0.77,0.47,0.23,0.38,58,44.4,76,8,9,26,8,2.0,31,16,15,0.89,0.51,0,20,23,1,23,8,18,,,0
ITA-Serie A,2223,Lazio,Mario Gila,ESP,DF,21,2000,4,0,90,1.0,0,0,0,0,0,0,0,0,0.0,0.0,0.0,0.0,0.0,0,0,,0.0,0.0,,,23,2.6,,0,4,23,29,1.75,3,2,1,1.0,0.22,0,1,1,0,0,3,1,,,0
ITA-Serie A,2223,Lecce,Kristoffer Askildsen,NOR,MF,21,2001,21,7,728,8.1,0,0,0,0,0,0,3,0,0.0,0.0,0.0,0.0,0.0,10,3,30.0,1.24,0.37,0.0,0.0,35,21.3,63,0,14,21,15,1.19,9,10,-1,-0.12,0.28,0,20,7,1,19,10,3,,,0
ITA-Serie A,2223,Lecce,Lameck Banda,ZAM,"FW,MF",21,2001,36,19,1636,18.2,2,1,3,2,0,0,6,0,0.11,0.06,0.17,0.11,0.17,36,12,33.3,1.98,0.66,0.06,0.17,45,47.8,69,3,17,19,1,0.97,14,20,-6,-0.33,0.02,0,31,37,11,51,8,20,,,0
ITA-Serie A,2223,Lecce,Þórir Jóhann Helgason,ISL,MF,21,2000,12,2,222,2.5,0,0,0,0,0,0,0,0,0.0,0.0,0.0,0.0,0.0,2,0,0.0,0.81,0.0,0.0,,19,6.5,45,0,10,13,24,0.58,1,4,-3,-1.22,-0.93,0,2,2,0,10,3,2,,,0
ITA-Serie A,2223,Milan,Charles De Ketelaere,BEL,MF,21,2001,32,9,1116,12.4,0,1,1,0,0,0,2,0,0.0,0.08,0.08,0.0,0.08,19,4,21.1,1.53,0.32,0.0,0.0,35,32.6,67,0,23,22,5,1.78,19,18,1,0.08,-0.7,0,19,15,2,10,4,12,,,0
ITA-Serie A,2223,Milan,Sergiño Dest,USA,DF,21,2000,8,2,329,3.7,0,0,0,0,0,0,0,0,0.0,0.0,0.0,0.0,0.0,2,1,50.0,0.55,0.27,0.0,0.0,41,9.6,68,1,6,32,7,1.63,10,7,3,0.82,0.3,0,6,4,0,4,3,5,,,0
ITA-Serie A,2223,Monza,Andrea Carboni,ITA,DF,21,2001,4,1,167,1.9,0,0,0,0,0,0,0,0,0.0,0.0,0.0,0.0,0.0,1,1,100.0,0.54,0.54,0.0,0.0,42,4.9,90,1,3,26,15,0.0,2,7,-5,-2.69,-2.72,0,1,1,0,5,3,2,,,0
ITA-Serie A,2223,Monza,Filippo Ranocchia,ITA,"MF,FW",21,2001,14,5,530,5.9,1,0,1,1,0,0,1,0,0.17,0.0,0.17,0.17,0.17,19,8,42.1,3.23,1.36,0.05,0.13,38,15.5,63,1,9,24,20,1.29,6,9,-3,-0.51,-0.48,0,7,12,0,12,4,6,,,0
ITA-Serie A,2223,Monza,Valentin Antov,BUL,DF,21,2000,9,2,306,3.4,0,0,0,0,0,0,2,0,0.0,0.0,0.0,0.0,0.0,0,0,,0.0,0.0,,,34,8.9,75,1,7,22,28,0.89,6,8,-2,-0.59,-0.53,0,4,2,0,2,5,5,,,0
ITA-Serie A,2223,Napoli,Alessandro Zanoli,ITA,MF,21,2000,1,0,12,0.1,0,0,0,0,0,0,0,0,0.0,0.0,0.0,0.0,0.0,1,1,100.0,7.5,7.5,0.0,0.0,12,0.4,,0,1,12,15,3.0,0,0,0,0.0,-1.29,0,0,0,0,1,0,0,,,0
ITA-Serie A,2223,Napoli,Khvicha Kvaratskhelia,GEO,FW,21,2001,34,30,2518,28.0,12,10,22,10,2,2,1,0,0.43,0.36,0.79,0.36,0.71,85,32,37.6,3.04,1.14,0.12,0.31,74,73.6,79,8,4,38,0,2.29,58,21,37,1.32,0.13,0,20,45,6,75,5,26,,,0
ITA-Serie A,2223,Salernitana,Flavius Daniliuc,AUT,DF,21,2001,27,23,2195,24.4,0,2,2,0,0,0,9,0,0.0,0.08,0.08,0.0,0.08,10,4,40.0,0.41,0.16,0.0,0.0,81,64.2,87,19,4,46,4,1.0,29,39,-10,-0.41,-0.12,0,33,4,0,0,28,29,,,0
ITA-Serie A,2223,Sampdoria,Alessandro Zanoli,ITA,"MF,DF",21,2000,22,16,1540,17.1,2,3,5,2,0,0,3,0,0.12,0.18,0.29,0.12,0.29,15,7,46.7,0.88,0.41,0.13,0.29,70,45.0,86,12,6,28,0,0.45,13,34,-21,-1.23,0.02,0,4,10,0,34,13,14,,,0
ITA-Serie A,2223,Sassuolo,Agustín Álvarez,URU,FW,21,2001,22,1,368,4.1,1,1,2,1,0,0,1,0,0.24,0.24,0.49,0.24,0.49,14,4,28.6,3.42,0.98,0.07,0.25,17,10.8,53,0,21,15,13,0.86,6,9,-3,-0.73,-0.41,0,8,4,2,4,2,3,,,0
ITA-Serie A,2223,Sassuolo,Alessandro Russo,ITA,GK,21,2001,1,1,90,1.0,0,0,0,0,0,0,0,0,0.0,0.0,0.0,0.0,0.0,0,0,,0.0,0.0,,,90,2.6,90,1,0,,33,0.0,1,3,-2,-2.0,-1.68,0,0,1,0,0,0,0,,,0
ITA-Serie A,2223,Spezia,Dávid Strelec,SVK,FW,21,2001,7,1,169,1.9,0,0,0,0,0,0,0,0,0.0,0.0,0.0,0.0,0.0,3,1,33.3,1.6,0.53,0.0,0.0,24,4.9,57,0,6,19,11,0.57,2,5,-3,-1.6,-0.82,0,4,1,2,0,0,2,,,0
ITA-Serie A,2223,Spezia,Ethan Ampadu,WAL,"DF,MF",21,2000,31,31,2639,29.3,0,1,1,0,0,0,10,1,0.0,0.03,0.03,0.0,0.03,16,5,31.3,0.55,0.17,0.0,0.0,85,77.2,85,22,0,,0,0.75,22,42,-20,-0.68,0.59,1,44,20,1,12,37,39,,,0
ITA-Serie A,2223,Spezia,Salvatore Esposito,ITA,MF,21,2000,15,10,971,10.8,1,0,1,1,0,0,5,1,0.09,0.0,0.09,0.09,0.09,14,2,14.3,1.3,0.19,0.07,0.5,65,28.4,84,6,5,26,5,0.44,7,18,-11,-1.02,-0.28,1,11,25,2,53,12,12,,,0
ITA-Serie A,2223,Torino,David Zima,CZE,DF,21,2000,9,4,406,4.5,0,0,0,0,0,0,0,0,0.0,0.0,0.0,0.0,0.0,4,2,50.0,0.89,0.44,0.0,0.0,45,11.9,83,3,5,15,10,1.56,6,5,1,0.22,0.22,0,4,2,0,0,9,3,,,0
ITA-Serie A,2223,Torino,Demba Seck,SEN,"MF,FW",21,2001,19,6,519,5.8,0,0,0,0,0,0,0,0,0.0,0.0,0.0,0.0,0.0,10,3,30.0,1.73,0.52,0.0,0.0,27,15.2,65,0,13,10,17,1.21,2,5,-3,-0.52,-0.64,0,8,18,6,7,1,2,,,0
ITA-Serie A,2223,Torino,Ivan Ilić,SRB,MF,21,2001,14,13,1177,13.1,2,2,4,2,0,0,3,0,0.15,0.15,0.31,0.15,0.31,5,2,40.0,0.38,0.15,0.4,1.0,84,34.4,88,9,1,37,1,1.57,18,12,6,0.46,0.66,0,13,19,1,34,5,8,,,0
ITA-Serie A,2223,Torino,Pietro Pellegri,ITA,FW,21,2001,18,4,465,5.2,2,0,2,2,0,0,3,0,0.39,0.0,0.39,0.39,0.39,10,5,50.0,1.94,0.97,0.2,0.4,26,13.6,61,0,14,16,8,1.22,8,5,3,0.58,0.64,0,15,14,7,3,0,2,,,0
ITA-Serie A,2223,Torino,Wilfried Singo,CIV,MF,21,2000,31,24,2046,22.7,2,1,3,2,0,0,8,0,0.09,0.04,0.13,0.09,0.13,34,10,29.4,1.5,0.44,0.06,0.2,66,59.8,78,9,7,24,3,1.32,26,27,-1,-0.04,-0.17,0,42,35,1,56,11,17,,,0
ITA-Serie A,2223,Bologna,Andrea Cambiaso,ITA,"DF,MF",22,2000,32,25,2170,24.1,0,3,3,0,0,0,2,0,0.0,0.12,0.12,0.0,0.12,17,5,29.4,0.71,0.21,0.0,0.0,68,63.5,81,17,7,19,2,1.38,30,28,2,0.08,-0.06,0,26,30,5,56,28,35,,,0
ITA-Serie A,2223,Bologna,Lewis Ferguson,SCO,MF,22,1999,32,27,2314,25.7,7,0,7,7,0,0,4,0,0.27,0.0,0.27,0.27,0.27,43,19,44.2,1.67,0.74,0.16,0.37,72,67.7,82,15,5,21,4,1.5,40,30,10,0.39,0.88,0,50,41,6,13,16,26,,,0
ITA-Serie A,2223,Cremonese,Giacomo Quagliata,ITA,"MF,DF",22,2000,20,6,699,7.8,0,1,1,0,0,0,0,1,0.0,0.13,0.13,0.0,0.13,9,1,11.1,1.16,0.13,0.0,0.0,35,20.4,70,1,14,20,13,0.65,6,17,-11,-1.42,-0.69,0,13,13,0,54,12,7,,,0
ITA-Serie A,2223,Cremonese,Marco Carnesecchi,ITA,GK,22,2000,27,27,2430,27.0,0,1,1,0,0,0,1,0,0.0,0.04,0.04,0.0,0.04,0,0,,0.0,0.0,,,90,71.1,90,27,0,,4,0.78,25,47,-22,-0.81,0.19,0,0,5,0,0,0,1,,,0
ITA-Serie A,2223,Empoli,Sebastian Walukiewicz,POL,DF,22,2000,11,6,603,6.7,0,0,0,0,0,0,0,0,0.0,0.0,0.0,0.0,0.0,2,1,50.0,0.3,0.15,0.0,0.0,55,17.6,80,5,5,24,21,1.27,8,9,-1,-0.15,0.2,0,5,2,0,0,7,7,,,0
ITA-Serie A,2223,Fiorentina,Aleksa Terzić,SRB,DF,22,1999,22,8,935,10.4,1,1,2,1,0,0,2,0,0.1,0.1,0.19,0.1,0.19,9,2,22.2,0.87,0.19,0.11,0.5,43,27.3,85,5,14,18,13,1.32,16,8,8,0.77,0.7,0,4,12,3,78,6,9,,,0
ITA-Serie A,2223,Hellas Verona,Cyril Ngonge,BEL,"MF,FW",22,2000,14,9,745,8.3,3,1,4,3,0,0,2,0,0.36,0.12,0.48,0.36,0.48,27,10,37.0,3.26,1.21,0.11,0.3,53,21.8,71,2,5,22,4,1.13,8,9,-1,-0.12,0.79,0,13,11,5,18,6,3,,,0
ITA-Serie A,2223,Inter,Raoul Bellanova,ITA,MF,22,2000,18,3,496,5.5,0,0,0,0,0,0,0,0,0.0,0.0,0.0,0.0,0.0,4,1,25.0,0.73,0.18,0.0,0.0,28,14.5,73,0,15,18,20,2.0,10,8,2,0.36,-0.47,0,4,9,2,33,7,8,,,0
ITA-Serie A,2223,Juventus,Dušan Vlahović,SRB,FW,22,2000,27,22,1925,21.4,10,2,12,8,2,3,1,0,0.47,0.09,0.56,0.37,0.47,68,22,32.4,3.18,1.03,0.12,0.36,71,56.3,83,11,5,19,1,1.81,34,20,14,0.65,0.11,0,19,26,22,7,3,6,,,0
ITA-Serie A,2223,Juventus,Moise Kean,ITA,FW,22,2000,28,11,995,11.1,6,0,6,6,0,0,5,1,0.54,0.0,0.54,0.54,0.54,38,14,36.8,3.44,1.27,0.16,0.43,36,29.1,64,0,17,17,2,1.89,11,8,3,0.27,-0.47,0,15,18,8,5,5,4,,,0
ITA-Serie A,2223,Lazio,Marcos Antônio,BRA,MF,22,2000,16,6,594,6.6,1,1,2,1,0,0,2,0,0.15,0.15,0.3,0.15,0.3,3,1,33.3,0.45,0.15,0.33,1.0,37,17.4,70,1,10,18,21,1.75,7,6,1,0.15,-0.77,0,9,15,0,0,12,5,,,0
ITA-Serie A,2223,Lecce,Antonino Gallo,ITA,DF,22,2000,32,28,2486,27.6,0,1,1,0,0,0,5,1,0.0,0.04,0.04,0.0,0.04,10,2,20.0,0.36,0.07,0.0,0.0,78,72.7,86,23,4,21,4,1.09,24,28,-4,-0.14,0.72,1,13,17,2,90,10,36,,,2
ITA-Serie A,2223,Lecce,Tommaso Cassandro,ITA,"DF,MF",22,2000,1,0,13,0.1,0,0,0,0,0,0,0,0,0.0,0.0,0.0,0.0,0.0,0,0,,0.0,0.0,,,13,0.4,,0,1,13,19,0.0,0,0,0,0.0,0.34,0,1,0,0,0,0,1,,,0
ITA-Serie A,2223,Lecce,Valentin Gendrey,FRA,DF,22,2000,37,35,3101,34.5,0,2,2,0,0,0,4,0,0.0,0.06,0.06,0.0,0.06,10,0,0.0,0.29,0.0,0.0,,84,90.7,88,29,2,11,1,0.97,30,42,-12,-0.35,-0.07,0,23,27,1,75,37,57,,,0
ITA-Serie A,2223,Milan,Brahim Díaz,MAR,MF,22,1999,33,27,1925,21.4,6,7,13,6,0,0,3,0,0.28,0.33,0.61,0.28,0.61,35,17,48.6,1.64,0.79,0.17,0.35,58,56.3,65,1,6,28,4,1.85,36,22,14,0.65,0.23,0,29,50,2,20,7,15,,,0
ITA-Serie A,2223,Milan,Matteo Gabbia,ITA,DF,22,1999,12,6,613,6.8,0,0,0,0,0,0,2,0,0.0,0.0,0.0,0.0,0.0,1,0,0.0,0.15,0.0,0.0,,51,17.9,87,5,6,16,24,1.92,11,14,-3,-0.44,-1.21,0,8,1,0,2,4,9,,,0
ITA-Serie A,2223,Milan,Pierre Kalulu,FRA,DF,22,2000,34,26,2548,28.3,1,0,1,1,0,0,4,0,0.04,0.0,0.04,0.04,0.04,11,2,18.2,0.39,0.07,0.09,0.5,75,74.5,88,25,8,32,2,1.76,46,41,5,0.18,-1.47,0,24,23,2,27,41,40,,,0
ITA-Serie A,2223,Milan,Sandro Tonali,ITA,MF,22,2000,34,30,2713,30.1,2,7,9,2,0,0,7,0,0.07,0.23,0.3,0.07,0.3,32,14,43.8,1.06,0.46,0.06,0.14,80,79.3,87,23,4,25,2,1.82,49,36,13,0.43,-0.59,0,35,32,5,130,24,44,,,0
ITA-Serie A,2223,Milan,Yacine Adli,FRA,MF,22,2000,6,1,144,1.6,0,0,0,0,0,0,1,0,0.0,0.0,0.0,0.0,0.0,2,2,100.0,1.25,1.25,0.0,0.0,24,4.2,59,0,5,17,32,1.17,2,4,-2,-1.25,-1.88,0,4,1,1,6,1,3,,,0
ITA-Serie A,2223,Napoli,Elif Elmas,MKD,"MF,FW",22,1999,36,14,1627,18.1,6,3,9,5,1,1,5,0,0.33,0.17,0.5,0.28,0.44,33,11,33.3,1.83,0.61,0.15,0.45,45,47.6,79,4,22,24,1,2.39,35,10,25,1.38,0.18,0,22,14,4,31,8,17,,,0
ITA-Serie A,2223,Napoli,Giacomo Raspadori,ITA,"FW,MF",22,2000,25,10,911,10.1,2,2,4,2,0,0,1,0,0.2,0.2,0.4,0.2,0.4,40,16,40.0,3.95,1.58,0.05,0.13,36,26.6,62,1,15,19,7,2.24,17,8,9,0.89,-0.55,0,7,12,1,32,4,7,,,0
ITA-Serie A,2223,Napoli,Gianluca Gaetano,ITA,MF,22,2000,8,0,76,0.8,1,1,2,1,0,0,0,0,1.18,1.18,2.37,1.18,2.37,7,5,71.4,8.29,5.92,0.14,0.2,10,2.2,,0,8,10,25,2.75,5,0,5,5.92,4.74,0,2,1,0,1,1,3,,,0
ITA-Serie A,2223,Napoli,Karim Zedadka,FRA,MF,22,2000,3,0,20,0.2,0,0,0,0,0,0,0,0,0.0,0.0,0.0,0.0,0.0,0,0,,0.0,0.0,,,7,0.6,,0,3,7,28,0.67,0,1,-1,-4.5,-5.82,0,0,4,0,1,0,0,,,0
ITA-Serie A,2223,Napoli,Leo Skiri Østigård,NOR,DF,22,1999,7,4,419,4.7,0,0,0,0,0,0,1,0,0.0,0.0,0.0,0.0,0.0,3,0,0.0,0.64,0.0,0.0,,60,12.3,90,4,3,20,31,2.71,8,3,5,1.07,-0.25,0,2,4,0,0,6,1,,,0
ITA-Serie A,2223,Roma,Marash Kumbulla,ALB,DF,22,2000,7,5,259,2.9,0,0,0,0,0,0,1,1,0.0,0.0,0.0,0.0,0.0,1,0,0.0,0.35,0.0,0.0,,37,7.6,48,1,2,9,19,1.57,4,3,1,0.35,0.03,0,3,5,0,0,4,3,,,0
ITA-Serie A,2223,Roma,Mile Svilar,SRB,GK,22,1999,3,3,270,3.0,0,0,0,0,0,0,1,0,0.0,0.0,0.0,0.0,0.0,0,0,,0.0,0.0,,,90,7.9,90,3,0,,35,1.33,3,3,0,0.0,-0.34,0,0,0,0,0,0,0,,,0
ITA-Serie A,2223,Salernitana,Diego Valencia,CHI,"FW,MF",22,2000,12,0,231,2.6,0,0,0,0,0,0,1,0,0.0,0.0,0.0,0.0,0.0,1,1,100.0,0.39,0.39,0.0,0.0,19,6.8,,0,12,19,17,0.5,1,4,-3,-1.17,-0.86,0,8,6,0,5,1,4,,,0
ITA-Serie A,2223,Salernitana,Domagoj Bradarić,CRO,"MF,DF",22,1999,31,24,2250,25.0,0,3,3,0,0,0,5,0,0.0,0.12,0.12,0.0,0.12,7,0,0.0,0.28,0.0,0.0,,73,65.8,85,19,7,29,5,1.13,31,44,-13,-0.52,-0.44,0,17,20,4,68,20,20,,,0
ITA-Serie A,2223,Salernitana,Erik Botheim,NOR,"MF,FW",22,2000,28,9,866,9.6,1,3,4,1,0,0,2,0,0.1,0.31,0.42,0.1,0.42,7,1,14.3,0.73,0.1,0.14,1.0,31,25.3,65,2,19,15,10,1.29,13,16,-3,-0.31,0.08,0,12,11,3,5,0,7,,,0
ITA-Serie A,2223,Salernitana,Hans Nicolussi Caviglia,ITA,MF,22,2000,12,6,586,6.5,1,0,1,1,0,0,2,0,0.15,0.0,0.15,0.15,0.15,5,1,20.0,0.77,0.15,0.2,1.0,49,17.1,75,3,6,22,10,1.0,6,17,-11,-1.69,-1.59,0,13,6,0,4,5,7,,,0
ITA-Serie A,2223,Salernitana,Matteo Lovato,ITA,DF,22,2000,17,8,814,9.0,0,0,0,0,0,0,2,0,0.0,0.0,0.0,0.0,0.0,1,0,0.0,0.11,0.0,0.0,,48,23.8,74,4,9,25,9,1.06,11,22,-11,-1.22,-1.11,0,6,4,0,0,14,14,,,0
ITA-Serie A,2223,Sampdoria,Mickaël Cuisance,FRA,MF,22,1999,12,9,618,6.9,0,0,0,0,0,0,1,0,0.0,0.0,0.0,0.0,0.0,10,2,20.0,1.46,0.29,0.0,0.0,52,18.1,61,0,3,22,2,0.58,5,6,-1,-0.15,1.33,0,8,5,1,19,4,12,,,0
ITA-Serie A,2223,Sassuolo,Davide Frattesi,ITA,MF,22,1999,36,35,2873,31.9,7,0,7,7,0,0,4,0,0.22,0.0,0.22,0.22,0.22,64,24,37.5,2.0,0.75,0.11,0.29,80,84.0,81,15,1,33,1,1.22,40,47,-7,-0.22,0.93,0,39,57,0,20,16,33,,,0
ITA-Serie A,2223,Sassuolo,Giacomo Raspadori,ITA,"FW,MF",22,2000,1,0,45,0.5,0,0,0,0,0,0,0,0,0.0,0.0,0.0,0.0,0.0,0,0,,0.0,0.0,,,45,1.3,,0,1,45,0,0.0,0,1,-1,-2.0,-1.65,0,0,0,0,1,0,0,,,0
ITA-Serie A,2223,Sassuolo,Hamed Junior Traorè,CIV,"MF,FW",22,2000,11,6,591,6.6,0,3,3,0,0,0,1,0,0.0,0.46,0.46,0.0,0.46,8,4,50.0,1.22,0.61,0.0,0.0,54,17.3,70,1,5,34,0,0.73,10,9,1,0.15,0.63,0,9,2,1,24,2,7,,,0
ITA-Serie A,2223,Spezia,Emil Holm,SWE,MF,22,2000,20,17,1393,15.5,1,1,2,1,0,0,4,0,0.06,0.06,0.13,0.06,0.13,15,5,33.3,0.97,0.32,0.07,0.2,70,40.7,79,9,3,15,3,0.9,14,24,-10,-0.65,0.29,0,22,16,2,50,8,14,,,0
ITA-Serie A,2223,Spezia,Jakub Kiwior,POL,"DF,MF",22,2000,17,17,1443,16.0,0,0,0,0,0,0,3,0,0.0,0.0,0.0,0.0,0.0,9,3,33.3,0.56,0.19,0.0,0.0,85,42.2,85,13,0,,1,0.88,16,27,-11,-0.69,0.22,0,16,5,0,14,26,18,,,0
ITA-Serie A,2223,Spezia,Leandro Sanca,GNB,MF,22,2000,4,0,32,0.4,0,0,0,0,0,0,0,0,0.0,0.0,0.0,0.0,0.0,0,0,,0.0,0.0,,,8,0.9,,0,4,8,11,0.5,0,2,-2,-5.63,-4.85,0,0,0,0,2,0,1,,,0
ITA-Serie A,2223,Torino,Brian Bayeye,COD,MF,22,2000,2,1,64,0.7,0,0,0,0,0,0,0,0,0.0,0.0,0.0,0.0,0.0,0,0,,0.0,0.0,,,32,1.9,54,0,1,10,35,1.0,0,2,-2,-2.81,-2.89,0,1,1,0,2,1,0,,,0
ITA-Serie A,2223,Torino,Michel Ndary Adopo,FRA,"MF,DF",22,2000,9,3,264,2.9,0,0,0,0,0,0,1,0,0.0,0.0,0.0,0.0,0.0,2,0,0.0,0.68,0.0,0.0,,29,7.7,68,0,6,10,29,1.89,3,3,0,0.0,-0.03,0,6,2,0,0,1,2,,,0
ITA-Serie A,2223,Torino,Perr Schuurs,NED,DF,22,1999,30,28,2326,25.8,0,2,2,0,0,0,5,0,0.0,0.08,0.08,0.0,0.08,14,1,7.1,0.54,0.04,0.0,0.0,78,68.0,82,21,2,14,4,1.43,26,29,-3,-0.12,-0.45,0,31,3,2,2,29,25,,,0
ITA-Serie A,2223,Udinese,Nehuén Pérez,ARG,DF,22,2000,34,33,2818,31.3,2,0,2,2,0,0,7,1,0.06,0.0,0.06,0.06,0.06,16,8,50.0,0.51,0.26,0.13,0.25,83,82.4,85,24,1,13,0,1.18,38,39,-1,-0.03,-0.03,0,29,11,0,17,36,39,,,1
,2223,Bayern Munich,Arijon Ibrahimović,GER,MF,16,2005,1,0,14,0.2,0,0,0,0,0,0,0,0,0.0,0.0,0.0,0.0,0.0,2,2,100.0,12.86,12.86,0.0,0.0,14,0.5,,0,1,14,4,3.0,0,0,0,0.0,-1.6,0,0,1,0,0,0,1,,,0
,2223,Bayern Munich,Paul Wanner,AUT,MF,16,2005,2,0,25,0.3,0,0,0,0,0,0,1,0,0.0,0.0,0.0,0.0,0.0,0,0,,0.0,0.0,,,13,0.8,,0,2,13,8,3.0,0,1,-1,-3.6,-5.23,0,1,0,0,0,0,1,,,0
,2223,Dortmund,Julien Duranville,BEL,FW,16,2006,1,0,29,0.3,0,0,0,0,0,0,0,0,0.0,0.0,0.0,0.0,0.0,1,0,0.0,3.1,0.0,0.0,,29,0.9,,0,1,29,1,1.0,2,0,2,6.21,5.11,0,1,1,0,8,0,1,,,0
,2223,Hertha BSC,Ibrahim Maza,ALG,MF,16,2005,2,0,71,0.8,1,0,1,1,0,0,0,0,1.27,0.0,1.27,1.27,1.27,1,1,100.0,1.27,1.27,1.0,1.0,36,2.3,,0,2,36,4,1.5,2,2,0,0.0,0.81,0,1,2,0,0,0,1,,,0
,2223,Augsburg,Aaron Zehnter,GER,MF,17,2004,1,0,1,0.0,0,0,0,0,0,0,0,0,0.0,0.0,0.0,0.0,0.0,0,0,,0.0,0.0,,,1,0.0,,0,1,1,6,3.0,0,0,0,0.0,0.62,0,0,0,0,0,1,0,,,0
,2223,Bayern Munich,Mathys Tel,FRA,MF,17,2005,22,1,417,4.6,5,0,5,5,0,0,2,0,1.08,0.0,1.08,1.08,1.08,20,11,55.0,4.32,2.37,0.25,0.45,19,13.6,60,0,21,17,9,2.0,16,8,8,1.73,0.16,0,9,6,4,4,0,2,,,0
,2223,Dortmund,Jamie Gittens,ENG,"MF,FW",17,2004,15,4,533,5.9,3,1,4,3,0,0,1,0,0.51,0.17,0.68,0.51,0.68,24,11,45.8,4.05,1.86,0.13,0.27,36,17.4,59,0,11,27,3,2.53,19,7,12,2.03,1.06,0,9,18,0,5,1,4,,,0
,2223,Dortmund,Tom Rothe,GER,MF,17,2004,2,0,26,0.3,0,0,0,0,0,0,0,0,0.0,0.0,0.0,0.0,0.0,1,0,0.0,3.46,0.0,0.0,,13,0.8,,0,2,13,9,1.5,1,0,1,3.46,2.33,0,2,0,0,2,1,1,,,0
,2223,Dortmund,Youssoufa Moukoko,GER,FW,17,2004,26,11,1141,12.7,7,3,10,7,0,0,0,0,0.55,0.24,0.79,0.55,0.79,35,19,54.3,2.76,1.5,0.2,0.37,44,37.3,73,4,15,22,3,1.88,32,23,9,0.71,-0.7,0,8,8,1,5,2,7,,,0
,2223,Hertha BSC,Pascal Klemens,GER,DF,17,2005,1,1,90,1.0,0,0,0,0,0,0,0,0,0.0,0.0,0.0,0.0,0.0,0,0,,0.0,0.0,,,90,2.9,90,1,0,,4,3.0,2,1,1,1.0,1.85,0,0,0,0,0,1,0,,,0
,2223,Hoffenheim,Tom Bischof,GER,MF,17,2005,11,3,315,3.5,0,0,0,0,0,0,0,0,0.0,0.0,0.0,0.0,0.0,7,2,28.6,2.0,0.57,0.0,0.0,29,10.3,62,0,8,16,10,0.45,6,7,-1,-0.29,-0.02,0,9,5,0,7,1,10,,,0
,2223,Hoffenheim,Umut Tohumcu,GER,MF,17,2004,8,2,271,3.0,0,0,0,0,0,0,0,0,0.0,0.0,0.0,0.0,0.0,4,0,0.0,1.33,0.0,0.0,,34,8.9,77,1,6,20,7,0.88,3,6,-3,-1.0,-0.8,0,4,5,0,0,2,6,,,0
,2223,Köln,Justin Diehl,GER,MF,17,2004,2,0,17,0.2,0,0,0,0,0,0,0,0,0.0,0.0,0.0,0.0,0.0,0,0,,0.0,0.0,,,9,0.6,,0,2,9,2,1.5,0,0,0,0.0,0.15,0,0,1,1,0,0,0,,,0
,2223,Leverkusen,Noah Mbamba,BEL,MF,17,2005,1,0,1,0.0,0,0,0,0,0,0,0,0,0.0,0.0,0.0,0.0,0.0,0,0,,0.0,0.0,,,1,0.0,,0,1,1,11,0.0,0,0,0,0.0,-0.24,0,0,0,0,0,0,0,,,0
,2223,Mainz 05,Nelson Weiper,GER,FW,17,2005,9,0,99,1.1,2,0,2,2,0,0,0,0,1.82,0.0,1.82,1.82,1.82,5,4,80.0,4.55,3.64,0.4,0.5,11,3.2,,0,9,11,7,1.22,5,4,1,0.91,0.97,0,2,2,3,2,0,0,,,0
,2223,Stuttgart,Lauren Ulrich,GER,MF,17,2005,1,0,6,0.1,0,0,0,0,0,0,0,0,0.0,0.0,0.0,0.0,0.0,0,0,,0.0,0.0,,,6,0.2,,0,1,6,0,0.0,0,0,0,0.0,0.35,0,0,0,0,1,0,1,,,0
,2223,Werder Bremen,Fabio Chiarodia,ITA,DF,17,2005,3,1,66,0.7,0,0,0,0,0,0,0,0,0.0,0.0,0.0,0.0,0.0,0,0,,0.0,0.0,,,22,2.2,62,0,2,2,23,1.33,0,1,-1,-1.36,-1.0,0,0,0,0,0,2,0,,,0
,2223,Wolfsburg,Dženan Pejčinović,GER,FW,17,2005,1,0,11,0.1,0,0,0,0,0,0,0,0,0.0,0.0,0.0,0.0,0.0,0,0,,0.0,0.0,,,11,0.4,,0,1,11,9,0.0,0,0,0,0.0,-0.27,0,0,0,0,0,0,0,,,0
,2223,Augsburg,Arne Engels,BEL,MF,18,2003,18,18,1440,16.0,0,3,3,0,0,0,5,0,0.0,0.19,0.19,0.0,0.19,17,2,11.8,1.06,0.12,0.0,0.0,80,47.1,80,11,0,,0,1.06,18,32,-14,-0.87,-0.49,0,26,20,0,102,15,10,,,0
,2223,Bayern Munich,Gabriel Vidovic,CRO,MF,18,2003,1,0,19,0.2,0,1,1,0,0,0,0,0,0.0,4.74,4.74,0.0,4.74,0,0,,0.0,0.0,,,19,0.6,,0,1,19,0,3.0,1,0,1,4.74,3.17,0,0,0,0,0,0,0,,,0
,2223,Bochum,Tim Oermann,GER,DF,18,2003,4,2,194,2.2,0,0,0,0,0,0,0,0,0.0,0.0,0.0,0.0,0.0,0,0,,0.0,0.0,,,49,6.3,86,1,2,11,7,1.0,1,6,-5,-2.32,-1.47,0,3,0,0,0,1,1,,,0
,2223,Dortmund,Soumaïla Coulibaly,FRA,DF,18,2003,1,0,45,0.5,0,0,0,0,0,0,0,0,0.0,0.0,0.0,0.0,0.0,0,0,,0.0,0.0,,,45,1.5,,0,1,45,10,1.0,1,3,-2,-4.0,-5.22,0,1,0,0,1,0,0,,,0
,2223,Eintracht Frankfurt,Marcel Wenig,GER,MF,18,2004,1,0,4,0.0,0,0,0,0,0,0,0,0,0.0,0.0,0.0,0.0,0.0,0,0,,0.0,0.0,,,4,0.1,,0,1,4,10,3.0,0,0,0,0.0,-0.18,0,0,0,0,0,0,0,,,0
,2223,Eintracht Frankfurt,Paxten Aaronson,USA,MF,18,2003,7,0,173,1.9,0,0,0,0,0,0,1,0,0.0,0.0,0.0,0.0,0.0,4,1,25.0,2.08,0.52,0.0,0.0,25,5.7,,0,7,25,6,1.14,4,0,4,2.08,2.02,0,5,3,1,8,0,5,,,0
,2223,Gladbach,Oscar Fraulo,DEN,MF,18,2003,2,0,8,0.1,0,0,0,0,0,0,0,0,0.0,0.0,0.0,0.0,0.0,0,0,,0.0,0.0,,,4,0.3,,0,2,4,13,0.0,0,0,0,0.0,0.09,0,0,0,0,0,0,0,,,0
,2223,Gladbach,Yvandro Borges Sanches,LUX,MF,18,2004,3,0,28,0.3,0,0,0,0,0,0,0,0,0.0,0.0,0.0,0.0,0.0,1,0,0.0,3.21,0.0,0.0,,9,0.9,,0,3,9,10,1.33,1,2,-1,-3.21,-3.15,0,1,0,0,2,0,1,,,0
,2223,Hertha BSC,Julian Eitschberger,GER,"DF,MF",18,2004,1,0,1,0.0,0,0,0,0,0,0,0,0,0.0,0.0,0.0,0.0,0.0,0,0,,0.0,0.0,,,1,0.0,,0,1,1,2,3.0,0,0,0,0.0,0.79,0,0,0,0,0,0,0,,,0
,2223,Hertha BSC,Veit Stange,GER,MF,18,2004,1,0,8,0.1,0,0,0,0,0,0,0,0,0.0,0.0,0.0,0.0,0.0,0,0,,0.0,0.0,,,8,0.3,,0,1,8,1,0.0,0,0,0,0.0,0.8,0,0,0,0,0,0,1,,,0
,2223,Hoffenheim,Joshua Quarshie,GER,DF,18,2004,1,0,1,0.0,0,0,0,0,0,0,0,0,0.0,0.0,0.0,0.0,0.0,0,0,,0.0,0.0,,,1,0.0,,0,1,1,1,0.0,0,0,0,0.0,0.26,0,0,0,0,1,0,0,,,0
,2223,Hoffenheim,Muhammed Damar,GER,MF,18,2004,6,1,159,1.8,0,0,0,0,0,0,0,0,0.0,0.0,0.0,0.0,0.0,1,0,0.0,0.57,0.0,0.0,,27,5.2,45,0,5,23,9,0.33,3,5,-2,-1.13,-0.91,0,6,1,0,2,0,3,,,0
,2223,Mainz 05,Brajan Gruda,GER,MF,18,2004,2,0,4,0.0,0,0,0,0,0,0,0,0,0.0,0.0,0.0,0.0,0.0,0,0,,0.0,0.0,,,2,0.1,,0,2,2,4,0.0,0,1,-1,-22.5,-22.5,0,1,0,0,1,0,0,,,0
,2223,RB Leipzig,Sanoussy Ba,GER,FW,18,2004,1,0,1,0.0,0,0,0,0,0,0,0,0,0.0,0.0,0.0,0.0,0.0,0,0,,0.0,0.0,,,1,0.0,,0,1,1,18,3.0,0,0,0,0.0,-0.68,0,0,0,0,0,0,0,,,0
,2223,Schalke 04,Keke Topp,GER,FW,18,2004,1,0,20,0.2,0,0,0,0,0,0,0,0,0.0,0.0,0.0,0.0,0.0,1,0,0.0,4.5,0.0,0.0,,20,0.7,,0,1,20,1,0.0,0,0,0,0.0,1.07,0,1,0,0,1,1,0,,,0
,2223,Wolfsburg,Lukáš Ambros,CZE,MF,18,2004,1,0,17,0.2,0,0,0,0,0,0,0,0,0.0,0.0,0.0,0.0,0.0,0,0,,0.0,0.0,,,17,0.6,,0,1,17,8,0.0,0,2,-2,-10.59,-10.91,0,0,1,0,0,0,0,,,0
,2223,Augsburg,Renato Veiga,POR,DF,19,2003,13,7,639,7.1,0,0,0,0,0,0,3,0,0.0,0.0,0.0,0.0,0.0,8,0,0.0,1.13,0.0,0.0,,49,20.9,71,3,6,24,2,1.0,5,16,-11,-1.55,-1.18,0,9,4,0,7,7,6,,,0
,2223,Augsburg,Ricardo Pepi,USA,FW,19,2003,4,1,95,1.1,0,0,0,0,0,0,0,0,0.0,0.0,0.0,0.0,0.0,1,0,0.0,0.95,0.0,0.0,,24,3.1,55,0,3,13,0,0.75,0,3,-3,-2.84,-2.3,0,0,0,0,0,0,1,,,0
,2223,Bayern Munich,Jamal Musiala,GER,MF,19,2003,33,26,2198,24.4,12,10,22,12,0,0,1,0,0.49,0.41,0.9,0.49,0.9,66,26,39.4,2.7,1.06,0.18,0.46,67,71.8,77,7,7,27,0,2.06,63,29,34,1.39,-0.7,0,23,43,1,11,18,24,,,0
,2223,Dortmund,Gio Reyna,USA,MF,19,2002,22,4,625,6.9,7,2,9,6,1,1,2,0,1.01,0.29,1.3,0.86,1.15,25,12,48.0,3.6,1.73,0.24,0.5,28,20.4,61,0,18,21,6,1.95,21,14,7,1.01,-0.17,0,8,17,1,17,2,8,,,0
,2223,Dortmund,Jude Bellingham,ENG,MF,19,2003,31,30,2691,29.9,8,4,12,7,1,1,8,0,0.27,0.13,0.4,0.23,0.37,66,26,39.4,2.21,0.87,0.11,0.27,87,87.9,89,28,1,25,1,2.06,73,40,33,1.1,-0.36,0,41,73,2,32,32,43,,,0
,2223,Eintracht Frankfurt,Dario Gebuhr,GER,DF,19,2003,1,0,21,0.2,0,0,0,0,0,0,0,0,0.0,0.0,0.0,0.0,0.0,0,0,,0.0,0.0,,,21,0.7,,0,1,21,5,0.0,0,0,0,0.0,-0.18,0,0,0,0,0,0,0,,,0
,2223,Freiburg,Robert Wagner,GER,MF,19,2003,4,0,38,0.4,0,0,0,0,0,0,1,0,0.0,0.0,0.0,0.0,0.0,2,0,0.0,4.74,0.0,0.0,,10,1.2,,0,4,10,8,2.25,1,2,-1,-2.37,-2.61,0,0,1,0,0,0,0,,,0
,2223,Gladbach,Joe Scally,USA,DF,19,2002,28,25,2208,24.5,0,0,0,0,0,0,2,0,0.0,0.0,0.0,0.0,0.0,7,1,14.3,0.29,0.04,0.0,0.0,79,72.2,86,15,3,16,6,1.29,38,36,2,0.08,0.61,0,13,51,3,41,7,19,,,0
,2223,Gladbach,Luca Netz,GER,"DF,MF",19,2003,20,7,702,7.8,1,3,4,1,0,0,0,0,0.13,0.38,0.51,0.13,0.51,4,3,75.0,0.51,0.38,0.25,0.33,35,22.9,85,3,13,8,12,1.3,14,15,-1,-0.13,-0.05,0,5,2,1,6,6,14,,,0
,2223,Hertha BSC,Derry Scherhant,GER,MF,19,2002,10,2,285,3.2,1,0,1,1,0,0,0,0,0.32,0.0,0.32,0.32,0.32,4,1,25.0,1.26,0.32,0.25,1.0,29,9.3,54,0,8,22,5,0.7,4,11,-7,-2.21,-1.56,0,2,2,0,3,0,6,,,0
,2223,Hertha BSC,Tjark Ernst,GER,GK,19,2003,1,1,90,1.0,0,0,0,0,0,0,0,0,0.0,0.0,0.0,0.0,0.0,0,0,,0.0,0.0,,,90,2.9,90,1,0,,30,3.0,2,1,1,1.0,1.85,0,0,0,0,0,0,0,,,0
,2223,Hertha BSC,Tony Rölke,GER,FW,19,2003,1,0,20,0.2,0,0,0,0,0,0,0,0,0.0,0.0,0.0,0.0,0.0,0,0,,0.0,0.0,,,20,0.7,,0,1,20,0,3.0,0,0,0,0.0,0.8,0,1,0,0,0,0,0,,,0
,2223,Hoffenheim,Fisnik Asllani,KVX,FW,19,2002,8,0,167,1.9,0,0,0,0,0,0,0,0,0.0,0.0,0.0,0.0,0.0,9,0,0.0,4.85,0.0,0.0,,21,5.5,,0,8,21,2,0.38,1,3,-2,-1.08,-0.86,0,2,3,2,2,4,0,,,0
,2223,Leverkusen,Florian Wirtz,GER,"FW,MF",19,2003,17,11,1090,12.1,1,6,7,1,0,0,4,0,0.08,0.5,0.58,0.08,0.58,7,4,57.1,0.58,0.33,0.14,0.25,64,35.6,82,5,6,31,0,1.53,22,15,7,0.58,0.53,0,13,27,1,43,2,10,,,0
,2223,Mainz 05,Eniss Shabani,ALB,MF,19,2003,1,0,10,0.1,0,0,0,0,0,0,1,0,0.0,0.0,0.0,0.0,0.0,0,0,,0.0,0.0,,,10,0.3,,0,1,10,2,0.0,0,0,0,0.0,0.03,0,1,0,0,0,0,0,,,0
,2223,RB Leipzig,Hugo Novoa,ESP,MF,19,2003,7,2,184,2.0,1,0,1,1,0,0,0,0,0.49,0.0,0.49,0.49,0.49,3,2,66.7,1.47,0.98,0.33,0.5,26,6.0,63,0,5,12,8,1.71,5,2,3,1.47,0.84,0,6,2,4,10,1,2,,,0
,2223,Schalke 04,Kerim Calhanoglu,GER,DF,19,2002,3,0,63,0.7,0,0,0,0,0,0,0,0,0.0,0.0,0.0,0.0,0.0,1,0,0.0,1.43,0.0,0.0,,21,2.1,,0,3,21,1,0.33,0,2,-2,-2.86,-1.84,0,3,1,0,2,0,1,,,0
,2223,Schalke 04,Sidi Sané,GER,MF,19,2003,1,0,25,0.3,0,0,0,0,0,0,0,0,0.0,0.0,0.0,0.0,0.0,0,0,,0.0,0.0,,,25,0.8,,0,1,25,4,0.0,0,0,0,0.0,1.07,0,0,0,0,0,0,1,,,0
,2223,Stuttgart,Lilian Egloff,GER,"MF,FW",19,2002,10,2,241,2.7,0,0,0,0,0,0,1,0,0.0,0.0,0.0,0.0,0.0,8,0,0.0,2.99,0.0,0.0,,24,7.9,63,0,8,15,16,0.9,6,6,0,0.0,0.38,0,3,5,0,2,1,10,,,0
,2223,Stuttgart,Thomas Kastanaras,GRE,MF,19,2003,4,1,72,0.8,0,0,0,0,0,0,0,0,0.0,0.0,0.0,0.0,0.0,2,1,50.0,2.5,1.25,0.0,0.0,18,2.4,45,0,3,9,12,0.25,0,3,-3,-3.75,-3.48,0,0,0,0,1,0,0,,,0
,2223,Werder Bremen,Dikeni-Rafid Salifou,TOG,MF,19,2003,1,0,1,0.0,0,0,0,0,0,0,0,0,0.0,0.0,0.0,0.0,0.0,0,0,,0.0,0.0,,,1,0.0,,0,1,1,7,3.0,0,0,0,0.0,0.38,0,0,0,0,0,0,0,,,0
,2223,Wolfsburg,Aster Vranckx,BEL,MF,19,2002,1,0,8,0.1,0,0,0,0,0,0,0,0,0.0,0.0,0.0,0.0,0.0,0,0,,0.0,0.0,,,8,0.3,,0,1,8,1,0.0,0,0,0,0.0,-0.27,0,0,1,0,0,0,0,,,0
,2223,Wolfsburg,Kevin Paredes,USA,MF,19,2003,22,1,529,5.9,1,3,4,1,0,0,2,0,0.17,0.51,0.68,0.17,0.68,4,2,50.0,0.68,0.34,0.25,0.5,24,17.3,72,0,21,22,2,1.09,13,8,5,0.85,0.71,0,4,18,2,23,6,8,,,0
,2223,Augsburg,Dion Drena Beljo,CRO,FW,20,2002,18,16,1128,12.5,3,2,5,3,0,0,2,0,0.24,0.16,0.4,0.24,0.4,12,5,41.7,0.96,0.4,0.25,0.6,63,36.9,69,2,2,16,1,1.06,19,27,-8,-0.64,-0.03,0,26,10,7,5,1,6,,,0
,2223,Augsburg,Nathanael Mbuku,COD,MF,20,2002,2,0,34,0.4,0,0,0,0,0,0,0,0,0.0,0.0,0.0,0.0,0.0,0,0,,0.0,0.0,,,17,1.1,,0,2,17,11,0.0,1,0,1,2.65,3.3,0,0,0,0,1,0,0,,,0
,2223,Bayern Munich,Ryan Gravenberch,NED,MF,20,2002,24,3,576,6.4,0,0,0,0,0,0,1,0,0.0,0.0,0.0,0.0,0.0,11,3,27.3,1.72,0.47,0.0,0.0,24,18.8,59,0,21,19,8,2.21,17,10,7,1.09,-0.61,0,9,7,0,7,10,8,,,0
,2223,Dortmund,Karim Adeyemi,GER,"MF,FW",20,2002,24,20,1386,15.4,6,5,11,6,0,1,9,0,0.39,0.32,0.71,0.39,0.71,37,14,37.8,2.4,0.91,0.16,0.43,58,45.3,64,2,4,27,1,2.17,41,17,24,1.56,0.75,0,20,30,1,25,7,11,,,0
,2223,Eintracht Frankfurt,Ansgar Knauff,GER,MF,20,2002,24,14,1286,14.3,1,1,2,1,0,0,1,0,0.07,0.07,0.14,0.07,0.14,15,7,46.7,1.05,0.49,0.07,0.14,54,42.0,72,5,10,28,6,1.38,20,26,-6,-0.42,-1.03,0,16,17,2,28,15,25,,,0
,2223,Eintracht Frankfurt,Diant Ramaj,GER,GK,20,2001,1,1,90,1.0,0,0,0,0,0,0,0,0,0.0,0.0,0.0,0.0,0.0,0,0,,0.0,0.0,,,90,2.9,90,1,0,,33,1.0,1,1,0,0.0,-0.18,0,0,0,0,0,1,0,,,0
,2223,Freiburg,Hugo Siquet,BEL,"DF,MF",20,2002,2,0,17,0.2,0,0,0,0,0,0,0,0,0.0,0.0,0.0,0.0,0.0,0,0,,0.0,0.0,,,9,0.6,,0,2,9,3,3.0,0,0,0,0.0,-0.21,0,0,1,0,0,0,2,,,0
,2223,Freiburg,Kenneth Schmidt,GER,DF,20,2002,5,3,251,2.8,0,0,0,0,0,0,1,0,0.0,0.0,0.0,0.0,0.0,0,0,,0.0,0.0,,,50,8.2,69,0,2,22,4,1.0,4,2,2,0.72,0.56,0,1,0,0,1,0,3,,,0
,2223,Freiburg,Kevin Schade,GER,MF,20,2001,8,1,182,2.0,1,0,1,1,0,0,0,0,0.49,0.0,0.49,0.49,0.49,4,1,25.0,1.98,0.49,0.25,1.0,23,5.9,56,0,7,18,2,1.5,2,6,-4,-1.98,-2.32,0,4,6,0,3,0,4,,,0
,2223,Freiburg,Kiliann Sildillia,FRA,"DF,MF",20,2002,27,23,1977,22.0,0,2,2,0,0,0,4,1,0.0,0.09,0.09,0.0,0.09,10,1,10.0,0.46,0.05,0.0,0.0,73,64.6,83,18,4,16,4,1.63,29,32,-3,-0.14,-0.97,1,38,6,2,27,19,20,,,0
,2223,Freiburg,Merlin Röhl,GER,MF,20,2002,3,0,57,0.6,0,1,1,0,0,0,0,0,0.0,1.58,1.58,0.0,1.58,0,0,,0.0,0.0,,,19,1.9,,0,3,19,8,1.33,1,1,0,0.0,-0.21,0,1,4,0,0,0,1,,,0
,2223,Freiburg,Noah Weißhaupt,GER,MF,20,2001,18,3,427,4.7,0,1,1,0,0,0,0,0,0.0,0.21,0.21,0.0,0.21,2,1,50.0,0.42,0.21,0.0,0.0,24,14.0,64,0,15,16,14,1.5,5,6,-1,-0.21,-0.48,0,2,20,1,14,6,7,,,0
,2223,Gladbach,Jan Olschowsky,GER,GK,20,2001,4,4,360,4.0,0,0,0,0,0,0,0,0,0.0,0.0,0.0,0.0,0.0,0,0,,0.0,0.0,,,90,11.8,90,4,0,,17,1.0,9,11,-2,-0.5,-0.47,0,0,0,0,0,0,0,,,0
,2223,Gladbach,Rocco Reitz,GER,MF,20,2002,1,0,3,0.0,0,0,0,0,0,0,0,0,0.0,0.0,0.0,0.0,0.0,0,0,,0.0,0.0,,,3,0.1,,0,1,3,12,0.0,0,0,0,0.0,0.09,0,0,0,0,0,0,0,,,0
,2223,Hertha BSC,Márton Dárdai,HUN,"DF,MF",20,2002,17,11,947,10.5,1,0,1,1,0,0,2,0,0.1,0.0,0.1,0.1,0.1,2,1,50.0,0.19,0.1,0.5,1.0,56,30.9,78,6,6,15,9,1.06,12,20,-8,-0.76,0.05,0,11,9,0,1,13,8,,,0
,2223,Hoffenheim,Eduardo Quaresma,POR,DF,20,2002,4,1,88,1.0,0,0,0,0,0,0,0,0,0.0,0.0,0.0,0.0,0.0,0,0,,0.0,0.0,,,22,2.9,45,0,3,14,7,1.0,2,3,-1,-1.02,-0.78,0,1,1,0,0,0,3,,,0
,2223,Hoffenheim,Georginio Rutter,FRA,FW,20,2002,15,11,1009,11.2,2,2,4,2,0,0,2,0,0.18,0.18,0.36,0.18,0.36,27,14,51.9,2.41,1.25,0.07,0.14,67,33.0,83,4,4,25,0,1.2,17,15,2,0.18,0.66,0,17,19,17,11,5,5,,,0
,2223,Köln,Eric Martel,GER,MF,20,2002,29,23,2019,22.4,1,1,2,1,0,0,6,0,0.04,0.04,0.09,0.04,0.09,28,8,28.6,1.25,0.36,0.04,0.13,70,66.0,81,14,6,25,4,1.21,29,33,-4,-0.18,-0.09,0,40,27,0,20,34,40,,,0
,2223,Köln,Jan Thielmann,GER,"MF,FW",20,2002,23,6,869,9.7,2,2,4,2,0,0,5,0,0.21,0.21,0.41,0.21,0.41,13,7,53.8,1.35,0.72,0.15,0.29,38,28.4,72,2,17,26,0,1.3,16,11,5,0.52,0.93,0,14,19,9,37,8,8,,,0
,2223,Köln,Tim Lemperle,GER,FW,20,2002,12,0,132,1.5,0,0,0,0,0,0,0,0,0.0,0.0,0.0,0.0,0.0,2,0,0.0,1.36,0.0,0.0,,11,4.3,,0,12,11,6,1.58,2,2,0,0.0,0.15,0,2,0,0,1,1,4,,,0
,2223,Leverkusen,Adam Hložek,CZE,"FW,MF",20,2002,29,16,1286,14.3,5,3,8,5,0,0,2,0,0.35,0.21,0.56,0.35,0.56,30,11,36.7,2.1,0.77,0.17,0.45,44,42.0,66,0,13,18,3,1.31,21,17,4,0.28,0.08,0,19,20,1,15,6,4,,,0
,2223,Leverkusen,Piero Hincapié,ECU,"DF,MF",20,2002,30,27,2457,27.3,1,1,2,1,0,0,13,3,0.04,0.04,0.07,0.04,0.07,17,6,35.3,0.62,0.22,0.06,0.17,82,80.3,87,16,3,39,0,1.6,46,32,14,0.51,1.41,2,40,34,1,26,31,35,,,0
,2223,RB Leipzig,Joško Gvardiol,CRO,DF,20,2002,30,24,2170,24.1,1,0,1,1,0,0,2,0,0.04,0.0,0.04,0.04,0.04,14,4,28.6,0.58,0.17,0.07,0.25,72,70.9,83,19,6,30,2,1.87,45,32,13,0.54,-0.47,0,20,13,1,5,37,19,,,1
,2223,Schalke 04,Malick Thiaw,GER,DF,20,2001,3,3,270,3.0,0,0,0,0,0,0,2,0,0.0,0.0,0.0,0.0,0.0,2,1,50.0,0.67,0.33,0.0,0.0,90,8.8,90,3,0,,1,0.67,3,8,-5,-1.67,-0.67,0,3,0,0,0,9,1,,,0
,2223,Schalke 04,Mehmet Aydin,GER,"MF,DF",20,2002,16,3,567,6.3,0,0,0,0,0,0,0,0,0.0,0.0,0.0,0.0,0.0,5,0,0.0,0.79,0.0,0.0,,35,18.5,78,1,13,26,9,0.75,5,12,-7,-1.11,-0.06,0,6,6,0,23,10,17,,,0
,2223,Schalke 04,Sepp van den Berg,NED,DF,20,2001,9,8,696,7.7,1,0,1,1,0,0,2,0,0.13,0.0,0.13,0.13,0.13,5,1,20.0,0.65,0.13,0.2,1.0,77,22.7,85,7,1,14,1,1.22,14,19,-5,-0.65,0.53,0,4,1,0,0,13,4,,,0
,2223,Stuttgart,Enzo Millot,FRA,MF,20,2002,23,9,890,9.9,0,1,1,0,0,0,3,0,0.0,0.1,0.1,0.0,0.1,17,7,41.2,1.72,0.71,0.0,0.0,39,29.1,73,2,14,17,6,1.04,14,19,-5,-0.51,-0.22,0,16,19,1,23,13,15,,,0
,2223,Stuttgart,Naouirou Ahamada,FRA,MF,20,2002,17,17,1398,15.5,2,2,4,2,0,0,4,1,0.13,0.13,0.26,0.13,0.26,16,5,31.3,1.03,0.32,0.13,0.4,82,45.7,82,6,0,,0,0.94,17,26,-9,-0.58,-0.42,1,17,17,1,6,8,11,,,0
,2223,Stuttgart,Tiago Tomás,POR,"FW,MF",20,2002,27,16,1291,14.3,3,3,6,3,0,0,2,0,0.21,0.21,0.42,0.21,0.42,34,13,38.2,2.37,0.91,0.09,0.23,48,42.2,65,2,11,23,1,0.96,21,27,-6,-0.42,-0.11,0,13,49,3,34,2,4,,,0
,2223,Werder Bremen,Eren Dinkçi,GER,MF,20,2001,17,0,231,2.6,0,0,0,0,0,0,0,0,0.0,0.0,0.0,0.0,0.0,6,0,0.0,2.34,0.0,0.0,,14,7.5,,0,17,14,9,0.76,3,11,-8,-3.12,-2.96,0,5,2,2,4,0,5,,,0
,2223,Wolfsburg,Jakub Kamiński,POL,"MF,FW",20,2002,31,25,2058,22.9,4,2,6,4,0,0,0,0,0.17,0.09,0.26,0.17,0.26,39,16,41.0,1.71,0.7,0.1,0.25,66,67.3,76,5,6,25,2,1.48,47,27,20,0.87,1.86,0,9,13,3,36,8,26,,,0
,2223,Augsburg,Frederik Winther,DEN,DF,21,2001,1,1,90,1.0,0,1,1,0,0,0,0,0,0.0,1.0,1.0,0.0,1.0,0,0,,0.0,0.0,,,90,2.9,90,1,0,,7,0.0,2,3,-1,-1.0,-0.39,0,0,0,0,0,0,2,,,0
,2223,Augsburg,Lukas Petkov,BUL,"FW,MF",21,2000,7,0,146,1.6,0,0,0,0,0,0,1,0,0.0,0.0,0.0,0.0,0.0,2,0,0.0,1.23,0.0,0.0,,21,4.8,,0,7,21,6,0.57,0,2,-2,-1.23,-0.65,0,4,1,0,0,1,2,,,0
,2223,Bayern Munich,Alphonso Davies,CAN,"DF,MF",21,2000,26,24,2042,22.7,1,4,5,1,0,0,0,0,0.04,0.18,0.22,0.04,0.22,19,8,42.1,0.84,0.35,0.05,0.13,79,66.7,82,17,2,38,0,1.92,59,25,34,1.5,-0.27,0,9,27,3,26,23,32,,,0
,2223,Bochum,Moritz Broschinski,GER,FW,21,2000,11,0,213,2.4,2,0,2,2,0,0,1,0,0.85,0.0,0.85,0.85,0.85,5,4,80.0,2.11,1.69,0.4,0.5,19,7.0,,0,11,19,3,1.09,5,4,1,0.42,1.47,0,3,1,0,2,0,0,,,0
,2223,Dortmund,Justin Njinmah,GER,"FW,MF",21,2000,1,0,22,0.2,0,0,0,0,0,0,0,0,0.0,0.0,0.0,0.0,0.0,0,0,,0.0,0.0,,,22,0.7,,0,1,22,2,0.0,0,1,-1,-4.09,-5.28,0,0,3,0,0,0,0,,,0
,2223,Dortmund,Marco Pašalić,CRO,MF,21,2000,1,0,11,0.1,0,0,0,0,0,0,0,0,0.0,0.0,0.0,0.0,0.0,1,0,0.0,8.18,0.0,0.0,,11,0.4,,0,1,11,1,0.0,0,1,-1,-8.18,-9.36,0,1,0,0,0,0,0,,,0
,2223,Eintracht Frankfurt,Faride Alidou,GER,FW,21,2001,15,0,182,2.0,0,1,1,0,0,0,0,0,0.0,0.49,0.49,0.0,0.49,2,0,0.0,0.99,0.0,0.0,,12,5.9,,0,15,12,10,1.13,3,4,-1,-0.49,-0.71,0,8,1,2,6,1,5,,,0
,2223,Eintracht Frankfurt,Hrvoje Smolčić,CRO,DF,21,2000,9,4,471,5.2,0,0,0,0,0,0,0,0,0.0,0.0,0.0,0.0,0.0,3,0,0.0,0.57,0.0,0.0,,52,15.4,90,4,5,22,15,1.89,7,5,2,0.38,0.24,0,0,5,0,0,6,7,,,0
,2223,Eintracht Frankfurt,Junior Dina Ebimbe,CMR,MF,21,2000,19,10,1063,11.8,3,1,4,3,0,0,4,0,0.25,0.08,0.34,0.25,0.34,26,10,38.5,2.2,0.85,0.12,0.3,56,34.7,84,4,9,25,3,1.79,24,19,5,0.42,0.38,0,15,11,2,9,9,19,,,0
,2223,Freiburg,Kimberly Ezekwem,GER,DF,21,2001,1,0,8,0.1,0,0,0,0,0,0,0,0,0.0,0.0,0.0,0.0,0.0,0,0,,0.0,0.0,,,8,0.3,,0,1,8,3,0.0,0,0,0,0.0,-0.21,0,0,0,0,0,0,0,,,0
,2223,Gladbach,Manu Koné,FRA,MF,21,2001,30,30,2608,29.0,1,1,2,1,0,0,12,0,0.03,0.03,0.07,0.03,0.07,26,14,53.8,0.9,0.48,0.04,0.07,87,85.2,87,18,0,,0,1.23,41,49,-8,-0.28,-1.27,0,52,74,0,7,30,42,,,0
,2223,Hoffenheim,Angelo Stiller,GER,MF,21,2001,20,6,704,7.8,1,1,2,1,0,0,1,0,0.13,0.13,0.26,0.13,0.26,7,3,42.9,0.89,0.38,0.14,0.33,35,23.0,81,2,14,16,6,1.24,13,14,-1,-0.13,0.18,0,10,3,0,7,8,12,,,0
,2223,Köln,Denis Huseinbasic,BIH,"MF,FW",21,2001,24,7,791,8.8,4,1,5,4,0,0,3,0,0.46,0.11,0.57,0.46,0.57,16,4,25.0,1.82,0.46,0.25,1.0,33,25.8,67,2,17,19,5,1.25,17,16,1,0.11,0.35,0,14,7,0,12,3,11,,,0
,2223,Köln,Mathias Olesen,LUX,"MF,FW",21,2001,14,6,478,5.3,0,0,0,0,0,0,1,0,0.0,0.0,0.0,0.0,0.0,0,0,,0.0,0.0,,,34,15.6,59,1,8,15,12,1.43,5,9,-4,-0.75,-0.72,0,6,5,1,2,2,5,,,0
,2223,Köln,Nikola Soldo,CRO,DF,21,2001,7,6,593,6.6,0,0,0,0,0,0,1,0,0.0,0.0,0.0,0.0,0.0,6,0,0.0,0.91,0.0,0.0,,85,19.4,90,6,1,53,13,0.43,4,13,-9,-1.37,-1.51,0,5,2,0,1,7,9,,,0
,2223,Leverkusen,Ayman Azhil,MAR,MF,21,2001,1,0,1,0.0,0,0,0,0,0,0,0,0,0.0,0.0,0.0,0.0,0.0,0,0,,0.0,0.0,,,1,0.0,,0,1,1,10,3.0,0,0,0,0.0,-0.24,0,0,0,0,0,0,0,,,0
,2223,Leverkusen,Callum Hudson-Odoi,ENG,"MF,FW",21,2000,14,7,605,6.7,0,1,1,0,0,0,0,0,0.0,0.15,0.15,0.0,0.15,4,1,25.0,0.6,0.15,0.0,0.0,43,19.8,68,0,7,18,8,1.5,12,13,-1,-0.15,-0.48,0,2,20,2,12,2,3,,,0
,2223,Leverkusen,Jeremie Frimpong,NED,"MF,DF",21,2000,34,32,2708,30.1,8,7,15,8,0,0,4,0,0.27,0.23,0.5,0.27,0.5,38,19,50.0,1.26,0.63,0.21,0.42,80,88.5,82,16,2,41,0,1.47,50,40,10,0.33,0.84,0,22,58,8,70,18,25,,,0
,2223,Leverkusen,Odilon Kossounou,CIV,DF,21,2001,24,17,1523,16.9,0,1,1,0,0,0,3,0,0.0,0.06,0.06,0.0,0.06,3,0,0.0,0.18,0.0,0.0,,63,49.8,83,13,7,15,6,1.75,35,20,15,0.89,1.3,0,17,4,1,4,23,14,,,0
,2223,Mainz 05,Marlon Mustapha,AUT,FW,21,2001,6,0,69,0.8,0,0,0,0,0,0,1,0,0.0,0.0,0.0,0.0,0.0,3,0,0.0,3.91,0.0,0.0,,12,2.3,,0,6,12,7,2.0,1,1,0,0.0,0.03,0,3,0,1,0,0,2,,,0
,2223,Mainz 05,Niklas Tauer,GER,FW,21,2001,3,0,93,1.0,0,0,0,0,0,0,0,0,0.0,0.0,0.0,0.0,0.0,1,0,0.0,0.97,0.0,0.0,,31,3.0,,0,3,31,10,1.0,1,4,-3,-2.9,-2.96,0,1,0,0,1,2,1,,,0
,2223,RB Leipzig,Dominik Szoboszlai,HUN,"MF,FW",21,2000,31,28,2444,27.2,6,8,14,5,1,1,5,2,0.22,0.29,0.52,0.18,0.48,60,29,48.3,2.21,1.07,0.08,0.17,79,79.9,84,17,3,33,0,1.94,51,32,19,0.7,0.12,1,25,39,2,118,15,29,,,0
,2223,Schalke 04,Leo Greiml,AUT,DF,21,2001,7,3,358,4.0,0,0,0,0,0,0,2,0,0.0,0.0,0.0,0.0,0.0,1,1,100.0,0.25,0.25,0.0,0.0,51,11.7,90,3,4,22,12,0.86,2,13,-11,-2.77,-1.93,0,12,2,0,3,1,5,,,0
,2223,Schalke 04,Soichiro Kozuki,JPN,MF,21,2000,5,5,379,4.2,1,0,1,1,0,0,1,0,0.24,0.0,0.24,0.24,0.24,14,6,42.9,3.32,1.42,0.07,0.17,76,12.4,76,1,0,,0,0.6,1,5,-4,-0.95,0.12,0,7,5,0,15,2,4,,,0
,2223,Schalke 04,Tom Krauß,GER,MF,21,2001,32,31,2514,27.9,2,0,2,2,0,0,8,0,0.07,0.0,0.07,0.07,0.07,25,9,36.0,0.89,0.32,0.08,0.22,79,82.2,80,15,1,26,0,0.97,23,51,-28,-1.0,0.32,0,46,32,0,15,32,66,,,0
,2223,Stuttgart,Alou Kuol,AUS,FW,21,2000,1,0,5,0.1,0,0,0,0,0,0,0,0,0.0,0.0,0.0,0.0,0.0,0,0,,0.0,0.0,,,5,0.2,,0,1,5,1,0.0,0,0,0,0.0,0.35,0,0,0,0,0,0,0,,,0
,2223,Stuttgart,Clinton Mola,ENG,"DF,MF",21,2001,1,0,15,0.2,0,0,0,0,0,0,1,0,0.0,0.0,0.0,0.0,0.0,0,0,,0.0,0.0,,,15,0.5,,0,1,15,2,1.0,0,0,0,0.0,0.35,0,0,0,0,1,1,1,,,0
,2223,Stuttgart,Josha Vagnoman,GER,"MF,DF",21,2000,23,16,1479,16.4,2,2,4,2,0,0,3,1,0.12,0.12,0.24,0.12,0.24,25,5,20.0,1.52,0.3,0.08,0.4,64,48.3,84,11,7,19,4,1.09,21,23,-2,-0.12,0.45,1,19,9,2,28,8,15,,,0
,2223,Stuttgart,Tanguy Coulibaly,FRA,MF,21,2001,14,0,326,3.6,4,0,4,3,1,1,3,0,1.1,0.0,1.1,0.83,0.83,12,7,58.3,3.31,1.93,0.25,0.43,23,10.7,,0,14,23,8,1.0,11,6,5,1.38,1.94,0,8,5,3,9,3,9,,,0
,2223,Union Berlin,Jamie Leweling,GER,"FW,MF",21,2001,16,0,265,2.9,1,1,2,1,0,0,1,0,0.34,0.34,0.68,0.34,0.68,9,5,55.6,3.06,1.7,0.11,0.2,17,8.7,,0,16,17,14,1.94,7,5,2,0.68,0.33,0,6,9,1,10,2,3,,,0
,2223,Werder Bremen,Lee Buchanan,ENG,MF,21,2001,21,2,472,5.2,1,0,1,1,0,0,2,0,0.19,0.0,0.19,0.19,0.19,5,1,20.0,0.95,0.19,0.2,1.0,22,15.4,74,0,19,17,9,1.0,15,8,7,1.33,2.03,0,6,6,1,18,12,10,,,0
,2223,Wolfsburg,Felix Nmecha,GER,MF,21,2000,30,19,1836,20.4,3,5,8,3,0,0,3,0,0.15,0.25,0.39,0.15,0.39,37,9,24.3,1.81,0.44,0.08,0.33,61,60.0,82,11,11,25,1,1.47,34,25,9,0.44,0.44,0,29,38,1,8,27,26,,,0
,2223,Wolfsburg,Kilian Fischer,GER,DF,21,2000,10,5,502,5.6,0,0,0,0,0,0,2,0,0.0,0.0,0.0,0.0,0.0,3,1,33.3,0.54,0.18,0.0,0.0,50,16.4,86,2,5,14,15,2.2,6,8,-2,-0.36,-0.75,0,8,5,0,12,5,5,,,0
,2223,Wolfsburg,Micky van de Ven,NED,DF,21,2001,33,33,2970,33.0,1,1,2,1,0,0,5,0,0.03,0.03,0.06,0.03,0.06,16,1,6.3,0.48,0.03,0.06,1.0,90,97.1,90,33,0,,0,1.39,54,48,6,0.18,-2.82,0,23,27,1,13,24,33,,,0
,2223,Wolfsburg,Patrick Wimmer,AUT,"MF,FW",21,2001,26,23,1648,18.3,4,8,12,4,0,0,7,0,0.22,0.44,0.66,0.22,0.66,31,14,45.2,1.69,0.76,0.13,0.29,63,53.9,69,1,3,21,0,1.58,34,26,8,0.44,0.37,0,42,32,7,68,15,24,,,0
,2223,Augsburg,David Čolina,CRO,"DF,MF",22,2000,7,0,166,1.8,1,0,1,1,0,0,0,0,0.54,0.0,0.54,0.54,0.54,1,1,100.0,0.54,0.54,1.0,1.0,24,5.4,,0,7,24,5,0.14,0,6,-6,-3.25,-2.79,0,1,4,0,6,3,1,,,0
,2223,Augsburg,Kelvin Yeboah,ITA,FW,22,2000,13,3,353,3.9,1,1,2,1,0,0,0,0,0.25,0.25,0.51,0.25,0.51,13,2,15.4,3.31,0.51,0.08,0.5,27,11.5,53,0,10,19,2,1.23,2,2,0,0.0,0.7,0,11,11,1,6,1,4,,,0
,2223,Augsburg,Maximilian Bauer,GER,DF,22,2000,27,20,1846,20.5,0,1,1,0,0,0,8,0,0.0,0.05,0.05,0.0,0.05,8,0,0.0,0.39,0.0,0.0,,68,60.3,84,17,7,25,6,1.11,25,41,-16,-0.78,-0.41,0,24,22,1,2,24,16,,,0
,2223,Bayern Munich,Josip Stanišić,CRO,DF,22,2000,14,4,579,6.4,0,0,0,0,0,0,1,0,0.0,0.0,0.0,0.0,0.0,0,0,,0.0,0.0,,,41,18.9,87,2,10,23,16,1.93,13,10,3,0.47,-1.38,0,5,3,0,8,7,11,,,0
,2223,Bayern Munich,Matthijs de Ligt,NED,DF,22,1999,31,27,2403,26.7,3,1,4,3,0,0,4,0,0.11,0.04,0.15,0.11,0.15,24,8,33.3,0.9,0.3,0.13,0.38,78,78.5,86,22,4,19,1,2.0,67,27,40,1.5,-0.42,0,19,18,2,2,24,25,,,0
,2223,Bochum,Patrick Osterhage,GER,MF,22,2000,23,11,1029,11.4,0,0,0,0,0,0,3,0,0.0,0.0,0.0,0.0,0.0,6,0,0.0,0.52,0.0,0.0,,45,33.6,77,4,12,15,7,1.35,8,19,-11,-0.96,-0.03,0,19,9,0,12,11,18,,,0
,2223,Dortmund,Antonios Papadopoulos,GER,"DF,MF",22,1999,1,0,13,0.1,0,0,0,0,0,0,0,0,0.0,0.0,0.0,0.0,0.0,1,0,0.0,6.92,0.0,0.0,,13,0.4,,0,1,13,9,0.0,0,0,0,0.0,-1.15,0,2,0,0,0,1,0,,,0
,2223,Dortmund,Nico Schlotterbeck,GER,DF,22,1999,28,27,2252,25.0,4,5,9,4,0,0,3,0,0.16,0.2,0.36,0.16,0.36,18,6,33.3,0.72,0.24,0.22,0.67,80,73.6,83,23,1,1,3,2.11,57,34,23,0.92,-0.86,0,15,17,0,11,34,35,,,0
,2223,Eintracht Frankfurt,Jesper Lindstrøm,DEN,MF,22,2000,27,22,1679,18.7,7,2,9,7,0,0,2,0,0.38,0.11,0.48,0.38,0.48,45,19,42.2,2.41,1.02,0.16,0.37,62,54.9,72,2,5,20,0,1.63,34,27,7,0.38,0.44,0,19,19,3,45,9,14,,,0
,2223,Eintracht Frankfurt,Obite N'Dicka,CIV,DF,22,1999,30,30,2692,29.9,1,0,1,1,0,0,4,0,0.03,0.0,0.03,0.03,0.03,18,3,16.7,0.6,0.1,0.06,0.33,90,88.0,90,29,0,,1,1.6,54,44,10,0.33,1.31,0,31,14,0,5,33,19,,,1
,2223,Freiburg,Jeong Woo-yeong,KOR,"MF,FW",22,1999,26,4,653,7.3,1,1,2,1,0,0,2,0,0.14,0.14,0.28,0.14,0.28,13,4,30.8,1.79,0.55,0.08,0.25,25,21.3,66,0,22,18,8,1.88,12,12,0,0.0,-0.26,0,12,7,1,9,1,3,,,0
,2223,Freiburg,Yannik Keitel,GER,MF,22,2000,22,8,682,7.6,0,2,2,0,0,0,4,0,0.0,0.26,0.26,0.0,0.26,4,3,75.0,0.53,0.4,0.0,0.0,31,22.3,70,2,14,9,9,1.86,13,9,4,0.53,0.41,0,21,3,0,4,12,7,,,0
,2223,Gladbach,Nathan N'Goumou,CMR,"MF,FW",22,2000,20,7,695,7.7,1,0,1,1,0,0,0,0,0.13,0.0,0.13,0.13,0.13,13,4,30.8,1.68,0.52,0.08,0.25,35,22.7,73,1,13,14,10,0.85,8,12,-4,-0.52,-0.56,0,7,6,3,21,1,5,,,0
,2223,Gladbach,Semir Telalovic,GER,FW,22,1999,3,0,10,0.1,0,0,0,0,0,0,0,0,0.0,0.0,0.0,0.0,0.0,1,1,100.0,9.0,9.0,0.0,0.0,3,0.3,,0,3,3,2,0.0,0,0,0,0.0,0.09,0,1,0,0,0,0,0,,,0
,2223,Hertha BSC,Jessic Ngankam,GER,"FW,MF",22,2000,18,8,826,9.2,4,0,4,3,1,1,5,0,0.44,0.0,0.44,0.33,0.33,19,9,47.4,2.07,0.98,0.16,0.33,46,27.0,64,1,10,31,0,0.78,10,20,-10,-1.09,-0.4,0,19,13,1,2,2,10,,,0
,2223,Hoffenheim,Christoph Baumgartner,AUT,"MF,FW",22,1999,33,33,2567,28.5,7,3,10,7,0,0,7,0,0.25,0.11,0.35,0.25,0.35,65,20,30.8,2.28,0.7,0.11,0.35,78,83.9,78,14,0,,0,1.09,40,49,-9,-0.32,-0.32,0,66,50,9,28,16,19,,,0
,2223,Hoffenheim,Finn Ole Becker,GER,MF,22,2000,13,6,513,5.7,0,0,0,0,0,0,0,0,0.0,0.0,0.0,0.0,0.0,6,2,33.3,1.05,0.35,0.0,0.0,39,16.8,68,1,7,15,12,1.54,12,8,4,0.7,1.16,0,4,5,1,3,5,2,,,0
,2223,Hoffenheim,Ozan Kabak,TUR,DF,22,2000,30,28,2388,26.5,2,2,4,2,0,0,12,2,0.08,0.08,0.15,0.08,0.15,24,6,25.0,0.9,0.23,0.08,0.33,80,78.0,83,21,2,31,1,1.07,34,41,-7,-0.26,0.0,2,55,16,0,6,41,35,,,1
,2223,Köln,Luca Kilian,GER,DF,22,1999,16,13,1123,12.5,1,0,1,1,0,0,5,2,0.08,0.0,0.08,0.08,0.08,4,1,25.0,0.32,0.08,0.25,1.0,70,36.7,84,11,3,9,6,1.5,21,24,-3,-0.24,-0.15,2,7,2,0,1,12,17,,,0
,2223,Leverkusen,Amine Adli,MAR,"FW,MF",22,2000,26,16,1435,15.9,5,3,8,5,0,0,2,2,0.31,0.19,0.5,0.31,0.5,37,17,45.9,2.32,1.07,0.14,0.29,55,46.9,74,1,10,26,1,1.69,29,17,12,0.75,0.97,0,39,47,4,18,6,10,,,0
,2223,Leverkusen,Mitchel Bakker,NED,"MF,DF",22,2000,28,19,1659,18.4,3,2,5,3,0,0,6,1,0.16,0.11,0.27,0.16,0.27,17,8,47.1,0.92,0.43,0.18,0.38,59,54.2,80,11,9,15,4,1.5,33,28,5,0.27,0.08,1,18,14,2,27,16,10,,,0
,2223,Leverkusen,Paulinho,BRA,FW,22,2000,4,1,82,0.9,1,0,1,1,0,0,0,0,1.1,0.0,1.1,1.1,1.1,2,1,50.0,2.2,1.1,0.5,1.0,21,2.7,45,0,3,12,4,1.0,1,2,-1,-1.1,-1.37,0,0,1,0,0,0,0,,,0
,2223,Mainz 05,Jonathan Burkardt,GER,"MF,FW",22,2000,11,7,533,5.9,1,2,3,1,0,1,2,0,0.17,0.34,0.51,0.17,0.51,21,7,33.3,3.55,1.18,0.05,0.14,48,17.4,59,0,4,29,0,1.18,7,12,-5,-0.84,-0.99,0,6,11,3,11,1,1,,,0
,2223,Mainz 05,Leandro Barreiro Martins,LUX,MF,22,2000,31,25,2141,23.8,4,3,7,4,0,0,5,0,0.17,0.13,0.29,0.17,0.29,32,14,43.8,1.35,0.59,0.13,0.29,69,70.0,81,14,6,21,2,1.39,41,36,5,0.21,0.8,0,48,33,3,6,43,39,,,0
,2223,RB Leipzig,Mohamed Simakan,FRA,DF,22,2000,24,18,1454,16.2,1,1,2,1,0,0,2,0,0.06,0.06,0.12,0.06,0.12,12,3,25.0,0.74,0.19,0.08,0.33,61,47.5,76,8,6,14,5,1.88,29,17,12,0.74,0.13,0,24,25,2,14,16,14,,,0
,2223,Schalke 04,Florian Flick,GER,MF,22,2000,8,5,512,5.7,0,0,0,0,0,0,1,0,0.0,0.0,0.0,0.0,0.0,2,1,50.0,0.35,0.18,0.0,0.0,64,16.7,85,4,3,30,7,0.63,6,12,-6,-1.05,0.0,0,6,4,0,1,4,2,,,0
,2223,Schalke 04,Henning Matriciani,GER,DF,22,2000,22,22,1863,20.7,0,0,0,0,0,0,1,0,0.0,0.0,0.0,0.0,0.0,3,0,0.0,0.14,0.0,0.0,,85,60.9,85,17,0,,10,1.09,27,42,-15,-0.72,0.85,0,19,11,0,20,22,23,,,0
,2223,Schalke 04,Rodrigo Zalazar,URU,"MF,FW",22,1999,22,15,1321,14.7,1,6,7,1,0,0,4,0,0.07,0.41,0.48,0.07,0.48,38,14,36.8,2.59,0.95,0.03,0.07,60,43.2,74,2,7,29,3,1.09,18,22,-4,-0.27,1.38,0,22,36,4,115,6,8,,,0
,2223,Stuttgart,Darko Churlinov,MKD,"FW,MF",22,2000,1,0,27,0.3,0,0,0,0,0,0,0,0,0.0,0.0,0.0,0.0,0.0,0,0,,0.0,0.0,,,27,0.9,,0,1,27,0,1.0,0,0,0,0.0,0.36,0,0,1,0,0,0,1,,,0
,2223,Stuttgart,Juan Perea,COL,FW,22,2000,16,3,418,4.6,1,0,1,1,0,0,0,0,0.22,0.0,0.22,0.22,0.22,2,1,50.0,0.43,0.22,0.5,1.0,26,13.7,57,0,13,19,15,0.5,4,7,-3,-0.65,-0.34,0,13,12,6,7,1,4,,,0
,2223,Stuttgart,Nikolas Nartey,DEN,"DF,MF",22,2000,9,5,473,5.3,0,0,0,0,0,0,1,0,0.0,0.0,0.0,0.0,0.0,4,0,0.0,0.76,0.0,0.0,,53,15.5,81,1,4,17,14,0.89,8,8,0,0.0,0.42,0,5,7,1,10,4,6,,,0
,2223,Werder Bremen,Felix Agu,NGA,"DF,MF",22,1999,3,0,49,0.5,0,0,0,0,0,0,0,0,0.0,0.0,0.0,0.0,0.0,1,0,0.0,1.84,0.0,0.0,,16,1.6,,0,3,16,9,1.33,1,2,-1,-1.84,-1.48,0,3,3,0,1,0,0,,,0
,2223,Werder Bremen,Ilia Gruev,BUL,MF,22,2000,31,18,1584,17.6,0,0,0,0,0,0,2,0,0.0,0.0,0.0,0.0,0.0,6,1,16.7,0.34,0.06,0.0,0.0,51,51.8,76,4,13,16,2,1.13,25,37,-12,-0.68,-0.62,0,27,12,0,10,21,30,,,0
,2223,Werder Bremen,Jean-Manuel Mbom,GER,"DF,MF",22,2000,2,0,6,0.1,0,0,0,0,0,0,0,0,0.0,0.0,0.0,0.0,0.0,0,0,,0.0,0.0,,,3,0.2,,0,2,3,9,0.0,0,2,-2,-30.0,-29.68,0,1,1,0,0,0,0,,,0
,2223,Werder Bremen,Romano Schmid,AUT,"MF,FW",22,2000,27,15,1520,16.9,1,3,4,1,0,0,3,0,0.06,0.18,0.24,0.06,0.24,18,3,16.7,1.07,0.18,0.06,0.33,56,49.7,81,5,12,26,1,1.07,23,29,-6,-0.36,0.05,0,16,23,2,20,5,16,,,0
,2223,Wolfsburg,Bartol Franjić,CRO,MF,22,2000,5,3,227,2.5,0,1,1,0,0,0,0,0,0.0,0.4,0.4,0.0,0.4,2,2,100.0,0.79,0.79,0.0,0.0,45,7.4,71,0,2,7,10,1.8,3,5,-2,-0.79,-1.14,0,1,1,0,1,5,2,,,0
,2223,Wolfsburg,Maxence Lacroix,FRA,DF,22,2000,24,18,1627,18.1,1,0,1,1,0,0,1,0,0.06,0.0,0.06,0.06,0.06,4,1,25.0,0.22,0.06,0.25,1.0,68,53.2,83,13,6,23,6,1.38,31,26,5,0.28,0.03,0,18,11,0,3,26,12,,,0
